number,Chinese entity name,entity binomial scientific name,Chinese sym,English sym,Chinese relation,English relation
1,香蕉黑带象甲,Cosmopolites sordidus,蛀孔呈方形,Square shaped holes,存在症状,ManifestAs
2,香蕉弄蝶,Catopsilia pomona,叶苞,Leaf bract,存在症状,ManifestAs
3,香蕉弄蝶,Catopsilia pomona,蕉叶残缺不全,Incomplete banana leaves,存在症状,ManifestAs
4,草莓枯萎病,Fusarium oxysporum,心叶变黄绿色或黄绿色卷曲,The heart leaves turn yellow-green or yellow-green and curl up,存在症状,ManifestAs
5,草莓枯萎病,Fusarium oxysporum,变小变狭,Become smaller and narrower,存在症状,ManifestAs
6,草莓枯萎病,Fusarium oxysporum,呈船形,Boat-shaped,存在症状,ManifestAs
7,草莓枯萎病,Fusarium oxysporum,叶片无光泽,Leaves are dull,存在症状,ManifestAs
8,草莓枯萎病,Fusarium oxysporum,叶片变紫色枯萎,Leaves turn purple and wither,存在症状,ManifestAs
9,草莓枯萎病,Fusarium oxysporum,叶缘褐色向内卷,Brown leaf margins curled inwards,存在症状,ManifestAs
10,草莓枯萎病,Fusarium oxysporum,根系呈黑褐色,Dark brown roots,存在症状,ManifestAs
11,草莓枯萎病,Fusarium oxysporum,紫红色的分生孢子,Purple-red conidia,存在症状,ManifestAs
12,草莓根腐病,Fusarium oxysporum,茎变为褐色,The stem turns brown,存在症状,ManifestAs
13,草莓根腐病,Fusarium oxysporum,黄色或红色,Yellow or red,存在症状,ManifestAs
14,草莓根腐病,Fusarium oxysporum,蓝绿色金属光泽,Blue green metallic luster,存在症状,ManifestAs
15,草莓根腐病,Fusarium oxysporum,长的红褐色或黑褐色梭形,Long reddish brown or dark brown spindle-shaped,存在症状,ManifestAs
16,草莓根腐病,Fusarium oxysporum,中柱呈暗红色,Dark red center column,存在症状,ManifestAs
17,草莓炭疽病,Phytophthora cactorum,局部病斑,Local lesions,存在症状,ManifestAs
18,草莓炭疽病,Phytophthora cactorum,溃疡状稍凹,Slightly concave ulcer,存在症状,ManifestAs
19,草莓炭疽病,Phytophthora cactorum,棕红色病斑,Brown-red spots,存在症状,ManifestAs
20,草莓炭疽病,Phytophthora cactorum,叶片白天萎蔫,Leaves wilt during the day,存在症状,ManifestAs
21,草莓炭疽病,Phytophthora cactorum,褐色或黑色,Brown or black,存在症状,ManifestAs
22,草莓蛇眼病,Colletotrichum acutatum,暗紫色小班点,Dark purple small spots,存在症状,ManifestAs
23,草莓蛇眼病,Colletotrichum acutatum,近圆形或椭圆形病斑,Nearly round or oval lesions,存在症状,ManifestAs
24,草莓蛇眼病,Colletotrichum acutatum,边缘紫红褐色,Edge purple brown,存在症状,ManifestAs
25,草莓蛇眼病,Colletotrichum acutatum,中央灰白色,Central off-white,存在症状,ManifestAs
26,草莓蛇眼病,Colletotrichum acutatum,病斑呈蛇眼状,The lesions are snake-eye-shaped,存在症状,ManifestAs
27,草莓白粉病,Colletotrichum acutatum,薄薄白色菌丝,Thin white mycelium,存在症状,ManifestAs
28,草莓白粉病,Colletotrichum acutatum,大小不等的暗色污斑,Dark spots of varying sizes,存在症状,ManifestAs
29,草莓白粉病,Colletotrichum acutatum,呈红褐色病斑,Reddish brown spots,存在症状,ManifestAs
30,草莓白粉病,Colletotrichum acutatum,叶缘开,Leaf margin open,存在症状,ManifestAs
31,草莓白粉病,Colletotrichum acutatum,叶片焦枯死亡,Leaves scorch and die,存在症状,ManifestAs
32,草莓白粉病,Colletotrichum acutatum,花萼萎蔫,Calyx wilting,存在症状,ManifestAs
33,草莓白粉病,Colletotrichum acutatum,授粉不良,Poor pollination,存在症状,ManifestAs
34,草莓白粉病,Colletotrichum acutatum,果实失去光,Fruit loses its light,存在症状,ManifestAs
35,草莓褐斑病,Podosphaera aphanis,褐紫色小圆斑,Small round brown spots,存在症状,ManifestAs
36,草莓褐斑病,Podosphaera aphanis,圆形至椭圆形或不定形斑,Round to oval or irregular spots,存在症状,ManifestAs
37,草莓褐斑病,Podosphaera aphanis,边缘紫褐色,Edge purple brown,存在症状,ManifestAs
38,草莓灰霉病,Botrytis cinerea,花萼呈水渍状针眼大的小斑点,The calyx has water-soaked spots as big as pinholes,存在症状,ManifestAs
39,草莓灰霉病,Botrytis cinerea,近圆形或不规则形病斑,Nearly circular or irregular lesions,存在症状,ManifestAs
40,草莓灰霉病,Botrytis cinerea,水渍状病斑,Water-soaked spots,存在症状,ManifestAs
41,草莓灰霉病,Botrytis cinerea,灰褐霉层,Gray brown mold layer,存在症状,ManifestAs
42,草莓灰霉病,Botrytis cinerea,果顶呈水渍状病斑,Water-soaked spots on the top of the fruit,存在症状,ManifestAs
43,草莓灰霉病,Botrytis cinerea,褐色病斑,Brown spots,存在症状,ManifestAs
44,草莓灰霉病,Botrytis cinerea,病果呈干腐状,The diseased fruit is dry and rotten,存在症状,ManifestAs
45,草莓灰霉病,Botrytis cinerea,呈水渍状小斑点,Small water-stained spots,存在症状,ManifestAs
46,草莓灰霉病,Botrytis cinerea,半圆形,Semicircular,存在症状,ManifestAs
47,草莓灰霉病,Botrytis cinerea,近圆形或不规则灰褐色大病斑,Nearly circular or irregular gray-brown large lesions,存在症状,ManifestAs
48,草莓灰霉病,Botrytis cinerea,叶片腐烂,Leaf rot,存在症状,ManifestAs
49,草莓灰霉病,Botrytis cinerea,灰褐色霉状物,Gray-brown mold,存在症状,ManifestAs
50,草莓灰霉病,Botrytis cinerea,早期落叶,Early leaf drop,存在症状,ManifestAs
51,草莓青枯病,Bacterial wilt,呈铁锈色斑点,Rusty spots,存在症状,ManifestAs
52,草莓青枯病,Bacterial wilt,呈铁锈色,Rusty,存在症状,ManifestAs
53,草莓青枯病,Bacterial wilt,先呈褐色,First brown,存在症状,ManifestAs
54,草莓青枯病,Bacterial wilt,酸臭气味,Sour smell,存在症状,ManifestAs
55,草莓细菌性叶斑病,Bacterial leaf spot,水浸状红褐色不规则形病斑,Water-soaked reddish-brown irregular lesions,存在症状,ManifestAs
56,草莓细菌性叶斑病,Bacterial leaf spot,淡红褐色而干枯,Light reddish brown and dry,存在症状,ManifestAs
57,草莓病毒病,Strawberry virus disease,病株叶片皱缩,Diseased plant leaves shrunken,存在症状,ManifestAs
58,草莓病毒病,Strawberry virus disease,叶片畸形,Leaf deformity,存在症状,ManifestAs
59,草莓病毒病,Strawberry virus disease,褪绿斑,Chlorotic spots,存在症状,ManifestAs
60,草莓病毒病,Strawberry virus disease,不规则的褪绿斑,Irregular chlorotic spots,存在症状,ManifestAs
61,草莓病毒病,Strawberry virus disease,叶脉褪绿,Leaf vein chlorosis,存在症状,ManifestAs
62,草莓病毒病,Strawberry virus disease,扭曲皱缩,Twisted and wrinkled,存在症状,ManifestAs
63,草莓病毒病,Strawberry virus disease,小叶黄化,Leaf yellowing,存在症状,ManifestAs
64,草莓病毒病,Strawberry virus disease,叶柄缩短,Shortened petiole,存在症状,ManifestAs
65,草莓病毒病,Strawberry virus disease,植株矮化,Plant dwarfing,存在症状,ManifestAs
66,草莓病毒病,Strawberry virus disease,果实变小,Fruits become smaller,存在症状,ManifestAs
67,草莓畸形果,Fragaria × ananassa,呈鸡冠状或扁平状,Cockscomb-shaped or flat,存在症状,ManifestAs
68,草莓缺素症,Strawberry deficiency,幼叶呈浅绿色,Young leaves are light green,存在症状,ManifestAs
69,草莓缺素症,Strawberry deficiency,锯齿状红色,Jagged Red,存在症状,ManifestAs
70,草莓缺素症,Strawberry deficiency,老叶变黄,Old leaves turn yellow,存在症状,ManifestAs
71,草莓缺素症,Strawberry deficiency,呈紫褐色斑点,Purple-brown spots,存在症状,ManifestAs
72,草莓缺素症,Strawberry deficiency,褐色小斑点,Small brown spots,存在症状,ManifestAs
73,草莓缺素症,Strawberry deficiency,暗褐色的斑点,Dark brown spots,存在症状,ManifestAs
74,草莓缺素症,Strawberry deficiency,褐变或干枯,Browning or drying,存在症状,ManifestAs
75,草莓缺素症,Strawberry deficiency,嫩叶叶褪绿变黄,Young leaves turn green and yellow,存在症状,ManifestAs
76,草莓缺素症,Strawberry deficiency,叶片小而薄,Small and thin leaves,存在症状,ManifestAs
77,草莓缺素症,Strawberry deficiency,叶缘变为灰褐色枯死,The leaf edges turn gray-brown and die,存在症状,ManifestAs
78,草莓缺素症,Strawberry deficiency,新叶叶脉间失绿,Interveinal chlorosis of new leaves,存在症状,ManifestAs
79,草莓V型褐斑病,Strawberry leaf blight,紫褐色小斑,Purple-brown spots,存在症状,ManifestAs
80,草莓V型褐斑病,Strawberry leaf blight,不规则形大斑,Irregular large spots,存在症状,ManifestAs
81,草莓V型褐斑病,Strawberry leaf blight,四周暗绿色至黄绿色,Dark green to yellowish green around,存在症状,ManifestAs
82,草莓V型褐斑病,Strawberry leaf blight,病斑褐色,Brown spots,存在症状,ManifestAs
83,草莓V型褐斑病,Strawberry leaf blight,四周浓褐色,Dark brown all around,存在症状,ManifestAs
84,草莓V型褐斑病,Strawberry leaf blight,黑褐色小粒点,Dark brown small spots,存在症状,ManifestAs
85,草莓丝核菌芽枯病,Rhizoctonia fragariae,青枯或猝倒,Withering or damping off,存在症状,ManifestAs
86,草莓丝核菌芽枯病,Rhizoctonia fragariae,变黑褐色枯死,Turns dark brown and dies,存在症状,ManifestAs
87,草莓丝核菌芽枯病,Rhizoctonia fragariae,叶呈垂倒状,The leaves are drooping,存在症状,ManifestAs
88,草莓终极腐霉烂果病,Pythium ultimum,病部初呈水渍状,The diseased part initially appears as water stains,存在症状,ManifestAs
89,草莓革腐病,Phytophthora fragariae,失水状,Dehydration,存在症状,ManifestAs
90,草莓革腐病,Phytophthora fragariae,果实呈淡褐色水烫状斑,The fruit has light brown water-scald spots,存在症状,ManifestAs
91,草莓革腐病,Phytophthora fragariae,病部褪色失去光泽,The diseased part fades and loses its luster,存在症状,ManifestAs
92,草莓革腐病,Phytophthora fragariae,皮革状发硬,Leathery hardness,存在症状,ManifestAs
93,草莓革腐病,Phytophthora fragariae,白色菌丝,White mycelium,存在症状,ManifestAs
94,草莓革腐病,Phytophthora fragariae,匍匐茎发干萎蔫,The runners are dry and wilting,存在症状,ManifestAs
95,草莓轮斑病,Diplocarpon earlianum,红褐色的小斑点,Small reddish brown spots,存在症状,ManifestAs
96,草莓轮斑病,Diplocarpon earlianum,中间呈灰褐色或灰白色,Grayish brown or grayish white in the middle,存在症状,ManifestAs
97,草莓轮斑病,Diplocarpon earlianum,边缘褐色,Edge brown,存在症状,ManifestAs
98,草莓轮斑病,Diplocarpon earlianum,外围呈紫黑色,Purple-black outer layer,存在症状,ManifestAs
99,草莓轮斑病,Diplocarpon earlianum,叶片组织枯死,Leaf tissue death,存在症状,ManifestAs
100,草莓轮斑病,Diplocarpon earlianum,全叶片变褐枯死,The entire leaf turns brown and dies,存在症状,ManifestAs
101,草莓轮斑病,Diplocarpon earlianum,不规则轮状排列的褐色或黑褐色小粒点,Brown or dark brown small spots arranged in irregular circles,存在症状,ManifestAs
102,斜纹夜蛾,Spodoptera litura,筛网状花叶,Sieve-like mosaic,存在症状,ManifestAs
103,斜纹夜蛾,Spodoptera litura,叶片吃光,Eat all the leaves,存在症状,ManifestAs
104,斜纹夜蛾,Spodoptera litura,花冠被吃或残缺不全,The corolla is eaten or incomplete,存在症状,ManifestAs
105,斜纹夜蛾,Spodoptera litura,成落,Success,存在症状,ManifestAs
106,斜纹夜蛾,Spodoptera litura,烂铃或落铃,Broken or dropped bells,存在症状,ManifestAs
107,桃蚜,Myzus persicae,背面不规则的卷曲皱缩,Irregular curling and wrinkling on the back,存在症状,ManifestAs
108,萝卜蚜,Lipaphis erysimi,叶片受害卷曲,Damaged leaves curling,存在症状,ManifestAs
109,萝卜蚜,Lipaphis erysimi,植株矮缩,Plant dwarfing,存在症状,ManifestAs
110,萝卜蚜,Lipaphis erysimi,叶片枯死,Leaf death,存在症状,ManifestAs
111,小地老虎,Agrotis ipsilon,小缺刻或网孔状,Small notch or mesh,存在症状,ManifestAs
112,小地老虎,Agrotis ipsilon,缺苗断垄,Missing seedlings and broken ridges,存在症状,ManifestAs
113,东方蝼蛄,Gryllotalpa orientalis,根部呈乱麻状,The roots are tangled,存在症状,ManifestAs
114,东方蝼蛄,Gryllotalpa orientalis,缺苗断垄,Missing seedlings and broken ridges,存在症状,ManifestAs
115,枣尺蠖,Chihuo zao,孔洞和缺刻,Holes and Notches,存在症状,ManifestAs
116,枣尺蠖,Chihuo zao,叶片食光,Leaf eating light,存在症状,ManifestAs
117,黄刺蛾,Monema flavescens,缺刻和孔洞,Nicks and holes,存在症状,ManifestAs
118,枣奕刺蛾,Iragoides conjuncta,罗底状半透明斑,Translucent spot,存在症状,ManifestAs
119,枣奕刺蛾,Iragoides conjuncta,缺刻或孔洞,Notches or holes,存在症状,ManifestAs
120,枣奕刺蛾,Iragoides conjuncta,叶片吃光,Eat all the leaves,存在症状,ManifestAs
121,桃小食心虫,Carposina sasakii,泪珠状果胶,Teardrop Pectin,存在症状,ManifestAs
122,桃小食心虫,Carposina sasakii,呈白色蜡质粉末,White waxy powder,存在症状,ManifestAs
123,桃小食心虫,Carposina sasakii,小黑点略凹陷,Small black spot slightly sunken,存在症状,ManifestAs
124,梨圆蚧,Diaspidiotus perniciosus,呈红色圆斑,Red round spots,存在症状,ManifestAs
125,梨圆蚧,Diaspidiotus perniciosus,一圈红晕,A blush,存在症状,ManifestAs
126,梨圆蚧,Diaspidiotus perniciosus,果面龟裂,Fruit surface cracking,存在症状,ManifestAs
127,草履蚧,Drosicha corpulenta,白色絮状或粉状物,White flocculent or powdery substance,存在症状,ManifestAs
128,草履蚧,Drosicha corpulenta,树势衰弱,Tree weakness,存在症状,ManifestAs
129,草履蚧,Drosicha corpulenta,叶片生长不良,Poor leaf growth,存在症状,ManifestAs
130,康氏粉蚧,Pseudococcus comstocki,褐色圆点,Brown dots,存在症状,ManifestAs
131,康氏粉蚧,Pseudococcus comstocki,白色蜡粉,White wax powder,存在症状,ManifestAs
132,康氏粉蚧,Pseudococcus comstocki,斑点木栓化,Spotted cork,存在症状,ManifestAs
133,康氏粉蚧,Pseudococcus comstocki,枝皮肿胀,Swelling of branch bark,存在症状,ManifestAs
134,枣壁虱,Eriophyes sp.,厚叶片质脆,"Thick, brittle leaves",存在症状,ManifestAs
135,枣壁虱,Eriophyes sp.,力整叶焦枯,Leaves scorched,存在症状,ManifestAs
136,八点广翅蜡蝉,Ricania speculum,削弱树势,Weakening the tree,存在症状,ManifestAs
137,柿疯病,Persimmon wilt,萌芽迟,Late germination,存在症状,ManifestAs
138,柿疯病,Persimmon wilt,展叶抽梢慢,Slow leafing and shoot growth,存在症状,ManifestAs
139,柿疯病,Persimmon wilt,叶脉变黑,Leaf veins turn black,存在症状,ManifestAs
140,柿疯病,Persimmon wilt,主脉变黑,The main vein turns black,存在症状,ManifestAs
141,柿疯病,Persimmon wilt,支脉变黑,The branch veins turn black,存在症状,ManifestAs
142,柿疯病,Persimmon wilt,网脉变黑,The veins turn black,存在症状,ManifestAs
143,柿疯病,Persimmon wilt,凹凸不平,Uneven,存在症状,ManifestAs
144,柿疯病,Persimmon wilt,叶大而薄,Large and thin leaves,存在症状,ManifestAs
145,柿疯病,Persimmon wilt,果面凹凸,Fruit surface bumps,存在症状,ManifestAs
146,柿疯病,Persimmon wilt,陷柿果变成橘,Persimmon fruit turns into orange,存在症状,ManifestAs
147,柿炭疽病,Gloeosporium kaki,黑色圆形小斑点,Small black round spots,存在症状,ManifestAs
148,柿炭疽病,Gloeosporium kaki,褐色纵裂,Brown longitudinal cracks,存在症状,ManifestAs
149,柿炭疽病,Gloeosporium kaki,红色粘状物,Red sticky substance,存在症状,ManifestAs
150,柿炭疽病,Gloeosporium kaki,病斑呈长条形或不规则形,The lesions are long or irregular in shape,存在症状,ManifestAs
151,柿炭疽病,Gloeosporium kaki,针头大小深褐色小斑点,Pinhead-sized dark brown spots,存在症状,ManifestAs
152,柿炭疽病,Gloeosporium kaki,圆形病斑,Circular lesions,存在症状,ManifestAs
153,柿炭疽病,Gloeosporium kaki,上时病斑,On time spot,存在症状,ManifestAs
154,柿炭疽病,Gloeosporium kaki,粉红色粘液状的分,Pink mucus,存在症状,ManifestAs
155,柿炭疽病,Gloeosporium kaki,黑硬结块,Black hard lumps,存在症状,ManifestAs
156,柿灰霉病,Botrytis cinerea,叶缘失水呈淡绿色,The leaf margins lose water and turn light green,存在症状,ManifestAs
157,柿灰霉病,Botrytis cinerea,周缘呈波纹状,The periphery is corrugated,存在症状,ManifestAs
158,柿灰霉病,Botrytis cinerea,灰色霉,Gray mold,存在症状,ManifestAs
159,柿灰霉病,Botrytis cinerea,灰色霉层,Gray mold layer,存在症状,ManifestAs
160,柿角斑病,Cercospora kaki,黄绿色病斑,Yellow-green spots,存在症状,ManifestAs
161,柿角斑病,Cercospora kaki,不规则形,Irregular,存在症状,ManifestAs
162,柿角斑病,Cercospora kaki,边缘不清晰,The edge is not clear,存在症状,ManifestAs
163,柿角斑病,Cercospora kaki,叶脉变黑色,Leaf veins turn black,存在症状,ManifestAs
164,柿角斑病,Cercospora kaki,呈多角形,Polygonal,存在症状,ManifestAs
165,柿角斑病,Cercospora kaki,黑色绒状小粒点,Black velvety small dots,存在症状,ManifestAs
166,柿角斑病,Cercospora kaki,边缘黑色,Edge Black,存在症状,ManifestAs
167,柿角斑病,Cercospora kaki,背面淡黄色,Back light yellow,存在症状,ManifestAs
168,柿角斑病,Cercospora kaki,后期褐色或黑褐色,Late brown or dark brown,存在症状,ManifestAs
169,柿角斑病,Cercospora kaki,边缘黑色或不明显,Black or unclear edges,存在症状,ManifestAs
170,柿角斑病,Cercospora kaki,柿果变软,Persimmon fruit softens,存在症状,ManifestAs
171,柿角斑病,Cercospora kaki,果面,Fruit Noodles,存在症状,ManifestAs
172,柿角斑病,Cercospora kaki,呈放射状硬黑斑且凹陷,Radial hard black spots and depressions,存在症状,ManifestAs
173,柿圆斑病,Mycosphaerella nawae,圆形小斑,Small round spots,存在症状,ManifestAs
174,柿圆斑病,Mycosphaerella nawae,边缘不明显,The edge is not obvious,存在症状,ManifestAs
175,柿圆斑病,Mycosphaerella nawae,正面浅褐色,Front light brown,存在症状,ManifestAs
176,柿圆斑病,Mycosphaerella nawae,中心色浅,Light center color,存在症状,ManifestAs
177,柿圆斑病,Mycosphaerella nawae,黑色边缘,Black edge,存在症状,ManifestAs
178,柿圆斑病,Mycosphaerella nawae,黄绿色晕环,Yellow-green halo,存在症状,ManifestAs
179,柿圆斑病,Mycosphaerella nawae,黑色小粒点,Black small dots,存在症状,ManifestAs
180,柿圆斑病,Mycosphaerella nawae,仅留柿果,Only persimmon fruit left,存在症状,ManifestAs
181,柿圆斑病,Mycosphaerella nawae,病斑圆形褐色,Round brown spots,存在症状,ManifestAs
182,柿红叶枯病,Pestalotiopsis diospyri,早期落叶,Early leaf drop,存在症状,ManifestAs
183,柿红叶枯病,Pestalotiopsis diospyri,病斑红褐色,Reddish brown lesions,存在症状,ManifestAs
184,柿红叶枯病,Pestalotiopsis diospyri,不规则形,Irregular,存在症状,ManifestAs
185,柿红叶枯病,Pestalotiopsis diospyri,黑色小粒点,Black small dots,存在症状,ManifestAs
186,柿黑星病,Black spot of persimmon,淡褐色病斑,Light brown spots,存在症状,ManifestAs
187,柿黑星病,Black spot of persimmon,纺锤形或椭圆形,Spindle or oval,存在症状,ManifestAs
188,柿黑星病,Black spot of persimmon,严重时病斑,Severe lesions,存在症状,ManifestAs
189,柿黑星病,Black spot of persimmon,开裂呈溃疡状或折,Ulceration or fracture,存在症状,ManifestAs
190,柿黑星病,Black spot of persimmon,病斑近圆形,Nearly circular lesions,存在症状,ManifestAs
191,柿黑星病,Black spot of persimmon,病斑中央褐色,Brown center of lesion,存在症状,ManifestAs
192,柿黑星病,Black spot of persimmon,边缘黑色,Edge Black,存在症状,ManifestAs
193,柿黑星病,Black spot of persimmon,黄色晕圈,Yellow halo,存在症状,ManifestAs
194,柿黑星病,Black spot of persimmon,黑色霉状物,Black mold,存在症状,ManifestAs
195,柿黑星病,Black spot of persimmon,圆形或不规则形,Round or irregular shape,存在症状,ManifestAs
196,柿黑星病,Black spot of persimmon,稍硬化呈疮痂状,Slightly hardened and scab-like,存在症状,ManifestAs
197,柿白纹羽病,Phytophthora cactorum,白色或灰白色的丝网状物,White or off-white silk mesh,存在症状,ManifestAs
198,柿白纹羽病,Phytophthora cactorum,黑色圆形的菌核,Black round sclerotium,存在症状,ManifestAs
199,柿白纹羽病,Phytophthora cactorum,灰白色或灰褐色的薄绒布状物,Grayish white or grayish brown velvet-like substance,存在症状,ManifestAs
200,柿蒂虫,Kakivoria flavofasciata,初呈黄绿色小点,Initially yellow-green dots,存在症状,ManifestAs
201,折带黄毒蛾,Euproctis flava,缺刻或孔洞,Notches or holes,存在症状,ManifestAs
202,折带黄毒蛾,Euproctis flava,叶片吃光,Eat all the leaves,存在症状,ManifestAs
203,褐点粉灯蛾,Alphaea phasma,叶缘成缺刻,Leaf margin notched,存在症状,ManifestAs
204,褐点粉灯蛾,Alphaea phasma,受害叶卷曲枯黄,The affected leaves curl and turn yellow,存在症状,ManifestAs
205,柿小叶蝉,Eurhadina kurokoi,全叶苍白,The whole leaf is pale,存在症状,ManifestAs
206,柿小叶蝉,Eurhadina kurokoi,树势衰弱,Tree weakness,存在症状,ManifestAs
207,柿绒蚧,Eriococcus kaki,呈畸形早落,Deformed and premature,存在症状,ManifestAs
208,柿绒蚧,Eriococcus kaki,初呈黄绿小点,Initially yellow-green dots,存在症状,ManifestAs
209,柿梢鹰夜蛾,Hypocala moorei,食叶残缺不全,Incomplete leaf feeding,存在症状,ManifestAs
210,苹果梢夜蛾,Hypocala subsatura,叶片向上纵卷,Leaves curl upward,存在症状,ManifestAs
211,苹果梢夜蛾,Hypocala subsatura,缺刻或孔洞,Notches or holes,存在症状,ManifestAs
212,木橑尺蠖,Culcula panterinaria,缺刻和孔洞,Nicks and holes,存在症状,ManifestAs
213,黑圆角蝉,Gargara genistae,树势衰弱,Tree weakness,存在症状,ManifestAs
214,铜绿丽金龟,Anomala corpulenta,叶片残缺不全,Incomplete leaves,存在症状,ManifestAs
215,铜绿丽金龟,Anomala corpulenta,仅留叶柄,Only petiole remains,存在症状,ManifestAs
216,石榴干腐病,Phomopsis punicae,椭圆形暗褐色病斑,Oval dark brown spots,存在症状,ManifestAs
217,石榴干腐病,Phomopsis punicae,带状条斑,Banded stripes,存在症状,ManifestAs
218,石榴干腐病,Phomopsis punicae,明显凹陷的黑褐色干斑,Obvious sunken dark brown dry spots,存在症状,ManifestAs
219,石榴干腐病,Phomopsis punicae,枝干干缩枯死,Branches shrink and die,存在症状,ManifestAs
220,石榴干腐病,Phomopsis punicae,黑褐色椭圆形凹陷小斑,Dark brown oval sunken spots,存在症状,ManifestAs
221,石榴干腐病,Phomopsis punicae,不规则的浅褐色病斑,Irregular light brown spots,存在症状,ManifestAs
222,石榴干腐病,Phomopsis punicae,中间深褐色,Middle dark brown,存在症状,ManifestAs
223,石榴干腐病,Phomopsis punicae,边缘浅褐色的凹陷病斑,Sunken lesions with light brown edges,存在症状,ManifestAs
224,石榴干腐病,Phomopsis punicae,果实变褐腐烂,Fruit turns brown and rots,存在症状,ManifestAs
225,石榴黑斑病,Pseudocercospora punicae,针眼状小黑点,Pinhole-shaped black spots,存在症状,ManifestAs
226,石榴黑斑病,Pseudocercospora punicae,圆形至多角状不规则斑,Circular to polygonal irregular spots,存在症状,ManifestAs
227,石榴黑斑病,Pseudocercospora punicae,5mm深褐色,5mm dark brown,存在症状,ManifestAs
228,石榴黑斑病,Pseudocercospora punicae,黑褐色边缘常呈黑,Dark brown often with black edges,存在症状,ManifestAs
229,石榴黑斑病,Pseudocercospora punicae,起叶片提早枯落,Early leaf fall,存在症状,ManifestAs
230,石榴根结线虫病,Root-knot nematode disease,根结表而光滑,Root knot surface and smooth,存在症状,ManifestAs
231,石榴根结线虫病,Root-knot nematode disease,叶片发黄,Yellowing leaves,存在症状,ManifestAs
232,石榴巾夜蛾,Parallelia stuposa,叶片吃光,Eat all the leaves,存在症状,ManifestAs
233,石榴茎窗蛾,Herminia dolosa,树势衰弱,Tree weakness,存在症状,ManifestAs
234,石榴疮痂病,Pseudomonas syringae,病斑初呈水湿状,The lesions initially appear wet,存在症状,ManifestAs
235,石榴疮痂病,Pseudomonas syringae,紫褐色直至黑褐色,Purple brown to dark brown,存在症状,ManifestAs
236,石榴疮痂病,Pseudomonas syringae,病斑圆形至椭圆形,Lesions are round to oval,存在症状,ManifestAs
237,石榴疮痂病,Pseudomonas syringae,合成不规则疮,Synthetic irregular sores,存在症状,ManifestAs
238,石榴疮痂病,Pseudomonas syringae,淡红色粉状物,Light red powder,存在症状,ManifestAs
239,樗蚕蛾,Samia cynthia,许多孔洞和缺刻,Many holes and nicks,存在症状,ManifestAs
240,石榴绒蚧,Eriococcus lagerstroemiae,树枝瘿弱叶黄,Weak branches and yellow leaves,存在症状,ManifestAs
241,石榴绒蚧,Eriococcus lagerstroemiae,树势衰弱,Tree weakness,存在症状,ManifestAs
242,麻皮蝽,Erthesina fullo,叶脉变黑,Leaf veins turn black,存在症状,ManifestAs
243,柑橘疮痂病,Citrus scab,油渍状小点,Oily spots,存在症状,ManifestAs
244,柑橘疮痂病,Citrus scab,蜡黄色,Wax yellow,存在症状,ManifestAs
245,柑橘疮痂病,Citrus scab,木栓化,Suberization,存在症状,ManifestAs
246,柑橘疮痂病,Citrus scab,突起呈圆锥状或,The protrusion is cone-shaped or,存在症状,ManifestAs
247,柑橘疮痂病,Citrus scab,病斑凹陷,Lesion depression,存在症状,ManifestAs
248,柑橘疮痂病,Citrus scab,叶片扭曲,Twisted blades,存在症状,ManifestAs
249,柑橘疮痂病,Citrus scab,呈茶褐色腐败而落果,"Brownish brown, decayed, and falling fruit",存在症状,ManifestAs
250,柑橘疮痂病,Citrus scab,果面凹凸不平,Uneven fruit surface,存在症状,ManifestAs
251,柑橘疮痂病,Citrus scab,呈癣皮状脱落,Ringworm-like peeling,存在症状,ManifestAs
252,柑橘脂点黄斑病,Greasy spot,针头大小的褪色小点,Pinhead-sized discolored spots,存在症状,ManifestAs
253,柑橘脂点黄斑病,Greasy spot,黄色斑块,Yellow patches,存在症状,ManifestAs
254,柑橘脂点黄斑病,Greasy spot,疤疹状淡黄色突起小粒点,Scar-like pale yellow raised small spots,存在症状,ManifestAs
255,柑橘脂点黄斑病,Greasy spot,暗褐色至黑褐色的脂斑,Dark brown to dark brown lipid spots,存在症状,ManifestAs
256,柑橘脂点黄斑病,Greasy spot,不规则的黄色斑块,Irregular yellow patches,存在症状,ManifestAs
257,柑橘脂点黄斑病,Greasy spot,淡褐色至黑褐色的疤疹状小粒点,Light brown to dark brown scar-like small spots,存在症状,ManifestAs
258,柑橘脂点黄斑病,Greasy spot,赤褐色芝麻粒大小的近圆形斑点,"Reddish brown sesame-sized, nearly circular spots",存在症状,ManifestAs
259,柑橘脂点黄斑病,Greasy spot,斑灰,Gray,存在症状,ManifestAs
260,柑橘脂点黄斑病,Greasy spot,色边缘颜色深且,The color edge is dark and,存在症状,ManifestAs
261,柑橘脂点黄斑病,Greasy spot,褐色小圆星型,Brown small round star,存在症状,ManifestAs
262,柑橘脂点黄斑病,Greasy spot,褐色小斑点,Small brown spots,存在症状,ManifestAs
263,柑橘炭疽病,Colletotrichum,近圆形或不规则形,Nearly round or irregular,存在症状,ManifestAs
264,柑橘炭疽病,Colletotrichum,浅灰褐色,Light gray brown,存在症状,ManifestAs
265,柑橘炭疽病,Colletotrichum,边缘褐色,Edge brown,存在症状,ManifestAs
266,柑橘炭疽病,Colletotrichum,同心轮纹状的黑色小粒点,Concentric ring-shaped black dots,存在症状,ManifestAs
267,柑橘炭疽病,Colletotrichum,淡青色或暗褐色小斑,Light blue or dark brown spots,存在症状,ManifestAs
268,柑橘炭疽病,Colletotrichum,水渍状,Water stain,存在症状,ManifestAs
269,柑橘炭疽病,Colletotrichum,急性型波纹状大斑块,Acute wavy plaques,存在症状,ManifestAs
270,柑橘炭疽病,Colletotrichum,朱红色带粘性的小液点,Vermilion sticky small liquid spots,存在症状,ManifestAs
271,柑橘炭疽病,Colletotrichum,椭圆形淡褐色,Oval light brown,存在症状,ManifestAs
272,柑橘炭疽病,Colletotrichum,病梢枯死,Diseased shoots die back,存在症状,ManifestAs
273,柑橘炭疽病,Colletotrichum,暗绿色油渍状不规则病斑,Dark green oily irregular spots,存在症状,ManifestAs
274,柑橘炭疽病,Colletotrichum,病斑凹陷,Lesion depression,存在症状,ManifestAs
275,柑橘炭疽病,Colletotrichum,病斑近圆形,Nearly circular lesions,存在症状,ManifestAs
276,柑橘炭疽病,Colletotrichum,果实腐烂,Fruit rot,存在症状,ManifestAs
277,柑橘裂皮病,Exocortis,枝条纤细,Slender branches,存在症状,ManifestAs
278,柑橘裂皮病,Exocortis,树冠矮化,Crown dwarfing,存在症状,ManifestAs
279,柑橘裂皮病,Exocortis,树皮纵向开裂,Bark cracks longitudinally,存在症状,ManifestAs
280,柑橘裂皮病,Exocortis,叶片小,Small leaves,存在症状,ManifestAs
281,柑橘裂皮病,Exocortis,绿色叶肉黄化,Green leaf flesh yellowing,存在症状,ManifestAs
282,柑橘裂皮病,Exocortis,畸形花,Deformed flower,存在症状,ManifestAs
283,柑橘裂皮病,Exocortis,病树树势弱,Sick trees are weak,存在症状,ManifestAs
284,柑橘裂皮病,Exocortis,枝梢缩短,Shortening of branches,存在症状,ManifestAs
285,柑橘裂皮病,Exocortis,植株矮化,Plant dwarfing,存在症状,ManifestAs
286,柑橘疫霉病,Phytophthora citrophthora,暗绿色水渍状斑点,Dark green water stains,存在症状,ManifestAs
287,柑橘疫霉病,Phytophthora citrophthora,近圆形或不规则形大病斑,Nearly round or irregular large lesions,存在症状,ManifestAs
288,柑橘疫霉病,Phytophthora citrophthora,灰绿色至黑褐色,Gray green to dark brown,存在症状,ManifestAs
289,柑橘疫霉病,Phytophthora citrophthora,成全叶腐,Complete leaf rot,存在症状,ManifestAs
290,柑橘疫霉病,Phytophthora citrophthora,呈暗绿,Dark green,存在症状,ManifestAs
291,柑橘疫霉病,Phytophthora citrophthora,中部浅绿或灰褐,Light green or grayish brown in the middle,存在症状,ManifestAs
292,柑橘疫霉病,Phytophthora citrophthora,水渍状小斑点,Small water-stained spots,存在症状,ManifestAs
293,柑橘疫霉病,Phytophthora citrophthora,暗绿或褐色病斑,Dark green or brown spots,存在症状,ManifestAs
294,柑橘疫霉病,Phytophthora citrophthora,褐色而枯死,Brown and dead,存在症状,ManifestAs
295,柑橘疫霉病,Phytophthora citrophthora,白色霉层,White mold layer,存在症状,ManifestAs
296,柑橘疫霉病,Phytophthora citrophthora,呈褐色湿腐状,Brown wet rot,存在症状,ManifestAs
297,柑橘疫霉病,Phytophthora citrophthora,侧脉变黄,Yellowing of the lateral veins,存在症状,ManifestAs
298,柑橘疫霉病,Phytophthora citrophthora,果实早落,Early fruit drop,存在症状,ManifestAs
299,柑橘疫霉病,Phytophthora citrophthora,果皮厚且粗,Thick and rough skin,存在症状,ManifestAs
300,柑橘煤污病,Meliola butleri,暗褐色小霉点,Dark brown small mildew spots,存在症状,ManifestAs
301,柑橘煤污病,Meliola butleri,绒毛状黑色或暗褐色霉层,Fluffy black or dark brown mold layer,存在症状,ManifestAs
302,柑橘黄龙病,Huanglongbing,叶片黄,Yellow leaves,存在症状,ManifestAs
303,柑橘黄龙病,Huanglongbing,新梢叶片黄化,Yellowing of new shoot leaves,存在症状,ManifestAs
304,柑橘黄龙病,Huanglongbing,“黄梢”,"""Yellow Tip""",存在症状,ManifestAs
305,柑橘黄龙病,Huanglongbing,叶肉褪绿,Leaf chlorosis,存在症状,ManifestAs
306,柑橘黄龙病,Huanglongbing,叶脉逐渐黄化,Leaf veins gradually turn yellow,存在症状,ManifestAs
307,柑橘黄龙病,Huanglongbing,不规则黄绿斑块,Irregular yellow-green patches,存在症状,ManifestAs
308,柑橘黄龙病,Huanglongbing,叶片硬化失去光泽,Leaves become hard and lose their luster,存在症状,ManifestAs
309,柑橘黄龙病,Huanglongbing,似缺氮状,Nitrogen deficiency,存在症状,ManifestAs
310,柑橘黄龙病,Huanglongbing,叶脉呈绿色,Green veins,存在症状,ManifestAs
311,柑橘黄龙病,Huanglongbing,叶肉黄化,Yellowing of the leaf flesh,存在症状,ManifestAs
312,柑橘黄龙病,Huanglongbing,呈细网状,Fine mesh,存在症状,ManifestAs
313,柑橘黄龙病,Huanglongbing,不规则,irregular,存在症状,ManifestAs
314,柑橘黄龙病,Huanglongbing,边缘不明显的绿斑,Green spots with unclear edges,存在症状,ManifestAs
315,柑橘黄龙病,Huanglongbing,叶肉变厚,Thickening of the leaf flesh,存在症状,ManifestAs
316,柑橘黄龙病,Huanglongbing,叶表无光泽,Leaf surface dull,存在症状,ManifestAs
317,柑橘黄龙病,Huanglongbing,叶脉肿大,Swollen leaf veins,存在症状,ManifestAs
318,柑橘黄龙病,Huanglongbing,叶脉背面破裂,Broken veins on the back,存在症状,ManifestAs
319,柑橘黄龙病,Huanglongbing,树冠稀疏,Sparse tree crown,存在症状,ManifestAs
320,柑橘溃疡病,Xanthomonas axonopodis,黄色或暗黄缘色针头大小的油渍状斑,Yellow or dark yellow-edged needle-sized oily spots,存在症状,ManifestAs
321,柑橘溃疡病,Xanthomonas axonopodis,米黄色的病斑,Beige spots,存在症状,ManifestAs
322,柑橘溃疡病,Xanthomonas axonopodis,呈海绵状,Sponge-like,存在症状,ManifestAs
323,柑橘溃疡病,Xanthomonas axonopodis,表面粗糙,Rough surface,存在症状,ManifestAs
324,柑橘溃疡病,Xanthomonas axonopodis,灰白色或灰褐色,Grayish white or grayish brown,存在症状,ManifestAs
325,柑橘溃疡病,Xanthomonas axonopodis,火山口状开裂,Crater-like cracks,存在症状,ManifestAs
326,柑橘溃疡病,Xanthomonas axonopodis,微细轮纹,Fine wheel pattern,存在症状,ManifestAs
327,柑橘溃疡病,Xanthomonas axonopodis,黄色或黄缘色晕环,Yellow or yellow-rimmed halo,存在症状,ManifestAs
328,柑橘溃疡病,Xanthomonas axonopodis,枝梢干枯,Dry branches,存在症状,ManifestAs
329,柑橘溃疡病,Xanthomonas axonopodis,黄色半透明病斑油胞状突起,Yellow translucent lesions with oil cell-like protrusions,存在症状,ManifestAs
330,柑橘溃疡病,Xanthomonas axonopodis,顶端略皱缩,Slightly wrinkled at the top,存在症状,ManifestAs
331,柑橘溃疡病,Xanthomonas axonopodis,深褐色的釉光边缘,Dark brown glaze edge,存在症状,ManifestAs
332,柑橘赤衣病,Citrus red mite,白色蛛网状菌丝,White spider web mycelium,存在症状,ManifestAs
333,柑橘赤衣病,Citrus red mite,枝叶凋萎脱落,Withering and falling of branches and leaves,存在症状,ManifestAs
334,柑橘黑腐病,Citrus black rot,呈水渍状,Water-stained,存在症状,ManifestAs
335,柑橘黑腐病,Citrus black rot,呈不规则状,Irregular,存在症状,ManifestAs
336,柑橘黑腐病,Citrus black rot,四周紫褐色,Purple brown all around,存在症状,ManifestAs
337,柑橘黑腐病,Citrus black rot,中央色淡,Central pale,存在症状,ManifestAs
338,柑橘黑腐病,Citrus black rot,白色气生菌丝,White aerial hyphae,存在症状,ManifestAs
339,柑橘黑腐病,Citrus black rot,果瓣腐烂,Fruit petal rot,存在症状,ManifestAs
340,柑橘黑腐病,Citrus black rot,墨绿色绒状霉菌,Dark green velvety mold,存在症状,ManifestAs
341,柑橘黑腐病,Citrus black rot,果皮开裂,Peel cracking,存在症状,ManifestAs
342,柑橘黑腐病,Citrus black rot,枝条干枯,Dry branches,存在症状,ManifestAs
343,柑橘黑腐病,Citrus black rot,幼果变黑,Young fruit turns black,存在症状,ManifestAs
344,柑橘黑腐病,Citrus black rot,僵果早落,The fruit falls early,存在症状,ManifestAs
345,柑橘树脂病,Citrus gummosis,黄褐色或黑褐色小粒,Yellowish brown or dark brown small particles,存在症状,ManifestAs
346,柑橘树脂病,Citrus gummosis,凹凸不平,Uneven,存在症状,ManifestAs
347,柑橘树脂病,Citrus gummosis,初呈灰褐色水渍状,Initially gray-brown water stains,存在症状,ManifestAs
348,柑橘树脂病,Citrus gummosis,褐色胶液,Brown glue,存在症状,ManifestAs
349,柑橘树脂病,Citrus gummosis,木质部裸露,Xylem exposed,存在症状,ManifestAs
350,柑橘树脂病,Citrus gummosis,病部红褐色,Diseased part reddish brown,存在症状,ManifestAs
351,柑橘树脂病,Citrus gummosis,皮层干枯,Dry skin,存在症状,ManifestAs
352,柑橘树脂病,Citrus gummosis,略下陷,Slightly sunken,存在症状,ManifestAs
353,柑橘树脂病,Citrus gummosis,橙黄或黄褐色带,Orange or yellowish brown band,存在症状,ManifestAs
354,柑橘树脂病,Citrus gummosis,黑色硬质突起小点,Black hard raised dots,存在症状,ManifestAs
355,柑橘树脂病,Citrus gummosis,呈砂皮状,Sandy,存在症状,ManifestAs
356,柑橘树脂病,Citrus gummosis,小渍状圆形褐色病斑,Small round brown spots,存在症状,ManifestAs
357,柑橘树脂病,Citrus gummosis,边缘呈波纹状,The edge is corrugated,存在症状,ManifestAs
358,柑橘树脂病,Citrus gummosis,树势衰弱,Tree weakness,存在症状,ManifestAs
359,嘴壶夜蛾,Oraesia emarginata,果肉呈海绵状或腐烂,The flesh is spongy or rotten,存在症状,ManifestAs
360,嘴壶夜蛾,Oraesia emarginata,果实软腐脱落,Fruit soft rot and falling off,存在症状,ManifestAs
361,鸟嘴壶夜蛾,Oraesia excavata,缺刻或孔洞,Notches or holes,存在症状,ManifestAs
362,柑橘花蕾蛆,Contarinia citri,绿色小点,Green dots,存在症状,ManifestAs
363,柑橘花蕾蛆,Contarinia citri,残花枯落,Withered flowers,存在症状,ManifestAs
364,柑橘青霉病,Penicillium italicum,果皮软化,Peel softening,存在症状,ManifestAs
365,柑橘青霉病,Penicillium italicum,水渍状褪色,Water-stained discoloration,存在症状,ManifestAs
366,柑橘青霉病,Penicillium italicum,白色近圆形霉斑,White nearly circular mildew spots,存在症状,ManifestAs
367,柑橘青霉病,Penicillium italicum,青色或绿色粉状物,Cyan or green powder,存在症状,ManifestAs
368,橘二叉蚜,Toxoptera citricida,叶向反面卷曲或稍纵卷,Leaves curled or slightly curled longitudinally,存在症状,ManifestAs
369,橘蚜,Toxoptera citricida,灰褐色蜕皮壳,Gray brown molting shell,存在症状,ManifestAs
370,橘蚜,Toxoptera citricida,叶片卷曲硬化,Leaf curling and hardening,存在症状,ManifestAs
371,橘蚜,Toxoptera citricida,新梢枯死,New shoots die back,存在症状,ManifestAs
372,柑橘粉虱,Dialeurodes citri,树势衰弱,Tree weakness,存在症状,ManifestAs
373,黑刺粉虱,Aleurocanthus woglumi,枝叶发黑,Black leaves,存在症状,ManifestAs
374,黑刺粉虱,Aleurocanthus woglumi,枯死脱落,Withered and fallen off,存在症状,ManifestAs
375,柑橘木虱,Diaphorina citri,嫩梢干枯,Dry shoots,存在症状,ManifestAs
376,柑橘木虱,Diaphorina citri,新叶扭曲畸形,New leaves are twisted and deformed,存在症状,ManifestAs
377,吹绵蚧,Icerya purchasi,叶叶色发黄,Yellowing of leaves,存在症状,ManifestAs
378,吹绵蚧,Icerya purchasi,枝梢枯萎,Branch withering,存在症状,ManifestAs
379,吹绵蚧,Icerya purchasi,树势衰弱,Tree weakness,存在症状,ManifestAs
380,堆蜡粉蚧,Planococcus citri,叶干枯卷缩,Leaves dry and curled,存在症状,ManifestAs
381,矢尖蚧,Unaspis yanonensis,叶片畸形,Leaf deformity,存在症状,ManifestAs
382,矢尖蚧,Unaspis yanonensis,枝叶干枯,Dry branches and leaves,存在症状,ManifestAs
383,红蜡蚧,Ceroplastes rubens,削弱树势,Weakening the tree,存在症状,ManifestAs
384,褐圆蚧,Chrysomphalus aonidum,叶片畸形,Leaf deformity,存在症状,ManifestAs
385,褐圆蚧,Chrysomphalus aonidum,枝叶干枯,Dry branches and leaves,存在症状,ManifestAs
386,糠片蚧,Parlatoria pergandii,叶干枯卷缩,Leaves dry and curled,存在症状,ManifestAs
387,柑橘全爪螨,Panonychus citri,灰白色斑点,Grayish white spots,存在症状,ManifestAs
388,柑橘全爪螨,Panonychus citri,叶片失去光泽,Leaves lose their luster,存在症状,ManifestAs
389,柑橘全爪螨,Panonychus citri,嫩枝枯死,Twig death,存在症状,ManifestAs
390,柑橘始叶螨,Eotetranychus kankitus,畸形扭曲,Deformed,存在症状,ManifestAs
391,柑橘始叶螨,Eotetranychus kankitus,成大量落,A large number of,存在症状,ManifestAs
392,柑橘凤蝶,Papilio xuthus,仅留叶脉,Only the veins remain,存在症状,ManifestAs
393,柑橘凤蝶,Papilio xuthus,叶脉全被吃光,The leaf veins are all eaten,存在症状,ManifestAs
394,拟小黄卷叶蛾,Adoxophyes cyrtosema,幼叶残缺破碎,Broken and broken young leaves,存在症状,ManifestAs
395,拟小黄卷叶蛾,Adoxophyes cyrtosema,花器残缺枯死脱落,"The flowers are broken, dead and falling off",存在症状,ManifestAs
396,茶蓑蛾,Clania minuscula,透明斑点,Transparent spots,存在症状,ManifestAs
397,茶蓑蛾,Clania minuscula,缺刻和孔洞,Nicks and holes,存在症状,ManifestAs
398,茶蓑蛾,Clania minuscula,叶片吃光,Eat all the leaves,存在症状,ManifestAs
399,油桐尺蛾,Buzura suppressaria,缺刻或孔洞,Notches or holes,存在症状,ManifestAs
400,油桐尺蛾,Buzura suppressaria,上部枝梢枯死,Upper branches die back,存在症状,ManifestAs
401,达摩凤蝶,Papilio demoleus,缺刻和孔洞,Nicks and holes,存在症状,ManifestAs
402,柑橘恶性叶甲,Clitea metallica,孔洞或缺刻,Holes or notches,存在症状,ManifestAs
403,柑橘恶性叶甲,Clitea metallica,引起幼果大量,Causes a large number of young fruits,存在症状,ManifestAs
404,绿鳞象甲,Anomala corpulenta,缺刻或孔洞,Notches or holes,存在症状,ManifestAs
405,绿鳞象甲,Anomala corpulenta,植株死亡,Plant death,存在症状,ManifestAs
406,柑橘灰象甲,Sympiezomias citri,残缺不全,incomplete,存在症状,ManifestAs
407,柑橘灰象甲,Sympiezomias citri,不整齐的凹陷缺刻或残留疤痕,Irregular indentations or residual scars,存在症状,ManifestAs
408,柑橘潜叶蛾,Phyllocnistis citrella,银白色弯曲隧道,Silver curved tunnel,存在症状,ManifestAs
409,柑橘潜叶蛾,Phyllocnistis citrella,叶卷缩硬化,Leaf curling and hardening,存在症状,ManifestAs
410,柑橘爆皮虫,Agrilus auriventris,呈芝麻状油浸点,Sesame-shaped oil-soaked spots,存在症状,ManifestAs
411,柑橘爆皮虫,Agrilus auriventris,泡沫状的黄色流胶物质,Foamy yellow gelatinous substance,存在症状,ManifestAs
412,柑橘溜皮虫,Agrilus auriventris,泡沫流胶,Foam glue,存在症状,ManifestAs
413,荔枝霜疫霉病,Peronophythora litchii,褐色病斑,Brown spots,存在症状,ManifestAs
414,荔枝霜疫霉病,Peronophythora litchii,褐色小斑,Small brown spots,存在症状,ManifestAs
415,荔枝霜疫霉病,Peronophythora litchii,不规则形病斑,Irregular lesions,存在症状,ManifestAs
416,荔枝霜疫霉病,Peronophythora litchii,淡黄色,Light yellow,存在症状,ManifestAs
417,荔枝霜疫霉病,Peronophythora litchii,白色霜霉状物,White downy mildew,存在症状,ManifestAs
418,荔枝霜疫霉病,Peronophythora litchii,褐色不规则形病斑,Brown irregular lesions,存在症状,ManifestAs
419,荔枝霜疫霉病,Peronophythora litchii,果皮呈暗褐色至黑色,The skin is dark brown to black,存在症状,ManifestAs
420,荔枝霜疫霉病,Peronophythora litchii,酒味或酸味,Winey or sour taste,存在症状,ManifestAs
421,荔枝炭疽病,Colletotrichum,病部初呈灰褐色,The diseased part is initially gray-brown,存在症状,ManifestAs
422,荔枝炭疽病,Colletotrichum,病斑圆形或长椭圆形,Lesions are round or oval,存在症状,ManifestAs
423,荔枝炭疽病,Colletotrichum,圆形至不规则形浅褐色小斑,Round to irregular light brown spots,存在症状,ManifestAs
424,荔枝炭疽病,Colletotrichum,深褐色大斑,Large dark brown spots,存在症状,ManifestAs
425,荔枝炭疽病,Colletotrichum,边缘不清晰,The edge is not clear,存在症状,ManifestAs
426,荔枝炭疽病,Colletotrichum,灰色斑块,Gray patches,存在症状,ManifestAs
427,荔枝炭疽病,Colletotrichum,褐色或黑色小粒点,Brown or black small spots,存在症状,ManifestAs
428,荔枝炭疽病,Colletotrichum,央生橙红色戮质,Orange-red color,存在症状,ManifestAs
429,荔枝炭疽病,Colletotrichum,粒果肉变酸腐烂,The flesh of the fruit turns sour and rots,存在症状,ManifestAs
430,荔枝酸腐病,Litchi chinensis,病斑不规则形小斑,Irregular small spots,存在症状,ManifestAs
431,荔枝酸腐病,Litchi chinensis,暗褐色大斑,Large dark brown spots,存在症状,ManifestAs
432,荔枝酸腐病,Litchi chinensis,果肉腐败酸臭,Fruit pulp is rotten and smelly,存在症状,ManifestAs
433,荔枝酸腐病,Litchi chinensis,果皮硬化,Peel hardening,存在症状,ManifestAs
434,荔枝酸腐病,Litchi chinensis,转暗褐色,Turn dark brown,存在症状,ManifestAs
435,荔枝酸腐病,Litchi chinensis,白色霉层,White mold layer,存在症状,ManifestAs
436,荔枝藻斑病,Cephaleuros virescens,黄褐色绒毛状近圆形藻斑,"Yellow-brown, velvety, nearly circular algae spots",存在症状,ManifestAs
437,荔枝藻斑病,Cephaleuros virescens,呈黑褐色或砖红色斑点,Dark brown or brick red spots,存在症状,ManifestAs
438,荔枝藻斑病,Cephaleuros virescens,灰绿色或黄褐色毛绒状物,Gray-green or yellow-brown fluffy substance,存在症状,ManifestAs
439,荔枝藻斑病,Cephaleuros virescens,梭形至短条状黑色斑,Fusiform to short black spots,存在症状,ManifestAs
440,荔枝藻斑病,Cephaleuros virescens,病斑中央灰白色,The center of the lesion is grayish white,存在症状,ManifestAs
441,荔枝鬼帚病,Litchi mite gall disease,枝梢呈扫帚状,Broom-shaped branches,存在症状,ManifestAs
442,荔枝鬼帚病,Litchi mite gall disease,叶缘卷缩,Leaf margin curling,存在症状,ManifestAs
443,荔枝鬼帚病,Litchi mite gall disease,叶子呈线状,Linear leaves,存在症状,ManifestAs
444,荔枝鬼帚病,Litchi mite gall disease,凹凸不平呈波状,Uneven and wavy,存在症状,ManifestAs
445,荔枝鬼帚病,Litchi mite gall disease,叶脉黄绿色呈明脉状,The veins are yellow-green and bright,存在症状,ManifestAs
446,荔枝鬼帚病,Litchi mite gall disease,不规则形黄绿色大小不等的斑纹,Irregular yellow-green spots of varying sizes,存在症状,ManifestAs
447,荔枝鬼帚病,Litchi mite gall disease,叶缘向叶背卷缩,Leaf margins curled back,存在症状,ManifestAs
448,荔枝鬼帚病,Litchi mite gall disease,叶尖下弯,Leaf tip bent downward,存在症状,ManifestAs
449,荔枝鬼帚病,Litchi mite gall disease,小叶柄扁化略变宽,Petiole flattened and slightly broadened,存在症状,ManifestAs
450,荔枝鬼帚病,Litchi mite gall disease,叶片呈深褐色畸变,Dark brown distorted leaves,存在症状,ManifestAs
451,荔枝鬼帚病,Litchi mite gall disease,畸形叶干枯脱落,"Deformed leaves, dryness and falling off",存在症状,ManifestAs
452,荔枝叶斑病,Leaf spot disease,近圆形至不规则形较小病斑,Smaller lesions that are nearly round to irregular in shape,存在症状,ManifestAs
453,黑蚱蝉,Cryptotympana atrata,枝条枯萎而死,The branches withered and died,存在症状,ManifestAs
454,黑蚱蝉,Cryptotympana atrata,削弱树势,Weakening the tree,存在症状,ManifestAs
455,龙眼褐斑病,Diplodia natalensis,圆形或不规则形的褐色小斑点,Small round or irregular brown spots,存在症状,ManifestAs
456,龙眼褐斑病,Diplodia natalensis,病斑中央灰白色或淡褐色,The center of the lesion is grayish white or light brown,存在症状,ManifestAs
457,龙眼褐斑病,Diplodia natalensis,边缘褐色,Edge brown,存在症状,ManifestAs
458,龙眼褐斑病,Diplodia natalensis,不规则的大斑,Irregular large spots,存在症状,ManifestAs
459,龙眼褐斑病,Diplodia natalensis,早期落叶,Early leaf drop,存在症状,ManifestAs
460,桥夜蛾,Anomis mesogona,萎缩或腐烂,Shrinking or decaying,存在症状,ManifestAs
461,荔枝斑点病,Litchi mottle virus,病斑圆形或不规则形,Lesions are round or irregular,存在症状,ManifestAs
462,荔枝斑点病,Litchi mottle virus,中央灰白色,Central off-white,存在症状,ManifestAs
463,荔枝壳二孢叶斑病,Lophodermium,病斑初期呈圆形,The lesions are initially round,存在症状,ManifestAs
464,荔枝壳二孢叶斑病,Lophodermium,不规则大斑,Irregular large spots,存在症状,ManifestAs
465,荔枝壳二孢叶斑病,Lophodermium,边缘暗褐色,Dark brown edge,存在症状,ManifestAs
466,荔枝壳二孢叶斑病,Lophodermium,黄色晕圈,Yellow halo,存在症状,ManifestAs
467,荔枝煤烟病,Sooty mold,黑色霉层,Black mold layer,存在症状,ManifestAs
468,荔枝煤烟病,Sooty mold,叶片卷曲脱落,Leaves curl and fall off,存在症状,ManifestAs
469,荔枝煤烟病,Sooty mold,花少果小,Few flowers and small fruits,存在症状,ManifestAs
470,荔枝叶枯病,Leaf blight,初褐色,Initial Brown,存在症状,ManifestAs
471,荔枝叶枯病,Leaf blight,边缘暗褐色或紫褐色,Dark brown or purple brown edges,存在症状,ManifestAs
472,荔枝叶枯病,Leaf blight,略呈波状,Slightly wavy,存在症状,ManifestAs
473,荔枝地衣病,Lichen planus,削弱树势,Weakening the tree,存在症状,ManifestAs
474,荔枝地衣病,Lichen planus,树干腐烂,Trunk rot,存在症状,ManifestAs
475,荔枝地衣病,Lichen planus,凹凸不平的糙皮,Rough bumpy skin,存在症状,ManifestAs
476,荔枝蝽,Tessaratoma papillosa,呈褐公细纹及斑点,Brown fine lines and spots,存在症状,ManifestAs
477,荔枝蝽,Tessaratoma papillosa,落花落果,Falling flowers and fruits,存在症状,ManifestAs
478,荔枝蝽,Tessaratoma papillosa,嫩梢枯,Tender shoots wither,存在症状,ManifestAs
479,荔枝瘿螨,Eriophyes litchii,灰白茸毛,Grayish white hair,存在症状,ManifestAs
480,荔枝瘿螨,Eriophyes litchii,红褐色至深褐色,Reddish brown to dark brown,存在症状,ManifestAs
481,荔枝瘿螨,Eriophyes litchii,形似毛毡状,Felt-like,存在症状,ManifestAs
482,荔枝瘿螨,Eriophyes litchii,凹凸不平,Uneven,存在症状,ManifestAs
483,荔枝瘿螨,Eriophyes litchii,凹凸不平的褐色斑块,Bumpy brown patches,存在症状,ManifestAs
484,龙眼角颊木虱,Cornegenapsylla longanae,叶片畸形扭曲,Distorted leaves,存在症状,ManifestAs
485,红带滑胸针蓟马,Thripidae,银白色斑纹或斑块,Silvery white streaks or patches,存在症状,ManifestAs
486,红带滑胸针蓟马,Thripidae,嫩叶皱缩,Shrinking of young leaves,存在症状,ManifestAs
487,红带滑胸针蓟马,Thripidae,叶片枯黄,Leaves turn yellow,存在症状,ManifestAs
488,白蛾蜡蝉,Lawana imitata,树势衰弱,Tree weakness,存在症状,ManifestAs
489,白蛾蜡蝉,Lawana imitata,黑色的煤烟病,Black sooty disease,存在症状,ManifestAs
490,龙眼灰斑病,Pestalotiopsis,灰褐色病斑,Gray-brown spots,存在症状,ManifestAs
491,龙眼酸腐病,Gloeosporium sp.,褐色小斑,Small brown spots,存在症状,ManifestAs
492,龙眼酸腐病,Gloeosporium sp.,果皮硬化,Peel hardening,存在症状,ManifestAs
493,龙眼酸腐病,Gloeosporium sp.,白色霉状物,White mold,存在症状,ManifestAs
494,龙眼酸腐病,Gloeosporium sp.,颜色呈暗褐色,Dark brown in color,存在症状,ManifestAs
495,双线盗毒蛾,Porthesia scintillans,叶片仅剩网状叶脉,Only the reticulate veins remain on the leaves,存在症状,ManifestAs
496,小白纹毒蛾,Orgyia thyellina,缺刻或孔洞,Notches or holes,存在症状,ManifestAs
497,爻纹细蛾,Ypsolopha sequella,叶片干枯,Dry leaves,存在症状,ManifestAs
498,蓖麻夜蛾,Achaea janata,缺刻或孔洞,Notches or holes,存在症状,ManifestAs
499,落叶夜蛾,Catocala nupta,果实变形,Fruit deformation,存在症状,ManifestAs
500,落叶夜蛾,Catocala nupta,腐烂脱落,Rotting and falling off,存在症状,ManifestAs
501,落叶夜蛾,Catocala nupta,针头大小的孔洞,Pinhead-sized hole,存在症状,ManifestAs
502,落叶夜蛾,Catocala nupta,果肉失水呈海绵状,The flesh loses water and becomes spongy,存在症状,ManifestAs
503,茶卷叶蛾,Adoxophyes orana,透明枯斑,Transparent spots,存在症状,ManifestAs
504,拟小黄卷叶蛾,Adoxophyes cyrtosema,叶片卷曲,Leaf curling,存在症状,ManifestAs
505,油桐尺蠖,Buzura suppressaria,上部枝梢枯死,Upper branches die back,存在症状,ManifestAs
506,咖啡木蠹蛾,Zeuzera coffeae,折枝或枯萎,Broken branches or withered,存在症状,ManifestAs
507,白囊蓑蛾,Chalioides kondonis,透明斑点,Transparent spots,存在症状,ManifestAs
508,白囊蓑蛾,Chalioides kondonis,缺刻和孔洞,Nicks and holes,存在症状,ManifestAs
509,白囊蓑蛾,Chalioides kondonis,叶片吃光,Eat all the leaves,存在症状,ManifestAs
510,银毛吹棉蚧,Icerya purchasi,叶叶色发黄,Yellowing of leaves,存在症状,ManifestAs
511,银毛吹棉蚧,Icerya purchasi,枝梢枯萎,Branch withering,存在症状,ManifestAs
512,银毛吹棉蚧,Icerya purchasi,树势衰弱,Tree weakness,存在症状,ManifestAs
513,龙眼鸡,Fulgora laternaria,树势衰弱,Tree weakness,存在症状,ManifestAs
514,龙眼鸡,Fulgora laternaria,枝条枯干,Dry branches,存在症状,ManifestAs
515,角蜡蚧,Ceroplastes ceriferus,叶片变黄,Yellowing of leaves,存在症状,ManifestAs
516,角蜡蚧,Ceroplastes ceriferus,树干表面凸凹不平,The surface of the tree trunk is uneven,存在症状,ManifestAs
517,角蜡蚧,Ceroplastes ceriferus,树皮纵裂,Bark cracks,存在症状,ManifestAs
518,珀蝽,Plautia crossota,叶片枯黄,Leaves turn yellow,存在症状,ManifestAs
519,珀蝽,Plautia crossota,提早落叶,Early leaf fall,存在症状,ManifestAs
520,珀蝽,Plautia crossota,树势衰弱,Tree weakness,存在症状,ManifestAs
521,珀蝽,Plautia crossota,果面凹凸的“疙瘩果”,The bumpy surface of the "bumpy fruit",存在症状,ManifestAs
522,点蜂缘蝽,Riptortus pedestris,叶脉变黑,Leaf veins turn black,存在症状,ManifestAs
523,芒果炭疽病,Mangifera indica,枝条干枯或流胶,Branches dry or gum oozing,存在症状,ManifestAs
524,芒果炭疽病,Mangifera indica,初生褐黑色斑,Initial brown-black spots,存在症状,ManifestAs
525,芒果炭疽病,Mangifera indica,边缘发暗,Dark edges,存在症状,ManifestAs
526,芒果炭疽病,Mangifera indica,极小褐色斑点,Tiny brown spots,存在症状,ManifestAs
527,芒果炭疽病,Mangifera indica,粉红色的孢子团,Pink spore clusters,存在症状,ManifestAs
528,芒果疮痂病,Mangifera indica,黑色微凸,Black slightly convex,存在症状,ManifestAs
529,芒果疮痂病,Mangifera indica,中央开裂的小圆斑,Small round spot with crack in the center,存在症状,ManifestAs
530,芒果疮痂病,Mangifera indica,大量落叶,A lot of fallen leaves,存在症状,ManifestAs
531,芒果疮痂病,Mangifera indica,病斑椭圆形,Lesion oval,存在症状,ManifestAs
532,芒果疮痂病,Mangifera indica,边缘色深,Edge color depth,存在症状,ManifestAs
533,芒果疮痂病,Mangifera indica,凸起的小黑斑,Raised black spots,存在症状,ManifestAs
534,芒果疮痂病,Mangifera indica,中央星状开裂,Central star-shaped crack,存在症状,ManifestAs
535,芒果疮痂病,Mangifera indica,微小黑点,Tiny black spots,存在症状,ManifestAs
536,芒果疮痂病,Mangifera indica,稀疏的灰白色霉状物,Sparse gray-white mold,存在症状,ManifestAs
537,芒果流胶病,Gummosis,褐色小圆点,Brown dots,存在症状,ManifestAs
538,芒果流胶病,Gummosis,木质部坏死,Xylem necrosis,存在症状,ManifestAs
539,芒果流胶病,Gummosis,乳白色树液,Milky sap,存在症状,ManifestAs
540,芒果流胶病,Gummosis,粘稠的琥珀色树胶,Sticky amber gum,存在症状,ManifestAs
541,芒果细菌性黑斑病,Xanthomonas campestris pv. mangiferaeindicae,呈黑褐色溃疡斑,Dark brown ulcers,存在症状,ManifestAs
542,芒果细菌性黑斑病,Xanthomonas campestris pv. mangiferaeindicae,水渍状小点,Water stains,存在症状,ManifestAs
543,芒果细菌性黑斑病,Xanthomonas campestris pv. mangiferaeindicae,呈多角形或不规则形,Polygonal or irregular shape,存在症状,ManifestAs
544,芒果细菌性黑斑病,Xanthomonas campestris pv. mangiferaeindicae,病斑呈水渍状小点,The lesions are small water-soaked spots,存在症状,ManifestAs
545,芒果细菌性黑斑病,Xanthomonas campestris pv. mangiferaeindicae,溃疡开裂,Ulcer dehiscence,存在症状,ManifestAs
546,芒果细菌性黑斑病,Xanthomonas campestris pv. mangiferaeindicae,病斑黑褐色,Lesions dark brown,存在症状,ManifestAs
547,芒果细菌性黑斑病,Xanthomonas campestris pv. mangiferaeindicae,表面隆起,Surface bulge,存在症状,ManifestAs
548,芒果白粉病,Powdery mildew,黑褐色干枯死亡,Dark brown dry dead,存在症状,ManifestAs
549,芒果褐色蒂腐病,Phomopsis mangiferae,蒂部暗褐色,Dark brown pedicle,存在症状,ManifestAs
550,芒果褐色蒂腐病,Phomopsis mangiferae,深褐色或黑褐色,Dark brown or dark brown,存在症状,ManifestAs
551,芒果褐色蒂腐病,Phomopsis mangiferae,粒孢子角,Granospore Corner,存在症状,ManifestAs
552,芒果褐色蒂腐病,Phomopsis mangiferae,果肉液化,Pulp liquefaction,存在症状,ManifestAs
553,褐边绿刺蛾,Latoia consocia,不规则黄色斑块,Irregular yellow patches,存在症状,ManifestAs
554,褐边绿刺蛾,Latoia consocia,平直的缺刻,Straight notch,存在症状,ManifestAs
555,脊胸天牛,Rhytidodera,枝干枯死或折断,Dead or broken branches,存在症状,ManifestAs
556,白囊蓑蛾,Chalioides kondonis,寄主植物光秃,Host plant bareness,存在症状,ManifestAs
557,杧果扁喙叶蝉,Amrasca biguttula,花穗枯萎,Flower spikes wither,存在症状,ManifestAs
558,杧果扁喙叶蝉,Amrasca biguttula,幼果脱落,Young fruit falls off,存在症状,ManifestAs
559,杧果扁喙叶蝉,Amrasca biguttula,大量落花,A lot of falling flowers,存在症状,ManifestAs
560,大青叶蝉,Cicadella viridis,叶片退色,Leaf fading,存在症状,ManifestAs
561,大青叶蝉,Cicadella viridis,畸形,deformity,存在症状,ManifestAs
562,大青叶蝉,Cicadella viridis,全叶枯死,All leaves die,存在症状,ManifestAs
563,枇杷灰斑病,Pestalotiopsis funerea,呈淡褐色圆形病斑,Light brown circular spots,存在症状,ManifestAs
564,枇杷灰斑病,Pestalotiopsis funerea,不规则大斑,Irregular large spots,存在症状,ManifestAs
565,枇杷灰斑病,Pestalotiopsis funerea,呈黑褐色细环带,Dark brown thin ring,存在症状,ManifestAs
566,枇杷灰斑病,Pestalotiopsis funerea,紫褐色圆形病斑,Purple-brown circular spots,存在症状,ManifestAs
567,枇杷灰斑病,Pestalotiopsis funerea,病斑凹陷,Lesion depression,存在症状,ManifestAs
568,枇杷斑点病,Pseudocercospora eriobotryae,赤褐色小点,Reddish brown dots,存在症状,ManifestAs
569,枇杷斑点病,Pseudocercospora eriobotryae,近圆形,Nearly round,存在症状,ManifestAs
570,枇杷斑点病,Pseudocercospora eriobotryae,中央灰黄色,Central grayish yellow,存在症状,ManifestAs
571,枇杷斑点病,Pseudocercospora eriobotryae,外缘赤褐色,Outer edge reddish brown,存在症状,ManifestAs
572,枇杷斑点病,Pseudocercospora eriobotryae,呈不规则形,Irregular shape,存在症状,ManifestAs
573,枇杷斑点病,Pseudocercospora eriobotryae,排列呈轮纹状,Arranged in a wheel pattern,存在症状,ManifestAs
574,枇杷斑点病,Pseudocercospora eriobotryae,早期落叶,Early leaf drop,存在症状,ManifestAs
575,枇杷炭疽病,Gloeosporium eriobotryae,大量腐烂脱落,Lots of rot and fall off,存在症状,ManifestAs
576,枇杷胡麻色斑点病,Albugo laibachii,圆形病班,Round sick class,存在症状,ManifestAs
577,枇杷胡麻色斑点病,Albugo laibachii,暗紫色,Dark purple,存在症状,ManifestAs
578,枇杷胡麻色斑点病,Albugo laibachii,边缘赤紫色,Edge reddish purple,存在症状,ManifestAs
579,枇杷胡麻色斑点病,Albugo laibachii,灰白色或灰色,Off-white or gray,存在症状,ManifestAs
580,枇杷胡麻色斑点病,Albugo laibachii,背的病斑呈淡黄色,The spots on the back are light yellow,存在症状,ManifestAs
581,枇杷胡麻色斑点病,Albugo laibachii,不规则形病斑,Irregular lesions,存在症状,ManifestAs
582,枇杷胡麻色斑点病,Albugo laibachii,叶片枯死脱落,Leaves die and fall off,存在症状,ManifestAs
583,枇杷黄毛虫,Melanographia flexilineata,空洞或缺刻,Holes or nicks,存在症状,ManifestAs
584,枇杷黄毛虫,Melanographia flexilineata,树势衰,Tree decline,存在症状,ManifestAs
585,黄星天牛,Monochamus alternatus,枝条枯死,Dead branches,存在症状,ManifestAs
586,黄星天牛,Monochamus alternatus,盘旋状食道,Convoluted esophagus,存在症状,ManifestAs
587,黄星天牛,Monochamus alternatus,皮层干枯破裂,Dry and cracked cortex,存在症状,ManifestAs
588,黄星天牛,Monochamus alternatus,桑枝干枯,Mulberry branches dry,存在症状,ManifestAs
589,草莓疫霉果腐病,Phytophthora cactorum,病部白腐软化,White rot and softening of diseased parts,存在症状,ManifestAs
590,香蕉巴拿马枯萎病,Fusarium wilt,黑褐色而干枯,Dark brown and dry,存在症状,ManifestAs
591,香蕉巴拿马枯萎病,Fusarium wilt,黄色到褐色病变,Yellow to brown lesions,存在症状,ManifestAs
592,香蕉巴拿马枯萎病,Fusarium wilt,呈斑点状或线状,Spotted or line-like,存在症状,ManifestAs
593,香蕉巴拿马枯萎病,Fusarium wilt,条形或块状,Bar or block,存在症状,ManifestAs
594,香蕉巴拿马枯萎病,Fusarium wilt,叶片倒垂型黄化,Leaf drooping yellowing,存在症状,ManifestAs
595,香蕉巴拿马枯萎病,Fusarium wilt,特异性黄化,Specific yellowing,存在症状,ManifestAs
596,香蕉巴拿马枯萎病,Fusarium wilt,倒垂枯萎,Drooping and withering,存在症状,ManifestAs
597,香蕉巴拿马枯萎病,Fusarium wilt,由黄变褐而干枯,From yellow to brown and dry,存在症状,ManifestAs
598,香蕉巴拿马枯萎病,Fusarium wilt,裂口褐色于腐,Crack brown with rot,存在症状,ManifestAs
599,香蕉巴拿马枯萎病,Fusarium wilt,叶片变黄,Yellowing of leaves,存在症状,ManifestAs
600,香蕉巴拿马枯萎病,Fusarium wilt,倒垂或不倒垂,To droop or not to droop,存在症状,ManifestAs
601,香蕉灰纹病,Cordana musae,椭圆形褐色小病斑,Small oval brown spots,存在症状,ManifestAs
602,香蕉灰纹病,Cordana musae,病斑中央灰色至灰褐色,The center of the lesion is gray to gray-brown,存在症状,ManifestAs
603,香蕉灰纹病,Cordana musae,周围褐色,Surrounding brown,存在症状,ManifestAs
604,香蕉褐缘灰斑病,Cordana musae,长椭圆形至纺锤形黑褐色病斑,Oblong to spindle-shaped dark brown lesions,存在症状,ManifestAs
605,香蕉褐缘灰斑病,Cordana musae,病斑中央灰色,The center of the lesion is gray,存在症状,ManifestAs
606,香蕉褐缘灰斑病,Cordana musae,周缘黑褐色,Dark brown around,存在症状,ManifestAs
607,香蕉褐缘灰斑病,Cordana musae,稀疏灰霉,Gray mold,存在症状,ManifestAs
608,香蕉褐缘灰斑病,Cordana musae,叶片枯死,Leaf death,存在症状,ManifestAs
609,香蕉煤纹病,Banana sigatoka disease,呈暗褐色,Dark brown,存在症状,ManifestAs
610,香蕉黑星病,Black sigatoka,叶片变黄而枯萎,Leaves turn yellow and wither,存在症状,ManifestAs
611,香蕉黑星病,Black sigatoka,褐色圆形小斑,Small brown round spots,存在症状,ManifestAs
612,香蕉炭疽病,Colletotrichum musae,黑色或黑褐色圆形小斑点,Black or dark brown small round spots,存在症状,ManifestAs
613,香蕉炭疽病,Colletotrichum musae,产生大量橙红色粘状,Produces a large amount of orange-red sticky,存在症状,ManifestAs
614,香蕉炭疽病,Colletotrichum musae,褐色至黑红色小斑点,Brown to dark red spots,存在症状,ManifestAs
615,香蕉炭疽病,Colletotrichum musae,芳香气味,Aromatic smell,存在症状,ManifestAs
616,香蕉轴腐病,Fusarium wilt,出现白色棉絮状,White cotton-like appearance,存在症状,ManifestAs
617,香蕉轴腐病,Fusarium wilt,展病部前缘水,Water at the front edge of the diseased part,存在症状,ManifestAs
618,香蕉花叶心腐病,Banana mosaic virus,断断续续病斑,Intermittent lesions,存在症状,ManifestAs
619,香蕉花叶心腐病,Banana mosaic virus,褪绿黄条纹或梭形斑,Chlorotic yellow stripes or spindle-shaped spots,存在症状,ManifestAs
620,香蕉花叶心腐病,Banana mosaic virus,致整叶呈黄绿相间花,The whole leaf is yellow and green,存在症状,ManifestAs
621,香蕉花叶心腐病,Banana mosaic virus,黄褐色变为紫褐色,Yellowish brown to purple brown,存在症状,ManifestAs
622,香蕉花叶心腐病,Banana mosaic virus,叶片扭曲或束生,Leaves are twisted or bunched,存在症状,ManifestAs
623,香蕉束顶病,Banana bunchy top virus,叶片硬直,Straight leaves,存在症状,ManifestAs
624,香蕉束顶病,Banana bunchy top virus,断断续续,Intermittent,存在症状,ManifestAs
625,香蕉束顶病,Banana bunchy top virus,长短不一的浓绿色条纹,Dark green stripes of varying lengths,存在症状,ManifestAs
626,香蕉束顶病,Banana bunchy top virus,花瓣边缘灰白色,Petal edges are off-white,存在症状,ManifestAs
627,香蕉束顶病,Banana bunchy top virus,内缘浓绿色,Inner edge dark green,存在症状,ManifestAs
628,香蕉束顶病,Banana bunchy top virus,肉脆而无味,The meat is crispy and tasteless,存在症状,ManifestAs
629,樱桃褐斑病,Cercospora circumscissa,圆形褐色斑,Round brown spots,存在症状,ManifestAs
630,樱桃褐斑病,Cercospora circumscissa,落成褐色,Falling brown,存在症状,ManifestAs
631,梨小食心虫,Grapholitha molesta,嫩梢枯萎下垂,Young shoots wither and droop,存在症状,ManifestAs
632,梨小食心虫,Grapholitha molesta,腐烂变黑,Rot and blacken,存在症状,ManifestAs
633,四纹丽金龟,Popillia quadriguttata,不规则缺刻或孔洞,Irregular notches or holes,存在症状,ManifestAs
634,小黄卷叶蛾,Adoxophyes orana,鲜叶减少,Fresh leaves reduced,存在症状,ManifestAs
635,小黄卷叶蛾,Adoxophyes orana,红褐色焦枯状,Reddish brown scorched,存在症状,ManifestAs
636,桃斑蛾,Zygaena trifolii,缺刻和孔洞,Nicks and holes,存在症状,ManifestAs
637,桃斑蛾,Zygaena trifolii,叶片吃光,Eat all the leaves,存在症状,ManifestAs
638,山楂叶螨,Tetranychus viennensis,失绿斑点,Chlorotic spots,存在症状,ManifestAs
639,山楂叶螨,Tetranychus viennensis,黄褐色或红褐色,Yellowish brown or reddish brown,存在症状,ManifestAs
640,李枯叶蛾,Gastropacha quercifolia,缺刻和孔洞,Nicks and holes,存在症状,ManifestAs
641,李枯叶蛾,Gastropacha quercifolia,叶片吃,Leaf eating,存在症状,ManifestAs
642,光肩星天牛,Anoplophora glabripennis,不规则坑道,Irregular tunnel,存在症状,ManifestAs
643,桃粉大尾蚜,Hyalopterus amygdali,叶片两缘向叶背纵卷,The leaf edges are rolled longitudinally toward the back of the leaf,存在症状,ManifestAs
644,桃粉大尾蚜,Hyalopterus amygdali,绿色至红色肥厚的拟虫座,Green to red thick insectoids,存在症状,ManifestAs
645,桃粉大尾蚜,Hyalopterus amygdali,全叶卷曲绳状,The whole leaf is curled and rope-shaped,存在症状,ManifestAs
646,桑白蚧,Pseudaulacaspis pentagona,叶片提早硬化,Premature hardening of leaves,存在症状,ManifestAs
647,樱桃褐腐病,Monilinia fructicola,不明显褐斑,Not obvious brown spots,存在症状,ManifestAs
648,樱桃褐腐病,Monilinia fructicola,灰白色粉状物,Off-white powder,存在症状,ManifestAs
649,樱桃褐腐病,Monilinia fructicola,花器变成褐色,The flower turns brown,存在症状,ManifestAs
650,樱桃褐腐病,Monilinia fructicola,灰褐色粉状分生孢子块,Gray-brown powdery conidia,存在症状,ManifestAs
651,樱桃褐腐病,Monilinia fructicola,生黑褐色斑,Dark brown spots,存在症状,ManifestAs
652,樱桃褐腐病,Monilinia fructicola,为茶褐色病,Brown disease,存在症状,ManifestAs
653,樱桃褐腐病,Monilinia fructicola,褐色小斑点,Small brown spots,存在症状,ManifestAs
654,樱桃褐腐病,Monilinia fructicola,整果软腐,Whole fruit soft rot,存在症状,ManifestAs
655,樱桃炭疽病,Gloeosporium cerasi,茶褐色的圆形病斑,Brown circular spots,存在症状,ManifestAs
656,樱桃炭疽病,Gloeosporium cerasi,叶片穿孔,Blade perforation,存在症状,ManifestAs
657,樱桃炭疽病,Gloeosporium cerasi,黑褐色小型或大,Dark brown small or large,存在症状,ManifestAs
658,樱桃炭疽病,Gloeosporium cerasi,不规则形病斑,Irregular lesions,存在症状,ManifestAs
659,樱桃炭疽病,Gloeosporium cerasi,红褐色小点,Reddish brown dots,存在症状,ManifestAs
660,樱桃炭疽病,Gloeosporium cerasi,红色粘液涌出,Red mucus gushing out,存在症状,ManifestAs
661,樱桃灰霉病,Botrytis cinerea,褐色油浸状斑点,Brown oily spots,存在症状,ManifestAs
662,樱桃灰霉病,Botrytis cinerea,呈不规则大斑,Irregular large spots,存在症状,ManifestAs
663,樱桃灰霉病,Botrytis cinerea,灰色毛绒霉状物,Gray plush mold,存在症状,ManifestAs
664,樱桃灰霉病,Botrytis cinerea,表面密生,Surface dense,存在症状,ManifestAs
665,樱桃灰霉病,Botrytis cinerea,表面形成黑色小斑,Black spots on the surface,存在症状,ManifestAs
666,樱桃树灰色膏药病,Peronospora sparsa,圆形或不规则形的菌膜,Round or irregular biofilm,存在症状,ManifestAs
667,樱桃树灰色膏药病,Peronospora sparsa,呈灰白色或暗灰色,Off-white or dark gray,存在症状,ManifestAs
668,樱桃树灰色膏药病,Peronospora sparsa,紫褐色或黑色,Purple brown or black,存在症状,ManifestAs
669,樱桃幼果菌核病,Sclerotinia fructicola,病斑初呈水浸状,The lesions initially appear water-soaked,存在症状,ManifestAs
670,樱桃幼果菌核病,Sclerotinia fructicola,白色后呈黑色如鼠粪状的菌核,The sclerotium is white and then black like rat feces,存在症状,ManifestAs
671,樱桃小果病,Little cherry disease,樱桃病果暗红色,Cherry diseased fruit dark red,存在症状,ManifestAs
672,樱桃小果病,Little cherry disease,0果形变尖锥,0 Fruit deformation cone,存在症状,ManifestAs
673,樱桃小果病,Little cherry disease,叶缘向上卷曲,Leaf margins curl upward,存在症状,ManifestAs
674,樱桃小果病,Little cherry disease,呈青铜色或紫红色,Bronze or purple,存在症状,ManifestAs
675,樱桃小果病,Little cherry disease,正常绿色,Normal green,存在症状,ManifestAs
676,樱桃坏死锈斑驳病,Cherry necrotic rusty mottle,半圆形至圆形斑,Semicircular to circular spots,存在症状,ManifestAs
677,樱桃坏死锈斑驳病,Cherry necrotic rusty mottle,病斑坏死脱落,Necrosis and shedding of lesions,存在症状,ManifestAs
678,樱桃坏死锈斑驳病,Cherry necrotic rusty mottle,叶片破碎,Blade breakage,存在症状,ManifestAs
679,樱桃坏死锈斑驳病,Cherry necrotic rusty mottle,枝梢短缩,Shortened branches,存在症状,ManifestAs
680,樱桃坏死锈斑驳病,Cherry necrotic rusty mottle,紫褐色斑点,Purple-brown spots,存在症状,ManifestAs
681,樱桃坏死锈斑驳病,Cherry necrotic rusty mottle,不规则紫褐色斑块,Irregular purple-brown patches,存在症状,ManifestAs
682,樱桃坏死锈斑驳病,Cherry necrotic rusty mottle,叶片即卷曲,The leaves are curled,存在症状,ManifestAs
683,樱桃树茎沟槽病,Glycaspis brimblecombei,顶生枝短缩,Terminal branch shortening,存在症状,ManifestAs
684,樱桃树茎沟槽病,Glycaspis brimblecombei,树皮加厚呈海绵状,Thickened and spongy bark,存在症状,ManifestAs
685,樱桃树茎沟槽病,Glycaspis brimblecombei,叶片褪绿,Leaf chlorosis,存在症状,ManifestAs
686,樱桃树茎沟槽病,Glycaspis brimblecombei,向上纵向翻卷,Roll up vertically,存在症状,ManifestAs
687,樱桃树茎沟槽病,Glycaspis brimblecombei,红色或紫色,red or purple,存在症状,ManifestAs
688,樱桃斑流胶病,Gummosis,晶莹柔软的胶块,Crystal clear soft rubber block,存在症状,ManifestAs
689,樱桃缩果病,Cherry shrink disease,果实畸形,Fruit deformity,存在症状,ManifestAs
690,果剑纹夜蛾,Acronicta strigosa,纱网状,Gauze mesh,存在症状,ManifestAs
691,果剑纹夜蛾,Acronicta strigosa,不规则的坑洼,Irregular potholes,存在症状,ManifestAs
692,黄褐天幕毛虫,Malacosoma neustria,只剩叶脉或叶柄,Only the veins or petiole remain,存在症状,ManifestAs
693,苹掌舟蛾,Phalera flavescens,半透明纱网状,Semi-transparent mesh,存在症状,ManifestAs
694,苹蚁舟蛾,Stauropus persimilis,食叶呈缺刻,Notched food leaves,存在症状,ManifestAs
695,桃潜叶蛾,Lyonetia clerkella,洁白色薄茧,White thin cocoon,存在症状,ManifestAs
696,樱桃实蜂,Hoplocampa cookei,果顶早变红色,The top of the fruit turns red early,存在症状,ManifestAs
697,桃红颈天牛,Aromia bungii,孔致树势衰弱或枯,Holes cause the tree to become weak or withered,存在症状,ManifestAs
698,蚱蝉,Cryptotympana atrata,枝条枯萎而死,The branches withered and died,存在症状,ManifestAs
699,蚱蝉,Cryptotympana atrata,削弱树势,Weakening the tree,存在症状,ManifestAs
700,桃白条紫斑蛾,Zygaena trifolii,成缺刻与孔,Notches and holes,存在症状,ManifestAs
701,樱桃粘叶蜂,Caliroa cerasi,叶片,blade,存在症状,ManifestAs
702,樱桃粘叶蜂,Caliroa cerasi,呈不规则缺刻与孔洞,Irregular notches and holes,存在症状,ManifestAs
703,樱桃粘叶蜂,Caliroa cerasi,残缺不全,incomplete,存在症状,ManifestAs
704,樱桃卷叶蚜,Myzus cerasi,叶纵卷缩呈筒形略带红色,The leaves are curled vertically and are slightly reddish.,存在症状,ManifestAs
705,梅灰霉病,Botrytis cinerea,茶褐色或赤褐色,Brown or auburn,存在症状,ManifestAs
706,梅灰霉病,Botrytis cinerea,灰色的霉层,Gray mildew,存在症状,ManifestAs
707,梅灰霉病,Botrytis cinerea,黑色小型病斑,Small black spots,存在症状,ManifestAs
708,梅灰霉病,Botrytis cinerea,病斑淡褐色凹陷,Lesions are light brown and sunken,存在症状,ManifestAs
709,梅灰霉病,Botrytis cinerea,呈同心轮纹状,Concentric wheel pattern,存在症状,ManifestAs
710,小绿叶蝉,Empoasca flavescens,黄白色斑点,Yellowish white spots,存在症状,ManifestAs
711,小绿叶蝉,Empoasca flavescens,全叶苍白早落,The leaves turn pale and fall early,存在症状,ManifestAs
712,桑白蚧,Pseudaulacaspis pentagona,枝条表而凹凸不平,The branches are uneven,存在症状,ManifestAs
713,桑白蚧,Pseudaulacaspis pentagona,削弱树势,Weakening the tree,存在症状,ManifestAs
714,茶翅蝽,Halyomorpha halys,叶片枯黄,Leaves turn yellow,存在症状,ManifestAs
715,茶翅蝽,Halyomorpha halys,提早落叶,Early leaf fall,存在症状,ManifestAs
716,茶翅蝽,Halyomorpha halys,树势衰弱,Tree weakness,存在症状,ManifestAs
717,茶翅蝽,Halyomorpha halys,果面凹凸的“疙瘩果”,The bumpy surface of the "bumpy fruit",存在症状,ManifestAs
718,梨网蝽,Stephanitis nashi,黄白色斑点,Yellowish white spots,存在症状,ManifestAs
719,梨网蝽,Stephanitis nashi,全叶苍白,The whole leaf is pale,存在症状,ManifestAs
720,梨网蝽,Stephanitis nashi,黑褐色带黏性,Dark brown with stickiness,存在症状,ManifestAs
721,梅溃疡病,Blastomycosis,病花呈褐色水渍状腐烂,Diseased flowers are brown and water-soaked and rotten,存在症状,ManifestAs
722,梅溃疡病,Blastomycosis,病斑紫红色,Purple-red lesions,存在症状,ManifestAs
723,梅溃疡病,Blastomycosis,长条形褐色病斑,Long brown spots,存在症状,ManifestAs
724,梅溃疡病,Blastomycosis,病斑溢出菌脓,Lesions overflowing with pus,存在症状,ManifestAs
725,梅溃疡病,Blastomycosis,水渍状,Water stain,存在症状,ManifestAs
726,梅溃疡病,Blastomycosis,黑褐色不规则形的病斑,Dark brown irregular lesions,存在症状,ManifestAs
727,梅溃疡病,Blastomycosis,针头大小的病斑,Pinhead-sized lesions,存在症状,ManifestAs
728,梅溃疡病,Blastomycosis,病斑黑色水渍状,Black water-soaked spots,存在症状,ManifestAs
729,梅溃疡病,Blastomycosis,围产生紫红色的晕,A purple halo is formed around,存在症状,ManifestAs
730,梅叶炭疽病,Cercospora rubrotincta,病斑呈灰白色或灰褐色,The lesions are grayish white or grayish brown,存在症状,ManifestAs
731,梅叶炭疽病,Cercospora rubrotincta,时病斑成半,When the lesion is half,存在症状,ManifestAs
732,梅叶炭疽病,Cercospora rubrotincta,产生黑褐色小,Produces dark brown small,存在症状,ManifestAs
733,梅叶炭疽病,Cercospora rubrotincta,列成同心轮纹,Concentric wheel pattern,存在症状,ManifestAs
734,梅黑星病,Pseudomonas syringae,中央变为灰色,Center turns gray,存在症状,ManifestAs
735,梅黑星病,Pseudomonas syringae,圆形或椭圆形,Round or oval,存在症状,ManifestAs
736,梅黑星病,Pseudomonas syringae,生暗色小绒,Dark-colored small velvet,存在症状,ManifestAs
737,梅黑星病,Pseudomonas syringae,不规则圆形或多角形小斑,Irregular round or polygonal spots,存在症状,ManifestAs
738,梅黑星病,Pseudomonas syringae,淡褐色或紫红色,Light brown or purple,存在症状,ManifestAs
739,梅黑星病,Pseudomonas syringae,长条状,Long strip,存在症状,ManifestAs
740,梅黑星病,Pseudomonas syringae,暗褐色病斑,Dark brown spots,存在症状,ManifestAs
741,梅黑星病,Pseudomonas syringae,暗绿色的圆形小点,Dark green round dots,存在症状,ManifestAs
742,梅黑星病,Pseudomonas syringae,紫黑色或黑色,Purple black or black,存在症状,ManifestAs
743,梅黑星病,Pseudomonas syringae,病果龟裂,Diseased fruit cracking,存在症状,ManifestAs
744,梅黑星病,Pseudomonas syringae,果实早期脱落,Early fruit drop,存在症状,ManifestAs
745,梅枝枯病,Witches'-broom,纵裂的长条形病斑,Longitudinal cracked lesions,存在症状,ManifestAs
746,梅枝枯病,Witches'-broom,表皮呈暗红色,Dark red skin,存在症状,ManifestAs
747,梅枝枯病,Witches'-broom,木质部变褐色,The wood turns brown,存在症状,ManifestAs
748,红腹缢管蚜,Rhopalosiphum rufiabdominalis,新叶萎缩,New leaves shrink,存在症状,ManifestAs
749,葡萄黑腐病,Black rot,长椭圆形稍凹陷的斑,Long oval slightly concave spots,存在症状,ManifestAs
750,葡萄黑腐病,Black rot,初为红褐色近圆形小,"Initially reddish brown, nearly round, small",存在症状,ManifestAs
751,葡萄黑腐病,Black rot,大成边缘为,The edge of Dacheng,存在症状,ManifestAs
752,葡萄黑腐病,Black rot,间为灰白或浅褐色的,Gray or light brown,存在症状,ManifestAs
753,葡萄拟茎点霉腐烂病,Botryosphaeria dieback,呈水浸状软化腐,Water-soaked softening,存在症状,ManifestAs
754,葡萄白腐病,White rot,病斑呈污绿色或淡褐色,The lesions are dirty green or light brown,存在症状,ManifestAs
755,葡萄白腐病,White rot,水浸状,Waterlogged,存在症状,ManifestAs
756,葡萄白腐病,White rot,灰白色小粒点,Grayish white small dots,存在症状,ManifestAs
757,葡萄白腐病,White rot,表皮变褐,Browning of the skin,存在症状,ManifestAs
758,葡萄白腐病,White rot,纵裂成乱麻状,Longitudinal cracks into a mess,存在症状,ManifestAs
759,葡萄白腐病,White rot,叶片早早变红或变黄,Leaves turn red or yellow early,存在症状,ManifestAs
760,葡萄白腐病,White rot,初呈污绿色至黄褐色,Initially dirty green to yellowish brown,存在症状,ManifestAs
761,葡萄白腐病,White rot,圆形或不规则形水浸状病斑,Round or irregular water-soaked lesions,存在症状,ManifestAs
762,葡萄白腐病,White rot,深浅不同的同心轮纹,Concentric wheel patterns of different depths,存在症状,ManifestAs
763,葡萄白腐病,White rot,淡褐色,Light brown,存在症状,ManifestAs
764,葡萄白腐病,White rot,不规则的病斑,Irregular lesions,存在症状,ManifestAs
765,葡萄白腐病,White rot,呈腐烂状,In a rotten state,存在症状,ManifestAs
766,葡萄白腐病,White rot,灰白色的小粒点,Grayish white small dots,存在症状,ManifestAs
767,葡萄白腐病,White rot,全粒变褐腐烂,Whole grain browning and rotting,存在症状,ManifestAs
768,葡萄白腐病,White rot,全穗腐烂,Whole ear rot,存在症状,ManifestAs
769,葡萄白腐病,White rot,有明显棱角的僵果,A fruit with obvious edges and corners,存在症状,ManifestAs
770,葡萄穗轴褐枯病,Botrytis cinerea,褐色水浸状斑点,Brown water-soaked spots,存在症状,ManifestAs
771,葡萄穗轴褐枯病,Botrytis cinerea,穗轴变褐坏死,Cob browning and necrosis,存在症状,ManifestAs
772,葡萄穗轴褐枯病,Botrytis cinerea,果粒失水萎蔫或脱落,Fruits wilt or fall off due to water loss,存在症状,ManifestAs
773,葡萄穗轴褐枯病,Botrytis cinerea,黑色霉状物,Black mold,存在症状,ManifestAs
774,葡萄炭疽病,Grape anthracnose,果粒腐烂,Fruit rot,存在症状,ManifestAs
775,葡萄炭疽病,Grape anthracnose,呈凹陷的深褐色圆形病斑,Dark brown circular lesions,存在症状,ManifestAs
776,葡萄炭疽病,Grape anthracnose,轮纹状小黑点,Small black spots,存在症状,ManifestAs
777,葡萄炭疽病,Grape anthracnose,粉红色黏液,Pink slime,存在症状,ManifestAs
778,葡萄炭疽病,Grape anthracnose,果粒软腐,Fruit soft rot,存在症状,ManifestAs
779,葡萄炭疽病,Grape anthracnose,病果酸而苦,The disease is sour and bitter,存在症状,ManifestAs
780,葡萄房枯病,Botrytis cinerea,圆形病斑,Circular lesions,存在症状,ManifestAs
781,葡萄房枯病,Botrytis cinerea,椭圆形或不正圆形,Oval or irregular,存在症状,ManifestAs
782,葡萄房枯病,Botrytis cinerea,斑呈暗褐色至灰,Dark brown to gray spots,存在症状,ManifestAs
783,葡萄房枯病,Botrytis cinerea,穗轴干枯,Cob drying,存在症状,ManifestAs
784,葡萄房枯病,Botrytis cinerea,病斑暗褐色至紫褐色,Lesions dark brown to purple brown,存在症状,ManifestAs
785,葡萄房枯病,Botrytis cinerea,稀疏的小黑点,Sparse black spots,存在症状,ManifestAs
786,葡萄大房枯病,Botrytis cinerea,轮廓不清的暗褐色斑点,Dark brown spots with unclear outlines,存在症状,ManifestAs
787,葡萄大房枯病,Botrytis cinerea,扩展成纺锤形至,Expands into a spindle shape,存在症状,ManifestAs
788,葡萄大房枯病,Botrytis cinerea,病斑龟裂,Lesions and cracks,存在症状,ManifestAs
789,葡萄大房枯病,Botrytis cinerea,木质部呈褐色腐烂,Brown rot in the wood,存在症状,ManifestAs
790,葡萄大房枯病,Botrytis cinerea,新梢枯死,New shoots die back,存在症状,ManifestAs
791,葡萄大房枯病,Botrytis cinerea,病叶呈现褐色近,The diseased leaves appear brown,存在症状,ManifestAs
792,葡萄大房枯病,Botrytis cinerea,同心轮纹,Concentric wheel pattern,存在症状,ManifestAs
793,葡萄大房枯病,Botrytis cinerea,病斑色泽逐渐变灰褐色,The color of the lesions gradually turns gray-brown,存在症状,ManifestAs
794,葡萄大房枯病,Botrytis cinerea,黑色小粒点,Black small dots,存在症状,ManifestAs
795,葡萄大房枯病,Botrytis cinerea,成大型病,A large disease,存在症状,ManifestAs
796,葡萄大房枯病,Botrytis cinerea,暗褐色,Dark brown,存在症状,ManifestAs
797,葡萄大房枯病,Botrytis cinerea,内部呈褐色,Brown inside,存在症状,ManifestAs
798,葡萄大房枯病,Botrytis cinerea,边缘黑褐色,Dark brown edge,存在症状,ManifestAs
799,葡萄大房枯病,Botrytis cinerea,暗褐色至黑褐色圆形病斑,Dark brown to blackish brown circular lesions,存在症状,ManifestAs
800,葡萄大房枯病,Botrytis cinerea,病斑呈暗赤褐色,Dark reddish brown lesions,存在症状,ManifestAs
801,葡萄黑痘病,Sphaceloma ampelinum,圆形褐色小斑点,Small round brown spots,存在症状,ManifestAs
802,葡萄黑痘病,Sphaceloma ampelinum,长椭圆形或不规则形病斑,Oblong or irregular lesions,存在症状,ManifestAs
803,葡萄黑痘病,Sphaceloma ampelinum,边缘紫红至深褐色,Edge purple to dark brown,存在症状,ManifestAs
804,葡萄黑痘病,Sphaceloma ampelinum,中央凹陷开裂,Central depression crack,存在症状,ManifestAs
805,葡萄黑痘病,Sphaceloma ampelinum,中部色淡,Light color in the middle,存在症状,ManifestAs
806,葡萄黑痘病,Sphaceloma ampelinum,针头大小的黑褐色斑点,Pinhead-sized dark brown spots,存在症状,ManifestAs
807,葡萄黑痘病,Sphaceloma ampelinum,黄褐色晕圈,Yellowish brown halo,存在症状,ManifestAs
808,葡萄黑痘病,Sphaceloma ampelinum,病斑呈圆形或不规则形,The lesions are round or irregular in shape,存在症状,ManifestAs
809,葡萄黑痘病,Sphaceloma ampelinum,边缘紫褐色至黑褐,Edge purple brown to dark brown,存在症状,ManifestAs
810,葡萄黑痘病,Sphaceloma ampelinum,中央灰白,Central gray,存在症状,ManifestAs
811,葡萄黑痘病,Sphaceloma ampelinum,叶脉上病斑梭形,Spindle-shaped lesions on leaf veins,存在症状,ManifestAs
812,葡萄黑痘病,Sphaceloma ampelinum,幼叶皱缩,Young leaves shrink,存在症状,ManifestAs
813,葡萄黑痘病,Sphaceloma ampelinum,扭曲成畸形,Twisted into deformity,存在症状,ManifestAs
814,葡萄黑痘病,Sphaceloma ampelinum,红褐至黑褐色小圆点,Reddish brown to dark brown small dots,存在症状,ManifestAs
815,葡萄黑痘病,Sphaceloma ampelinum,病粒多萎蔫变黑,Diseased grains wilt and turn black,存在症状,ManifestAs
816,葡萄黑痘病,Sphaceloma ampelinum,干枯脱落,Dry and fall off,存在症状,ManifestAs
817,葡萄黑痘病,Sphaceloma ampelinum,病斑圆形,Circular lesion,存在症状,ManifestAs
818,葡萄黑痘病,Sphaceloma ampelinum,m边缘紫褐至紫,m edge purple brown to purple,存在症状,ManifestAs
819,葡萄黑痘病,Sphaceloma ampelinum,色中央灰,Color Central Gray,存在症状,ManifestAs
820,葡萄黑痘病,Sphaceloma ampelinum,眼表面,Ocular surface,存在症状,ManifestAs
821,葡萄苦腐病,Botrytis cinerea,萎蔫而枯干,Wilted and dried up,存在症状,ManifestAs
822,葡萄苦腐病,Botrytis cinerea,黑色小粒点,Black small dots,存在症状,ManifestAs
823,葡萄霜霉病,Downy mildew,新梢上端,Top of new shoot,存在症状,ManifestAs
824,葡萄霜霉病,Downy mildew,形成孢子变,Sporulation,存在症状,ManifestAs
825,葡萄霜霉病,Downy mildew,最后变褐色而枯死,Eventually it turns brown and dies,存在症状,ManifestAs
826,葡萄霜霉病,Downy mildew,扭曲或干枯脱落,Twisted or dried up,存在症状,ManifestAs
827,葡萄霜霉病,Downy mildew,成幼嫩密集白色似霜,"Young, dense, white, frost-like",存在症状,ManifestAs
828,葡萄霜霉病,Downy mildew,叶片脱落,Leaf shedding,存在症状,ManifestAs
829,葡萄霜霉病,Downy mildew,初现油渍状小,Small oily stains,存在症状,ManifestAs
830,葡萄霜霉病,Downy mildew,长出白色,Grow white,存在症状,ManifestAs
831,葡萄霜霉病,Downy mildew,色腐烂脱落,Color rot and fall off,存在症状,ManifestAs
832,葡萄霜霉病,Downy mildew,染后果色变,Discoloration after dyeing,存在症状,ManifestAs
833,葡萄霜霉病,Downy mildew,病粒变褐色,The lesions turn brown,存在症状,ManifestAs
834,葡萄灰霉病,Botrytis cinerea,淡褐色,Light brown,存在症状,ManifestAs
835,葡萄灰霉病,Botrytis cinerea,不规则形的病斑,Irregular shaped spots,存在症状,ManifestAs
836,葡萄灰霉病,Botrytis cinerea,不太明显轮纹,Not very obvious wheel pattern,存在症状,ManifestAs
837,葡萄灰霉病,Botrytis cinerea,鼠灰色霉层,Mouse gray mold layer,存在症状,ManifestAs
838,葡萄灰霉病,Botrytis cinerea,红褐色病斑,Reddish brown spots,存在症状,ManifestAs
839,葡萄灰霉病,Botrytis cinerea,初呈水渍状,Initially water-stained,存在症状,ManifestAs
840,葡萄灰霉病,Botrytis cinerea,灰褐色斑,Gray-brown spots,存在症状,ManifestAs
841,葡萄灰霉病,Botrytis cinerea,灰色霉层,Gray mold layer,存在症状,ManifestAs
842,葡萄灰霉病,Botrytis cinerea,叶片坏死,Leaf necrosis,存在症状,ManifestAs
843,葡萄灰霉病,Botrytis cinerea,害部呈淡褐色水,The affected part is light brown water,存在症状,ManifestAs
844,葡萄灰霉病,Botrytis cinerea,整个果穗,Whole bunch,存在症状,ManifestAs
845,葡萄灰霉病,Botrytis cinerea,一层鼠灰色的,A layer of mouse gray,存在症状,ManifestAs
846,葡萄灰霉病,Botrytis cinerea,缩、干枯脱落,"Shrinking, drying and falling off",存在症状,ManifestAs
847,葡萄灰霉病,Botrytis cinerea,褐色凹陷病斑,Brown sunken spots,存在症状,ManifestAs
848,葡萄灰霉病,Botrytis cinerea,果梗变黑色,The fruit stem turns black,存在症状,ManifestAs
849,葡萄灰霉病,Botrytis cinerea,黑色块状菌核,Black blocky sclerotia,存在症状,ManifestAs
850,葡萄白粉病,Powdery mildew,星状病斑,Star-shaped spots,存在症状,ManifestAs
851,葡萄白粉病,Powdery mildew,褐色到黑色病斑,Brown to black spots,存在症状,ManifestAs
852,葡萄白粉病,Powdery mildew,叶片卷缩,Leaf curling,存在症状,ManifestAs
853,葡萄白粉病,Powdery mildew,叶脉变黑,Leaf veins turn black,存在症状,ManifestAs
854,葡萄白粉病,Powdery mildew,枯萎而脱落,Withered and falling off,存在症状,ManifestAs
855,葡萄盘多毛孢蔓枯病,Diaporthe ampelina,右的纺锤形或长椭圆的暗褐色大型,Right spindle-shaped or oblong dark brown large,存在症状,ManifestAs
856,葡萄盘多毛孢蔓枯病,Diaporthe ampelina,斑周围呈水浸状,Waterlogged areas around the spots,存在症状,ManifestAs
857,葡萄锈病,Grape rust,零星单个小黄点,Scattered small yellow dots,存在症状,ManifestAs
858,葡萄锈病,Grape rust,周围水浸状,Surrounding waterlogging,存在症状,ManifestAs
859,葡萄锈病,Grape rust,枯黄色夏孢子堆,Withered yellow summer spore pile,存在症状,ManifestAs
860,葡萄锈病,Grape rust,橙黄色粉末状夏孢子,Orange-yellow powdery summer spores,存在症状,ManifestAs
861,葡萄锈病,Grape rust,叶片干枯或早落,Leaves dry up or fall off early,存在症状,ManifestAs
862,葡萄锈病,Grape rust,多角形灰黑色斑点,Polygonal gray-black spots,存在症状,ManifestAs
863,葡萄皮尔斯病,Pierce's disease,褐色与绿色相间,Brown and green,存在症状,ManifestAs
864,葡萄皮尔斯病,Pierce's disease,出现局部灼烧状,Local burning,存在症状,ManifestAs
865,葡萄皮尔斯病,Pierce's disease,黄色或微带红色,Yellow or slightly red,存在症状,ManifestAs
866,葡萄皮尔斯病,Pierce's disease,叶片脱落,Leaf shedding,存在症状,ManifestAs
867,葡萄皮尔斯病,Pierce's disease,叶部灼烧,Leaf burns,存在症状,ManifestAs
868,葡萄根癌病,Agrobacterium vitis,球形椭圆形或不,"Spherical, elliptical or not",存在症状,ManifestAs
869,葡萄根癌病,Agrobacterium vitis,褐色表,Brown watch,存在症状,ManifestAs
870,葡萄根癌病,Agrobacterium vitis,旋卷粗,Coarse spiral,存在症状,ManifestAs
871,葡萄根癌病,Agrobacterium vitis,不平柔软,Uneven and soft,存在症状,ManifestAs
872,葡萄根癌病,Agrobacterium vitis,枝蔓局部隆起,Local bulge of branches,存在症状,ManifestAs
873,葡萄根癌病,Agrobacterium vitis,呈瘤状,Tumor-like,存在症状,ManifestAs
874,葡萄根癌病,Agrobacterium vitis,稍带绿色和乳白色,Slightly green and milky white,存在症状,ManifestAs
875,葡萄根癌病,Agrobacterium vitis,呈棒锤状,Hammer-shaped,存在症状,ManifestAs
876,葡萄根癌病,Agrobacterium vitis,叶色,Leaf Color,存在症状,ManifestAs
877,葡萄根癌病,Agrobacterium vitis,提早落叶,Early leaf fall,存在症状,ManifestAs
878,葡萄根癌病,Agrobacterium vitis,无花无果,"No flowers, no fruits",存在症状,ManifestAs
879,葡萄根癌病,Agrobacterium vitis,树势衰弱,Tree weakness,存在症状,ManifestAs
880,葡萄卷叶病,Grapevine leafroll,叶缘向下反卷,Leaf margins curled downward,存在症状,ManifestAs
881,葡萄卷叶病,Grapevine leafroll,病叶变厚,Diseased leaves become thicker,存在症状,ManifestAs
882,葡萄卷叶病,Grapevine leafroll,叶缘下卷,Leaf margin rolled down,存在症状,ManifestAs
883,葡萄扇叶病,Grapevine fanleaf virus,叶片变形,Blade deformation,存在症状,ManifestAs
884,葡萄扇叶病,Grapevine fanleaf virus,严重扭曲,Serious distortion,存在症状,ManifestAs
885,葡萄扇叶病,Grapevine fanleaf virus,叶形不对称,Asymmetrical leaf shape,存在症状,ManifestAs
886,葡萄扇叶病,Grapevine fanleaf virus,呈杯状,Cup-shaped,存在症状,ManifestAs
887,葡萄扇叶病,Grapevine fanleaf virus,叶缘锯齿尖锐,Sharp serrated leaf margins,存在症状,ManifestAs
888,葡萄扇叶病,Grapevine fanleaf virus,铬黄色褪色,Chrome yellow fade,存在症状,ManifestAs
889,葡萄扇叶病,Grapevine fanleaf virus,全叶黄化,Whole leaf yellowing,存在症状,ManifestAs
890,葡萄黄点病,Grapevine yellow spot disease,不规则形小黄点,Irregular small yellow spots,存在症状,ManifestAs
891,葡萄黄点病,Grapevine yellow spot disease,不规则的斑块,Irregular patches,存在症状,ManifestAs
892,葡萄栓皮病,Esca,海绵状的结构,Sponge-like structure,存在症状,ManifestAs
893,葡萄栓皮病,Esca,典型的凹陷或沟槽,Typical depressions or grooves,存在症状,ManifestAs
894,葡萄栓皮病,Esca,狭长的隆起,Narrow bulge,存在症状,ManifestAs
895,葡萄栓皮病,Esca,叶缘向背面,Leaf margin facing back,存在症状,ManifestAs
896,葡萄栓皮病,Esca,植株矮小,Short plant,存在症状,ManifestAs
897,葡萄栓皮病,Esca,叶片变色,Leaf discoloration,存在症状,ManifestAs
898,葡萄栓皮病,Esca,向下反卷,Roll back downward,存在症状,ManifestAs
899,葡萄茎痘病,Grapevine corky bark disease,砧木细,Rootstock,存在症状,ManifestAs
900,葡萄茎痘病,Grapevine corky bark disease,纵向的突起纹,Vertical raised lines,存在症状,ManifestAs
901,葡萄茎痘病,Grapevine corky bark disease,凹陷的槽和孔,Recessed slots and holes,存在症状,ManifestAs
902,葡萄斑点病,Black rot,不规则斑点,Irregular spots,存在症状,ManifestAs
903,葡萄斑点病,Black rot,初期暗褐色,Initial dark brown,存在症状,ManifestAs
904,葡萄斑点病,Black rot,黑色小粒点,Black small dots,存在症状,ManifestAs
905,葡萄斑点病,Black rot,圆形或近圆形,Round or nearly round,存在症状,ManifestAs
906,葡萄斑点病,Black rot,明显的黄色晕圈,Obvious yellow halo,存在症状,ManifestAs
907,葡萄斑点病,Black rot,黄绿色小斑点,Small yellow-green spots,存在症状,ManifestAs
908,葡萄斑点病,Black rot,暗褐色,Dark brown,存在症状,ManifestAs
909,葡萄斑点病,Black rot,茶褐色至灰褐色,Brown to grayish brown,存在症状,ManifestAs
910,葡萄斑点病,Black rot,黄型的脉明,Yellow vein,存在症状,ManifestAs
911,葡萄斑点病,Black rot,叶片往上卷,Leaves roll up,存在症状,ManifestAs
912,葡萄黄金病,Grapevine yellows,新梢生长减少,Reduced shoot growth,存在症状,ManifestAs
913,葡萄黄金病,Grapevine yellows,节间短,Short internodes,存在症状,ManifestAs
914,葡萄黄金病,Grapevine yellows,叶边缘向下卷,Leaf edges curled down,存在症状,ManifestAs
915,葡萄黄金病,Grapevine yellows,新梢下垂,New shoots droop,存在症状,ManifestAs
916,葡萄黄金病,Grapevine yellows,叶脉褪绿,Leaf vein chlorosis,存在症状,ManifestAs
917,葡萄黄金病,Grapevine yellows,黑色泡状突起,Black bubble-like protrusions,存在症状,ManifestAs
918,葡萄黄金病,Grapevine yellows,树皮纵裂,Bark cracks,存在症状,ManifestAs
919,葡萄黄金病,Grapevine yellows,叶片变硬,Hardening of leaves,存在症状,ManifestAs
920,葡萄黄金病,Grapevine yellows,金黄色斑块,Golden plaque,存在症状,ManifestAs
921,葡萄黄金病,Grapevine yellows,黄色斑点,Yellow spots,存在症状,ManifestAs
922,葡萄黄金病,Grapevine yellows,叶肉褪色,Leaf flesh faded,存在症状,ManifestAs
923,葡萄黄金病,Grapevine yellows,白色葡萄品种变黄,White grape varieties turning yellow,存在症状,ManifestAs
924,葡萄黄金病,Grapevine yellows,红色葡,Red grape,存在症状,ManifestAs
925,葡萄黄金病,Grapevine yellows,状时花序枯死,Inflorescence withers and dies,存在症状,ManifestAs
926,葡萄萎缩病,Grapevine decline,叶萎缩,Leaf atrophy,存在症状,ManifestAs
927,葡萄萎缩病,Grapevine decline,叶缘向下卷,Leaf margins curled downward,存在症状,ManifestAs
928,葡萄萎缩病,Grapevine decline,叶刻不明显,Leaf carving is not obvious,存在症状,ManifestAs
929,葡萄萎缩病,Grapevine decline,花毯小,Small carpet,存在症状,ManifestAs
930,葡萄黄脉病,Grapevine yellows,起植株矮,Short plant,存在症状,ManifestAs
931,葡萄黄脉病,Grapevine yellows,叶小而不规,Small and irregular leaves,存在症状,ManifestAs
932,葡萄黄脉病,Grapevine yellows,系致叶片,System leaf,存在症状,ManifestAs
933,葡萄黄脉病,Grapevine yellows,叶脉间黄化,Yellowing of leaves between veins,存在症状,ManifestAs
934,葡萄黄脉病,Grapevine yellows,叶呈鲜黄色,Bright yellow leaves,存在症状,ManifestAs
935,葡萄黄脉病,Grapevine yellows,叶面变黄,Yellowing of leaves,存在症状,ManifestAs
936,葡萄黄脉病,Grapevine yellows,花穗,Flower spike,存在症状,ManifestAs
937,葡萄黄脉病,Grapevine yellows,穗轴变浅黄色,The cob turns light yellow,存在症状,ManifestAs
938,葡萄黄脉病,Grapevine yellows,坐果不良,Poor fruit setting,存在症状,ManifestAs
939,葡萄黄脉病,Grapevine yellows,结果少或不结果,Little or no results,存在症状,ManifestAs
940,葡萄花叶病,Grapevine leafroll-associated virus,新梢萎缩,Shoot shrinkage,存在症状,ManifestAs
941,葡萄花叶病,Grapevine leafroll-associated virus,叶片皱缩变形,Leaf shrinkage and deformation,存在症状,ManifestAs
942,葡萄花叶病,Grapevine leafroll-associated virus,褪绿斑驳,Chlorotic mottled,存在症状,ManifestAs
943,葡萄花叶病,Grapevine leafroll-associated virus,浓绿色斑点,Dark green spots,存在症状,ManifestAs
944,葡萄根腐线虫病,Root-knot nematode disease,小的枯斑,Small dry spots,存在症状,ManifestAs
945,葡萄根腐线虫病,Root-knot nematode disease,呈黑色,Black,存在症状,ManifestAs
946,葡萄根腐线虫病,Root-knot nematode disease,呈褐色或无色,Brown or colorless,存在症状,ManifestAs
947,葡萄根腐线虫病,Root-knot nematode disease,丘疹或疱斑,Papules or blister,存在症状,ManifestAs
948,葡萄根结线虫病,Root-knot nematode,叶片黄化,Yellowing of leaves,存在症状,ManifestAs
949,葡萄根结线虫病,Root-knot nematode,脱落茎杆光,Shedding stem light,存在症状,ManifestAs
950,葡萄根结线虫病,Root-knot nematode,迟花,Late Flower,存在症状,ManifestAs
951,葡萄根结线虫病,Root-knot nematode,短花,Short Flower,存在症状,ManifestAs
952,葡萄转色病,Pierce's disease,心髓粗虚而不实,The heart is coarse and empty,存在症状,ManifestAs
953,葡萄转色病,Pierce's disease,枝软不坚,Soft branches,存在症状,ManifestAs
954,葡萄转色病,Pierce's disease,病的果粒,Diseased fruit,存在症状,ManifestAs
955,葡萄日灼病,Sunscald,淡褐色小斑块,Small light brown spots,存在症状,ManifestAs
956,葡萄日灼病,Sunscald,引起果实,Causes fruit,存在症状,ManifestAs
957,葡萄日灼病,Sunscald,整个果实呈棕,The whole fruit is brown,存在症状,ManifestAs
958,葡萄黄叶病,Grapevine yellows,叶片开始变黄,The leaves begin to turn yellow,存在症状,ManifestAs
959,葡萄黄叶病,Grapevine yellows,黄绿色或黄白色,Yellow-green or yellow-white,存在症状,ManifestAs
960,葡萄黄叶病,Grapevine yellows,叶片周缘然枯,Leaf edges withered,存在症状,ManifestAs
961,葡萄缺铁病,Iron deficiency chlorosis,根系发育不良,Poor root development,存在症状,ManifestAs
962,葡萄缺铁病,Iron deficiency chlorosis,叶叶脉间,Leaf veins,存在症状,ManifestAs
963,葡萄缺铁病,Iron deficiency chlorosis,化叶呈鲜,Fresh leaves,存在症状,ManifestAs
964,葡萄缺铁病,Iron deficiency chlorosis,叶面变黄,Yellowing of leaves,存在症状,ManifestAs
965,葡萄缺铁病,Iron deficiency chlorosis,叶脉间黄化,Yellowing of leaves between veins,存在症状,ManifestAs
966,葡萄缺铁病,Iron deficiency chlorosis,叶呈青黄色,Greenish yellow leaves,存在症状,ManifestAs
967,葡萄缺铁病,Iron deficiency chlorosis,叶面变黄似象牙色或白色,Leaves turn yellow to ivory or white,存在症状,ManifestAs
968,葡萄缺铁病,Iron deficiency chlorosis,叶脉失绿,Chlorosis of leaf veins,存在症状,ManifestAs
969,葡萄缺铁病,Iron deficiency chlorosis,整叶呈淡黄或白色,The whole leaf is pale yellow or white,存在症状,ManifestAs
970,葡萄缺铁病,Iron deficiency chlorosis,穗和穗轴变浅,The ears and cobs become lighter,存在症状,ManifestAs
971,葡萄缺铁病,Iron deficiency chlorosis,色座果不良,Poor color fruit setting,存在症状,ManifestAs
972,葡萄缺铁病,Iron deficiency chlorosis,结果少,Few results,存在症状,ManifestAs
973,葡萄缺镁病,Grape magnesium deficiency,带状黄化斑点,Yellow spots,存在症状,ManifestAs
974,葡萄缺镁病,Grape magnesium deficiency,叶肉组织黄褐坏死,Yellow-brown necrosis of mesophyll tissue,存在症状,ManifestAs
975,葡萄缺硼缩果病,Boron-deficiency bunch rot,现出浅黄色褪,Light yellow fade,存在症状,ManifestAs
976,葡萄缺硼缩果病,Boron-deficiency bunch rot,引致叶缘,Leaf margin,存在症状,ManifestAs
977,葡萄缺硼缩果病,Boron-deficiency bunch rot,花冠不裂开,The corolla does not split,存在症状,ManifestAs
978,葡萄缺硼缩果病,Boron-deficiency bunch rot,子房脱离,Ovary detachment,存在症状,ManifestAs
979,葡萄缺钾病,Grape potassium deficiency,叶色浅,Light leaf color,存在症状,ManifestAs
980,葡萄缺钾病,Grape potassium deficiency,坏死斑点,Necrotic spots,存在症状,ManifestAs
981,葡萄缺钾病,Grape potassium deficiency,叶缘变干,Drying of leaf edges,存在症状,ManifestAs
982,葡萄缺钾病,Grape potassium deficiency,往上卷或往下卷,Roll up or roll down,存在症状,ManifestAs
983,葡萄缺钾病,Grape potassium deficiency,叶肉扭曲,Leaf flesh twist,存在症状,ManifestAs
984,葡萄缺钾病,Grape potassium deficiency,表面不平,Uneven surface,存在症状,ManifestAs
985,葡萄缺钾病,Grape potassium deficiency,紫褐色或暗褐色,Purple brown or dark brown,存在症状,ManifestAs
986,葡萄缺钾病,Grape potassium deficiency,果穗少而小,Few and small fruit clusters,存在症状,ManifestAs
987,葡萄缺钾病,Grape potassium deficiency,穗粒紧,Tight grains,存在症状,ManifestAs
988,葡萄缺钾病,Grape potassium deficiency,色泽不均匀,Uneven color,存在症状,ManifestAs
989,葡萄缺钾病,Grape potassium deficiency,果穗下部萎蔫,Wilting of the lower part of the bunch,存在症状,ManifestAs
990,葡萄缺钾病,Grape potassium deficiency,干果粒或不成熟,Dried or unripe fruit,存在症状,ManifestAs
991,葡萄缺锌病,Zinc deficiency,叶稍弯曲,Leaves slightly curved,存在症状,ManifestAs
992,葡萄缺锌病,Zinc deficiency,叶肉褪绿,Leaf chlorosis,存在症状,ManifestAs
993,葡萄缺锌病,Zinc deficiency,叶脉浓绿,Dark green veins,存在症状,ManifestAs
994,葡萄缺锌病,Zinc deficiency,无锯齿或少锯齿,No or little sawtooth,存在症状,ManifestAs
995,葡萄缺锌病,Zinc deficiency,叶柄洼浅,Shallow petiole depression,存在症状,ManifestAs
996,葡萄缺锌病,Zinc deficiency,波状边缘,Wavy edge,存在症状,ManifestAs
997,葡萄长须卷蛾,Sparganothis pilleriana,叶片如筒状,Tube-shaped leaves,存在症状,ManifestAs
998,葡萄天蛾,Ampelophaga,缺刻与孔洞,Notches and Holes,存在症状,ManifestAs
999,雀纹天蛾,Theretra oldenlandiae,缺刻与孔洞,Notches and Holes,存在症状,ManifestAs
1000,雀纹天蛾,Theretra oldenlandiae,残留叶柄和粗脉,Remnant petiole and thick veins,存在症状,ManifestAs
1001,葡萄斑蛾,Eupoecilia ambiguella,果穗干枯脱落,The fruit bunches dry up and fall off,存在症状,ManifestAs
1002,葡萄虎蛾,Seudyra subflava,残留粗脉或叶柄,Residual thick veins or petioles,存在症状,ManifestAs
1003,台湾黄毒蛾,Euproctis taiwana,缺刻或孔洞,Notches or holes,存在症状,ManifestAs
1004,葡萄十星叶甲,Oides decempunctata,百孔千疮,riddled with gaping wounds,存在症状,ManifestAs
1005,葡萄十星叶甲,Oides decempunctata,叶片网状枯黄,Net-like yellowing of leaves,存在症状,ManifestAs
1006,葡萄根瘤蚜,Daktulosphaira vitifoliae,略呈菱形的瘤状结,Slightly rhombus-shaped nodules,存在症状,ManifestAs
1007,葡萄斑叶蝉,Erythroneura apicalis,褪绿的小白斑,Small white spots of faded green,存在症状,ManifestAs
1008,葡萄斑叶蝉,Erythroneura apicalis,叶片苍白,Pale leaves,存在症状,ManifestAs
1009,桃一点斑叶蝉,Erythroneura sudra,半透明斑点,Translucent spots,存在症状,ManifestAs
1010,桃一点斑叶蝉,Erythroneura sudra,灰白色斑点,Grayish white spots,存在症状,ManifestAs
1011,桃一点斑叶蝉,Erythroneura sudra,叶片苍白,Pale leaves,存在症状,ManifestAs
1012,桃一点斑叶蝉,Erythroneura sudra,提前落叶,Early leaf fall,存在症状,ManifestAs
1013,桃一点斑叶蝉,Erythroneura sudra,树势衰弱,Tree weakness,存在症状,ManifestAs
1014,斑衣蜡蝉,Lycorma delicatula,削弱树势,Weakening the tree,存在症状,ManifestAs
1015,斑衣蜡蝉,Lycorma delicatula,树皮枯裂,Cracked bark,存在症状,ManifestAs
1016,葡萄短须螨,Brevipalpus lewisi,黑褐色的斑块,Dark brown patches,存在症状,ManifestAs
1017,葡萄短须螨,Brevipalpus lewisi,穗轴呈黑色,The cob is black,存在症状,ManifestAs
1018,葡萄短须螨,Brevipalpus lewisi,果面呈现铁锈色,The fruit surface is rusty,存在症状,ManifestAs
1019,葡萄短须螨,Brevipalpus lewisi,果皮表面粗糙,Rough surface of the fruit,存在症状,ManifestAs
1020,康氏粉蚧,Pseudococcus comstocki,树皮纵裂而枯死,The bark cracked and died,存在症状,ManifestAs
1021,葡萄虎天牛,Xylotrechus pyrrhoderus,枝头断落,Branches broken off,存在症状,ManifestAs
1022,葡萄透翅蛾,Paranthrene regalis,叶片枯萎死亡,Leaves wither and die,存在症状,ManifestAs
1023,葡萄透翅蛾,Paranthrene regalis,枝蔓易折,Branches are easily broken,存在症状,ManifestAs
1024,葡萄透翅蛾,Paranthrene regalis,叶片变黄,Yellowing of leaves,存在症状,ManifestAs
1025,葡萄透翅蛾,Paranthrene regalis,果实脱落,Fruit falling off,存在症状,ManifestAs
1026,斑喙丽金龟,Adoretus tenuimaculatus,缺刻或孔洞,Notches or holes,存在症状,ManifestAs
1027,猕猴桃褐色麻斑病,Pseudocercospora actinidiae,褪绿色的小污点,Small faded green spots,存在症状,ManifestAs
1028,猕猴桃褐色麻斑病,Pseudocercospora actinidiae,浅褐色斑,Light brown spots,存在症状,ManifestAs
1029,猕猴桃褐色麻斑病,Pseudocercospora actinidiae,角状或不规则形,Angular or irregular shape,存在症状,ManifestAs
1030,猕猴桃褐色麻斑病,Pseudocercospora actinidiae,叶背斑点杏色至黄褐色,The back of the leaves has spots apricot to yellow-brown,存在症状,ManifestAs
1031,猕猴桃褐腐病,Brown rot,处流出红褐,Reddish brown,存在症状,ManifestAs
1032,猕猴桃褐腐病,Brown rot,而呈现伤样清,And the wound is clear,存在症状,ManifestAs
1033,猕猴桃褐腐病,Brown rot,病斑呈浅褐色,The lesions are light brown,存在症状,ManifestAs
1034,猕猴桃褐腐病,Brown rot,斑周黄绿色,Yellow-green around spots,存在症状,ManifestAs
1035,猕猴桃褐腐病,Brown rot,浓绿色晕环,Dark green halo,存在症状,ManifestAs
1036,猕猴桃褐腐病,Brown rot,近圆形至椭圆形,Nearly round to oval,存在症状,ManifestAs
1037,猕猴桃褐腐病,Brown rot,褐色表,Brown watch,存在症状,ManifestAs
1038,猕猴桃褐腐病,Brown rot,陷层下的果,Fruit under the sunken layer,存在症状,ManifestAs
1039,猕猴桃褐斑病,Pseudocercospora actinidiae,水渍状污绿色小斑,Small water-stained green spots,存在症状,ManifestAs
1040,猕猴桃褐斑病,Pseudocercospora actinidiae,不规则的褐色病斑,Irregular brown spots,存在症状,ManifestAs
1041,猕猴桃褐斑病,Pseudocercospora actinidiae,病斑四周深褐色,Dark brown around the lesion,存在症状,ManifestAs
1042,猕猴桃褐斑病,Pseudocercospora actinidiae,中央褐色至浅褐色,Central brown to light brown,存在症状,ManifestAs
1043,猕猴桃灰霉病,Botrytis cinerea,轮纹状病斑,Ring-shaped spots,存在症状,ManifestAs
1044,猕猴桃灰霉病,Botrytis cinerea,叶片脱落,Leaf shedding,存在症状,ManifestAs
1045,猕猴桃灰霉病,Botrytis cinerea,灰褐色菌丝,Gray brown mycelium,存在症状,ManifestAs
1046,猕猴桃灰霉病,Botrytis cinerea,黑色菌核,Black Sclerotium,存在症状,ManifestAs
1047,猕猴桃溃疡病,Pseudomonas syringae pv. actinidiae,水渍状软腐,Water-soaked soft rot,存在症状,ManifestAs
1048,猕猴桃溃疡病,Pseudomonas syringae pv. actinidiae,白色黏质菌脓,White slime pus,存在症状,ManifestAs
1049,猕猴桃溃疡病,Pseudomonas syringae pv. actinidiae,呈黄褐色或锈红色,Yellowish brown or rusty red,存在症状,ManifestAs
1050,猕猴桃溃疡病,Pseudomonas syringae pv. actinidiae,局部溃疡腐烂,Local ulcer and decay,存在症状,ManifestAs
1051,猕猴桃溃疡病,Pseudomonas syringae pv. actinidiae,树势衰弱,Tree weakness,存在症状,ManifestAs
1052,猕猴桃溃疡病,Pseudomonas syringae pv. actinidiae,呈现褪绿,Green,存在症状,ManifestAs
1053,猕猴桃溃疡病,Pseudomonas syringae pv. actinidiae,展成不规则形或多,Expand into irregular or multi-shaped,存在症状,ManifestAs
1054,猕猴桃溃疡病,Pseudomonas syringae pv. actinidiae,围有较宽的黄色晕圈,Surrounded by a wider yellow halo,存在症状,ManifestAs
1055,猕猴桃溃疡病,Pseudomonas syringae pv. actinidiae,黄色晕圈,Yellow halo,存在症状,ManifestAs
1056,栗木腐病,Chestnut blight,大型长条状溃疡,"Large, elongated ulcer",存在症状,ManifestAs
1057,栗枝枯病,Cryphonectria parasitica,皮层变褐色至淡红褐色,The cortex turns brown to light reddish brown,存在症状,ManifestAs
1058,栗枝枯病,Cryphonectria parasitica,病枝干枯,Diseased branches dry up,存在症状,ManifestAs
1059,栗枝枯病,Cryphonectria parasitica,叶片变黄脱落,Leaves turn yellow and fall off,存在症状,ManifestAs
1060,栗枝枯病,Cryphonectria parasitica,大量枯死枝,Lots of dead branches,存在症状,ManifestAs
1061,栗干枯病,Cryphonectria parasitica,初期枝干,Initial branches,存在症状,ManifestAs
1062,栗干枯病,Cryphonectria parasitica,变为黄褐色圆形,Turns into yellowish brown round,存在症状,ManifestAs
1063,栗干枯病,Cryphonectria parasitica,大的不规则形红褐色,Large irregular reddish brown,存在症状,ManifestAs
1064,栗干枯病,Cryphonectria parasitica,黄褐色汁液,Brown juice,存在症状,ManifestAs
1065,栗干枯病,Cryphonectria parasitica,病组织溃烂,Diseased tissue ulceration,存在症状,ManifestAs
1066,栗干枯病,Cryphonectria parasitica,呈红褐色水渍状,Reddish brown water stain,存在症状,ManifestAs
1067,栗干枯病,Cryphonectria parasitica,浓厚的酒糟味,Strong wine lees smell,存在症状,ManifestAs
1068,栗干枯病,Cryphonectria parasitica,外观呈灰白色,Appearance is grayish white,存在症状,ManifestAs
1069,栗干枯病,Cryphonectria parasitica,黑色小粒点,Black small dots,存在症状,ManifestAs
1070,栗干枯病,Cryphonectria parasitica,重时叶边缘焦枯,"In severe cases, the leaf edges will be scorched",存在症状,ManifestAs
1071,栗干枯病,Cryphonectria parasitica,造成栗树树皮,Caused by chestnut bark,存在症状,ManifestAs
1072,栗干枯病,Cryphonectria parasitica,烂削弱,Bad nerf,存在症状,ManifestAs
1073,栗干枯病,Cryphonectria parasitica,造成死枝死树,Cause dead branches and dead trees,存在症状,ManifestAs
1074,栗白粉病,Chestnut powdery mildew,枝梢枯死,Branch dieback,存在症状,ManifestAs
1075,栗白粉病,Chestnut powdery mildew,不规则形的褪绿斑,Irregular chlorotic spots,存在症状,ManifestAs
1076,栗白粉病,Chestnut powdery mildew,白粉状物,White powder,存在症状,ManifestAs
1077,栗白粉病,Chestnut powdery mildew,黑色颗粒状物,Black granular matter,存在症状,ManifestAs
1078,栗红疣枝枯病,Cryphonectria parasitica,病斑淡褐色,Lesions light brown,存在症状,ManifestAs
1079,栗红疣枝枯病,Cryphonectria parasitica,皮层腐烂肿起,Cortical rot and swelling,存在症状,ManifestAs
1080,栗红疣枝枯病,Cryphonectria parasitica,朱红色庆状颗粒,Vermilion granules,存在症状,ManifestAs
1081,栗炭疽病,Chestnut anthracnose,呈水渍状,Water-stained,存在症状,ManifestAs
1082,栗炭疽病,Chestnut anthracnose,粉红色的分生孢子堆,Pink conidia,存在症状,ManifestAs
1083,栗炭疽病,Chestnut anthracnose,褐色病斑,Brown spots,存在症状,ManifestAs
1084,栗炭疽病,Chestnut anthracnose,不规则形至圆形,Irregular to round,存在症状,ManifestAs
1085,栗炭疽病,Chestnut anthracnose,褐色或暗褐色,Brown or dark brown,存在症状,ManifestAs
1086,栗炭疽病,Chestnut anthracnose,红褐色的细边缘,Reddish brown thin edge,存在症状,ManifestAs
1087,栗炭疽病,Chestnut anthracnose,病斑为褐色,The lesions are brown,存在症状,ManifestAs
1088,栗炭疽病,Chestnut anthracnose,果皮变黑,The peel turns black,存在症状,ManifestAs
1089,栗炭疽病,Chestnut anthracnose,灰白色的菌丝体,Grayish white mycelium,存在症状,ManifestAs
1090,栗炭疽病,Chestnut anthracnose,呈近圆形坏死病斑,Nearly circular necrotic lesions,存在症状,ManifestAs
1091,栗炭疽病,Chestnut anthracnose,褐色或黑褐色,Brown or dark brown,存在症状,ManifestAs
1092,栗炭疽病,Chestnut anthracnose,早期落果,Early fruit drop,存在症状,ManifestAs
1093,栗种仁斑点病,Chestnut blight,不规则形的坏死斑点,Irregular necrotic spots,存在症状,ManifestAs
1094,栗种仁斑点病,Chestnut blight,灰黑色至黑色,Grayish black to black,存在症状,ManifestAs
1095,栗种仁斑点病,Chestnut blight,切面灰色至灰黑色,Gray to gray-black cut surface,存在症状,ManifestAs
1096,栗种仁斑点病,Chestnut blight,灰白至灰黑色的条纹状空隙,Grayish white to grayish black striped spaces,存在症状,ManifestAs
1097,栗种仁斑点病,Chestnut blight,褐色坏死斑,Brown necrotic spots,存在症状,ManifestAs
1098,栗种仁斑点病,Chestnut blight,淡褐色,Light brown,存在症状,ManifestAs
1099,栗种仁斑点病,Chestnut blight,黄褐色,tan,存在症状,ManifestAs
1100,栗种仁斑点病,Chestnut blight,灰白色至灰黑色的条纹状空隙,Grayish white to grayish black striped spaces,存在症状,ManifestAs
1101,栗种仁斑点病,Chestnut blight,种仁呈褐色或黑色干腐或软腐,"Seed kernel is brown or black, dry rot or soft rot",存在症状,ManifestAs
1102,栗溃疡病,Chestnut blight,水浸状暗绿色病斑,Water-soaked dark green spots,存在症状,ManifestAs
1103,栗溃疡病,Chestnut blight,黄绿色的晕圈,Yellow-green halo,存在症状,ManifestAs
1104,栗溃疡病,Chestnut blight,叶变褐向内侧卷缩,Leaves turn brown and curl inwards,存在症状,ManifestAs
1105,栗溃疡病,Chestnut blight,花穗枯死脱落,The flower spikes die and fall off,存在症状,ManifestAs
1106,栗叶枯病,Chestnut blight,病斑浅褐色至灰褐色,Lesions light brown to grayish brown,存在症状,ManifestAs
1107,栗叶枯病,Chestnut blight,病斑边缘色深,Dark color at the edge of the lesion,存在症状,ManifestAs
1108,栗大蚜,Lachnus tropicalis,树势衰弱,Tree weakness,存在症状,ManifestAs
1109,栗小爪螨,Oligonychus ununguis,呈黄白色至灰白色,Yellowish white to off-white,存在症状,ManifestAs
1110,栗小爪螨,Oligonychus ununguis,叶片全部失绿而变黄白色至灰白色,All leaves lose their green color and turn yellowish white to grayish white,存在症状,ManifestAs
1111,栗小爪螨,Oligonychus ununguis,渐变褐色枯斑,Gradual brown spots,存在症状,ManifestAs
1112,栗小爪螨,Oligonychus ununguis,全叶变褐焦死,The whole leaf turns brown and scorches,存在症状,ManifestAs
1113,栗小爪螨,Oligonychus ununguis,一片灰白色,A grayish white,存在症状,ManifestAs
1114,栗实象虫,Curculio davidii,发霉腐烂,Moldy and rot,存在症状,ManifestAs
1115,栗透翅蛾,Aegeria molybdoceps,长叶片枯黄,Long leaves turn yellow,存在症状,ManifestAs
1116,栗瘿蜂,Dryocosmus kuriphilus,畸形小叶,Malformed leaflets,存在症状,ManifestAs
1117,栗瘿蜂,Dryocosmus kuriphilus,枝条枯死,Dead branches,存在症状,ManifestAs
1118,银杏大蚕蛾,Dictyoploca japonica,缺刻和孔洞,Nicks and holes,存在症状,ManifestAs
1119,银杏大蚕蛾,Dictyoploca japonica,叶片吃光,Eat all the leaves,存在症状,ManifestAs
1120,核桃树腐烂病,Cytospora juglandis,暗灰色渍状,Dark grey stains,存在症状,ManifestAs
1121,核桃树腐烂病,Cytospora juglandis,带泡沫状液体,With foamy liquid,存在症状,ManifestAs
1122,核桃树腐烂病,Cytospora juglandis,树皮变黑褐色,The bark turns dark brown,存在症状,ManifestAs
1123,核桃树腐烂病,Cytospora juglandis,桔红色胶质丝状物,Orange-red gelatinous filaments,存在症状,ManifestAs
1124,核桃树腐烂病,Cytospora juglandis,病斑呈小岛状,The lesions are island-shaped,存在症状,ManifestAs
1125,核桃树腐烂病,Cytospora juglandis,黑色粘稠的液滴,Black viscous liquid droplets,存在症状,ManifestAs
1126,核桃树腐烂病,Cytospora juglandis,枝条失绿,Chlorosis of branches,存在症状,ManifestAs
1127,核桃树腐烂病,Cytospora juglandis,枝条干枯,Dry branches,存在症状,ManifestAs
1128,核桃树腐烂病,Cytospora juglandis,黑色小点,Black dots,存在症状,ManifestAs
1129,核桃黑粒枝枯病,Black-knot of walnut,浅红褐色或深灰色,Light reddish brown or dark grey,存在症状,ManifestAs
1130,核桃黑粒枝枯病,Black-knot of walnut,叶片逐,Leaves,存在症状,ManifestAs
1131,核桃黑粒枝枯病,Black-knot of walnut,长圆形黑色孢子团块,Oblong black spore mass,存在症状,ManifestAs
1132,核桃灰斑病,Walnut blight,病斑暗褐色,Lesions dark brown,存在症状,ManifestAs
1133,核桃灰斑病,Walnut blight,圆形或近圆形,Round or nearly round,存在症状,ManifestAs
1134,核桃灰斑病,Walnut blight,中央灰白色,Central off-white,存在症状,ManifestAs
1135,核桃灰斑病,Walnut blight,边缘黑褐色,Dark brown edge,存在症状,ManifestAs
1136,核桃黑斑病,Xanthomonas arboricola,出现近圆形及多角形的小,There are small nearly round and polygonal,存在症状,ManifestAs
1137,核桃黑斑病,Xanthomonas arboricola,围有水渍状,Water stains around,存在症状,ManifestAs
1138,核桃黑斑病,Xanthomonas arboricola,象病叶皱缩畸形,Leaves are wrinkled and deformed,存在症状,ManifestAs
1139,核桃黑斑病,Xanthomonas arboricola,病斑长形,Long lesion,存在症状,ManifestAs
1140,核桃黑斑病,Xanthomonas arboricola,黑褐色水浸状病斑,Dark brown water-soaked lesions,存在症状,ManifestAs
1141,核桃黑斑病,Xanthomonas arboricola,发生褐色小斑,Small brown spots,存在症状,ManifestAs
1142,核桃白粉病,Powdery mildew,白色或灰白色的粉状物,White or off-white powder,存在症状,ManifestAs
1143,核桃白粉病,Powdery mildew,脆渐变褐色,Crisp Gradient Brown,存在症状,ManifestAs
1144,核桃白粉病,Powdery mildew,产生退绿或黄色,Turn green or yellow,存在症状,ManifestAs
1145,核桃白粉病,Powdery mildew,重时叶片变形,Blade deformation under heavy load,存在症状,ManifestAs
1146,核桃白粉病,Powdery mildew,圆形粉层,Round powder layer,存在症状,ManifestAs
1147,核桃白粉病,Powdery mildew,褐色至黑色小粒点,Brown to black small spots,存在症状,ManifestAs
1148,核桃炭疽病,Anthracoidea,叶上病斑不规则形,Irregular lesions on leaves,存在症状,ManifestAs
1149,核桃炭疽病,Anthracoidea,叶片枯黄早落,Leaves turn yellow and fall early,存在症状,ManifestAs
1150,核桃炭疽病,Anthracoidea,病斑连片,Lesions are continuous,存在症状,ManifestAs
1151,核桃炭疽病,Anthracoidea,全果变黑腐烂,The whole fruit turns black and rots,存在症状,ManifestAs
1152,核桃炭疽病,Anthracoidea,果仁干瘪,Nuts are shrunken,存在症状,ManifestAs
1153,核桃褐斑病,Walnut blight,病斑呈长椭圆形或不规则形,The lesions are oblong or irregular in shape.,存在症状,ManifestAs
1154,核桃褐斑病,Walnut blight,黑褐色,Dark brown,存在症状,ManifestAs
1155,核桃褐斑病,Walnut blight,边缘褐色,Edge brown,存在症状,ManifestAs
1156,核桃褐斑病,Walnut blight,纵向裂纹,Longitudinal crack,存在症状,ManifestAs
1157,核桃褐斑病,Walnut blight,出现圆形或不规则形的小,Small round or irregular shaped,存在症状,ManifestAs
1158,核桃褐斑病,Walnut blight,褐色边缘暗绿色至,Brown edge dark green to,存在症状,ManifestAs
1159,核桃褐斑病,Walnut blight,斑上有黑褐,Dark brown spots,存在症状,ManifestAs
1160,褐边绿刺蛾,Latoia consocia,仅留表皮,Only the epidermis remains,存在症状,ManifestAs
1161,美国白蛾,Hyphantria cunea,残留表皮,Residual epidermis,存在症状,ManifestAs
1162,山楂叶螨,Tetranychus viennensis,全叶焦,Whole Leaf Char,存在症状,ManifestAs
1163,山楂叶螨,Tetranychus viennensis,树势衰弱,Tree weakness,存在症状,ManifestAs
1164,枣锈病,Juglans regia,淡绿色小点,Light green dots,存在症状,ManifestAs
1165,枣锈病,Juglans regia,淡灰褐色,Light gray brown,存在症状,ManifestAs
1166,枣锈病,Juglans regia,黄褐色有夏孢子堆,Yellow-brown uredus,存在症状,ManifestAs
1167,枣锈病,Juglans regia,黄色粉状的夏孢子,Yellow powdery summer spores,存在症状,ManifestAs
1168,枣锈病,Juglans regia,不规则的绿色小点,Irregular green dots,存在症状,ManifestAs
1169,枣锈病,Juglans regia,褐色斑状,Brown spots,存在症状,ManifestAs
1170,枣锈病,Juglans regia,黄褐色角斑,Brown horn spot,存在症状,ManifestAs
1171,枣黑腐病,Jujube black rot,浅黄色不规则的变色斑,Light yellow irregular discoloration spots,存在症状,ManifestAs
1172,枣黑腐病,Jujube black rot,凹陷或皱摺,Dents or wrinkles,存在症状,ManifestAs
1173,枣黑腐病,Jujube black rot,红褐色至黑褐色,Reddish brown to dark brown,存在症状,ManifestAs
1174,枣黑腐病,Jujube black rot,果肉呈浅土黄色小病斑,The flesh is light yellow with small spots,存在症状,ManifestAs
1175,枣黑腐病,Jujube black rot,果肉呈褐色至黑色,Brown to black flesh,存在症状,ManifestAs
1176,枣黑腐病,Jujube black rot,褐色斑点,Brown spots,存在症状,ManifestAs
1177,枣黑腐病,Jujube black rot,椭圆形病斑,Oval lesions,存在症状,ManifestAs
1178,枣黑腐病,Jujube black rot,果肉皇软腐状,Soft rotten flesh,存在症状,ManifestAs
1179,枣黑腐病,Jujube black rot,全果软腐,Whole fruit soft rot,存在症状,ManifestAs
1180,枣黑腐病,Jujube black rot,黑褐色球状凸起,Dark brown spherical protrusions,存在症状,ManifestAs
1181,枣焦叶病,Jujube leaf scorch,叶片由绿转黄,Leaves turn from green to yellow,存在症状,ManifestAs
1182,枣焦叶病,Jujube leaf scorch,呈不规则圆形,Irregular round shape,存在症状,ManifestAs
1183,枣焦叶病,Jujube leaf scorch,典型的轮纹状,Typical wheel pattern,存在症状,ManifestAs
1184,枣焦叶病,Jujube leaf scorch,散生粒状小黑点,Scattered granular black spots,存在症状,ManifestAs
1185,枣焦叶病,Jujube leaf scorch,叶片全部脱落,All leaves fall off,存在症状,ManifestAs
1186,枣炭疽病,Colletotrichum gloeosporioides,淡黄色水渍状斑点,Light yellow water stains,存在症状,ManifestAs
1187,枣炭疽病,Colletotrichum gloeosporioides,不规则形黄褐色斑块,Irregular yellow-brown patches,存在症状,ManifestAs
1188,枣炭疽病,Colletotrichum gloeosporioides,圆形凹陷病斑,Circular sunken lesions,存在症状,ManifestAs
1189,枣炭疽病,Colletotrichum gloeosporioides,红褐色,Reddish brown,存在症状,ManifestAs
1190,枣炭疽病,Colletotrichum gloeosporioides,黄褐色小突起,Small yellow-brown protrusions,存在症状,ManifestAs
1191,枣炭疽病,Colletotrichum gloeosporioides,粉红色黏性物质,Pink sticky substance,存在症状,ManifestAs
1192,枣炭疽病,Colletotrichum gloeosporioides,呈漏斗状变黄褐色,Funnel-shaped and yellow-brown,存在症状,ManifestAs
1193,枣炭疽病,Colletotrichum gloeosporioides,果核变黑,The core turns black,存在症状,ManifestAs
1194,枣炭疽病,Colletotrichum gloeosporioides,果实味苦,The fruit tastes bitter,存在症状,ManifestAs
1195,枣炭疽病,Colletotrichum gloeosporioides,焦枯,Scorch,存在症状,ManifestAs
1196,枣轮纹病,Juglans regia,近圆形病斑,Nearly circular lesions,存在症状,ManifestAs
1197,枣轮纹病,Juglans regia,边缘下陷,Edge depression,存在症状,ManifestAs
1198,枣轮纹病,Juglans regia,深褐色小粒,Dark brown small particles,存在症状,ManifestAs
1199,枣轮纹病,Juglans regia,周缘翘起,Peripheral warping,存在症状,ManifestAs
1200,枣轮纹病,Juglans regia,水渍状浅褐色小病斑,Small water-soaked light brown spots,存在症状,ManifestAs
1201,枣轮纹病,Juglans regia,红综色圆形大斑,Red round spot,存在症状,ManifestAs
1202,枣轮纹病,Juglans regia,深浅颜色相间的轮纹,Wheel pattern with light and dark colors,存在症状,ManifestAs
1203,枣轮纹病,Juglans regia,果肉变褐变软,The flesh turns brown and soft,存在症状,ManifestAs
1204,枣轮纹病,Juglans regia,有酸臭味,Sour smell,存在症状,ManifestAs
1205,枣轮纹病,Juglans regia,全果浆烂,Whole fruit pulp,存在症状,ManifestAs
1206,枣轮纹病,Juglans regia,大量落果,Large amount of fruit drop,存在症状,ManifestAs
1207,枣轮纹病,Juglans regia,黑色僵果,Black Zombie Fruit,存在症状,ManifestAs
1208,枣灰斑病,Grey spot,病斑近圆形或不规则,The lesions are nearly round or irregular,存在症状,ManifestAs
1209,枣灰斑病,Grey spot,白色边,White edge,存在症状,ManifestAs
1210,枣叶黑斑病,Juglans regia,圆形或不规则形状的病斑,Round or irregular shaped lesions,存在症状,ManifestAs
1211,枣叶黑斑病,Juglans regia,烟煤状的大黑斑,Large black spots like soot,存在症状,ManifestAs
1212,枣叶黑斑病,Juglans regia,黄褐色斑点,Brown spots,存在症状,ManifestAs
1213,枣叶黑斑病,Juglans regia,叶片卷曲,Leaf curling,存在症状,ManifestAs
1214,枣树枝枯病,Branch dieback,现长圆形或纺锤形乳白色的小突,Now there are oblong or spindle-shaped milky white protrusions,存在症状,ManifestAs
1215,枣苗茎腐病,Fusarium wilt,绿色主茎及叶,Green stems and leaves,存在症状,ManifestAs
1216,枣苗茎腐病,Fusarium wilt,进而苍白枯,Then pale and withered,存在症状,ManifestAs
1217,枣苗茎腐病,Fusarium wilt,主茎黑褐色,Main stem dark brown,存在症状,ManifestAs
1218,枣苗茎腐病,Fusarium wilt,皮层腐烂,Cortical rot,存在症状,ManifestAs
1219,枣苗茎腐病,Fusarium wilt,坏死的黑斑,Necrotic black spots,存在症状,ManifestAs
1220,枣树根朽病,Armillaria mellea,白色扇形的,White fan-shaped,存在症状,ManifestAs
1221,枣树根朽病,Armillaria mellea,呈白色海绵状腐朽,White spongy decay,存在症状,ManifestAs
1222,枣树根朽病,Armillaria mellea,磨菇香味,Mushroom aroma,存在症状,ManifestAs
1223,枣树根朽病,Armillaria mellea,叶片变黄,Yellowing of leaves,存在症状,ManifestAs
1224,枣树根朽病,Armillaria mellea,叶片发,Leaf hair,存在症状,ManifestAs
1225,枣树根朽病,Armillaria mellea,叶形变小,Smaller leaves,存在症状,ManifestAs
1226,枣树根朽病,Armillaria mellea,枝叶稀疏,Sparse branches and leaves,存在症状,ManifestAs
1227,枣树腐烂病,Juglans regia,斑块形状不规则,Irregular plaque shape,存在症状,ManifestAs
1228,枣树腐烂病,Juglans regia,黑色突起小点,Black raised dots,存在症状,ManifestAs
1229,枣果青霉病,Penicillium,果实变软,Fruit softening,存在症状,ManifestAs
1230,枣果青霉病,Penicillium,果肉变褐,The flesh turns brown,存在症状,ManifestAs
1231,枣果青霉病,Penicillium,灰绿色霉层,Gray green mold layer,存在症状,ManifestAs
1232,枣果青霉病,Penicillium,边缘白色,Edge white,存在症状,ManifestAs
1233,枣缩果病,Jujube fruit shrink disease,水浸状黄褐色不规则病斑,Water-soaked yellow-brown irregular spots,存在症状,ManifestAs
1234,枣缩果病,Jujube fruit shrink disease,由外向内的褐色斑,Brown spots from outside to inside,存在症状,ManifestAs
1235,枣缩果病,Jujube fruit shrink disease,黄褐色果肉有苦味,Yellow-brown flesh with a bitter taste,存在症状,ManifestAs
1236,枣缩果病,Jujube fruit shrink disease,果皮呈暗红色,Dark red peel,存在症状,ManifestAs
1237,枣缩果病,Jujube fruit shrink disease,整果无光泽,The whole fruit is dull,存在症状,ManifestAs
1238,枣缩果病,Jujube fruit shrink disease,果肉由淡绿色转赤黄色,The flesh turns from light green to reddish yellow,存在症状,ManifestAs
1239,枣缩果病,Jujube fruit shrink disease,纵向收缩纹,Longitudinal shrinkage lines,存在症状,ManifestAs
1240,枣缩果病,Jujube fruit shrink disease,褐色或黑褐色,Brown or dark brown,存在症状,ManifestAs
1241,枣缩果病,Jujube fruit shrink disease,果实瘦小,Small fruit,存在症状,ManifestAs
1242,枣缩果病,Jujube fruit shrink disease,失水皱缩萎蔫,Water loss shrinkage and wilting,存在症状,ManifestAs
1243,枣缩果病,Jujube fruit shrink disease,果肉色黄,Yellow flesh,存在症状,ManifestAs
1244,枣缩果病,Jujube fruit shrink disease,松软呈海绵状坏死,"Soft, spongy necrosis",存在症状,ManifestAs
1245,枣树根癌病,Agrobacterium tumefaciens,青灰色或肉红色,Blue-grey or flesh-red,存在症状,ManifestAs
1246,枣树根癌病,Agrobacterium tumefaciens,褐色或深褐色,Brown or dark brown,存在症状,ManifestAs
1247,枣树根癌病,Agrobacterium tumefaciens,球形或扁球形癌瘤,Spherical or flattened spherical tumor,存在症状,ManifestAs
1248,枣树根癌病,Agrobacterium tumefaciens,龟裂或凸凹不平,Cracked or uneven,存在症状,ManifestAs
1249,枣树根癌病,Agrobacterium tumefaciens,植株矮小,Short plant,存在症状,ManifestAs
1250,枣树根癌病,Agrobacterium tumefaciens,叶片变黄,Yellowing of leaves,存在症状,ManifestAs
1251,枣白腐病,White rot,病斑呈浅黄色至褐色,The lesions are light yellow to brown,存在症状,ManifestAs
1252,枣白腐病,White rot,边缘暗褐色,Dark brown edge,存在症状,ManifestAs
1253,枣裂果病,Jujube fruit cracking disease,果面裂开缝,Fruit surface cracks,存在症状,ManifestAs
1254,枣裂果病,Jujube fruit cracking disease,裂果腐烂变酸,"Fruit cracking, rot and sourness",存在症状,ManifestAs
1255,枣疯病,Jujube witches' broom,叶片黄化,Yellowing of leaves,存在症状,ManifestAs
1256,枣疯病,Jujube witches' broom,叶缘上卷,Leaf margin curling up,存在症状,ManifestAs
1257,枣疯病,Jujube witches' broom,硬而脆,Hard and brittle,存在症状,ManifestAs
1258,枣疯病,Jujube witches' broom,暗淡无光,Dull,存在症状,ManifestAs
1259,枣疯病,Jujube witches' broom,叶片小而黄,Small and yellow leaves,存在症状,ManifestAs
1260,枣疯病,Jujube witches' broom,病叶狭长,Diseased leaves are narrow and long,存在症状,ManifestAs
1261,枣疯病,Jujube witches' broom,具有暗脉,With dark pulse,存在症状,ManifestAs
1262,枣疯病,Jujube witches' broom,淡绿色,Light green,存在症状,ManifestAs
1263,枣树花叶病,Jujube mosaic virus,叶片变小,The leaves become smaller,存在症状,ManifestAs
1264,枣树花叶病,Jujube mosaic virus,扭曲,distortion,存在症状,ManifestAs
1265,枣树花叶病,Jujube mosaic virus,深浅相间的花叶状,Light and dark floral pattern,存在症状,ManifestAs
1266,枣瘿蚊,Contarinia datifolia,叶缘向上卷曲,Leaf margins curl upward,存在症状,ManifestAs
1267,枣瘿蚊,Contarinia datifolia,嫩叶成筒状,Young leaves are tube-shaped,存在症状,ManifestAs
1268,枣瘿蚊,Contarinia datifolia,褐或黑色,Brown or black,存在症状,ManifestAs
1269,枣飞象,Scythropus yasumatsui,尖端光秃,Bald tip,存在症状,ManifestAs
1270,枣飞象,Scythropus yasumatsui,呈灰色,Gray,存在症状,ManifestAs
1271,枣飞象,Scythropus yasumatsui,半圆形或呈锯齿形缺刻,Semicircular or zigzag notches,存在症状,ManifestAs
1272,红缘天牛,Asias halodendri,树木枝干枯死,Dead tree branches,存在症状,ManifestAs
1273,梨叶蜂,Caliroa cerasi,呈不规则缺刻与孔洞,Irregular notches and holes,存在症状,ManifestAs
1274,梨叶蜂,Caliroa cerasi,残缺不全,incomplete,存在症状,ManifestAs
1275,梨大蚜,Hyalopterus pruni,湿润黑色,Wet Black,存在症状,ManifestAs
1276,梨大蚜,Hyalopterus pruni,枝条干枯,Dry branches,存在症状,ManifestAs
1277,梨北京圆尾蚜,Sappaphis sinipiricola,叶呈不规则的扭曲卷缩常变红,The leaves are irregularly twisted and curled and often turn red.,存在症状,ManifestAs
1278,梨笠圆盾蚧,Diaspidiotus perniciosus,呈红色圆斑,Red round spots,存在症状,ManifestAs
1279,梨笠圆盾蚧,Diaspidiotus perniciosus,皮层木栓化,Cork cork,存在症状,ManifestAs
1280,梨笠圆盾蚧,Diaspidiotus perniciosus,早期落叶,Early leaf drop,存在症状,ManifestAs
1281,梨笠圆盾蚧,Diaspidiotus perniciosus,枝梢干枯,Dry branches,存在症状,ManifestAs
1282,梨笠圆盾蚧,Diaspidiotus perniciosus,黄色若虫,Yellow nymph,存在症状,ManifestAs
1283,梨笠圆盾蚧,Diaspidiotus perniciosus,不转色,No color change,存在症状,ManifestAs
1284,中国梨木虱,Psylla chinensis,叶片,blade,存在症状,ManifestAs
1285,中国梨木虱,Psylla chinensis,叶脉扭曲,Twisted leaf veins,存在症状,ManifestAs
1286,中国梨木虱,Psylla chinensis,叶面皱缩,Leaf wrinkles,存在症状,ManifestAs
1287,梨缩叶壁虱,Epitrimerus pyri,叶背呈铁锈状,Rusty back of leaves,存在症状,ManifestAs
1288,梨缩叶壁虱,Epitrimerus pyri,叶面失绿,Chlorosis of leaves,存在症状,ManifestAs
1289,梨缩叶壁虱,Epitrimerus pyri,叶片硬脆,Hard and brittle leaves,存在症状,ManifestAs
1290,梨缩叶壁虱,Epitrimerus pyri,叶片边缘向背面反卷,Leaf edges curled back,存在症状,ManifestAs
1291,梨缩叶壁虱,Epitrimerus pyri,全叶卷成筒形,The whole leaf is rolled into a tube,存在症状,ManifestAs
1292,梨缩叶壁虱,Epitrimerus pyri,叶面肿起,Swelling of leaves,存在症状,ManifestAs
1293,梨缩叶壁虱,Epitrimerus pyri,红褐色果,Reddish brown fruit,存在症状,ManifestAs
1294,梨缩叶壁虱,Epitrimerus pyri,表面呈轮状锈斑,Surface rust spots,存在症状,ManifestAs
1295,梨潜皮细蛾,Acroceras indica,线状弯曲的隧道,Curved tunnel,存在症状,ManifestAs
1296,梨潜皮细蛾,Acroceras indica,表皮枯死爆裂翘起,The epidermis dies and cracks,存在症状,ManifestAs
1297,梨叶肿瘿螨,Eriophyes pyri,出现谷粒大小的淡绿色,Grain-sized pale green,存在症状,ManifestAs
1298,梨叶肿瘿螨,Eriophyes pyri,背面凹陷卷曲,Curly back,存在症状,ManifestAs
1299,梨叶肿瘿螨,Eriophyes pyri,叶片早期脱落,Early leaf fall,存在症状,ManifestAs
1300,梨叶肿瘿螨,Eriophyes pyri,削弱,weaken,存在症状,ManifestAs
1301,梨眼天牛,Chreonoma fortunei,树皮破裂,Cracked bark,存在症状,ManifestAs
1302,梨眼天牛,Chreonoma fortunei,烟丝状木屑,Smoky sawdust,存在症状,ManifestAs
1303,云斑天牛,Batocera lineolata,削弱树势,Weakening the tree,存在症状,ManifestAs
1304,梨小吉丁虫,Agrilus mali,树皮松软湿润,Bark is soft and moist,存在症状,ManifestAs
1305,梨小吉丁虫,Agrilus mali,白色泡沫溢出,White foam overflowing,存在症状,ManifestAs
1306,梨金缘吉丁,Buprestis aurulenta,外表常变褐至黑色,Often brown to black in appearance,存在症状,ManifestAs
1307,梨金缘吉丁,Buprestis aurulenta,削弱树势,Weakening the tree,存在症状,ManifestAs
1308,梨剑纹夜蛾,Acronicta rumicis,叶片呈缺刻或孔洞状,Leaves have notches or holes,存在症状,ManifestAs
1309,梨黄卷蛾,Tortrix pyrrhantha,肉虫斑成,Meatworms,存在症状,ManifestAs
1310,梨黄卷蛾,Tortrix pyrrhantha,果面,Fruit Noodles,存在症状,ManifestAs
1311,梨黄卷蛾,Tortrix pyrrhantha,呈片状凹大伤疤,"Large, concave scars",存在症状,ManifestAs
1312,果红裙扁身夜蛾,Parallelia bistriaris,缺刻和孔洞,Nicks and holes,存在症状,ManifestAs
1313,梨大叶蜂,Caliroa cerasi,圆弧形缺刻,Arc-shaped notch,存在症状,ManifestAs
1314,梨大叶蜂,Caliroa cerasi,梢头萎枯断落,The branches wither and fall off,存在症状,ManifestAs
1315,梨大绿蚜,Aphididae,叶片最,The leaves are,存在症状,ManifestAs
1316,梨大绿蚜,Aphididae,变黄早落,Turn yellow and fall off early,存在症状,ManifestAs
1317,梨大绿蚜,Aphididae,削弱树势,Weakening the tree,存在症状,ManifestAs
1318,盐源片盾蚧,Parlatoria yanyuanensis,枝变紫黑色,Branches turn purple-black,存在症状,ManifestAs
1319,盐源片盾蚧,Parlatoria yanyuanensis,叶片变小变黄,Leaves become smaller and yellower,存在症状,ManifestAs
1320,盐源片盾蚧,Parlatoria yanyuanensis,枝干枯死,Dead branches,存在症状,ManifestAs
1321,盐源片盾蚧,Parlatoria yanyuanensis,红色点刻或畸变,Red stippling or distortion,存在症状,ManifestAs
1322,辽梨木虱,Psylla liaoningensis,失绿斑块,Chlorotic patches,存在症状,ManifestAs
1323,辽梨木虱,Psylla liaoningensis,枯黄早落,Withered and yellowed,存在症状,ManifestAs
1324,山楂白粉病,Powdery mildew,黑色小粒点,Black small dots,存在症状,ManifestAs
1325,山楂白粉病,Powdery mildew,产生粉红色,Produces pink,存在症状,ManifestAs
1326,山楂白粉病,Powdery mildew,上部叶片扭曲,Upper blades twisted,存在症状,ManifestAs
1327,山楂白粉病,Powdery mildew,出现淡紫色或黄褐色,Appears lavender or yellowish brown,存在症状,ManifestAs
1328,山楂白粉病,Powdery mildew,重时叶片扭曲,The blades twist when heavy,存在症状,ManifestAs
1329,山楂白粉病,Powdery mildew,出现粉红色,Pink appears,存在症状,ManifestAs
1330,山楂锈病,Gymnosporangium asiaticum,橘黄色小圆斑,Small round orange spots,存在症状,ManifestAs
1331,山楂锈病,Gymnosporangium asiaticum,叶背病斑突起,Protruding spots on the back of leaves,存在症状,ManifestAs
1332,山楂锈病,Gymnosporangium asiaticum,灰色至灰褐色毛状物,Gray to grayish brown hairs,存在症状,ManifestAs
1333,山楂锈病,Gymnosporangium asiaticum,褐色锈孢子,Brown rust spores,存在症状,ManifestAs
1334,山楂锈病,Gymnosporangium asiaticum,病斑变黑,The lesions turn black,存在症状,ManifestAs
1335,山楂锈病,Gymnosporangium asiaticum,呈橙黄色,Orange yellow,存在症状,ManifestAs
1336,山楂锈病,Gymnosporangium asiaticum,叶片早落,Early leaf fall,存在症状,ManifestAs
1337,山楂叶斑病,Leaf spot,针尖大褐色小点,Pinpoint brown dots,存在症状,ManifestAs
1338,山楂叶斑病,Leaf spot,周缘色深,Peripheral color depth,存在症状,ManifestAs
1339,山楂叶斑病,Leaf spot,黄褐色以至银灰色,Yellowish brown to silvery grey,存在症状,ManifestAs
1340,山楂花腐病,Monilinia johnsonii,褐色短线条状或点状小斑,Brown short lines or dots,存在症状,ManifestAs
1341,山楂花腐病,Monilinia johnsonii,红褐色至棕褐色,Reddish brown to tan,存在症状,ManifestAs
1342,山楂花腐病,Monilinia johnsonii,病叶枯萎,Diseased leaves wilt,存在症状,ManifestAs
1343,山楂花腐病,Monilinia johnsonii,白色至灰白色霉状物,White to gray mold,存在症状,ManifestAs
1344,山楂花腐病,Monilinia johnsonii,病叶焦枯脱落,Diseased leaves scorch and fall off,存在症状,ManifestAs
1345,山楂花腐病,Monilinia johnsonii,现褐色斑,Brown spots appear,存在症状,ManifestAs
1346,山楂花腐病,Monilinia johnsonii,有粘液溢出,Mucus discharge,存在症状,ManifestAs
1347,山楂枯梢病,Cytospora expansa,皮层变褐,Browning of the cortex,存在症状,ManifestAs
1348,山楂枯梢病,Cytospora expansa,整桩腐烂,The whole pile is rotten,存在症状,ManifestAs
1349,山楂枯梢病,Cytospora expansa,病斑暗褐色,Lesions dark brown,存在症状,ManifestAs
1350,山楂枯梢病,Cytospora expansa,灰褐色小粒点,Gray brown small spots,存在症状,ManifestAs
1351,山楂枯梢病,Cytospora expansa,乳白色卷丝状物,Milky white curly filaments,存在症状,ManifestAs
1352,山楂干枯病,Botryosphaeria dothidea,病斑红褐色至深褐色,Lesions reddish brown to dark brown,存在症状,ManifestAs
1353,山楂干枯病,Botryosphaeria dothidea,不规则形,Irregular,存在症状,ManifestAs
1354,山楂黑星病,Fusicladium effusum,果实疮痂,Fruit scab,存在症状,ManifestAs
1355,山楂黑星病,Fusicladium effusum,稀疏的榄褐色霉状物,Sparse olive brown mold,存在症状,ManifestAs
1356,山楂黑星病,Fusicladium effusum,不规则形,Irregular,存在症状,ManifestAs
1357,山楂黑星病,Fusicladium effusum,大小不等的霉斑,Mildew spots of varying sizes,存在症状,ManifestAs
1358,山楂黑星病,Fusicladium effusum,呈不规则形褪绿斑,Irregular chlorotic spots,存在症状,ManifestAs
1359,山楂黑星病,Fusicladium effusum,叶片皱缩,Leaf shrinkage,存在症状,ManifestAs
1360,山楂黑星病,Fusicladium effusum,不规则大形霉斑,Irregular large mold spots,存在症状,ManifestAs
1361,山楂立枯病,Rhizoctonia solani,水渍状病斑,Water-soaked spots,存在症状,ManifestAs
1362,山楂立枯病,Rhizoctonia solani,根部腐烂,Root rot,存在症状,ManifestAs
1363,山楂立枯病,Rhizoctonia solani,茎叶枯黄,Yellow stems and leaves,存在症状,ManifestAs
1364,山楂日灼病,Sunscald,深浅不一的云状斑纹,Cloud-like patterns of varying shades,存在症状,ManifestAs
1365,山楂日灼病,Sunscald,黄褐色,tan,存在症状,ManifestAs
1366,山楂日灼病,Sunscald,干枯纵裂,Dry cracked,存在症状,ManifestAs
1367,白小食心虫,Grapholitha inopinata,叶片缀连成卷,Leaves are linked together into a roll,存在症状,ManifestAs
1368,山楂花象甲,Anthonomus rubi,果面凹凸不平,Uneven fruit surface,存在症状,ManifestAs
1369,山楂萤叶甲,Cryptocephalus vividus,大量落果,Large amount of fruit drop,存在症状,ManifestAs
1370,山楂喀木虱,Cacopsylla cratesiphila,被害花萎蔫,The affected flowers wilt,存在症状,ManifestAs
1371,山楂喀木虱,Cacopsylla cratesiphila,枯黄早落,Withered and yellowed,存在症状,ManifestAs
1372,桃小食心虫,Carposina sasakii,透明的水珠状果胶滴,Transparent water droplets of pectin,存在症状,ManifestAs
1373,桃小食心虫,Carposina sasakii,白色粉状物,White powder,存在症状,ManifestAs
1374,桃小食心虫,Carposina sasakii,呈青绿色,Green,存在症状,ManifestAs
1375,桃小食心虫,Carposina sasakii,果实变形,Fruit deformation,存在症状,ManifestAs
1376,桃小食心虫,Carposina sasakii,表面凹凸不平,Uneven surface,存在症状,ManifestAs
1377,桃小食心虫,Carposina sasakii,果实渐变黄色,Fruit turns yellow,存在症状,ManifestAs
1378,桃小食心虫,Carposina sasakii,果肉僵硬,The flesh is stiff,存在症状,ManifestAs
1379,芽白小卷蛾,Clepsis strigana,被害顶梢叶苞,Damaged top leaf bracts,存在症状,ManifestAs
1380,黄斑长翅卷叶蛾,Acleris fimbriana,肉残留,Meat residue,存在症状,ManifestAs
1381,黄斑长翅卷叶蛾,Acleris fimbriana,片仅留,Only the film remains,存在症状,ManifestAs
1382,黄斑长翅卷叶蛾,Acleris fimbriana,片使整个叶簇卷,The whole leaf cluster is rolled up,存在症状,ManifestAs
1383,梨星毛虫,Illiberis pruni,米粒大小浅凹,Rice-sized shallow concave,存在症状,ManifestAs
1384,梨星毛虫,Illiberis pruni,叶片干枯,Dry leaves,存在症状,ManifestAs
1385,棉铃虫,Helicoverpa armigera,呈孔洞和缺刻,Holes and notches,存在症状,ManifestAs
1386,棉铃虫,Helicoverpa armigera,褐色干疤,Brown dry scar,存在症状,ManifestAs
1387,苹果球蚧,Eulecanium corni,枝梢生长不良,Poor shoot growth,存在症状,ManifestAs
1388,金缘吉丁虫,Lampra limbata,外表常变褐至黑色,Often brown to black in appearance,存在症状,ManifestAs
1389,金缘吉丁虫,Lampra limbata,削弱树势,Weakening the tree,存在症状,ManifestAs
1390,旋纹潜叶蛾,Leucoptera scitella,同心旋纹状,Concentric spiral pattern,存在症状,ManifestAs
1391,红棕灰夜蛾,Polia illoba,缺刻或孔洞,Notches or holes,存在症状,ManifestAs
1392,桑褶翅尺蠖,Zamacra excavata,缺刻和孔洞,Nicks and holes,存在症状,ManifestAs
1393,棉花弧丽金龟,Popillia mutans,受害花畸形或死亡,The affected flowers are deformed or die.,存在症状,ManifestAs
1394,桃褐斑穿孔病,Cercospora circumscissa,病斑圆形或近圆形,Lesions are round or nearly round,存在症状,ManifestAs
1395,桃褐斑穿孔病,Cercospora circumscissa,中部褐色,Middle brown,存在症状,ManifestAs
1396,桃褐斑穿孔病,Cercospora circumscissa,边缘紫色,Edge purple,存在症状,ManifestAs
1397,桃褐斑穿孔病,Cercospora circumscissa,略带环纹,Slightly ringed,存在症状,ManifestAs
1398,桃褐斑穿孔病,Cercospora circumscissa,灰褐色霉状物,Gray-brown mold,存在症状,ManifestAs
1399,桃褐斑穿孔病,Cercospora circumscissa,叶片脱落,Leaf shedding,存在症状,ManifestAs
1400,桃褐斑穿孔病,Cercospora circumscissa,边缘红褐色病斑,Reddish brown spots on the edges,存在症状,ManifestAs
1401,桃褐斑穿孔病,Cercospora circumscissa,灰色霉状物,Gray mold,存在症状,ManifestAs
1402,桃褐斑穿孔病,Cercospora circumscissa,边缘红褐色的病斑,Reddish brown spots,存在症状,ManifestAs
1403,绣线菊蚜,Aphis spiraecola,叶片周缘下卷,Leaf edges curled down,存在症状,ManifestAs
1404,桃树腐烂病,Cytospora canker,米粒大小胶点状物,Rice-sized glue dots,存在症状,ManifestAs
1405,桃树腐烂病,Cytospora canker,椭圆形紫红色凹陷斑,Oval purple-red sunken spots,存在症状,ManifestAs
1406,桃树腐烂病,Cytospora canker,变褐或棕褐色至黑色,Turns brown or tan to black,存在症状,ManifestAs
1407,桃树腐烂病,Cytospora canker,呈湿润状腐烂,Wet rot,存在症状,ManifestAs
1408,桃树腐烂病,Cytospora canker,橘红色孢子角,Orange spore horn,存在症状,ManifestAs
1409,桃缩叶病,Taphrina deformans,呈灰绿色或黄色,Grayish green or yellow,存在症状,ManifestAs
1410,桃缩叶病,Taphrina deformans,卷曲状,Curly,存在症状,ManifestAs
1411,桃缩叶病,Taphrina deformans,颜色发红,Reddish color,存在症状,ManifestAs
1412,桃缩叶病,Taphrina deformans,叶面凹凸不平,Uneven leaf surface,存在症状,ManifestAs
1413,桃缩叶病,Taphrina deformans,病部肿大,Swelling of the affected area,存在症状,ManifestAs
1414,桃缩叶病,Taphrina deformans,叶肉肥厚质脆,Thick and crispy leaves,存在症状,ManifestAs
1415,桃缩叶病,Taphrina deformans,红色或紫红色,Red or purple,存在症状,ManifestAs
1416,桃缩叶病,Taphrina deformans,白色粉状物,White powder,存在症状,ManifestAs
1417,桃缩叶病,Taphrina deformans,褐色或深褐色,Brown or dark brown,存在症状,ManifestAs
1418,桃缩叶病,Taphrina deformans,干枯脱落,Dry and fall off,存在症状,ManifestAs
1419,桃缩叶病,Taphrina deformans,簇生状叶片,Clustered leaves,存在症状,ManifestAs
1420,桃缩叶病,Taphrina deformans,黄或红色斑,Yellow or red spots,存在症状,ManifestAs
1421,桃缩叶病,Taphrina deformans,茸毛脱落,Hair loss,存在症状,ManifestAs
1422,桃缩叶病,Taphrina deformans,表面光滑,Smooth surface,存在症状,ManifestAs
1423,桃霉斑穿孔病,Gloeosporium perennans,长椭圆形病斑,Long oval lesions,存在症状,ManifestAs
1424,桃霉斑穿孔病,Gloeosporium perennans,边缘紫褐色,Edge purple brown,存在症状,ManifestAs
1425,桃霉斑穿孔病,Gloeosporium perennans,瘤状物,Tumor,存在症状,ManifestAs
1426,桃霉斑穿孔病,Gloeosporium perennans,圆形或不规则形,Round or irregular shape,存在症状,ManifestAs
1427,桃霉斑穿孔病,Gloeosporium perennans,黑色霉状物,Black mold,存在症状,ManifestAs
1428,桃霉斑穿孔病,Gloeosporium perennans,病斑小而圆,Small and round lesions,存在症状,ManifestAs
1429,桃霉斑穿孔病,Gloeosporium perennans,初为紫色,Purple,存在症状,ManifestAs
1430,桃霉斑穿孔病,Gloeosporium perennans,渐变褐色,Gradient brown,存在症状,ManifestAs
1431,桃霉斑穿孔病,Gloeosporium perennans,边缘红色,Edge red,存在症状,ManifestAs
1432,桃霉斑穿孔病,Gloeosporium perennans,中央稍凹陷,Slightly concave in the center,存在症状,ManifestAs
1433,桃黑星病,Cladosporium carpophilum,边缘紫褐色,Edge purple brown,存在症状,ManifestAs
1434,桃黑星病,Cladosporium carpophilum,中央浅褐色的椭圆形病斑,Central light brown oval lesion,存在症状,ManifestAs
1435,桃黑星病,Cladosporium carpophilum,变为紫色或黑,Turns purple or black,存在症状,ManifestAs
1436,桃黑星病,Cladosporium carpophilum,病斑变灰色,The lesions turn gray,存在症状,ManifestAs
1437,桃黑星病,Cladosporium carpophilum,木栓质细胞,Suberin cells,存在症状,ManifestAs
1438,桃黑星病,Cladosporium carpophilum,不规则暗绿色斑,Irregular dark green spots,存在症状,ManifestAs
1439,桃黑星病,Cladosporium carpophilum,呈紫红色干枯穿孔,Purple-red dry perforation,存在症状,ManifestAs
1440,桃黑星病,Cladosporium carpophilum,长条状的暗褐色病斑,Long dark brown spots,存在症状,ManifestAs
1441,桃黑星病,Cladosporium carpophilum,淡褐色斑点,Light brown spots,存在症状,ManifestAs
1442,桃黑星病,Cladosporium carpophilum,黑色痣状斑点,Black mole-like spots,存在症状,ManifestAs
1443,桃黑斑病,Peach black spot,乳头状突起,Papillary protrusions,存在症状,ManifestAs
1444,桃黑斑病,Peach black spot,成圆丘形或圆锥形,Mound or cone shaped,存在症状,ManifestAs
1445,桃黑斑病,Peach black spot,稀疏红点,Sparse red dots,存在症状,ManifestAs
1446,桃黑斑病,Peach black spot,黄色晕圈,Yellow halo,存在症状,ManifestAs
1447,桃黑斑病,Peach black spot,黄绿色的桃尖,Yellow-green peach tip,存在症状,ManifestAs
1448,桃黑斑病,Peach black spot,褐色病斑,Brown spots,存在症状,ManifestAs
1449,桃黑斑病,Peach black spot,不明显轮纹,No obvious wheel pattern,存在症状,ManifestAs
1450,桃黑斑病,Peach black spot,黑色霉状物,Black mold,存在症状,ManifestAs
1451,桃黑斑病,Peach black spot,病斑表面呈粉红色,The surface of the lesion is pink,存在症状,ManifestAs
1452,桃黑斑病,Peach black spot,乳头状畸形尖,Papillary tip,存在症状,ManifestAs
1453,桃黑斑病,Peach black spot,水渍状,Water stain,存在症状,ManifestAs
1454,桃溃疡病,Peach canker,病斑稍肿胀,The lesion is slightly swollen,存在症状,ManifestAs
1455,桃疫腐病,Phytophthora parasitica das-tur,右有圆形或不规则形,Round or irregular shape on the right,存在症状,ManifestAs
1456,桃疫腐病,Phytophthora parasitica das-tur,病部树皮呈黑,The bark of the diseased part is black,存在症状,ManifestAs
1457,桃疫腐病,Phytophthora parasitica das-tur,产生不规则的灰褐色或暗褐色,Produces irregular gray-brown or dark brown,存在症状,ManifestAs
1458,桃疫腐病,Phytophthora parasitica das-tur,则呈深浅不均的暗红,It is a dark red with uneven shades,存在症状,ManifestAs
1459,桃疫腐病,Phytophthora parasitica das-tur,色边缘呈水渍状,Water stains on the edges,存在症状,ManifestAs
1460,桃疫腐病,Phytophthora parasitica das-tur,白色毛状的菌丝体,White hairy mycelium,存在症状,ManifestAs
1461,桃炭疽病,Colletotrichum gloeosporioides,新梢病斑长椭圆形,New shoot lesions are long oval,存在症状,ManifestAs
1462,桃炭疽病,Colletotrichum gloeosporioides,暗绿色,Dark green,存在症状,ManifestAs
1463,桃炭疽病,Colletotrichum gloeosporioides,水渍状,Water stain,存在症状,ManifestAs
1464,桃炭疽病,Colletotrichum gloeosporioides,边缘带红褐色,Reddish brown edges,存在症状,ManifestAs
1465,桃炭疽病,Colletotrichum gloeosporioides,橘红色的小粒点,Small orange dots,存在症状,ManifestAs
1466,桃炭疽病,Colletotrichum gloeosporioides,两边向正面卷曲,Curl both sides to the front,存在症状,ManifestAs
1467,桃炭疽病,Colletotrichum gloeosporioides,病斑近圆形或不规则形,The lesions are nearly round or irregular in shape.,存在症状,ManifestAs
1468,桃炭疽病,Colletotrichum gloeosporioides,淡褐色,Light brown,存在症状,ManifestAs
1469,桃炭疽病,Colletotrichum gloeosporioides,病斑中部灰褐色或灰白色,The middle part of the lesion is gray-brown or gray-white,存在症状,ManifestAs
1470,桃炭疽病,Colletotrichum gloeosporioides,橘红色至黑色的小粒点,Small orange to black dots,存在症状,ManifestAs
1471,桃炭疽病,Colletotrichum gloeosporioides,叶片穿孔,Blade perforation,存在症状,ManifestAs
1472,桃炭疽病,Colletotrichum gloeosporioides,萎缩硬化,Atrophic sclerosis,存在症状,ManifestAs
1473,桃炭疽病,Colletotrichum gloeosporioides,淡褐色水渍状斑点,Light brown water-soaked spots,存在症状,ManifestAs
1474,桃炭疽病,Colletotrichum gloeosporioides,呈红褐色,Reddish brown,存在症状,ManifestAs
1475,桃炭疽病,Colletotrichum gloeosporioides,圆形或椭圆形,Round or oval,存在症状,ManifestAs
1476,桃炭疽病,Colletotrichum gloeosporioides,显著凹陷,Significant depression,存在症状,ManifestAs
1477,桃炭疽病,Colletotrichum gloeosporioides,橘红色的小粒,Orange small particles,存在症状,ManifestAs
1478,桃实腐病,Monilinia fructicola,水溃状,Water burst,存在症状,ManifestAs
1479,桃实腐病,Monilinia fructicola,灰白色菌丝,Grayish white mycelium,存在症状,ManifestAs
1480,桃细菌性穿孔病,Xanthomonas arboricola,暗褐色水渍状小疱疹块,Dark brown water-soaked small herpes,存在症状,ManifestAs
1481,桃细菌性穿孔病,Xanthomonas arboricola,水渍状紫褐色斑点,Water-soaked purple-brown spots,存在症状,ManifestAs
1482,桃细菌性穿孔病,Xanthomonas arboricola,中央凹陷,Central depression,存在症状,ManifestAs
1483,桃细菌性穿孔病,Xanthomonas arboricola,皮层纵裂后溃疡,Post-dehiscence ulcer,存在症状,ManifestAs
1484,桃细菌性穿孔病,Xanthomonas arboricola,淡褐色水渍状小斑点,Light brown water-stained spots,存在症状,ManifestAs
1485,桃细菌性穿孔病,Xanthomonas arboricola,紫褐色至黑褐色圆形或不规则形病斑,Purple-brown to dark-brown round or irregular lesions,存在症状,ManifestAs
1486,桃细菌性穿孔病,Xanthomonas arboricola,边缘角质化,Edge keratinization,存在症状,ManifestAs
1487,桃细菌性穿孔病,Xanthomonas arboricola,水渍状黄绿色晕环,Water-stained yellow-green halo,存在症状,ManifestAs
1488,桃细菌性穿孔病,Xanthomonas arboricola,褐色水渍状小圆斑,Brown water-soaked small round spots,存在症状,ManifestAs
1489,桃细菌性穿孔病,Xanthomonas arboricola,中央稍凹陷,Slightly concave in the center,存在症状,ManifestAs
1490,桃细菌性穿孔病,Xanthomonas arboricola,边缘水渍状,Edge water stains,存在症状,ManifestAs
1491,桃细菌性穿孔病,Xanthomonas arboricola,黄白色粘质分泌物,Yellowish white sticky discharge,存在症状,ManifestAs
1492,桃细菌性穿孔病,Xanthomonas arboricola,小裂纹,Small cracks,存在症状,ManifestAs
1493,桃细菌性穿孔病,Xanthomonas arboricola,不规则大裂纹,Irregular large cracks,存在症状,ManifestAs
1494,桃白粉病,Podosphaera leucotricha,白色菌丝,White mycelium,存在症状,ManifestAs
1495,桃白粉病,Podosphaera leucotricha,近圆形或不定形白色霉点,Nearly round or amorphous white mildew spots,存在症状,ManifestAs
1496,桃白粉病,Podosphaera leucotricha,白色粉斑,White powdery spots,存在症状,ManifestAs
1497,桃白粉病,Podosphaera leucotricha,叶片褪黄,Yellowing of leaves,存在症状,ManifestAs
1498,桃白粉病,Podosphaera leucotricha,干枯脱落,Dry and fall off,存在症状,ManifestAs
1499,桃白粉病,Podosphaera leucotricha,现白色圆形或不规则形的菌丝,White round or irregular hyphae,存在症状,ManifestAs
1500,桃白粉病,Podosphaera leucotricha,成浅褐色病,Light brown disease,存在症状,ManifestAs
1501,桃树非侵染性流胶病,Bacterial canker,半透明黄色树胶,Translucent yellow gum,存在症状,ManifestAs
1502,桃树非侵染性流胶病,Bacterial canker,呈胶冻状,Jelly,存在症状,ManifestAs
1503,桃树非侵染性流胶病,Bacterial canker,红褐色至茶褐色的坚硬胶块,Reddish brown to dark brown hard rubber block,存在症状,ManifestAs
1504,桃树非侵染性流胶病,Bacterial canker,木质部变褐腐烂,Wood turns brown and rots,存在症状,ManifestAs
1505,桃树非侵染性流胶病,Bacterial canker,叶片变黄,Yellowing of leaves,存在症状,ManifestAs
1506,桃树非侵染性流胶病,Bacterial canker,黄色胶质,Yellow colloid,存在症状,ManifestAs
1507,桃树非侵染性流胶病,Bacterial canker,病部硬化,Hardening of diseased part,存在症状,ManifestAs
1508,桃树侵染性流胶病,Botryosphaeria dothidea,稍隆起的疤斑,Slightly raised scar,存在症状,ManifestAs
1509,桃树侵染性流胶病,Botryosphaeria dothidea,皮层变褐坏死,Browning and necrosis of the cortex,存在症状,ManifestAs
1510,桃树侵染性流胶病,Botryosphaeria dothidea,黄色胶质,Yellow colloid,存在症状,ManifestAs
1511,桃树侵染性流胶病,Botryosphaeria dothidea,病部硬化,Hardening of diseased part,存在症状,ManifestAs
1512,桃煤污病,Capnodium salicinum,污褐色圆形或不规则形霉点,Dirty brown round or irregular mold spots,存在症状,ManifestAs
1513,桃煤污病,Capnodium salicinum,煤烟状黑色霉层,Sooty black mold,存在症状,ManifestAs
1514,桃煤污病,Capnodium salicinum,灰褐色污斑,Gray-brown stains,存在症状,ManifestAs
1515,桃煤污病,Capnodium salicinum,黑色霉层,Black mold layer,存在症状,ManifestAs
1516,桃煤污病,Capnodium salicinum,叶片提早脱落,Early leaf fall,存在症状,ManifestAs
1517,桃煤污病,Capnodium salicinum,黑色煤烟状物,Black soot,存在症状,ManifestAs
1518,桃褪绿叶斑病,Cladosporium carpophilum,暗绿色,Dark green,存在症状,ManifestAs
1519,桃褪绿叶斑病,Cladosporium carpophilum,凹陷斑点或波纹,Sunken spots or ripples,存在症状,ManifestAs
1520,桃褪绿叶斑病,Cladosporium carpophilum,黑褐色坏死线纹,Dark brown necrotic lines,存在症状,ManifestAs
1521,桃褪绿叶斑病,Cladosporium carpophilum,凹陷条纹,Depression stripes,存在症状,ManifestAs
1522,桃褪绿叶斑病,Cladosporium carpophilum,产生褪绿,Chlorosis,存在症状,ManifestAs
1523,桃褪绿叶斑病,Cladosporium carpophilum,弯曲呈舟形或匙形,The curve is boat-shaped or spoon-shaped,存在症状,ManifestAs
1524,苹毛虫,Ostrinia nubilalis,孔洞和缺刻,Holes and Notches,存在症状,ManifestAs
1525,苹毛虫,Ostrinia nubilalis,叶片吃光仅留叶柄,The leaves are eaten up and only the petioles are left,存在症状,ManifestAs
1526,桃树木腐病,Schizophyllum commune,木质腐朽,Wood decay,存在症状,ManifestAs
1527,桃树木腐病,Schizophyllum commune,呈轮纹状,Wheel-shaped,存在症状,ManifestAs
1528,桃树木腐病,Schizophyllum commune,白色疏松,White loose,存在症状,ManifestAs
1529,桃树木腐病,Schizophyllum commune,质软而脆,Soft and brittle,存在症状,ManifestAs
1530,桃树木腐病,Schizophyllum commune,叶发黄早落,Leaves turn yellow and fall early,存在症状,ManifestAs
1531,桃树根朽病,Armillaria mellea,白色或浅黄色的菌丝,White or light yellow mycelium,存在症状,ManifestAs
1532,桃树根朽病,Armillaria mellea,蘑菇气味,Mushroom smell,存在症状,ManifestAs
1533,桃树根朽病,Armillaria mellea,蘑菇,mushroom,存在症状,ManifestAs
1534,桃树根朽病,Armillaria mellea,很浓的腥味,Very strong fishy smell,存在症状,ManifestAs
1535,桃树根朽病,Armillaria mellea,马蹄形或扇形子实体,Horseshoe or fan-shaped fruiting body,存在症状,ManifestAs
1536,桃树根朽病,Armillaria mellea,叶片发黄,Yellowing leaves,存在症状,ManifestAs
1537,桃树根朽病,Armillaria mellea,提早脱落,Early shedding,存在症状,ManifestAs
1538,桃褐腐病,Monilinia fructicola,病斑长圆形,Lesion oblong,存在症状,ManifestAs
1539,桃褐腐病,Monilinia fructicola,边缘紫褐色,Edge purple brown,存在症状,ManifestAs
1540,桃褐腐病,Monilinia fructicola,圆形褐色水烫状斑点,Round brown scald spots,存在症状,ManifestAs
1541,桃褐腐病,Monilinia fructicola,边缘绿褐色,Greenish brown edge,存在症状,ManifestAs
1542,桃褐腐病,Monilinia fructicola,中部黄褐色,Middle yellowish brown,存在症状,ManifestAs
1543,桃褐腐病,Monilinia fructicola,深浅相间的轮纹,Light and dark wheel patterns,存在症状,ManifestAs
1544,桃褐腐病,Monilinia fructicola,全叶枯萎,All leaves wither,存在症状,ManifestAs
1545,桃褐腐病,Monilinia fructicola,呈褐色水渍状斑点,Brown water-stained spots,存在症状,ManifestAs
1546,桃褐腐病,Monilinia fructicola,花朵成喇叭状,Trumpet-shaped flowers,存在症状,ManifestAs
1547,桃褐腐病,Monilinia fructicola,花瓣顶部变褐,The tops of the petals turn brown,存在症状,ManifestAs
1548,桃褐腐病,Monilinia fructicola,花柱肿大畸形,Swelling and deformity of the style,存在症状,ManifestAs
1549,桃褐腐病,Monilinia fructicola,花芽松散干枯,Flower buds loose and dry,存在症状,ManifestAs
1550,桃褐腐病,Monilinia fructicola,圆形小病斑,Small round lesions,存在症状,ManifestAs
1551,桃褐腐病,Monilinia fructicola,粉状小球,Powdered pellets,存在症状,ManifestAs
1552,桃褐腐病,Monilinia fructicola,呈同心轮纹排列,Arranged in concentric rings,存在症状,ManifestAs
1553,桃曲霉病,Aspergillus niger,淡褐色,Light brown,存在症状,ManifestAs
1554,桃曲霉病,Aspergillus niger,水浸状的病斑,Water-soaked lesions,存在症状,ManifestAs
1555,桃曲霉病,Aspergillus niger,白色菌丛,White fungus,存在症状,ManifestAs
1556,桃褐锈病,Puccinia persicae,淡褐色病斑,Light brown spots,存在症状,ManifestAs
1557,桃褐锈病,Puccinia persicae,小圆形褐色疱疹状斑点,Small round brown herpes-like spots,存在症状,ManifestAs
1558,桃褐锈病,Puccinia persicae,黄褐色粉末,Brown powder,存在症状,ManifestAs
1559,桃褐锈病,Puccinia persicae,红黄色,Red and yellow,存在症状,ManifestAs
1560,桃褐锈病,Puccinia persicae,周缘不明显的病斑,Lesions with unclear margins,存在症状,ManifestAs
1561,桃褐锈病,Puccinia persicae,深栗色或黑褐色斑点,Dark chestnut or dark brown spots,存在症状,ManifestAs
1562,桃褐锈病,Puccinia persicae,叶片常枯黄脱落,Leaves often turn yellow and fall off,存在症状,ManifestAs
1563,桃褐锈病,Puccinia persicae,果实病斑成褐色至浓褐色,Fruit lesions are brown to dark brown,存在症状,ManifestAs
1564,桃褐锈病,Puccinia persicae,椭圆形,Oval,存在症状,ManifestAs
1565,桃褐锈病,Puccinia persicae,深的裂纹,Deep cracks,存在症状,ManifestAs
1566,桃白锈病,Pseudocercosporella persicae,浅绿色至淡黄色,Light green to light yellow,存在症状,ManifestAs
1567,桃白锈病,Pseudocercosporella persicae,多角形至不整形,Polygonal to irregular,存在症状,ManifestAs
1568,桃白锈病,Pseudocercosporella persicae,浅褐色的粉状夏孢子堆,Light brown powdery summer spore pile,存在症状,ManifestAs
1569,桃软腐病,Erwinia amylovora,茶褐色小斑点,Small brown spots,存在症状,ManifestAs
1570,桃软腐病,Erwinia amylovora,长有浓密的白色细,Thick white hair,存在症状,ManifestAs
1571,桃软腐病,Erwinia amylovora,生出黑色,Give birth to black,存在症状,ManifestAs
1572,桃灰霉病,Botrytis cinerea,褐色病斑,Brown spots,存在症状,ManifestAs
1573,桃灰霉病,Botrytis cinerea,鼠灰色霉层,Mouse gray mold layer,存在症状,ManifestAs
1574,桃灰霉病,Botrytis cinerea,叶片不脱落,Leaves do not fall off,存在症状,ManifestAs
1575,桃灰霉病,Botrytis cinerea,长出淡灰色霉层,Light gray mold,存在症状,ManifestAs
1576,桃灰霉病,Botrytis cinerea,初为暗绿色凹陷,Initially dark green depression,存在症状,ManifestAs
1577,桃灰霉病,Botrytis cinerea,使幼果凹凸,Make the young fruit bumpy,存在症状,ManifestAs
1578,桃灰霉病,Botrytis cinerea,褐色凹陷腐烂病斑,Brown sunken rot spots,存在症状,ManifestAs
1579,桃灰霉病,Botrytis cinerea,黑色块状菌核,Black blocky sclerotia,存在症状,ManifestAs
1580,桃白纹羽病,Rosellinia necatrix,近圆形褐色病斑,Nearly circular brown spots,存在症状,ManifestAs
1581,桃白纹羽病,Rosellinia necatrix,呈水渍状腐烂,Water-soaked rot,存在症状,ManifestAs
1582,桃白纹羽病,Rosellinia necatrix,蘑菇味的黄褐色汁液,Mushroom-flavored brown juice,存在症状,ManifestAs
1583,桃白纹羽病,Rosellinia necatrix,木质部枯朽,Xylem decay,存在症状,ManifestAs
1584,桃白纹羽病,Rosellinia necatrix,灰褐色或棕褐色,Gray or tan,存在症状,ManifestAs
1585,桃白纹羽病,Rosellinia necatrix,扇状或芒,Fan-shaped or awn,存在症状,ManifestAs
1586,桃白纹羽病,Rosellinia necatrix,黑色小型菌核,Small black sclerotium,存在症状,ManifestAs
1587,桃白纹羽病,Rosellinia necatrix,树枝过分衰弱,Excessive weakness of branches,存在症状,ManifestAs
1588,桃白纹羽病,Rosellinia necatrix,叶变黄,Leaves turning yellow,存在症状,ManifestAs
1589,桃树白绢病,Sclerotium rolfsii,白色菌丝,White mycelium,存在症状,ManifestAs
1590,桃树白绢病,Sclerotium rolfsii,水渍状褐色病斑,Water-soaked brown spots,存在症状,ManifestAs
1591,桃树白绢病,Sclerotium rolfsii,皮层腐烂,Cortical rot,存在症状,ManifestAs
1592,桃树白绢病,Sclerotium rolfsii,溢出褐色汁液,Brown juice spilling,存在症状,ManifestAs
1593,桃树白绢病,Sclerotium rolfsii,棕褐色或茶褐色油莱籽状的菌核,Brown or tea brown rapeseed-like sclerotia,存在症状,ManifestAs
1594,桃树白绢病,Sclerotium rolfsii,枝条节间缩短,Shortened internodes,存在症状,ManifestAs
1595,桃树白绢病,Sclerotium rolfsii,叶片变小发黄,Leaves become smaller and yellower,存在症状,ManifestAs
1596,桃树白绢病,Sclerotium rolfsii,结果多而小,Many but small results,存在症状,ManifestAs
1597,桃树白绢病,Sclerotium rolfsii,茎基部皮层腐烂,Cortical rot at the base of the stem,存在症状,ManifestAs
1598,桃树白绢病,Sclerotium rolfsii,全株呈青枯状枯死,The whole plant withered and died,存在症状,ManifestAs
1599,桃红粉病,Podosphaera pannosa,果实病斑圆形,Fruit spots are round,存在症状,ManifestAs
1600,桃红粉病,Podosphaera pannosa,呈凹陷腐烂状,Concave and rotten,存在症状,ManifestAs
1601,桃红粉病,Podosphaera pannosa,烂果肉粉红色,Rotten flesh pink,存在症状,ManifestAs
1602,桃红粉病,Podosphaera pannosa,粉红色霉层,Pink mildew layer,存在症状,ManifestAs
1603,桃红粉病,Podosphaera pannosa,霉层略呈轮纹状,The mold layer is slightly ring-shaped,存在症状,ManifestAs
1604,桃红粉病,Podosphaera pannosa,全果腐烂,Whole fruit rot,存在症状,ManifestAs
1605,桃根癌病,Agrobacterium tumefaciens,根瘤大而硬,Large and hard nodules,存在症状,ManifestAs
1606,桃根癌病,Agrobacterium tumefaciens,木质化,Lignification,存在症状,ManifestAs
1607,桃根癌病,Agrobacterium tumefaciens,球形或扁球形,Spherical or oblate,存在症状,ManifestAs
1608,桃根癌病,Agrobacterium tumefaciens,乳白色或略带红色,Milky white or slightly red,存在症状,ManifestAs
1609,桃根癌病,Agrobacterium tumefaciens,表面粗糙或凹凸不平,Rough or uneven surface,存在症状,ManifestAs
1610,桃潜隐花叶病,Mycoplasma laidlawii,大而深的条纹,"Large, dark stripes",存在症状,ManifestAs
1611,桃潜隐花叶病,Mycoplasma laidlawii,白色或黄色奶油状的花叶或印花状病斑,White or yellow creamy mosaic or printed lesions,存在症状,ManifestAs
1612,桃潜隐花叶病,Mycoplasma laidlawii,褪绿斑驳,Chlorotic mottled,存在症状,ManifestAs
1613,桃潜隐花叶病,Mycoplasma laidlawii,边缘坏死的花叶症状,Mosaic symptoms of marginal necrosis,存在症状,ManifestAs
1614,桃潜隐花叶病,Mycoplasma laidlawii,紫色裂纹,Purple Crack,存在症状,ManifestAs
1615,桃潜隐花叶病,Mycoplasma laidlawii,果缝木栓化,Fruit seam corking,存在症状,ManifestAs
1616,桃潜隐花叶病,Mycoplasma laidlawii,植株呈光秃状,The plant is bare,存在症状,ManifestAs
1617,桃树红叶病,Cercospora circumscissa,叶面粉红色,Pink leaves,存在症状,ManifestAs
1618,桃树红叶病,Cercospora circumscissa,黄化或脉间失绿,Yellowing or interveinal chlorosis,存在症状,ManifestAs
1619,桃树红叶病,Cercospora circumscissa,不规则的穿孔,Irregular perforations,存在症状,ManifestAs
1620,桃树红叶病,Cercospora circumscissa,红化症或红斑,Erythrosis or erythema,存在症状,ManifestAs
1621,桃坏死环斑病,Prunus necrotic ringspot virus,初春叶片褪绿,Early spring leaf chlorosis,存在症状,ManifestAs
1622,桃坏死环斑病,Prunus necrotic ringspot virus,褪绿环斑,Chlorotic ring spot,存在症状,ManifestAs
1623,桃坏死环斑病,Prunus necrotic ringspot virus,坏死穿孔或流胶,"Necrosis, perforation or oozing of glue",存在症状,ManifestAs
1624,桃坏死环斑病,Prunus necrotic ringspot virus,病果不着色或着色差,Diseased fruit has no color or poor coloration,存在症状,ManifestAs
1625,桃园根结线虫病,Meloidogyne,白色至黄白,White to yellowish white,存在症状,ManifestAs
1626,桃园根结线虫病,Meloidogyne,瘤呈节结状或鸡爪状,Tumors are nodular or chicken claw-shaped,存在症状,ManifestAs
1627,桃园根结线虫病,Meloidogyne,黄褐色,tan,存在症状,ManifestAs
1628,桃园根结线虫病,Meloidogyne,表面粗糙,Rough surface,存在症状,ManifestAs
1629,桃园根结线虫病,Meloidogyne,少梢短而纤细,Short and slender tips,存在症状,ManifestAs
1630,桃瘿螨畸果病,Eriophyes pyri,枝条死芽,Dead buds,存在症状,ManifestAs
1631,桃瘿螨畸果病,Eriophyes pyri,呈失水状,Dehydrated,存在症状,ManifestAs
1632,桃瘿螨畸果病,Eriophyes pyri,芽小而干瘪,Small and shriveled buds,存在症状,ManifestAs
1633,桃瘿螨畸果病,Eriophyes pyri,芽尖为褐色,Brown bud tip,存在症状,ManifestAs
1634,桃瘿螨畸果病,Eriophyes pyri,形成退绿色斑,Green spots formed,存在症状,ManifestAs
1635,桃瘿螨畸果病,Eriophyes pyri,叶片向正面纵卷,Leaves roll vertically toward the front,存在症状,ManifestAs
1636,桃瘿螨畸果病,Eriophyes pyri,叶片枯黄坠落,Leaves turn yellow and fall,存在症状,ManifestAs
1637,桃瘿螨畸果病,Eriophyes pyri,干斑穿孔,Dry spot perforation,存在症状,ManifestAs
1638,桃瘿螨畸果病,Eriophyes pyri,有果无叶,Fruit without leaves,存在症状,ManifestAs
1639,桃瘿螨畸果病,Eriophyes pyri,出现不规则暗绿色,Irregular dark green,存在症状,ManifestAs
1640,桃瘿螨畸果病,Eriophyes pyri,出现深绿色凹陷,Dark green depression appears,存在症状,ManifestAs
1641,桃瘿螨畸果病,Eriophyes pyri,着色不匀的猴头状,Unevenly colored hericium,存在症状,ManifestAs
1642,桃瘿螨畸果病,Eriophyes pyri,果肉深绿色,Dark green flesh,存在症状,ManifestAs
1643,桃树缺氮症,Nitrogen deficiency,枝条相对变硬,The branches become relatively hard,存在症状,ManifestAs
1644,桃树缺氮症,Nitrogen deficiency,新梢生长短,Short shoot growth,存在症状,ManifestAs
1645,桃树缺氮症,Nitrogen deficiency,细弱而硬化,Thin and hardened,存在症状,ManifestAs
1646,桃树缺氮症,Nitrogen deficiency,皮部呈浅红色或淡褐色,The skin is light red or light brown,存在症状,ManifestAs
1647,桃树缺氮症,Nitrogen deficiency,初期叶片失绿,Initial leaf chlorosis,存在症状,ManifestAs
1648,桃树缺氮症,Nitrogen deficiency,产生红棕色,Produces reddish brown,存在症状,ManifestAs
1649,桃树缺氮症,Nitrogen deficiency,叶肉呈紫褐色坏死,Purple-brown necrosis of the leaf flesh,存在症状,ManifestAs
1650,桃树缺氮症,Nitrogen deficiency,叶肉红色斑点,Red spots on the leaves,存在症状,ManifestAs
1651,桃树缺磷症,Phosphorus deficiency,枝条细而直立,Thin and upright branches,存在症状,ManifestAs
1652,桃树缺磷症,Phosphorus deficiency,呈紫红色,Purple,存在症状,ManifestAs
1653,桃树缺磷症,Phosphorus deficiency,全株叶片呈深,The leaves of the whole plant are dark,存在症状,ManifestAs
1654,桃树缺磷症,Phosphorus deficiency,叶片转青铜色,The leaves turn bronze,存在症状,ManifestAs
1655,桃树缺磷症,Phosphorus deficiency,棕褐色或红褐色,Tan or reddish brown,存在症状,ManifestAs
1656,桃树缺磷症,Phosphorus deficiency,叶尖向下卷曲,Leaf tips curl downward,存在症状,ManifestAs
1657,桃树缺磷症,Phosphorus deficiency,绿色和黄绿色相间的斑纹,Green and yellow-green stripes,存在症状,ManifestAs
1658,桃树缺磷症,Phosphorus deficiency,早期落叶,Early leaf drop,存在症状,ManifestAs
1659,桃树缺磷症,Phosphorus deficiency,叶片稀少,Few leaves,存在症状,ManifestAs
1660,桃树缺磷症,Phosphorus deficiency,花：开花展叶时间,Flowers: flowering and leafing time,存在症状,ManifestAs
1661,桃树缺磷症,Phosphorus deficiency,迟花芽瘦弱,Late flower buds are weak,存在症状,ManifestAs
1662,桃树缺磷症,Phosphorus deficiency,株：桃树生活力,Peach Tree Vitality,存在症状,ManifestAs
1663,桃树缺磷症,Phosphorus deficiency,降生长迟缓,Reduce growth retardation,存在症状,ManifestAs
1664,桃树缺钾症,Kaliopenia,新梢细而长,New shoots are thin and long,存在症状,ManifestAs
1665,桃树缺钾症,Kaliopenia,叶缘枯焦,Leaf edges burn,存在症状,ManifestAs
1666,桃树缺钾症,Kaliopenia,主脉皱缩,Aorta contraction,存在症状,ManifestAs
1667,桃树缺钾症,Kaliopenia,叶片上卷,Leaf curling up,存在症状,ManifestAs
1668,桃树缺钾症,Kaliopenia,褐色坏死斑,Brown necrotic spots,存在症状,ManifestAs
1669,桃树缺钾症,Kaliopenia,叶片背面多变红色,The back of the leaves turns red,存在症状,ManifestAs
1670,桃树缺钾症,Kaliopenia,花芽减少,Reduced flower buds,存在症状,ManifestAs
1671,桃树缺钾症,Kaliopenia,果顶易腐烂,Fruit tops are prone to rot,存在症状,ManifestAs
1672,桃树缺钾症,Kaliopenia,树势明显衰弱,The tree is obviously weak,存在症状,ManifestAs
1673,桃树缺钾症,Kaliopenia,全树萎蔫,The whole tree wilts,存在症状,ManifestAs
1674,桃树缺铁症,Chlorosis,新梢节间短,Short internodes of new shoots,存在症状,ManifestAs
1675,桃树缺铁症,Chlorosis,嫩叶变黄,Young leaves turn yellow,存在症状,ManifestAs
1676,桃树缺铁症,Chlorosis,叶脉现淡绿色,Leaf veins appear light green,存在症状,ManifestAs
1677,桃树缺铁症,Chlorosis,茶褐色坏死斑,Brown necrotic spots,存在症状,ManifestAs
1678,桃树缺铁症,Chlorosis,花芽不饱满,Flower buds not full,存在症状,ManifestAs
1679,桃树缺铁症,Chlorosis,树冠稀疏,Sparse tree crown,存在症状,ManifestAs
1680,桃树缺铁症,Chlorosis,树势衰弱,Tree weakness,存在症状,ManifestAs
1681,桃树缺锌症,Zinc deficiency,叶片变窄,Narrowing of the blades,存在症状,ManifestAs
1682,桃树缺锌症,Zinc deficiency,不同程度皱叶,Different degrees of wrinkled leaves,存在症状,ManifestAs
1683,桃树缺锌症,Zinc deficiency,叶脉附近淡绿色,Light green near the veins,存在症状,ManifestAs
1684,桃树缺锌症,Zinc deficiency,叶片薄似透明,Thin and transparent leaves,存在症状,ManifestAs
1685,桃树缺锌症,Zinc deficiency,叶缘向上卷,Leaf margins curl upward,存在症状,ManifestAs
1686,桃树缺锌症,Zinc deficiency,红色或紫色污斑,Red or purple stains,存在症状,ManifestAs
1687,桃树缺锌症,Zinc deficiency,节间呈莲座状叶,Rosette-shaped leaves,存在症状,ManifestAs
1688,桃树缺锌症,Zinc deficiency,花形成减少,Decreased flower formation,存在症状,ManifestAs
1689,桃树缺锌症,Zinc deficiency,果实小,Small fruit,存在症状,ManifestAs
1690,桃树缺锌症,Zinc deficiency,果形不整,Irregular fruit shape,存在症状,ManifestAs
1691,桃树缺锌症,Zinc deficiency,果形小而扁,Small and flat fruit,存在症状,ManifestAs
1692,桃树缺锌症,Zinc deficiency,叶下,Under the leaves,存在症状,ManifestAs
1693,桃树缺钙症,Calcium deficiency,叶尖为浅绿色,Light green leaf tips,存在症状,ManifestAs
1694,桃树缺钙症,Calcium deficiency,幼叶金叶变黄,Young leaves turn golden yellow,存在症状,ManifestAs
1695,桃树缺钙症,Calcium deficiency,红褐色坏死斑,Reddish brown necrotic spots,存在症状,ManifestAs
1696,桃树缺钙症,Calcium deficiency,变形呈钩状,Deformed into hook shape,存在症状,ManifestAs
1697,桃树缺钙症,Calcium deficiency,枝梢顶枯,Branch dieback,存在症状,ManifestAs
1698,桃树缺钙症,Calcium deficiency,叶柄变脆,Petiole becomes brittle,存在症状,ManifestAs
1699,桃树缺铜症,Chlorosis,新梢顶枯,New shoots die back,存在症状,ManifestAs
1700,桃树缺铜症,Chlorosis,新梢外观似萎蔫,New shoots appear wilted,存在症状,ManifestAs
1701,桃树缺铜症,Chlorosis,呈丛,Cluster,存在症状,ManifestAs
1702,桃树缺铜症,Chlorosis,树皮粗糙,Rough bark,存在症状,ManifestAs
1703,桃树缺铜症,Chlorosis,树体矮化,Tree dwarfing,存在症状,ManifestAs
1704,桃树缺铜症,Chlorosis,不规则褐色坏死斑,Irregular brown necrotic spots,存在症状,ManifestAs
1705,桃树缺铜症,Chlorosis,龟裂或流,Cracks or flows,存在症状,ManifestAs
1706,桃树缺锰症,Cladosporium carpophilum,新梢生长矮化,Dwarfing of new shoot growth,存在症状,ManifestAs
1707,桃树缺锰症,Cladosporium carpophilum,叶缘色呈浅绿,Light green leaf edges,存在症状,ManifestAs
1708,桃树缺锰症,Cladosporium carpophilum,脉间失绿,Intervein chlorosis,存在症状,ManifestAs
1709,桃树缺锰症,Cladosporium carpophilum,呈绿色网纹状,Green reticular,存在症状,ManifestAs
1710,桃树缺锰症,Cladosporium carpophilum,中脉保持绿色,Keep the midrib green,存在症状,ManifestAs
1711,桃树缺锰症,Cladosporium carpophilum,叶片大部黄化,Most of the leaves are yellowing,存在症状,ManifestAs
1712,桃树缺锰症,Cladosporium carpophilum,呈黄白色,Yellowish white,存在症状,ManifestAs
1713,桃树缺锰症,Cladosporium carpophilum,叶片一,Leaf 1,存在症状,ManifestAs
1714,桃树缺锰症,Cladosporium carpophilum,褐色坏死斑,Brown necrotic spots,存在症状,ManifestAs
1715,桃树缺锰症,Cladosporium carpophilum,早期落叶,Early leaf drop,存在症状,ManifestAs
1716,桃树缺锰症,Cladosporium carpophilum,结果少,Few results,存在症状,ManifestAs
1717,桃树缺锰症,Cladosporium carpophilum,果实着色不好,Poor fruit coloring,存在症状,ManifestAs
1718,桃树缺硼症,Boronia ledifolia,新梢顶枯,New shoots die back,存在症状,ManifestAs
1719,桃树缺硼症,Boronia ledifolia,呈丛枝状,Arbuscular,存在症状,ManifestAs
1720,桃树缺硼症,Boronia ledifolia,枝干流胶,Branch and trunk gum flow,存在症状,ManifestAs
1721,桃树缺硼症,Boronia ledifolia,树皮粗糙,Rough bark,存在症状,ManifestAs
1722,桃树缺硼症,Boronia ledifolia,幼叶黄绿,Young leaves yellow-green,存在症状,ManifestAs
1723,桃树缺硼症,Boronia ledifolia,病叶凸起,Diseased leaves bulge,存在症状,ManifestAs
1724,桃树缺硼症,Boronia ledifolia,叶脉变红,Leaf veins turn red,存在症状,ManifestAs
1725,桃树缺硼症,Boronia ledifolia,叶片簇生,Clustered leaves,存在症状,ManifestAs
1726,桃树缺硼症,Boronia ledifolia,引起大量,Cause a lot of,存在症状,ManifestAs
1727,桃剑纹夜蛾,Acronicta increta,不规则的坑洼,Irregular potholes,存在症状,ManifestAs
1728,桑剑纹夜蛾,Acronicta major,缺刻或孔洞,Notches or holes,存在症状,ManifestAs
1729,蓝目天蛾,Smerinthus planus,缺刻或孔洞,Notches or holes,存在症状,ManifestAs
1730,蓝目天蛾,Smerinthus planus,叶片吃光,Eat all the leaves,存在症状,ManifestAs
1731,蓝目天蛾,Smerinthus planus,残留叶柄,Remaining petiole,存在症状,ManifestAs
1732,褐刺蛾,Thosea sinensis,缺刻状,Notch,存在症状,ManifestAs
1733,双齿绿刺蛾,Latoia consocia,罗底状半透明斑,Translucent spot,存在症状,ManifestAs
1734,双齿绿刺蛾,Latoia consocia,缺刻或孔洞,Notches or holes,存在症状,ManifestAs
1735,双齿绿刺蛾,Latoia consocia,叶片吃光,Eat all the leaves,存在症状,ManifestAs
1736,中国绿刺蛾,Latoia sinica,缺刻或孔洞,Notches or holes,存在症状,ManifestAs
1737,中国绿刺蛾,Latoia sinica,叶片吃光,Eat all the leaves,存在症状,ManifestAs
1738,白杨枯叶蛾,Gastropacha populifolia,缺刻或孔洞,Notches or holes,存在症状,ManifestAs
1739,黄斑卷蛾,Choristoneura longicellana,肉残留,Meat residue,存在症状,ManifestAs
1740,黄斑卷蛾,Choristoneura longicellana,片仅留,Only the film remains,存在症状,ManifestAs
1741,黄斑卷蛾,Choristoneura longicellana,片使整个叶簇卷,The whole leaf cluster is rolled up,存在症状,ManifestAs
1742,顶芽卷蛾,Spilonota lechriaspis,被害顶梢叶苞,Damaged top leaf bracts,存在症状,ManifestAs
1743,水木坚蚧,Parthenolecanium corni,枝梢生长不良,Poor shoot growth,存在症状,ManifestAs
1744,海棠透翅蛾,Synanthedon haitangvora,树势衰弱,Tree weakness,存在症状,ManifestAs
1745,海棠透翅蛾,Synanthedon haitangvora,树体死亡,Tree death,存在症状,ManifestAs
1746,桃仁蜂,Eurytoma persicae,灰黑色僵果,Gray black dead fruit,存在症状,ManifestAs
1747,桃瘤蚜,Myzus persicae,边缘向背后纵向卷曲,The edges curl vertically toward the back,存在症状,ManifestAs
1748,桃瘤蚜,Myzus persicae,凸凹不平,Uneven,存在症状,ManifestAs
1749,桃瘤蚜,Myzus persicae,整叶卷成细绳状,The whole leaf is rolled into a thin rope,存在症状,ManifestAs
1750,李袋果病,Erwinia amylovora,枝梢呈灰色,Gray branches,存在症状,ManifestAs
1751,李袋果病,Erwinia amylovora,略膨胀,Slightly expanded,存在症状,ManifestAs
1752,李袋果病,Erwinia amylovora,弯曲畸形,Curvature,存在症状,ManifestAs
1753,李袋果病,Erwinia amylovora,组织松软,Soft tissue,存在症状,ManifestAs
1754,李袋果病,Erwinia amylovora,银白色粉状物,Silvery white powder,存在症状,ManifestAs
1755,李袋果病,Erwinia amylovora,黄色或红色,Yellow or red,存在症状,ManifestAs
1756,李袋果病,Erwinia amylovora,叶面皱缩不平,Wrinkled and uneven leaves,存在症状,ManifestAs
1757,李袋果病,Erwinia amylovora,似桃缩叶病,Peach leaf curl,存在症状,ManifestAs
1758,李袋果病,Erwinia amylovora,初呈圆形或袋状,Initially round or bag-shaped,存在症状,ManifestAs
1759,李袋果病,Erwinia amylovora,狭长略弯曲,Narrow and slightly curved,存在症状,ManifestAs
1760,李袋果病,Erwinia amylovora,病果平滑,Diseased fruit smooth,存在症状,ManifestAs
1761,李袋果病,Erwinia amylovora,浅黄色至红色,Light yellow to red,存在症状,ManifestAs
1762,李袋果病,Erwinia amylovora,灰色至暗褐色或黑色而脱落,Gray to dark brown or black and falls off,存在症状,ManifestAs
1763,李袋果病,Erwinia amylovora,长中空,Long Hollow,存在症状,ManifestAs
1764,李红点病,Diplocarpon mali,边缘清晰的近圆形斑点,Nearly circular spots with clear edges,存在症状,ManifestAs
1765,李红点病,Diplocarpon mali,深红色小粒点,Dark red dots,存在症状,ManifestAs
1766,李红点病,Diplocarpon mali,正面凹陷,Front concave,存在症状,ManifestAs
1767,李红点病,Diplocarpon mali,背面凸起,Raised back,存在症状,ManifestAs
1768,李红点病,Diplocarpon mali,叶片卷曲,Leaf curling,存在症状,ManifestAs
1769,李红点病,Diplocarpon mali,黑色小粒点,Black small dots,存在症状,ManifestAs
1770,李红点病,Diplocarpon mali,叶色变黄,Leaves turn yellow,存在症状,ManifestAs
1771,李红点病,Diplocarpon mali,早期落叶,Early leaf drop,存在症状,ManifestAs
1772,李红点病,Diplocarpon mali,红色圆形病斑,Red circular spots,存在症状,ManifestAs
1773,李红点病,Diplocarpon mali,边缘不明显,The edge is not obvious,存在症状,ManifestAs
1774,李红点病,Diplocarpon mali,深红色小粉点,Dark red small pink dots,存在症状,ManifestAs
1775,李褐腐病,Monilinia fructicola,褐色的斑点,Brown spots,存在症状,ManifestAs
1776,李褐腐病,Monilinia fructicola,灰色霉层,Gray mold layer,存在症状,ManifestAs
1777,李褐腐病,Monilinia fructicola,褐色圆形病斑,Brown circular spots,存在症状,ManifestAs
1778,李褐腐病,Monilinia fructicola,果肉变褐软腐,The flesh turns brown and becomes soft and rotten,存在症状,ManifestAs
1779,李褐腐病,Monilinia fructicola,灰白色霉层,Grayish white mold layer,存在症状,ManifestAs
1780,李细菌性穿孔病,Xanthomonas campestris,水渍状小肿瘤,Small water-soaked tumor,存在症状,ManifestAs
1781,李细菌性穿孔病,Xanthomonas campestris,近梭型溃疡斑,Near spindle ulcer plaque,存在症状,ManifestAs
1782,李细菌性穿孔病,Xanthomonas campestris,水浸状小斑点,Small water-soaked spots,存在症状,ManifestAs
1783,李细菌性穿孔病,Xanthomonas campestris,褐色至紫褐色,Brown to purple brown,存在症状,ManifestAs
1784,李细菌性穿孔病,Xanthomonas campestris,黄绿色晕圈的病斑,Yellow-green halo lesions,存在症状,ManifestAs
1785,李细菌性穿孔病,Xanthomonas campestris,黄白色粘稠的菌脓,Yellow-white sticky pus,存在症状,ManifestAs
1786,李细菌性穿孔病,Xanthomonas campestris,叶片枯焦脱落,Leaves scorch and fall off,存在症状,ManifestAs
1787,李细菌性穿孔病,Xanthomonas campestris,水渍状小点,Water stains,存在症状,ManifestAs
1788,李细菌性穿孔病,Xanthomonas campestris,暗紫色,Dark purple,存在症状,ManifestAs
1789,李细菌性穿孔病,Xanthomonas campestris,水渍状晕环,Water-stained halo,存在症状,ManifestAs
1790,李细菌性穿孔病,Xanthomonas campestris,中间稍凹陷,Slightly concave in the middle,存在症状,ManifestAs
1791,李细菌性穿孔病,Xanthomonas campestris,表面硬化粗糙,Surface hardening rough,存在症状,ManifestAs
1792,李细菌性穿孔病,Xanthomonas campestris,不规则裂缝的病斑,Irregular cracks,存在症状,ManifestAs
1793,李线纹病,Xanthomonas pruni,淡绿色,Light green,存在症状,ManifestAs
1794,李线纹病,Xanthomonas pruni,乳白色的斑纹,Milky white markings,存在症状,ManifestAs
1795,李线纹病,Xanthomonas pruni,淡绿色带状斑纹,Light green stripes,存在症状,ManifestAs
1796,李线纹病,Xanthomonas pruni,波浪状淡绿色,Wavy light green,存在症状,ManifestAs
1797,李线纹病,Xanthomonas pruni,或黄色线纹斑,Yellow Linear Spots,存在症状,ManifestAs
1798,李线纹病,Xanthomonas pruni,乳白色斑点,Milky white spots,存在症状,ManifestAs
1799,李线纹病,Xanthomonas pruni,大面积褪绿斑块,Large areas of chlorotic patches,存在症状,ManifestAs
1800,李树流胶病,Botryosphaeria dothidea,分泌出透明柔软,Secrete transparent and soft,存在症状,ManifestAs
1801,李树流胶病,Botryosphaeria dothidea,后变成褐色胶,Then it turns into brown glue,存在症状,ManifestAs
1802,李树流胶病,Botryosphaeria dothidea,树皮裂缝,Cracks in the bark,存在症状,ManifestAs
1803,李树流胶病,Botryosphaeria dothidea,变质腐朽,Deterioration,存在症状,ManifestAs
1804,李树流胶病,Botryosphaeria dothidea,黄色胶质溢出果面,Yellow colloid overflows from the fruit surface,存在症状,ManifestAs
1805,李树流胶病,Botryosphaeria dothidea,病部硬化,Hardening of diseased part,存在症状,ManifestAs
1806,黄斑卷叶蛾,Choristoneura longicellana,肉残留,Meat residue,存在症状,ManifestAs
1807,黄斑卷叶蛾,Choristoneura longicellana,片仅留,Only the film remains,存在症状,ManifestAs
1808,黄斑卷叶蛾,Choristoneura longicellana,片使整个叶簇卷,The whole leaf cluster is rolled up,存在症状,ManifestAs
1809,杏象甲,Rhynchites faldermanni,蛀孔累累,Many holes,存在症状,ManifestAs
1810,杏象甲,Rhynchites faldermanni,果实干腐脱落,Fruit drying and rotting,存在症状,ManifestAs
1811,杏象甲,Rhynchites faldermanni,大量落果,Large amount of fruit drop,存在症状,ManifestAs
1812,苹小卷叶蛾,Adoxophyes orana,嫩叶边缘卷曲,Young leaves with curled edges,存在症状,ManifestAs
1813,苹小卷叶蛾,Adoxophyes orana,孔洞或缺刻,Holes or notches,存在症状,ManifestAs
1814,苹小卷叶蛾,Adoxophyes orana,不规则的小坑洼,Irregular small potholes,存在症状,ManifestAs
1815,铜绿丽金龟子,Anomala corpulenta,叶片残缺不全,Incomplete leaves,存在症状,ManifestAs
1816,铜绿丽金龟子,Anomala corpulenta,仅留叶柄,Only petiole remains,存在症状,ManifestAs
1817,李短尾蚜,Brachycaudus helichrysi,幼叶畸形卷缩,Young leaves are deformed and curled,存在症状,ManifestAs
1818,李短尾蚜,Brachycaudus helichrysi,嫩顶弯曲,Tender top bending,存在症状,ManifestAs
1819,杏树腐烂病,Valsa mali,病斑肿胀,Swelling of lesions,存在症状,ManifestAs
1820,杏树腐烂病,Valsa mali,暗红,Dark red,存在症状,ManifestAs
1821,杏树腐烂病,Valsa mali,黄色液体溢出,Yellow liquid spilling,存在症状,ManifestAs
1822,杏树腐烂病,Valsa mali,黄褐色腐烂,Yellowish brown rot,存在症状,ManifestAs
1823,杏树腐烂病,Valsa mali,棕黄色卷须状孢子角,Brownish yellow tendril-like spore horn,存在症状,ManifestAs
1824,杏疔病,Polystigma rubrum,节间短而粗,Internodes short and thick,存在症状,ManifestAs
1825,杏疔病,Polystigma rubrum,全叶变,Whole leaf change,存在症状,ManifestAs
1826,杏疔病,Polystigma rubrum,质硬呈革质,Hard leathery,存在症状,ManifestAs
1827,杏疔病,Polystigma rubrum,满褐色小粒点,Full of brown spots,存在症状,ManifestAs
1828,杏疔病,Polystigma rubrum,向下卷曲,Curl down,存在症状,ManifestAs
1829,杏疔病,Polystigma rubrum,橘红色粘液,Orange-red mucus,存在症状,ManifestAs
1830,杏疔病,Polystigma rubrum,叶柄基部肿胀,Swelling at the base of the petiole,存在症状,ManifestAs
1831,杏疔病,Polystigma rubrum,小红点,Little Red Dot,存在症状,ManifestAs
1832,杏疔病,Polystigma rubrum,叶柄短而呈黄色,Short yellow petiole,存在症状,ManifestAs
1833,杏疔病,Polystigma rubrum,质脆易碎,Brittle and fragile,存在症状,ManifestAs
1834,杏疔病,Polystigma rubrum,花萼肥厚,Thick calyx,存在症状,ManifestAs
1835,杏疔病,Polystigma rubrum,病枝结果少或不结果,Diseased branches produce little or no fruit,存在症状,ManifestAs
1836,杏疔病,Polystigma rubrum,淡黄色病斑,Pale yellow spots,存在症状,ManifestAs
1837,杏疔病,Polystigma rubrum,红褐色小粒点,Reddish brown small spots,存在症状,ManifestAs
1838,杏褐腐病,Monilinia laxa,圆形褐色斑,Round brown spots,存在症状,ManifestAs
1839,杏褐腐病,Monilinia laxa,果肉变褐,The flesh turns brown,存在症状,ManifestAs
1840,杏褐腐病,Monilinia laxa,特殊香气,Special aroma,存在症状,ManifestAs
1841,杏黑粒枝枯病,Eutypa lata,椭圆形病斑,Oval lesions,存在症状,ManifestAs
1842,杏黑粒枝枯病,Eutypa lata,黑褐色,Dark brown,存在症状,ManifestAs
1843,杏黑粒枝枯病,Eutypa lata,波状轮纹,Wave wheel pattern,存在症状,ManifestAs
1844,杏黑粒枝枯病,Eutypa lata,树脂状物溢出,Resinous substance overflow,存在症状,ManifestAs
1845,杏黑粒枝枯病,Eutypa lata,病斑褐色至黑褐色,Lesions brown to dark brown,存在症状,ManifestAs
1846,杏树流胶病,Botryosphaeria dothidea,透明柔软的树胶,Transparent soft gum,存在症状,ManifestAs
1847,杏树流胶病,Botryosphaeria dothidea,晶莹柔软的胶块,Crystal clear soft rubber block,存在症状,ManifestAs
1848,杏树流胶病,Botryosphaeria dothidea,茶褐色硬质胶块,Brown hard rubber block,存在症状,ManifestAs
1849,杏树流胶病,Botryosphaeria dothidea,树皮裂缝,Cracks in the bark,存在症状,ManifestAs
1850,杏干枯病,Botryosphaeria dothidea,呈枯死状,Dead,存在症状,ManifestAs
1851,杏干枯病,Botryosphaeria dothidea,酒槽气味,Wine lees smell,存在症状,ManifestAs
1852,杏干枯病,Botryosphaeria dothidea,放射状小突起,Radial protuberances,存在症状,ManifestAs
1853,杏干枯病,Botryosphaeria dothidea,红褐色丝状物,Reddish brown filaments,存在症状,ManifestAs
1854,杏干枯病,Botryosphaeria dothidea,椭圆形黑色小粒点,Oval black dots,存在症状,ManifestAs
1855,杏干枯病,Botryosphaeria dothidea,褐色圆形斑,Brown round spots,存在症状,ManifestAs
1856,杏细菌性穿孔病,Xanthomonas arboricola,水渍状小点,Water stains,存在症状,ManifestAs
1857,杏细菌性穿孔病,Xanthomonas arboricola,圆形或不规则形病,Round or irregular shape,存在症状,ManifestAs
1858,杏细菌性穿孔病,Xanthomonas arboricola,紫褐色至黑褐,Purple brown to dark brown,存在症状,ManifestAs
1859,杏细菌性穿孔病,Xanthomonas arboricola,有黄绿色晕圈,With yellow-green halo,存在症状,ManifestAs
1860,杏细菌性穿孔病,Xanthomonas arboricola,病斑干枯发白色,The lesions dry and turn white,存在症状,ManifestAs
1861,杏细菌性穿孔病,Xanthomonas arboricola,暗紫色,Dark purple,存在症状,ManifestAs
1862,杏细菌性穿孔病,Xanthomonas arboricola,中央稍凹陷的斑,Slightly sunken spot in the center,存在症状,ManifestAs
1863,杏细菌性穿孔病,Xanthomonas arboricola,边缘水渍状,Edge water stains,存在症状,ManifestAs
1864,杏细菌性穿孔病,Xanthomonas arboricola,黄白色粘质物,Yellow-white sticky substance,存在症状,ManifestAs
1865,苹果轮纹病,Botryosphaeria dothidea,近圆形或不规则形红褐色小斑点,Nearly round or irregular reddish-brown spots,存在症状,ManifestAs
1866,苹果轮纹病,Botryosphaeria dothidea,褐色圆形或不规则形病斑,Brown round or irregular lesions,存在症状,ManifestAs
1867,苹果轮纹病,Botryosphaeria dothidea,褐色或黄褐色小斑点,Small brown or yellowish brown spots,存在症状,ManifestAs
1868,苹果轮纹病,Botryosphaeria dothidea,黄褐色,tan,存在症状,ManifestAs
1869,苹果轮纹病,Botryosphaeria dothidea,深褐色相间的圆形或近圆形同心轮纹,Dark brown and circular or nearly circular concentric rings,存在症状,ManifestAs
1870,苹果轮纹病,Botryosphaeria dothidea,果肉褐色,Brown flesh,存在症状,ManifestAs
1871,苹果轮纹病,Botryosphaeria dothidea,呈黄褐,Yellowish brown,存在症状,ManifestAs
1872,苹果轮纹病,Botryosphaeria dothidea,深褐色交错的云形斑纹,Dark brown interlaced cloud-shaped patterns,存在症状,ManifestAs
1873,苹果轮纹病,Botryosphaeria dothidea,茶褐色液体,Brown liquid,存在症状,ManifestAs
1874,苹果轮纹病,Botryosphaeria dothidea,暗褐色硬痂,Dark brown crust,存在症状,ManifestAs
1875,苹果轮纹病,Botryosphaeria dothidea,病皮暗褐色,Diseased skin dark brown,存在症状,ManifestAs
1876,苹果炭疽溃疡病,Glomerella cingulata,红色或紫色小圆点,Red or purple dots,存在症状,ManifestAs
1877,苹果炭疽溃疡病,Glomerella cingulata,桔红色或褐色椭圆形凹陷斑,Orange or brown oval sunken spots,存在症状,ManifestAs
1878,苹果炭疽溃疡病,Glomerella cingulata,奶油色分生孢子盘,Cream-colored conidia disc,存在症状,ManifestAs
1879,苹果炭疽溃疡病,Glomerella cingulata,纵向韧皮纤维,Longitudinal bast fibers,存在症状,ManifestAs
1880,苹果炭疽溃疡病,Glomerella cingulata,椭圆形桔红色凹陷斑,Oval orange-red sunken spots,存在症状,ManifestAs
1881,苹果灰斑病,Botryosphaeria dothidea,块状或条状坏死斑,Blocky or stripe necrotic spots,存在症状,ManifestAs
1882,苹果灰斑病,Botryosphaeria dothidea,圆形或近圆形病斑,Circular or nearly circular lesions,存在症状,ManifestAs
1883,苹果灰斑病,Botryosphaeria dothidea,边缘清,Edge Clear,存在症状,ManifestAs
1884,苹果灰斑病,Botryosphaeria dothidea,中央散生小黑点,Scattered black spots in the center,存在症状,ManifestAs
1885,苹果灰斑病,Botryosphaeria dothidea,病斑圆形或不整形,Lesions are round or irregular,存在症状,ManifestAs
1886,苹果灰斑病,Botryosphaeria dothidea,灰褐色或黄褐色,Gray or yellowish brown,存在症状,ManifestAs
1887,苹果灰斑病,Botryosphaeria dothidea,呈白色,White,存在症状,ManifestAs
1888,苹果白星病,Venturia inaequalis,病斑圆形或近圆形,Lesions are round or nearly round,存在症状,ManifestAs
1889,苹果白星病,Venturia inaequalis,灰白色至淡褐色,Off-white to light brown,存在症状,ManifestAs
1890,苹果白星病,Venturia inaequalis,具褐色较细的,Brown and thin,存在症状,ManifestAs
1891,苹果轮斑病,Alternaria mali,圆形小斑点,Small round spots,存在症状,ManifestAs
1892,苹果轮斑病,Alternaria mali,褐色至黑褐色,Brown to dark brown,存在症状,ManifestAs
1893,苹果轮斑病,Alternaria mali,叶缘病斑呈半圆形,Semicircular lesions on leaf margins,存在症状,ManifestAs
1894,苹果轮斑病,Alternaria mali,中央呈灰褐至灰白色,Grayish brown to grayish white in the center,存在症状,ManifestAs
1895,苹果轮斑病,Alternaria mali,黑色霉状物,Black mold,存在症状,ManifestAs
1896,苹果轮斑病,Alternaria mali,病斑黑色,Black spots,存在症状,ManifestAs
1897,苹果轮斑病,Alternaria mali,病部软化,Softening of the affected area,存在症状,ManifestAs
1898,苹果树枝溃疡病,Nectria galligena,红褐色圆形小斑点,Small reddish brown round spots,存在症状,ManifestAs
1899,苹果树枝溃疡病,Nectria galligena,中间凹陷,Middle depression,存在症状,ManifestAs
1900,苹果树枝溃疡病,Nectria galligena,病斑又呈梭形,The lesions are spindle-shaped,存在症状,ManifestAs
1901,苹果树枝溃疡病,Nectria galligena,呈梭形同心轮纹状,Spindle-shaped concentric ring pattern,存在症状,ManifestAs
1902,苹果树枝溃疡病,Nectria galligena,树体缺枝,Tree missing branches,存在症状,ManifestAs
1903,苹果树泡性溃疡病,Valsa mali,病部表皮呈泡状,The epidermis of the affected area is blister-like,存在症状,ManifestAs
1904,苹果树泡性溃疡病,Valsa mali,个个黑褐色圈纹,Dark brown circles,存在症状,ManifestAs
1905,苹果树泡性溃疡病,Valsa mali,溢出褐色液体,Brown liquid spilling,存在症状,ManifestAs
1906,苹果干枯病,Venturia inaequalis,沿边缘纵向裂开而下,Crack down along the edge,存在症状,ManifestAs
1907,苹果干枯病,Venturia inaequalis,生黑色小粒点,Black small dots,存在症状,ManifestAs
1908,苹果干枯病,Venturia inaequalis,黄褐色丝状孢子角,Yellowish brown filamentous spore horn,存在症状,ManifestAs
1909,苹果树枝枯病,Botryosphaeria dothidea,褐色不规则凹陷斑,Brown irregular sunken spots,存在症状,ManifestAs
1910,苹果树枝枯病,Botryosphaeria dothidea,树皮脱落,Bark falling off,存在症状,ManifestAs
1911,苹果树枝枯病,Botryosphaeria dothidea,木质部外露,Exposed wood,存在症状,ManifestAs
1912,苹果树枝枯病,Botryosphaeria dothidea,枝条枯死,Dead branches,存在症状,ManifestAs
1913,苹果树木腐病,Fomes fomentarius,树皮腐朽,Bark decay,存在症状,ManifestAs
1914,苹果树木腐病,Fomes fomentarius,大型条状溃疡斑,Large stripe ulcers,存在症状,ManifestAs
1915,苹果树木腐病,Fomes fomentarius,削弱树势,Weakening the tree,存在症状,ManifestAs
1916,苹果锈病,Gymnosporangium juniperi-virginianae,病部为橙黄色,The diseased part is orange-yellow,存在症状,ManifestAs
1917,苹果锈病,Gymnosporangium juniperi-virginianae,隆起呈纺锤形,The protuberance is spindle-shaped,存在症状,ManifestAs
1918,苹果锈病,Gymnosporangium juniperi-virginianae,半球形或球形瘿瘤,Hemispherical or spherical gall,存在症状,ManifestAs
1919,苹果锈病,Gymnosporangium juniperi-virginianae,呈胶质花瓣状,Gelatinous petal-shaped,存在症状,ManifestAs
1920,苹果锈病,Gymnosporangium juniperi-virginianae,橙黄色有光泽的小斑点,Small shiny orange spots,存在症状,ManifestAs
1921,苹果锈病,Gymnosporangium juniperi-virginianae,橙黄色圆形,Orange round,存在症状,ManifestAs
1922,苹果锈病,Gymnosporangium juniperi-virginianae,密生鲜黄色细小,Densely growing bright yellow small,存在症状,ManifestAs
1923,苹果锈病,Gymnosporangium juniperi-virginianae,病斑正面凹陷,The front of the lesion is sunken,存在症状,ManifestAs
1924,苹果锈病,Gymnosporangium juniperi-virginianae,丛生淡黄色毛状物,Pale yellow hairs,存在症状,ManifestAs
1925,苹果锈病,Gymnosporangium juniperi-virginianae,近圆形的黄色病斑,Nearly circular yellow spots,存在症状,ManifestAs
1926,苹果锈病,Gymnosporangium juniperi-virginianae,病斑为梭形,The lesions are spindle-shaped,存在症状,ManifestAs
1927,苹果锈病,Gymnosporangium juniperi-virginianae,橙黄色,Orange,存在症状,ManifestAs
1928,苹果锈病,Gymnosporangium juniperi-virginianae,前期橙黄,Early orange,存在症状,ManifestAs
1929,苹果霉心病,Neofabraea malicorticis,灰绿,Gray Green,存在症状,ManifestAs
1930,苹果霉心病,Neofabraea malicorticis,果肉烂透,The flesh is rotten,存在症状,ManifestAs
1931,苹果霉心病,Neofabraea malicorticis,腐烂果肉味苦,Rotten flesh tastes bitter,存在症状,ManifestAs
1932,苹果花腐病,Monilinia mali,褐色溃疡斑,Brown ulcer spots,存在症状,ManifestAs
1933,苹果花腐病,Monilinia mali,病部下陷干枯,The diseased part sinks and dries up,存在症状,ManifestAs
1934,苹果花腐病,Monilinia mali,赤褐色小病斑,Small reddish brown spots,存在症状,ManifestAs
1935,苹果花腐病,Monilinia mali,呈放射状,Radial,存在症状,ManifestAs
1936,苹果花腐病,Monilinia mali,病叶腐烂,Diseased leaf rot,存在症状,ManifestAs
1937,苹果花腐病,Monilinia mali,萎凋下垂,Withering and drooping,存在症状,ManifestAs
1938,苹果花腐病,Monilinia mali,呈黄褐色枯萎,Yellowish brown withered,存在症状,ManifestAs
1939,苹果花腐病,Monilinia mali,褐色病斑,Brown spots,存在症状,ManifestAs
1940,苹果炭疽病,Glomerella cingulata,褐色小点,Brown dots,存在症状,ManifestAs
1941,苹果炭疽病,Glomerella cingulata,暗褐色,Dark brown,存在症状,ManifestAs
1942,苹果炭疽病,Glomerella cingulata,表面凹陷的同心状轮纹斑,Concentric ring patterns with depressions on the surface,存在症状,ManifestAs
1943,苹果炭疽病,Glomerella cingulata,果心呈漏斗形变褐腐烂,"The fruit core is funnel-shaped, brown and rotten",存在症状,ManifestAs
1944,苹果炭疽病,Glomerella cingulata,生出轮纹排列的,Producing wheel pattern arrangement,存在症状,ManifestAs
1945,苹果炭疽病,Glomerella cingulata,可溢出粉红,Overflowable pink,存在症状,ManifestAs
1946,苹果炭疽病,Glomerella cingulata,起腐烂落果,Fruit rot and fall,存在症状,ManifestAs
1947,苹果炭疽病,Glomerella cingulata,病斑呈深红色小斑点,The lesions are small dark red spots,存在症状,ManifestAs
1948,苹果炭疽病,Glomerella cingulata,黑色僵果脱落,Black dead fruit falling off,存在症状,ManifestAs
1949,苹果炭疽病,Glomerella cingulata,深红色小斑点,Small dark red spots,存在症状,ManifestAs
1950,苹果炭疽病,Glomerella cingulata,暗褐色小点,Dark brown dots,存在症状,ManifestAs
1951,苹果疫腐病,Phytophthora parasitica das-tur,皮层褐色腐烂,Brown rot of the cortex,存在症状,ManifestAs
1952,苹果疫腐病,Phytophthora parasitica das-tur,根颈部环状腐烂,Root neck ring rot,存在症状,ManifestAs
1953,苹果疫腐病,Phytophthora parasitica das-tur,病树枯死,Diseased trees die,存在症状,ManifestAs
1954,苹果疫腐病,Phytophthora parasitica das-tur,暗褐色腐烂,Dark brown rot,存在症状,ManifestAs
1955,苹果疫腐病,Phytophthora parasitica das-tur,木质部浅层变褐,Light browning of the xylem,存在症状,ManifestAs
1956,苹果疫腐病,Phytophthora parasitica das-tur,树体枯死,Tree death,存在症状,ManifestAs
1957,苹果疫腐病,Phytophthora parasitica das-tur,不规则形,Irregular,存在症状,ManifestAs
1958,苹果疫腐病,Phytophthora parasitica das-tur,灰褐色或暗褐色,Gray or dark brown,存在症状,ManifestAs
1959,苹果疫腐病,Phytophthora parasitica das-tur,水渍状,Water stain,存在症状,ManifestAs
1960,苹果疫腐病,Phytophthora parasitica das-tur,叶片腐烂,Leaf rot,存在症状,ManifestAs
1961,苹果疫腐病,Phytophthora parasitica das-tur,褐色斑点,Brown spots,存在症状,ManifestAs
1962,苹果疫腐病,Phytophthora parasitica das-tur,边缘不清晰,The edge is not clear,存在症状,ManifestAs
1963,苹果疫腐病,Phytophthora parasitica das-tur,病斑不规则,Irregular lesions,存在症状,ManifestAs
1964,苹果疫腐病,Phytophthora parasitica das-tur,暗红褐色,Dark reddish brown,存在症状,ManifestAs
1965,苹果疫腐病,Phytophthora parasitica das-tur,边缘水渍状,Edge water stains,存在症状,ManifestAs
1966,苹果疫腐病,Phytophthora parasitica das-tur,果肉腐烂,Fruit pulp rot,存在症状,ManifestAs
1967,苹果疫腐病,Phytophthora parasitica das-tur,白色绵毛状的,White wooly,存在症状,ManifestAs
1968,苹果煤污病,Gloeodes pomigena,黑灰色煤状物,Black gray coal-like substance,存在症状,ManifestAs
1969,苹果煤污病,Gloeodes pomigena,不规则黑色煤层,Irregular black coal seam,存在症状,ManifestAs
1970,苹果煤污病,Gloeodes pomigena,棕褐色或深褐色的污斑,Tan or dark brown stains,存在症状,ManifestAs
1971,苹果蝇粪病,Fusicladium dendriticum,针尖大小的黑点,Pinpoint-sized black spots,存在症状,ManifestAs
1972,苹果蝇粪病,Fusicladium dendriticum,圆形或不规则状,Round or irregular shape,存在症状,ManifestAs
1973,苹果圆斑病,Sphaeropsis malorum,叶柄病斑卵圆形,Petiole lesions oval,存在症状,ManifestAs
1974,苹果圆斑病,Sphaeropsis malorum,淡褐至紫色,Light brown to purple,存在症状,ManifestAs
1975,苹果圆斑病,Sphaeropsis malorum,病斑圆形,Circular lesion,存在症状,ManifestAs
1976,苹果圆斑病,Sphaeropsis malorum,边缘清晰,Clear edges,存在症状,ManifestAs
1977,苹果圆斑病,Sphaeropsis malorum,放射状污斑,Radial stains,存在症状,ManifestAs
1978,苹果圆斑病,Sphaeropsis malorum,不规则形,Irregular,存在症状,ManifestAs
1979,苹果圆斑病,Sphaeropsis malorum,暗褐色,Dark brown,存在症状,ManifestAs
1980,苹果圆斑病,Sphaeropsis malorum,黑色小粒点,Black small dots,存在症状,ManifestAs
1981,苹果黑点病,Diplocarpon mali,圆形或近圆形褐色斑点,Round or nearly round brown spots,存在症状,ManifestAs
1982,苹果黑点病,Diplocarpon mali,黑色小粒点,Black small dots,存在症状,ManifestAs
1983,苹果黑点病,Diplocarpon mali,深褐色至黑褐色或墨绿色病斑,Dark brown to dark brown or dark green spots,存在症状,ManifestAs
1984,苹果黑点病,Diplocarpon mali,红色晕圈,Red Halo,存在症状,ManifestAs
1985,苹果黑腐病,Botryosphaeria dothidea,赤褐色至黑色的梭形溃疡斑,Reddish brown to black spindle-shaped ulcers,存在症状,ManifestAs
1986,苹果黑腐病,Botryosphaeria dothidea,坏死剥落,Necrosis and peeling,存在症状,ManifestAs
1987,苹果黑腐病,Botryosphaeria dothidea,枝梢枯死,Branch dieback,存在症状,ManifestAs
1988,苹果黑腐病,Botryosphaeria dothidea,初期病斑圆形,Initial lesions are round,存在症状,ManifestAs
1989,苹果黑腐病,Botryosphaeria dothidea,褐色中,Brown,存在症状,ManifestAs
1990,苹果黑腐病,Botryosphaeria dothidea,凹陷边,Concave edge,存在症状,ManifestAs
1991,苹果黑腐病,Botryosphaeria dothidea,隆起中间,Middle of the bulge,存在症状,ManifestAs
1992,苹果黑腐病,Botryosphaeria dothidea,灰色密生小黑,Gray dense black,存在症状,ManifestAs
1993,苹果黑腐病,Botryosphaeria dothidea,叶片早落,Early leaf fall,存在症状,ManifestAs
1994,苹果黑腐病,Botryosphaeria dothidea,红色小斑点,Small red spots,存在症状,ManifestAs
1995,苹果黑腐病,Botryosphaeria dothidea,外缘为红色的紫色病斑,Purple spots with red outer edges,存在症状,ManifestAs
1996,苹果黑腐病,Botryosphaeria dothidea,红褐色小病斑,Small reddish brown spots,存在症状,ManifestAs
1997,苹果黑腐病,Botryosphaeria dothidea,果实变成褐色,The fruit turns brown,存在症状,ManifestAs
1998,苹果黑腐病,Botryosphaeria dothidea,黑色僵果,Black Zombie Fruit,存在症状,ManifestAs
1999,苹果黑星病,Venturia inaequalis,黑褐色长椭圆形病斑,Dark brown oblong lesions,存在症状,ManifestAs
2000,苹果黑星病,Venturia inaequalis,淡黄的圆形或放射状,Pale yellow round or radial,存在症状,ManifestAs
2001,苹果黑星病,Venturia inaequalis,有一层黑色霉状,There is a layer of black mold,存在症状,ManifestAs
2002,苹果黑星病,Venturia inaequalis,叶形变小,Smaller leaves,存在症状,ManifestAs
2003,苹果黑星病,Venturia inaequalis,叶片增厚,Thickening of leaves,存在症状,ManifestAs
2004,苹果黑星病,Venturia inaequalis,呈卷曲或扭曲状,Curled or twisted,存在症状,ManifestAs
2005,苹果黑星病,Venturia inaequalis,背面呈环状凹入,The back is concave in a ring shape,存在症状,ManifestAs
2006,苹果黑星病,Venturia inaequalis,病斑呈长条形,The lesions are long strips,存在症状,ManifestAs
2007,苹果黑星病,Venturia inaequalis,花瓣褪色,Petals faded,存在症状,ManifestAs
2008,苹果黑星病,Venturia inaequalis,萼片尖端呈灰色,Sepal tips are gray,存在症状,ManifestAs
2009,苹果黑星病,Venturia inaequalis,花梗变黑色,The flower stalk turns black,存在症状,ManifestAs
2010,苹果黑星病,Venturia inaequalis,黄绿色小斑点,Small yellow-green spots,存在症状,ManifestAs
2011,苹果黑星病,Venturia inaequalis,黑褐色或黑色病斑,Dark brown or black spots,存在症状,ManifestAs
2012,苹果黑星病,Venturia inaequalis,呈圆形或椭圆形,Round or oval,存在症状,ManifestAs
2013,苹果黑星病,Venturia inaequalis,黑色霉层,Black mold layer,存在症状,ManifestAs
2014,苹果黑星病,Venturia inaequalis,土红色粉红菌,Earthy red pink fungus,存在症状,ManifestAs
2015,苹果黑星病,Venturia inaequalis,浅粉红色镰刀菌腐生,Light pink fusarium saprophyte,存在症状,ManifestAs
2016,苹果黑星病,Venturia inaequalis,放射状黑色霉层,Radial black mold,存在症状,ManifestAs
2017,苹果疱性溃疡病,Erwinia amylovora,木质部腐朽,Xylem decay,存在症状,ManifestAs
2018,苹果疱性溃疡病,Erwinia amylovora,椭圆形或卵圆形泡状突起病斑,Elliptical or oval vesicular lesions,存在症状,ManifestAs
2019,苹果疱性溃疡病,Erwinia amylovora,病斑红褐色,Reddish brown lesions,存在症状,ManifestAs
2020,苹果疱性溃疡病,Erwinia amylovora,水渍状,Water stain,存在症状,ManifestAs
2021,苹果疱性溃疡病,Erwinia amylovora,乳黄色与淡褐色交错的斑纹,Creamy yellow and light brown streaks,存在症状,ManifestAs
2022,苹果疱性溃疡病,Erwinia amylovora,失水干缩,Water loss shrinkage,存在症状,ManifestAs
2023,苹果疱性溃疡病,Erwinia amylovora,三角形小裂口,Small triangular crack,存在症状,ManifestAs
2024,苹果疱性溃疡病,Erwinia amylovora,椭圆形或圆形,Oval or round,存在症状,ManifestAs
2025,苹果疱性溃疡病,Erwinia amylovora,灰黑色,Gray black,存在症状,ManifestAs
2026,苹果疱性溃疡病,Erwinia amylovora,中央扁平,Central flat,存在症状,ManifestAs
2027,苹果疱性溃疡病,Erwinia amylovora,边缘略隆起,Slightly raised edge,存在症状,ManifestAs
2028,苹果疱性溃疡病,Erwinia amylovora,呈扁形,Flat,存在症状,ManifestAs
2029,苹果疱性溃疡病,Erwinia amylovora,边缘不清晰,The edge is not clear,存在症状,ManifestAs
2030,苹果疱性溃疡病,Erwinia amylovora,暗褐色纹线,Dark brown lines,存在症状,ManifestAs
2031,苹果疱性溃疡病,Erwinia amylovora,叶片变黄,Yellowing of leaves,存在症状,ManifestAs
2032,苹果褐斑病,Marssonina coronaria,紫褐色至深褐色的小疱疹,Small purple-brown to dark brown herpes,存在症状,ManifestAs
2033,苹果褐斑病,Marssonina coronaria,针芒状病斑,Needle-shaped spots,存在症状,ManifestAs
2034,苹果褐斑病,Marssonina coronaria,病斑呈放射状扩,The lesions spread radially,存在症状,ManifestAs
2035,苹果褐斑病,Marssonina coronaria,同心环纹形病斑,Concentric ring lesions,存在症状,ManifestAs
2036,苹果褐斑病,Marssonina coronaria,病斑圆形,Circular lesion,存在症状,ManifestAs
2037,苹果褐斑病,Marssonina coronaria,暗褐色,Dark brown,存在症状,ManifestAs
2038,苹果褐斑病,Marssonina coronaria,盘连成,Disk Link,存在症状,ManifestAs
2039,苹果褐斑病,Marssonina coronaria,心环纹病斑背,Heart ring disease spot back,存在症状,ManifestAs
2040,苹果褐斑病,Marssonina coronaria,老病斑的中央灰,Central gray of old lesions,存在症状,ManifestAs
2041,苹果褐斑病,Marssonina coronaria,混合大型斑,Mixed large spot,存在症状,ManifestAs
2042,苹果褐斑病,Marssonina coronaria,淡褐色的小粒点,Light brown small dots,存在症状,ManifestAs
2043,苹果褐斑病,Marssonina coronaria,散生黑色有光泽的小粒点,Scattered black shiny small particles,存在症状,ManifestAs
2044,苹果褐斑病,Marssonina coronaria,病部果肉褐色,The flesh of the diseased part is brown,存在症状,ManifestAs
2045,苹果褐斑病,Marssonina coronaria,疏松干腐,Loose dry rot,存在症状,ManifestAs
2046,苹果斑点落叶病,Alternaria mali,褐色至深褐色圆形斑,Brown to dark brown circular spots,存在症状,ManifestAs
2047,苹果斑点落叶病,Alternaria mali,紫色晕圈,Purple Halo,存在症状,ManifestAs
2048,苹果斑点落叶病,Alternaria mali,边缘清晰,Clear edges,存在症状,ManifestAs
2049,苹果斑点落叶病,Alternaria mali,呈深褐,Dark brown,存在症状,ManifestAs
2050,苹果斑点落叶病,Alternaria mali,为不规则形状,Irregular shape,存在症状,ManifestAs
2051,苹果斑点落叶病,Alternaria mali,黑绿色至暗黑色霉状物,Dark green to dark black mold,存在症状,ManifestAs
2052,苹果斑点落叶病,Alternaria mali,病斑脱落,Lesions fall off,存在症状,ManifestAs
2053,苹果斑点落叶病,Alternaria mali,叶片病,Leaf Disease,存在症状,ManifestAs
2054,苹果斑点落叶病,Alternaria mali,常造成叶片扭曲,Often causes leaf distortion,存在症状,ManifestAs
2055,苹果斑点落叶病,Alternaria mali,皱缩病,Shrinkage,存在症状,ManifestAs
2056,苹果斑点落叶病,Alternaria mali,吹断残缺不,Blow off the incomplete,存在症状,ManifestAs
2057,苹果斑点落叶病,Alternaria mali,病斑褐色或灰褐色,Lesions brown or grayish brown,存在症状,ManifestAs
2058,苹果斑点落叶病,Alternaria mali,芽周变黑,Blackening of the bud,存在症状,ManifestAs
2059,苹果斑点落叶病,Alternaria mali,凹陷坏死,Depressed necrosis,存在症状,ManifestAs
2060,苹果斑点落叶病,Alternaria mali,边缘裂开,Cracked edge,存在症状,ManifestAs
2061,苹果斑点落叶病,Alternaria mali,黑色至黑褐色小斑点,Black to dark brown spots,存在症状,ManifestAs
2062,苹果斑点落叶病,Alternaria mali,黑点脱落处呈锈斑状,The black spots are rusty,存在症状,ManifestAs
2063,苹果斑点落叶病,Alternaria mali,灰褐色疮痂状斑块,Gray-brown scab-like plaques,存在症状,ManifestAs
2064,苹果斑点落叶病,Alternaria mali,干腐状木栓化,Dry rot corky,存在症状,ManifestAs
2065,苹果斑点落叶病,Alternaria mali,褐色至黑褐色圆形或不规则形小斑点,Brown to dark brown round or irregular small spots,存在症状,ManifestAs
2066,苹果斑点落叶病,Alternaria mali,花青素沉积,Anthocyanin deposition,存在症状,ManifestAs
2067,苹果斑点落叶病,Alternaria mali,呈红色斑点,Red spots,存在症状,ManifestAs
2068,苹果斑点落叶病,Alternaria mali,果点及周围变褐,The fruit point and surrounding area turn brown,存在症状,ManifestAs
2069,苹果斑点落叶病,Alternaria mali,呈红晕状,Blushing,存在症状,ManifestAs
2070,苹果白粉病,Podosphaera leucotricha,病梢部位变褐枯死,The diseased shoots turn brown and die,存在症状,ManifestAs
2071,苹果白粉病,Podosphaera leucotricha,幼叶萎缩,Young leaves shrink,存在症状,ManifestAs
2072,苹果白粉病,Podosphaera leucotricha,灰褐或暗褐色病芽,Gray or dark brown diseased buds,存在症状,ManifestAs
2073,苹果白粉病,Podosphaera leucotricha,萎缩枯死,Shrink and die,存在症状,ManifestAs
2074,苹果白粉病,Podosphaera leucotricha,皱缩畸形,Shrinkage Deformity,存在症状,ManifestAs
2075,苹果白粉病,Podosphaera leucotricha,白粉状漏斑,White powdery leak,存在症状,ManifestAs
2076,苹果白粉病,Podosphaera leucotricha,边缘呈波状皱缩,The edges are wavy,存在症状,ManifestAs
2077,苹果白粉病,Podosphaera leucotricha,叶片凹凸不平,Uneven leaves,存在症状,ManifestAs
2078,苹果白粉病,Podosphaera leucotricha,全叶干枯脱落,All leaves dry and fall off,存在症状,ManifestAs
2079,苹果白粉病,Podosphaera leucotricha,花瓣狭长,Long and narrow petals,存在症状,ManifestAs
2080,苹果白粉病,Podosphaera leucotricha,白色粉斑,White powdery spots,存在症状,ManifestAs
2081,苹果白粉病,Podosphaera leucotricha,白粉脱落,White powder falling off,存在症状,ManifestAs
2082,苹果白粉病,Podosphaera leucotricha,网状锈斑,Web-like rust spots,存在症状,ManifestAs
2083,苹果白粉病,Podosphaera leucotricha,裂口或裂纹,Cracks or splits,存在症状,ManifestAs
2084,苹果环纹叶枯病,Botryosphaeria dothidea,灰色到褐色隆起的病斑,Gray to brown raised lesions,存在症状,ManifestAs
2085,苹果环纹叶枯病,Botryosphaeria dothidea,白色到灰色的密集环纹,Dense white to gray rings,存在症状,ManifestAs
2086,苹果环纹叶枯病,Botryosphaeria dothidea,病斑呈灰绿色,The lesions are gray-green,存在症状,ManifestAs
2087,苹果环纹叶枯病,Botryosphaeria dothidea,水渍状病斑,Water-soaked spots,存在症状,ManifestAs
2088,苹果环纹叶枯病,Botryosphaeria dothidea,大型病斑,Large lesions,存在症状,ManifestAs
2089,苹果环纹叶枯病,Botryosphaeria dothidea,黑色菌核,Black Sclerotium,存在症状,ManifestAs
2090,苹果银叶病,Chondrostereum purpureum,紫褐色木耳状物,Purple-brown fungus,存在症状,ManifestAs
2091,苹果银叶病,Chondrostereum purpureum,细线状横纹,Fine horizontal lines,存在症状,ManifestAs
2092,苹果银叶病,Chondrostereum purpureum,叶片小而脆,Small and brittle leaves,存在症状,ManifestAs
2093,苹果银叶病,Chondrostereum purpureum,表皮破裂卷缩,The epidermis cracks and curls,存在症状,ManifestAs
2094,苹果银叶病,Chondrostereum purpureum,灰色半透明感觉,Gray translucent feeling,存在症状,ManifestAs
2095,苹果银叶病,Chondrostereum purpureum,叶片褪色,Leaf fading,存在症状,ManifestAs
2096,苹果银叶病,Chondrostereum purpureum,果实变小,Fruits become smaller,存在症状,ManifestAs
2097,苹果树赤衣病,Corticium salmonicolor,粉红色霉层,Pink mildew layer,存在症状,ManifestAs
2098,苹果树赤衣病,Corticium salmonicolor,白色薄网,White thin mesh,存在症状,ManifestAs
2099,苹果树赤衣病,Corticium salmonicolor,边缘呈羽毛状,Feathery edges,存在症状,ManifestAs
2100,苹果树赤衣病,Corticium salmonicolor,白色泡状物,White bubbles,存在症状,ManifestAs
2101,苹果树赤衣病,Corticium salmonicolor,见橙红色痘疮状小,See orange-red pimple-like small,存在症状,ManifestAs
2102,苹果树赤衣病,Corticium salmonicolor,持白色羽毛,Holding white feather,存在症状,ManifestAs
2103,苹果树赤衣病,Corticium salmonicolor,叶片发,Leaf hair,存在症状,ManifestAs
2104,苹果树灰色膏药病,Pseudocercospora kaki,圆形或不规则形菌膜,Round or irregular biofilm,存在症状,ManifestAs
2105,苹果树灰色膏药病,Pseudocercospora kaki,外观灰白色至暗灰色,Appearance: off-white to dark grey,存在症状,ManifestAs
2106,苹果树灰色膏药病,Pseudocercospora kaki,紫褐色至黑色,Purple brown to black,存在症状,ManifestAs
2107,苹果树褐色膏药病,Pseudocercospora kaki,圆形或不规则形的菌膜,Round or irregular biofilm,存在症状,ManifestAs
2108,苹果树褐色膏药病,Pseudocercospora kaki,栗褐色或褐色,Chestnut or brown,存在症状,ManifestAs
2109,苹果树褐色膏药病,Pseudocercospora kaki,色泽变紫褐色或暗褐色,Color changes to purple-brown or dark brown,存在症状,ManifestAs
2110,苹果褐腐病,Monilinia fructigena,溃疡症状,Ulcer symptoms,存在症状,ManifestAs
2111,苹果褐腐病,Monilinia fructigena,萎蔫或褐色溃疡,Wilting or brown ulcers,存在症状,ManifestAs
2112,苹果褐腐病,Monilinia fructigena,淡褐色水渍状圆形小病斑,Light brown water-soaked small round spots,存在症状,ManifestAs
2113,苹果褐腐病,Monilinia fructigena,组织松软呈海绵状,"Soft, spongy tissue",存在症状,ManifestAs
2114,苹果褐腐病,Monilinia fructigena,灰白色至灰褐色小绒球状突起的霉丛,Grayish white to grayish brown mildew clusters with small fluffy protrusions,存在症状,ManifestAs
2115,苹果褐腐病,Monilinia fructigena,呈同心轮纹状,Concentric wheel pattern,存在症状,ManifestAs
2116,苹果褐腐病,Monilinia fructigena,特异的蓝黑色斑块,Specific blue-black plaques,存在症状,ManifestAs
2117,苹果树白纹羽病,Rosellinia necatrix,半球状菌核,Hemispherical sclerotium,存在症状,ManifestAs
2118,苹果树白纹羽病,Rosellinia necatrix,菌索呈白色,The mycelium is white,存在症状,ManifestAs
2119,苹果树白纹羽病,Rosellinia necatrix,赤白色或灰褐色,Reddish white or grayish brown,存在症状,ManifestAs
2120,苹果树地衣病,Venturia inaequalis,灰绿色的叶状,Gray green leaves,存在症状,ManifestAs
2121,苹果树地衣病,Venturia inaequalis,枝干表面粗糙,Rough surface of branches,存在症状,ManifestAs
2122,苹果树地衣病,Venturia inaequalis,树势衰弱,Tree weakness,存在症状,ManifestAs
2123,苹果丛枝病,Mycoplasma-like organism,大根小而少,Big roots are small and few,存在症状,ManifestAs
2124,苹果丛枝病,Mycoplasma-like organism,连座状叶丛,Cluster of leaves,存在症状,ManifestAs
2125,苹果丛枝病,Mycoplasma-like organism,纵向凹陷沟,Longitudinal groove,存在症状,ManifestAs
2126,苹果丛枝病,Mycoplasma-like organism,树皮红褐色,Bark reddish brown,存在症状,ManifestAs
2127,苹果丛枝病,Mycoplasma-like organism,萼裂片扩大呈锯齿状,Calyx lobes enlarged and serrated,存在症状,ManifestAs
2128,苹果丛枝病,Mycoplasma-like organism,果实小而扁平,Small and flat fruit,存在症状,ManifestAs
2129,苹果缺磷症,Apple chlorosis,枝条细弱而且分枝少,Thin branches and few branches,存在症状,ManifestAs
2130,苹果缺磷症,Apple chlorosis,叶色暗绿色或青铜色,Dark green or bronze leaves,存在症状,ManifestAs
2131,苹果缺磷症,Apple chlorosis,紫褐色斑点或斑块,Purple-brown spots or patches,存在症状,ManifestAs
2132,苹果缺磷症,Apple chlorosis,新梢叶呈紫红色,New shoots with purple-red leaves,存在症状,ManifestAs
2133,苹果缺磷症,Apple chlorosis,叶脉呈紫红,Purple veins,存在症状,ManifestAs
2134,苹果树根朽病,Armillaria mellea,表面紫褐色,Surface purple brown,存在症状,ManifestAs
2135,苹果树根朽病,Armillaria mellea,水渍状,Water stain,存在症状,ManifestAs
2136,苹果树根朽病,Armillaria mellea,褐色汁液,Brown juice,存在症状,ManifestAs
2137,苹果树根朽病,Armillaria mellea,白色淡黄色扇状菌丝层,White light yellow fan-shaped mycelium layer,存在症状,ManifestAs
2138,苹果树根朽病,Armillaria mellea,浓重的蘑菇气味,Strong mushroom smell,存在症状,ManifestAs
2139,苹果树根朽病,Armillaria mellea,淡绿色荧光,Light green fluorescence,存在症状,ManifestAs
2140,苹果树根朽病,Armillaria mellea,局部或新梢变短,Partial or new shoot shortening,存在症状,ManifestAs
2141,苹果树根朽病,Armillaria mellea,叶片变小变薄,The leaves become smaller and thinner,存在症状,ManifestAs
2142,苹果树紫纹羽病,Helicobasidium mompa,厚绒布状的紫色菌丝膜,Thick velvet-like purple mycelium,存在症状,ManifestAs
2143,苹果树紫纹羽病,Helicobasidium mompa,底面扁平,Flat bottom,存在症状,ManifestAs
2144,苹果树紫纹羽病,Helicobasidium mompa,半球状紫色菌核,Hemispherical purple sclerotium,存在症状,ManifestAs
2145,苹果树紫纹羽病,Helicobasidium mompa,紫黑色粉末,Purple black powder,存在症状,ManifestAs
2146,苹果树紫纹羽病,Helicobasidium mompa,浓烈的蘑菇味,Strong mushroom flavor,存在症状,ManifestAs
2147,苹果树紫纹羽病,Helicobasidium mompa,皮层腐烂,Cortical rot,存在症状,ManifestAs
2148,苹果树紫纹羽病,Helicobasidium mompa,木质部朽枯,Xylem decay,存在症状,ManifestAs
2149,苹果树紫纹羽病,Helicobasidium mompa,呈“鞘”状,Sheath-like,存在症状,ManifestAs
2150,苹果树紫纹羽病,Helicobasidium mompa,枝条节间缩短,Shortened internodes,存在症状,ManifestAs
2151,苹果树紫纹羽病,Helicobasidium mompa,叶片小,Small leaves,存在症状,ManifestAs
2152,苹果树紫纹羽病,Helicobasidium mompa,叶色发黄,Yellow leaves,存在症状,ManifestAs
2153,苹果树紫纹羽病,Helicobasidium mompa,叶柄和中脉发红,Red petiole and midrib,存在症状,ManifestAs
2154,苹果树紫纹羽病,Helicobasidium mompa,植株长势衰弱,Weak plant growth,存在症状,ManifestAs
2155,苹果树白绢病,Sclerotium rolfsii,白色菌丝,White mycelium,存在症状,ManifestAs
2156,苹果树白绢病,Sclerotium rolfsii,水渍状褐色病斑,Water-soaked brown spots,存在症状,ManifestAs
2157,苹果树白绢病,Sclerotium rolfsii,皮层腐烂,Cortical rot,存在症状,ManifestAs
2158,苹果树白绢病,Sclerotium rolfsii,溢出褐色汁液,Brown juice spilling,存在症状,ManifestAs
2159,苹果树白绢病,Sclerotium rolfsii,棕褐色或茶褐色油菜籽状的菌核,Brown or dark brown rapeseed-like sclerotia,存在症状,ManifestAs
2160,苹果树白绢病,Sclerotium rolfsii,枝梢节间缩短,Shortening of internodes,存在症状,ManifestAs
2161,苹果树白绢病,Sclerotium rolfsii,水渍状轮纹斑,Water-stained ring spots,存在症状,ManifestAs
2162,苹果树白绢病,Sclerotium rolfsii,果多且小,Many small fruits,存在症状,ManifestAs
2163,苹果圆斑根腐病,Phytophthora cactorum,分侧根呈黄褐色病,Lateral roots yellow-brown disease,存在症状,ManifestAs
2164,苹果圆斑根腐病,Phytophthora cactorum,发腐污气味,Putrid smell,存在症状,ManifestAs
2165,苹果苗立枯病,Rhizoctonia solani,种芽发霉腐烂,Seedlings moldy and rotten,存在症状,ManifestAs
2166,苹果苗立枯病,Rhizoctonia solani,缺苗断垅,Missing seedlings and broken ridges,存在症状,ManifestAs
2167,苹果苗立枯病,Rhizoctonia solani,茎叶腐烂,Stem and leaf rot,存在症状,ManifestAs
2168,苹果苗立枯病,Rhizoctonia solani,苗茎茎部变褐色,The stems of the seedlings turn brown,存在症状,ManifestAs
2169,苹果苗立枯病,Rhizoctonia solani,呈水渍状,Water-stained,存在症状,ManifestAs
2170,苹果苗立枯病,Rhizoctonia solani,根部腐烂,Root rot,存在症状,ManifestAs
2171,苹果泡斑病,Neofabraea malicorticis,小块病斑,Small lesions,存在症状,ManifestAs
2172,苹果泡斑病,Neofabraea malicorticis,呈深褐色疤状稍凹陷,Dark brown scar-like and slightly sunken,存在症状,ManifestAs
2173,苹果泡斑病,Neofabraea malicorticis,边缘呈暗紫色,Dark purple edges,存在症状,ManifestAs
2174,苹果泡斑病,Neofabraea malicorticis,褐色痂状坏死,Brown crusty necrosis,存在症状,ManifestAs
2175,苹果泡斑病,Neofabraea malicorticis,叶片卷曲皱缩,Leaves curl and shrink,存在症状,ManifestAs
2176,苹果毛根病,Phytophthora cambivora,叶片小而黄,Small and yellow leaves,存在症状,ManifestAs
2177,苹果毛根病,Phytophthora cambivora,植株枯死,Plant death,存在症状,ManifestAs
2178,苹果根癌病,Agrobacterium tumefaciens,灰白色大小不等的瘤状物,Grayish white tumors of varying sizes,存在症状,ManifestAs
2179,苹果根癌病,Agrobacterium tumefaciens,褐色至暗褐色,Brown to dark brown,存在症状,ManifestAs
2180,苹果根癌病,Agrobacterium tumefaciens,球形或扁球形,Spherical or oblate,存在症状,ManifestAs
2181,苹果根癌病,Agrobacterium tumefaciens,叶薄色黄,Thin yellow leaves,存在症状,ManifestAs
2182,苹果根癌病,Agrobacterium tumefaciens,结果少而小,Few and small results,存在症状,ManifestAs
2183,苹果根癌病,Agrobacterium tumefaciens,树体矮小,Short tree,存在症状,ManifestAs
2184,苹果根癌病,Agrobacterium tumefaciens,树势衰弱,Tree weakness,存在症状,ManifestAs
2185,苹果粗皮果病,Venturia inaequalis,粗糙的褐色木栓化病斑,Rough brown corky lesions,存在症状,ManifestAs
2186,苹果粗皮果病,Venturia inaequalis,精糙褐色木栓病斑,Rough brown cork spots,存在症状,ManifestAs
2187,苹果粗皮果病,Venturia inaequalis,星裂果症状,Star crack fruit symptoms,存在症状,ManifestAs
2188,苹果粗皮果病,Venturia inaequalis,提早落叶,Early leaf fall,存在症状,ManifestAs
2189,苹果绿皱果病,Venturia inaequalis,现水溃状不规则凹陷斑,Irregular sunken spots like water bursting,存在症状,ManifestAs
2190,苹果绿皱果病,Venturia inaequalis,凹凸不平,Uneven,存在症状,ManifestAs
2191,苹果绿皱果病,Venturia inaequalis,果形不整的畸形果,Deformed fruit with irregular shape,存在症状,ManifestAs
2192,苹果绿皱果病,Venturia inaequalis,呈铁锈色,Rusty,存在症状,ManifestAs
2193,苹果绿皱果病,Venturia inaequalis,凹陷条沟或丘状突起,Depression groove or hillock,存在症状,ManifestAs
2194,苹果绿皱果病,Venturia inaequalis,粗糙果锈,Rough fruit rust,存在症状,ManifestAs
2195,苹果绿皱果病,Venturia inaequalis,浓绿斑痕,Dark green spots,存在症状,ManifestAs
2196,苹果花叶病,Apple mosaic virus,边缘清晰,Clear edges,存在症状,ManifestAs
2197,苹果花叶病,Apple mosaic virus,鲜黄色,Bright yellow,存在症状,ManifestAs
2198,苹果花叶病,Apple mosaic virus,深绿与浅绿的色变,Dark green and light green color change,存在症状,ManifestAs
2199,苹果花叶病,Apple mosaic virus,边缘不清晰,The edge is not clear,存在症状,ManifestAs
2200,苹果花叶病,Apple mosaic virus,叶脉失绿黄化,Vein chlorosis,存在症状,ManifestAs
2201,苹果花叶病,Apple mosaic virus,较窄的黄化,Narrow yellowing,存在症状,ManifestAs
2202,苹果花叶病,Apple mosaic virus,整叶呈网纹状,The whole leaf is net-shaped,存在症状,ManifestAs
2203,苹果花叶病,Apple mosaic virus,鲜黄色环状或近环状斑纹,Bright yellow ring-shaped or nearly ring-shaped markings,存在症状,ManifestAs
2204,苹果皱叶病,Venturia inequalis,浅黄或深黄色斑纹,Light yellow or dark yellow markings,存在症状,ManifestAs
2205,苹果皱叶病,Venturia inequalis,花瓣畸形,Petal deformity,存在症状,ManifestAs
2206,苹果皱叶病,Venturia inequalis,红斑或环斑,Red spots or ring spots,存在症状,ManifestAs
2207,苹果皱叶病,Venturia inequalis,果实畸形,Fruit deformity,存在症状,ManifestAs
2208,苹果皱叶病,Venturia inequalis,痘斑,Acne spots,存在症状,ManifestAs
2209,苹果皱叶病,Venturia inequalis,不同形状的锈斑,Rust spots of different shapes,存在症状,ManifestAs
2210,苹果茎痘病,Aster yellows phytoplasma,茎痘斑,Stem pox,存在症状,ManifestAs
2211,苹果茎痘病,Aster yellows phytoplasma,叶脉变黄,Yellowing of leaf veins,存在症状,ManifestAs
2212,苹果茎痘病,Aster yellows phytoplasma,果实畸形,Fruit deformity,存在症状,ManifestAs
2213,苹果茎沟病,Neonectria ditissima,叶片小而硬,Small and hard leaves,存在症状,ManifestAs
2214,苹果茎沟病,Neonectria ditissima,色淡绿,Light green,存在症状,ManifestAs
2215,苹果茎沟病,Neonectria ditissima,落叶早,Early leaf fall,存在症状,ManifestAs
2216,苹果扁枝病,Venturia inaequalis,轻微的,Mild,存在症状,ManifestAs
2217,苹果扁枝病,Venturia inaequalis,线形凹陷或扁平,Linear depression or flattening,存在症状,ManifestAs
2218,苹果扁枝病,Venturia inaequalis,扁平带状,Flat ribbon,存在症状,ManifestAs
2219,苹果扁枝病,Venturia inaequalis,病果小而扁平,The fruit is small and flat,存在症状,ManifestAs
2220,苹果扁枝病,Venturia inaequalis,脐部凸出,Umbilical protrusion,存在症状,ManifestAs
2221,苹果扁枝病,Venturia inaequalis,果肉坚硬,Firm flesh,存在症状,ManifestAs
2222,苹果高接衰退病,Candidatus phytoplasma mali,坏死斑块,Necrotic plaque,存在症状,ManifestAs
2223,苹果高接衰退病,Candidatus phytoplasma mali,凹陷斑或纵向条沟,Depressions or longitudinal grooves,存在症状,ManifestAs
2224,苹果高接衰退病,Candidatus phytoplasma mali,叶片变小,The leaves become smaller,存在症状,ManifestAs
2225,苹果高接衰退病,Candidatus phytoplasma mali,叶背反卷,Leaf back curling,存在症状,ManifestAs
2226,苹果高接衰退病,Candidatus phytoplasma mali,不规则坏死斑,Irregular necrotic spots,存在症状,ManifestAs
2227,苹果高接衰退病,Candidatus phytoplasma mali,叶边缘坏死,Leaf margin necrosis,存在症状,ManifestAs
2228,苹果高接衰退病,Candidatus phytoplasma mali,不规则缺刻,Irregular notch,存在症状,ManifestAs
2229,苹果高接衰退病,Candidatus phytoplasma mali,叶片小而硬,Small and hard leaves,存在症状,ManifestAs
2230,苹果高接衰退病,Candidatus phytoplasma mali,由绿变紫,From green to purple,存在症状,ManifestAs
2231,苹果高接衰退病,Candidatus phytoplasma mali,向上正卷呈,Roll up,存在症状,ManifestAs
2232,苹果高接衰退病,Candidatus phytoplasma mali,灰白色不规则褪绿斑,Grayish white irregular chlorotic spots,存在症状,ManifestAs
2233,苹果高接衰退病,Candidatus phytoplasma mali,花芽数量增多,Increased number of flower buds,存在症状,ManifestAs
2234,苹果高接衰退病,Candidatus phytoplasma mali,大量结果,Lots of results,存在症状,ManifestAs
2235,苹果高接衰退病,Candidatus phytoplasma mali,果实小而扁,Small and flat fruit,存在症状,ManifestAs
2236,苹果高接衰退病,Candidatus phytoplasma mali,果肉坚硬,Firm flesh,存在症状,ManifestAs
2237,苹果锈果病,Gymnosporangium juniperi-virginianae,叶片背面反卷,Back of leaf curling,存在症状,ManifestAs
2238,苹果锈果病,Gymnosporangium juniperi-virginianae,不规则褐色木栓化锈斑,Irregular brown corky rust spots,存在症状,ManifestAs
2239,苹果锈果病,Gymnosporangium juniperi-virginianae,表面粗糙,Rough surface,存在症状,ManifestAs
2240,苹果锈果病,Gymnosporangium juniperi-virginianae,黑色坏死条纹或坏死点,Black necrotic streaks or spots,存在症状,ManifestAs
2241,苹果锈果病,Gymnosporangium juniperi-virginianae,褐色近圆形的突起溃疡斑,"Brown, nearly circular raised ulcers",存在症状,ManifestAs
2242,苹果锈果病,Gymnosporangium juniperi-virginianae,坏死的黑色微细条纹,Necrotic black fine streaks,存在症状,ManifestAs
2243,苹果锈果病,Gymnosporangium juniperi-virginianae,深绿色水渍状病灶,Dark green water-soaked lesions,存在症状,ManifestAs
2244,苹果锈果病,Gymnosporangium juniperi-virginianae,果实畸小,Small fruit,存在症状,ManifestAs
2245,苹果锈果病,Gymnosporangium juniperi-virginianae,萎缩易落,Atrophy and fall,存在症状,ManifestAs
2246,苹果锈果病,Gymnosporangium juniperi-virginianae,果肉僵硬,The flesh is stiff,存在症状,ManifestAs
2247,苹果锈果病,Gymnosporangium juniperi-virginianae,弧面突出,Curved surface,存在症状,ManifestAs
2248,苹果锈果病,Gymnosporangium juniperi-virginianae,果面凹凸不平,Uneven fruit surface,存在症状,ManifestAs
2249,苹果锈果病,Gymnosporangium juniperi-virginianae,锈条或锈斑,Rust streaks or rust spots,存在症状,ManifestAs
2250,苹果锈果病,Gymnosporangium juniperi-virginianae,锈斑上龟裂,Cracks on rust spots,存在症状,ManifestAs
2251,苹果锈果病,Gymnosporangium juniperi-virginianae,不着色的斑块,Unpigmented patches,存在症状,ManifestAs
2252,苹果锈果病,Gymnosporangium juniperi-virginianae,不着色的绿色小晕点,Uncolored green dots,存在症状,ManifestAs
2253,苹果锈果病,Gymnosporangium juniperi-virginianae,呈黄绿色,Yellowish green,存在症状,ManifestAs
2254,苹果锈果病,Gymnosporangium juniperi-virginianae,黄绿相间或浓淡不均的小斑点,Small spots of yellow and green or uneven shades,存在症状,ManifestAs
2255,苹果环斑果病,Apple ring spot virus,绒状覆盖物,Fleece Covering,存在症状,ManifestAs
2256,苹果环斑果病,Apple ring spot virus,不清晰的淡黄色斑,Unclear yellowish spots,存在症状,ManifestAs
2257,苹果环斑果病,Apple ring spot virus,形状不规则的淡褐色病斑,Irregularly shaped light brown spots,存在症状,ManifestAs
2258,苹果环斑果病,Apple ring spot virus,深褐色环,Dark brown ring,存在症状,ManifestAs
2259,苹果褪绿叶斑病,Mycosphaerella pomi,黄色斑驳,Yellow mottled,存在症状,ManifestAs
2260,苹果褪绿叶斑病,Mycosphaerella pomi,呈环斑或线纹斑,Ring spots or line spots,存在症状,ManifestAs
2261,苹果褪绿叶斑病,Mycosphaerella pomi,失绿或红褐色斑,Chlorosis or reddish brown spots,存在症状,ManifestAs
2262,苹果褪绿叶斑病,Mycosphaerella pomi,粗糙的锈斑,Rough rust spots,存在症状,ManifestAs
2263,苹果褪绿叶斑病,Mycosphaerella pomi,浅黑色的光滑环,Light black smooth ring,存在症状,ManifestAs
2264,苹果褪绿叶斑病,Mycosphaerella pomi,晕状或同心环,Halo or concentric rings,存在症状,ManifestAs
2265,苹果褪绿叶斑病,Mycosphaerella pomi,不完整的同心环,Incomplete concentric rings,存在症状,ManifestAs
2266,苹果根结线虫病,Meloidogyne hapla,新梢生长缓慢,Slow growth of new shoots,存在症状,ManifestAs
2267,苹果根结线虫病,Meloidogyne hapla,叶片变小,The leaves become smaller,存在症状,ManifestAs
2268,苹果根结线虫病,Meloidogyne hapla,叶色发黄,Yellow leaves,存在症状,ManifestAs
2269,苹果根结线虫病,Meloidogyne hapla,无光泽,Matt,存在症状,ManifestAs
2270,苹果根结线虫病,Meloidogyne hapla,叶缘卷曲,Curled leaf edges,存在症状,ManifestAs
2271,苹果根结线虫病,Meloidogyne hapla,呈缺水状,Water shortage,存在症状,ManifestAs
2272,苹果根结线虫病,Meloidogyne hapla,叶片干枯脱落,Leaves dry and fall off,存在症状,ManifestAs
2273,苹果根结线虫病,Meloidogyne hapla,结果少而小,Few and small results,存在症状,ManifestAs
2274,苹果根结线虫病,Meloidogyne hapla,枝短梢弱,Short branches and weak tips,存在症状,ManifestAs
2275,苹果树再植病,Pythium ultimum,根系生长受阻,Root growth is hindered,存在症状,ManifestAs
2276,苹果树再植病,Pythium ultimum,大量须根死亡,A large number of root tissues died,存在症状,ManifestAs
2277,苹果树再植病,Pythium ultimum,根系坏死,Root necrosis,存在症状,ManifestAs
2278,苹果树再植病,Pythium ultimum,顶端生长受阻,Apical growth stunted,存在症状,ManifestAs
2279,苹果树再植病,Pythium ultimum,枝条稀疏,Sparse branches,存在症状,ManifestAs
2280,苹果树再植病,Pythium ultimum,枝条木质部变黑,Blackening of branch wood,存在症状,ManifestAs
2281,苹果树再植病,Pythium ultimum,叶片淡绿,Light green leaves,存在症状,ManifestAs
2282,苹果小果病,Venturia inaequalis,新梢节间缩短,Shortening of internodes of new shoots,存在症状,ManifestAs
2283,苹果小果病,Venturia inaequalis,叶片狭小,Small leaves,存在症状,ManifestAs
2284,苹果小果病,Venturia inaequalis,病果呈淡红色,The diseased fruit is light red,存在症状,ManifestAs
2285,苹果枝腐病,Botryosphaeria dothidea,形成斑疹或疤斑,Formation of macules or scars,存在症状,ManifestAs
2286,苹果枝腐病,Botryosphaeria dothidea,枝干呈块瘤状突起,Tuberous protrusions on branches,存在症状,ManifestAs
2287,苹果枝腐病,Botryosphaeria dothidea,黑色坏死斑,Black necrotic spots,存在症状,ManifestAs
2288,苹果枝腐病,Botryosphaeria dothidea,呈橘黄色,Orange,存在症状,ManifestAs
2289,苹果枝腐病,Botryosphaeria dothidea,开裂卷起,Cracking and rolling up,存在症状,ManifestAs
2290,苹果枝腐病,Botryosphaeria dothidea,不规则的凹陷斑,Irregular sunken spots,存在症状,ManifestAs
2291,苹果枝腐病,Botryosphaeria dothidea,病斑边缘开裂,Cracks at the edge of the lesion,存在症状,ManifestAs
2292,苹果树粗皮病,Venturia inaequalis,小粒状病点,Small granular spots,存在症状,ManifestAs
2293,苹果树粗皮病,Venturia inaequalis,似轮纹状,Wheel-like,存在症状,ManifestAs
2294,苹果树粗皮病,Venturia inaequalis,色呈纵向开裂,Color longitudinal cracking,存在症状,ManifestAs
2295,苹果树粗皮病,Venturia inaequalis,斑点或皱缩,Spots or wrinkles,存在症状,ManifestAs
2296,苹果树粗皮病,Venturia inaequalis,粗糙暗褐色木栓区,Rough dark brown cork area,存在症状,ManifestAs
2297,苹果树粗皮病,Venturia inaequalis,果面似长癣状,The fruit surface is like ringworm,存在症状,ManifestAs
2298,苹果树粗皮病,Venturia inaequalis,木栓化斑,Corky spots,存在症状,ManifestAs
2299,苹果树粗皮病,Venturia inaequalis,树皮粗糙呈蛤蟆皮状,The bark is rough and toad-like,存在症状,ManifestAs
2300,苹果树粗皮病,Venturia inaequalis,结成棕黄色小,Small brownish yellow,存在症状,ManifestAs
2301,苹果树粗皮病,Venturia inaequalis,生有暗褐色的凝,Dark brown gel,存在症状,ManifestAs
2302,苹果树粗皮病,Venturia inaequalis,可见到暗褐色,Dark brown can be seen,存在症状,ManifestAs
2303,苹果树粗皮病,Venturia inaequalis,道环沟呈马,The road ring ditch is a horse,存在症状,ManifestAs
2304,苹果缺铁黄化症,Chlorosis,呈枯梢现象,The phenomenon of dead shoots,存在症状,ManifestAs
2305,苹果缺铁黄化症,Chlorosis,叶肉先变黄,The leaves turn yellow first,存在症状,ManifestAs
2306,苹果缺铁黄化症,Chlorosis,叶面呈绿色网纹着失绿,The leaves are green and chlorotic,存在症状,ManifestAs
2307,苹果缺铁黄化症,Chlorosis,整叶变为白色,The whole leaf turns white,存在症状,ManifestAs
2308,苹果缺铁黄化症,Chlorosis,叶缘枯焦,Leaf edges burn,存在症状,ManifestAs
2309,苹果小叶病,Mycoplasma-like organism,叶片狭小,Small leaves,存在症状,ManifestAs
2310,苹果小叶病,Mycoplasma-like organism,叶缘向上卷,Leaf margins curl upward,存在症状,ManifestAs
2311,苹果小叶病,Mycoplasma-like organism,质厚而脆,Thick and crispy,存在症状,ManifestAs
2312,苹果小叶病,Mycoplasma-like organism,叶片呈淡黄绿色,Light yellow green leaves,存在症状,ManifestAs
2313,苹果小叶病,Mycoplasma-like organism,叶细丛状簇生,Leaves in clusters,存在症状,ManifestAs
2314,苹果苦痘症,Botrytis cinerea,幼叶变畸形,Young leaves deformed,存在症状,ManifestAs
2315,苹果苦痘症,Botrytis cinerea,嫩梢枯死,Tender shoots die back,存在症状,ManifestAs
2316,苹果苦痘症,Botrytis cinerea,颜色较深的圆斑,Darker round spots,存在症状,ManifestAs
2317,苹果苦痘症,Botrytis cinerea,红色或绿色晕圈,Red or green halo,存在症状,ManifestAs
2318,苹果苦痘症,Botrytis cinerea,褐色凹陷病斑,Brown sunken spots,存在症状,ManifestAs
2319,苹果苦痘症,Botrytis cinerea,果肉坏死,Fruit pulp necrosis,存在症状,ManifestAs
2320,苹果苦痘症,Botrytis cinerea,圆锥形或半圆形,Conical or semicircular,存在症状,ManifestAs
2321,苹果痘斑症,Diplocarpon mali,疏密不均的小斑,Small spots of uneven density,存在症状,ManifestAs
2322,苹果痘斑症,Diplocarpon mali,现紫红色晕,Purple halo,存在症状,ManifestAs
2323,苹果软枝病,Sclerotium rolfsii,枝条柔软下垂,Soft and drooping branches,存在症状,ManifestAs
2324,苹果软枝病,Sclerotium rolfsii,大枝明显弯曲下垂,Large branches are obviously bent and drooping,存在症状,ManifestAs
2325,苹果软枝病,Sclerotium rolfsii,病树长势衰退,Diseased trees decline in growth,存在症状,ManifestAs
2326,苹果大果海棠鳞皮病,Venturia inaequalis,粗糙的鱼鳞状病斑,Rough scaly patches,存在症状,ManifestAs
2327,苹果疱皮病,Venturia inaequalis,枯黄色至淡黄色的鳞片状病斑,Yellow to pale yellow scaly lesions,存在症状,ManifestAs
2328,苹果疱皮病,Venturia inaequalis,水浸状,Waterlogged,存在症状,ManifestAs
2329,苹果疱皮病,Venturia inaequalis,病斑呈带状或环纹状,The lesions are band-shaped or ring-shaped,存在症状,ManifestAs
2330,苹果水心症,Venturia inaequalis,果皮呈水渍状,Water-soaked peel,存在症状,ManifestAs
2331,苹果水心症,Venturia inaequalis,透明似蜡,Transparent like wax,存在症状,ManifestAs
2332,苹果缺镁症,Chlorosis,软而薄的淡绿色叶片,"Soft, thin, light green leaves",存在症状,ManifestAs
2333,苹果缺镁症,Chlorosis,黄褐色或深褐色,Tan or dark brown,存在症状,ManifestAs
2334,苹果缺镁症,Chlorosis,开花受抑,Flowering inhibition,存在症状,ManifestAs
2335,苹果缺镁症,Chlorosis,果小味差,"Small fruit, poor taste",存在症状,ManifestAs
2336,苹果缺氮症,Nitrogen deficiency,枝梢短小细弱,Short and thin branches,存在症状,ManifestAs
2337,苹果缺氮症,Nitrogen deficiency,呈红褐色,Reddish brown,存在症状,ManifestAs
2338,苹果缺氮症,Nitrogen deficiency,带紫色,Purple,存在症状,ManifestAs
2339,苹果缺氮症,Nitrogen deficiency,叶脉及,Leaf veins and,存在症状,ManifestAs
2340,苹果缺氮症,Nitrogen deficiency,叶柄呈红色,Red petiole,存在症状,ManifestAs
2341,苹果缺氮症,Nitrogen deficiency,果实小而早熟,Small fruit and early maturity,存在症状,ManifestAs
2342,苹果缺钾症,Apple potassium deficiency,叶缘失绿呈黄色,The leaf margins turn yellow,存在症状,ManifestAs
2343,苹果缺钾症,Apple potassium deficiency,常向上卷曲,Often curled upward,存在症状,ManifestAs
2344,苹果缺钾症,Apple potassium deficiency,叶缘失绿部分变褐枯焦,The leaf edges lose their green color and turn brown and scorched,存在症状,ManifestAs
2345,苹果缺钾症,Apple potassium deficiency,整叶枯焦,Whole leaf scorch,存在症状,ManifestAs
2346,苹果缺钾症,Apple potassium deficiency,叶边枯焦,Leaf edges burn,存在症状,ManifestAs
2347,苹果缺钾症,Apple potassium deficiency,红褐色晕带,Reddish brown halo,存在症状,ManifestAs
2348,苹果缺钾症,Apple potassium deficiency,叶缘枯焦,Leaf edges burn,存在症状,ManifestAs
2349,苹果缺钾症,Apple potassium deficiency,黑色小粒点,Black small dots,存在症状,ManifestAs
2350,苹果缺硼缩果症,Borago officinalis,叶片淡黄色,Light yellow leaves,存在症状,ManifestAs
2351,苹果缺硼缩果症,Borago officinalis,叶脉淡红色,Leaf veins light red,存在症状,ManifestAs
2352,苹果缺硼缩果症,Borago officinalis,不规则坏死斑,Irregular necrotic spots,存在症状,ManifestAs
2353,苹果缺硼缩果症,Borago officinalis,褐色坏死斑点,Brown necrotic spots,存在症状,ManifestAs
2354,苹果缺硼缩果症,Borago officinalis,叶片狭小,Small leaves,存在症状,ManifestAs
2355,苹果缺硼缩果症,Borago officinalis,大量落花,A lot of falling flowers,存在症状,ManifestAs
2356,苹果缺硼缩果症,Borago officinalis,花蕾不开放,Buds not opening,存在症状,ManifestAs
2357,苹果缺硼缩果症,Borago officinalis,变黄脱落,Yellowing and falling off,存在症状,ManifestAs
2358,苹果缺硼缩果症,Borago officinalis,圆形红褐色斑点,Round reddish brown spots,存在症状,ManifestAs
2359,苹果缺硼缩果症,Borago officinalis,果肉呈水渍状,The flesh is water-soaked,存在症状,ManifestAs
2360,苹果缺硼缩果症,Borago officinalis,褐色至暗褐色,Brown to dark brown,存在症状,ManifestAs
2361,苹果缺硼缩果症,Borago officinalis,病斑干缩凹陷裂开,"The lesions shrink, sag and crack",存在症状,ManifestAs
2362,苹果缺硼缩果症,Borago officinalis,果肉呈水演状,The flesh is watery,存在症状,ManifestAs
2363,苹果缺硼缩果症,Borago officinalis,果肉松软呈海绵状,The flesh is soft and spongy,存在症状,ManifestAs
2364,苹果缺硼缩果症,Borago officinalis,果肉呈海绵状,The flesh is spongy,存在症状,ManifestAs
2365,苹果缺硼缩果症,Borago officinalis,褐色细密横形条纹锈斑,Brown fine horizontal stripes rust,存在症状,ManifestAs
2366,苹果缺硼缩果症,Borago officinalis,锈斑干裂,Rust cracking,存在症状,ManifestAs
2367,苹果缺硼缩果症,Borago officinalis,肉质松软,Soft meat,存在症状,ManifestAs
2368,苹果缺钙症,Bitter pit,根尖生长停滞或枯死,Root tip growth stagnation or death,存在症状,ManifestAs
2369,苹果缺钙症,Bitter pit,出现淡绿色或棕黄色的退,Light green or brownish yellow discoloration,存在症状,ManifestAs
2370,苹果缺钙症,Bitter pit,棕褐色或绿褐,Tan or greenish brown,存在症状,ManifestAs
2371,苹果缺钙症,Bitter pit,有时叶和焦边下向,Sometimes leaves and focal edges turn downward,存在症状,ManifestAs
2372,苹果缺锰症,Apple manganese deficiency syndrome,叶片大部分变黄,Most of the leaves turn yellow,存在症状,ManifestAs
2373,苹果缺锰症,Apple manganese deficiency syndrome,叶脉全叶变黄,The veins of the leaves turn yellow,存在症状,ManifestAs
2374,苹果果锈,Venturia inaequalis,金属锈状的木栓层,Metal rust-like cork layer,存在症状,ManifestAs
2375,苹果青霉病,Penicillium expansum,淡黄色或淡褐色圆形水渍状病斑,Light yellow or light brown circular water-soaked spots,存在症状,ManifestAs
2376,苹果青霉病,Penicillium expansum,小瘤状霉块,Tumor-like mold,存在症状,ManifestAs
2377,苹果青霉病,Penicillium expansum,菌丝初白色,Mycelium initially white,存在症状,ManifestAs
2378,苹果青霉病,Penicillium expansum,青绿色粉状物,Green powder,存在症状,ManifestAs
2379,苹小食心虫,Grapholitha inopinata,黑褐色虫疤,Dark brown worm scar,存在症状,ManifestAs
2380,苹小食心虫,Grapholitha inopinata,红褐色,Reddish brown,存在症状,ManifestAs
2381,苹果小卷蛾,Cydia pomonella,肉虫斑成,Meatworms,存在症状,ManifestAs
2382,苹果小卷蛾,Cydia pomonella,果面,Fruit Noodles,存在症状,ManifestAs
2383,苹果小卷蛾,Cydia pomonella,呈片状凹大伤疤,"Large, concave scars",存在症状,ManifestAs
2384,苹褐卷叶蛾,Pandemis cerasana,呈不规则形凹疤,Irregular shaped scar,存在症状,ManifestAs
2385,桑褐刺蛾,Setora postornata,缺刻状,Notch,存在症状,ManifestAs
2386,桑褶翅尺蠖,Zamacra excavata,造成大量,Cause a lot of,存在症状,ManifestAs
2387,苹果蠹蛾,Cydia pomonella,豆沙馅状,Red bean paste,存在症状,ManifestAs
2388,盗毒蛾,Porthesia similis,缺刻或孔洞,Notches or holes,存在症状,ManifestAs
2389,盗毒蛾,Porthesia similis,仅留叶脉,Only the veins remain,存在症状,ManifestAs
2390,苹果透翅蛾,Synanthedon hector,不规则的隧道,Irregular tunnel,存在症状,ManifestAs
2391,苹果透翅蛾,Synanthedon hector,红褐色粪屑,Reddish brown feces,存在症状,ManifestAs
2392,柳干木蠹蛾,Holcocerus vicarius,不规则的隧道,Irregular tunnel,存在症状,ManifestAs
2393,柳干木蠹蛾,Holcocerus vicarius,削弱树势,Weakening the tree,存在症状,ManifestAs
2394,淡褐巢蛾,Yponomeuta cagnagella,呈纱网状,Gauze mesh,存在症状,ManifestAs
2395,金纹细蛾,Lithocolletis ringoniella,椭圆形的虫斑,Oval worm spots,存在症状,ManifestAs
2396,金纹细蛾,Lithocolletis ringoniella,叶背表皮皱缩,Leaf back skin wrinkled,存在症状,ManifestAs
2397,金纹细蛾,Lithocolletis ringoniella,叶片向背面弯折,Leaves bend toward the back,存在症状,ManifestAs
2398,金纹细蛾,Lithocolletis ringoniella,黄绿色网眼状虫斑,Yellow-green mesh-like spots,存在症状,ManifestAs
2399,苹果瘤蚜,Myzus malus,边缘向叶背纵卷,Edges rolled longitudinally toward the back of the leaf,存在症状,ManifestAs
2400,苹果瘤蚜,Myzus malus,略凹陷的红斑,Slightly depressed erythema,存在症状,ManifestAs
2401,苹果瘤蚜,Myzus malus,叶片全部卷缩,All leaves curled up,存在症状,ManifestAs
2402,苹果瘤蚜,Myzus malus,枝梢细弱,Thin branches,存在症状,ManifestAs
2403,苹果根绵蚜,Aphis mali,叶缘向背面卷合,Leaf margins rolled back toward the back,存在症状,ManifestAs
2404,苹果根绵蚜,Aphis mali,白色蜡质绵絮状物,White waxy cotton,存在症状,ManifestAs
2405,绿盲蝽,Apolygus lucorum,叶片生长畸形,Deformed leaf growth,存在症状,ManifestAs
2406,绿盲蝽,Apolygus lucorum,叶片支离破碎,The leaves are broken into pieces,存在症状,ManifestAs
2407,绿盲蝽,Apolygus lucorum,洼陷斑点或斑块,Sunken spots or plaques,存在症状,ManifestAs
2408,绣线菊蚜,Aphis spiraecola,叶向背面横卷,Leaves rolled horizontally to the back,存在症状,ManifestAs
2409,绣线菊蚜,Aphis spiraecola,叶片全部卷缩,All leaves curled up,存在症状,ManifestAs
2410,苹果绵蚜,Eriosoma lanigerum,瘤状突起,Tumor-like protrusion,存在症状,ManifestAs
2411,苹果绵蚜,Eriosoma lanigerum,树体衰弱,Tree weakness,存在症状,ManifestAs
2412,苹果绵蚜,Eriosoma lanigerum,早期落叶,Early leaf drop,存在症状,ManifestAs
2413,苹果全爪螨,Panonychus ulmi,叶片褪色,Leaf fading,存在症状,ManifestAs
2414,果苔螨,Oligonychus ununguis,叶片有失绿斑点,Chlorotic spots on leaves,存在症状,ManifestAs
2415,苹果小吉丁,Agrilus mali,表皮黑褐色,Dark brown skin,存在症状,ManifestAs
2416,苹果小吉丁,Agrilus mali,溢出琥珀色胶滴,Amber glue drops overflowing,存在症状,ManifestAs
2417,苹果小吉丁,Agrilus mali,树势衰弱,Tree weakness,存在症状,ManifestAs
2418,六斑吉丁虫,Chrysobothris succedanea,处有老皮变暗褐色或,There is old skin that turns dark brown or,存在症状,ManifestAs
2419,六斑吉丁虫,Chrysobothris succedanea,形成不规则扁平,Form irregular flat,存在症状,ManifestAs
2420,六斑吉丁虫,Chrysobothris succedanea,充塞黑褐色粪屑,Filled with dark brown feces,存在症状,ManifestAs
2421,薄翅锯天牛,Megopis sinica,削弱树势,Weakening the tree,存在症状,ManifestAs
2422,苹绕实蝇,Rhagoletis pomonella,歪曲的凹陷处,Distorted depression,存在症状,ManifestAs
2423,苹果雕翅蛾,Cydia pomonella,状和孔洞或,Shape and holes or,存在症状,ManifestAs
2424,苹果雕翅蛾,Cydia pomonella,上叶渐枯焦,The upper leaves gradually dry up,存在症状,ManifestAs
2425,苹果鞘蛾,Adoxophyes orana,圆形枯斑,Round spots,存在症状,ManifestAs
2426,苹果塔叶蝉,Empoasca pirisuga,失绿斑点,Chlorotic spots,存在症状,ManifestAs
2427,苹果塔叶蝉,Empoasca pirisuga,呈灰黄色斑,Grayish yellow spots,存在症状,ManifestAs
2428,苹果塔叶蝉,Empoasca pirisuga,状似火烧,Burning,存在症状,ManifestAs
2429,苹果蓝跳甲,Altica foliaceae,缺刻或孔洞,Notches or holes,存在症状,ManifestAs
2430,帽斑天牛,Aromia bungii,削弱树势,Weakening the tree,存在症状,ManifestAs
2431,梨树腐烂病,Valsa mali,病斑稍隆起,The lesion is slightly raised,存在症状,ManifestAs
2432,梨树腐烂病,Valsa mali,皮层组织变松,Loosening of cortical tissue,存在症状,ManifestAs
2433,梨树腐烂病,Valsa mali,呈水渍状湿腐,Water-soaked wet rot,存在症状,ManifestAs
2434,梨树腐烂病,Valsa mali,红褐色至暗褐色,Reddish brown to dark brown,存在症状,ManifestAs
2435,梨树腐烂病,Valsa mali,红褐色汁液,Reddish brown juice,存在症状,ManifestAs
2436,梨树腐烂病,Valsa mali,疣状突起,Wart-like protrusions,存在症状,ManifestAs
2437,梨树腐烂病,Valsa mali,淡黄色卷须状物,Pale yellow tendrils,存在症状,ManifestAs
2438,梨树腐烂病,Valsa mali,呈黑褐色至黑色,Dark brown to black,存在症状,ManifestAs
2439,梨树腐烂病,Valsa mali,病部不呈水渍状,The diseased area is not water-stained,存在症状,ManifestAs
2440,梨树腐烂病,Valsa mali,病斑形状不规则,Irregular lesion shape,存在症状,ManifestAs
2441,梨树腐烂病,Valsa mali,形褐色至红褐色,Brown to reddish brown,存在症状,ManifestAs
2442,梨树腐烂病,Valsa mali,点全果腐烂,Point whole fruit rot,存在症状,ManifestAs
2443,梨黑星病,Venturia pirina,病梢初生梭形病斑,Initial spindle-shaped lesions on diseased shoots,存在症状,ManifestAs
2444,梨黑星病,Venturia pirina,布满黑霉,Covered with black mold,存在症状,ManifestAs
2445,梨黑星病,Venturia pirina,开裂呈疮痂状,Cracked scab-like,存在症状,ManifestAs
2446,梨黑星病,Venturia pirina,叶片初变红,Leaves begin to turn red,存在症状,ManifestAs
2447,梨黑星病,Venturia pirina,重时芽鳞开裂枯死,"In severe cases, the bud scales crack and die.",存在症状,ManifestAs
2448,梨黑星病,Venturia pirina,出现黑绿色至黑色霉,Dark green to black mold appears,存在症状,ManifestAs
2449,梨黑星病,Venturia pirina,出现淡黄色,Light yellow,存在症状,ManifestAs
2450,梨黑星病,Venturia pirina,重时叶片,Heavy leaves,存在症状,ManifestAs
2451,梨黑星病,Venturia pirina,长条形中部凹陷的黑色霉斑,Long strip of black mold with a sunken center,存在症状,ManifestAs
2452,梨黑星病,Venturia pirina,叶柄变黑,Petiole turns black,存在症状,ManifestAs
2453,梨黑星病,Venturia pirina,叶片枯死,Leaf death,存在症状,ManifestAs
2454,梨黑星病,Venturia pirina,叶脉断裂,Broken veins,存在症状,ManifestAs
2455,梨黑星病,Venturia pirina,早期落叶,Early leaf drop,存在症状,ManifestAs
2456,梨黑星病,Venturia pirina,呈现黑色,Black,存在症状,ManifestAs
2457,梨黑星病,Venturia pirina,引起花序和叶簇萎蔫枯死,Causes inflorescence and leaf clusters to wilt and die,存在症状,ManifestAs
2458,梨黑星病,Venturia pirina,点圆形或不规,Point round or irregular,存在症状,ManifestAs
2459,梨黑星病,Venturia pirina,合时呈绿,Green when in season,存在症状,ManifestAs
2460,梨黑星病,Venturia pirina,黑褐色表面木栓化,Dark brown corky surface,存在症状,ManifestAs
2461,梨黑星病,Venturia pirina,病斑淡黄绿色,Lesions pale yellow-green,存在症状,ManifestAs
2462,梨树干枯病,Phomopsis pyri,环隘病斑,Ring lesion,存在症状,ManifestAs
2463,梨树干枯病,Phomopsis pyri,病组织溃烂,Diseased tissue ulceration,存在症状,ManifestAs
2464,梨树干枯病,Phomopsis pyri,呈红褐色水渍状,Reddish brown water stain,存在症状,ManifestAs
2465,梨树干枯病,Phomopsis pyri,黄褐色丝状孢子角,Yellowish brown filamentous spore horn,存在症状,ManifestAs
2466,梨树干枯病,Phomopsis pyri,树皮于缩开裂,Bark shrinkage and cracking,存在症状,ManifestAs
2467,梨树干枯病,Phomopsis pyri,纵向无规则裂皮,Irregular longitudinal cracks,存在症状,ManifestAs
2468,梨树干枯病,Phomopsis pyri,叶边缘焦枯,Leaf edges scorched,存在症状,ManifestAs
2469,梨树干枯病,Phomopsis pyri,叶色转黄,Leaves turn yellow,存在症状,ManifestAs
2470,梨树干枯病,Phomopsis pyri,提早落叶,Early leaf fall,存在症状,ManifestAs
2471,梨树干枯病,Phomopsis pyri,病斑长椭圆形,Lesions oblong,存在症状,ManifestAs
2472,梨树干枯病,Phomopsis pyri,暗褐色,Dark brown,存在症状,ManifestAs
2473,梨树干枯病,Phomopsis pyri,不规则的轮纹,Irregular wheel pattern,存在症状,ManifestAs
2474,梨树干枯病,Phomopsis pyri,呈红褐色干腐,Reddish brown dry rot,存在症状,ManifestAs
2475,梨树干枯病,Phomopsis pyri,病斑凹隐,Lesions are concave,存在症状,ManifestAs
2476,梨树干枯病,Phomopsis pyri,黑色小斑点,Small black spots,存在症状,ManifestAs
2477,梨树枝枯病,Leucostoma persoonii,见到白色菌丝,White hyphae,存在症状,ManifestAs
2478,梨树木腐病,Laetiporus sulphureus,树势衰弱,Tree weakness,存在症状,ManifestAs
2479,梨树木腐病,Laetiporus sulphureus,叶片变黄,Yellowing of leaves,存在症状,ManifestAs
2480,梨树木腐病,Laetiporus sulphureus,木质部腐朽,Xylem decay,存在症状,ManifestAs
2481,梨树木腐病,Laetiporus sulphureus,黄褐色,tan,存在症状,ManifestAs
2482,梨树木腐病,Laetiporus sulphureus,圆头状或马蹄形,Round head or horseshoe shape,存在症状,ManifestAs
2483,梨树木腐病,Laetiporus sulphureus,灰褐色至黑褐色,Gray brown to dark brown,存在症状,ManifestAs
2484,梨树干腐病,Botryosphaeria dothidea,红褐色至黑褐色病斑,Reddish brown to dark brown lesions,存在症状,ManifestAs
2485,梨树干腐病,Botryosphaeria dothidea,凹陷条斑,Sunken stripe,存在症状,ManifestAs
2486,梨树干腐病,Botryosphaeria dothidea,湿润而不规则形的紫红色斑,Moist irregular purple spots,存在症状,ManifestAs
2487,梨树干腐病,Botryosphaeria dothidea,酱色粘液,Caramel mucus,存在症状,ManifestAs
2488,梨树干腐病,Botryosphaeria dothidea,凹陷的黑褐色干斑,Sunken dark brown dry spots,存在症状,ManifestAs
2489,梨树干腐病,Botryosphaeria dothidea,全枝枯死,All branches dead,存在症状,ManifestAs
2490,梨树干腐病,Botryosphaeria dothidea,凹陷条状枯斑,Sunken stripe spots,存在症状,ManifestAs
2491,梨树干腐病,Botryosphaeria dothidea,轮纹斑,Ring pattern,存在症状,ManifestAs
2492,梨火疫病,Erwinia amylovora,边缘清晰,Clear edges,存在症状,ManifestAs
2493,梨火疫病,Erwinia amylovora,呈溃疡状,Ulcer-like,存在症状,ManifestAs
2494,梨火疫病,Erwinia amylovora,褐色至黑色,Brown to black,存在症状,ManifestAs
2495,梨火疫病,Erwinia amylovora,呈“手杖”形,"""Cane"" shape",存在症状,ManifestAs
2496,梨火疫病,Erwinia amylovora,溢出褐色至灰色胶滴,Overflowing brown to gray glue droplets,存在症状,ManifestAs
2497,梨火疫病,Erwinia amylovora,全叶变黑,The whole leaf turns black,存在症状,ManifestAs
2498,梨火疫病,Erwinia amylovora,受害呈萎蔫状,The victim is wilting,存在症状,ManifestAs
2499,梨火疫病,Erwinia amylovora,花柄呈水渍状,Water-soaked flower stalks,存在症状,ManifestAs
2500,梨火疫病,Erwinia amylovora,琥珀色菌液,Amber Bacteria Liquid,存在症状,ManifestAs
2501,梨火疫病,Erwinia amylovora,水浸状斑,Water-soaked spots,存在症状,ManifestAs
2502,梨火疫病,Erwinia amylovora,黄色粘液,Yellow slime,存在症状,ManifestAs
2503,梨火疫病,Erwinia amylovora,病果变黑而干缩,The diseased fruit turns black and shrunken,存在症状,ManifestAs
2504,梨锈水病,Pseudomonas syringae,锈色小水珠,Rusty water drops,存在症状,ManifestAs
2505,梨锈水病,Pseudomonas syringae,红褐色小斑或血丝状条纹,Reddish brown spots or blood-like streaks,存在症状,ManifestAs
2506,梨锈水病,Pseudomonas syringae,枝皮干缩纵裂,Branch bark shrinkage and longitudinal cracking,存在症状,ManifestAs
2507,梨锈水病,Pseudomonas syringae,病斑青褐色水渍状,Brown water-soaked spots,存在症状,ManifestAs
2508,梨锈水病,Pseudomonas syringae,褐斑或黑斑,Brown or dark spots,存在症状,ManifestAs
2509,梨锈水病,Pseudomonas syringae,水溃状病斑,Water ulcer spots,存在症状,ManifestAs
2510,梨锈水病,Pseudomonas syringae,果皮变青褐色或褐色,The fruit skin turns greenish brown or brown,存在症状,ManifestAs
2511,梨锈水病,Pseudomonas syringae,果肉腐烂成浆糊状,The flesh rots into a paste,存在症状,ManifestAs
2512,梨锈病,Gymnosporangium asiaticum,黑色斑点,Black spots,存在症状,ManifestAs
2513,梨锈病,Gymnosporangium asiaticum,黄褐色毛状物,Brown hairy substance,存在症状,ManifestAs
2514,梨锈病,Gymnosporangium asiaticum,病部呈橙色,The diseased part is orange,存在症状,ManifestAs
2515,梨锈病,Gymnosporangium asiaticum,圆形黄色斑点,Round yellow spots,存在症状,ManifestAs
2516,梨锈病,Gymnosporangium asiaticum,褐色斑块,Brown patches,存在症状,ManifestAs
2517,梨白粉病,Podosphaera leucotricha,圆形的白色霉点,Round white mildew spots,存在症状,ManifestAs
2518,梨白粉病,Podosphaera leucotricha,不规则白色粉状霉斑,Irregular white powdery mildew,存在症状,ManifestAs
2519,梨白粉病,Podosphaera leucotricha,初呈黄绿色至黄色不规则病斑,Initially appear as yellow-green to yellow irregular spots,存在症状,ManifestAs
2520,梨白粉病,Podosphaera leucotricha,病叶萎缩,Diseased leaves shrink,存在症状,ManifestAs
2521,梨白粉病,Podosphaera leucotricha,变褐枯死或脱落,"Turn brown, die or fall off",存在症状,ManifestAs
2522,梨白粉病,Podosphaera leucotricha,黄褐色至黑色的小颗粒,Small yellow-brown to black particles,存在症状,ManifestAs
2523,梨树疫病,Phytophthora cactorum,病斑为暗绿色,The lesions are dark green,存在症状,ManifestAs
2524,梨树疫病,Phytophthora cactorum,干缩下陷,Shrinkage,存在症状,ManifestAs
2525,梨树疫病,Phytophthora cactorum,呈环状缢缩,Annular constriction,存在症状,ManifestAs
2526,梨树疫病,Phytophthora cactorum,当年叶片,Leaves of the year,存在症状,ManifestAs
2527,梨树疫病,Phytophthora cactorum,果实小而干,Small and dry fruit,存在症状,ManifestAs
2528,梨炭疽病,Colletotrichum gloeosporioides,圆形深褐色小斑,Small round dark brown spots,存在症状,ManifestAs
2529,梨炭疽病,Colletotrichum gloeosporioides,椭圆形或长条形病斑,Oval or long strip lesions,存在症状,ManifestAs
2530,梨炭疽病,Colletotrichum gloeosporioides,木质部呈深褐色或枯死,The wood is dark brown or dead.,存在症状,ManifestAs
2531,梨炭疽病,Colletotrichum gloeosporioides,病斑为圆形,The lesions are circular,存在症状,ManifestAs
2532,梨炭疽病,Colletotrichum gloeosporioides,同心轮纹,Concentric wheel pattern,存在症状,ManifestAs
2533,梨炭疽病,Colletotrichum gloeosporioides,不规则形,Irregular,存在症状,ManifestAs
2534,梨炭疽病,Colletotrichum gloeosporioides,淡红色小点,Light red dots,存在症状,ManifestAs
2535,梨炭疽病,Colletotrichum gloeosporioides,浅褐色水浸状小圆斑,Light brown water-soaked small round spots,存在症状,ManifestAs
2536,梨炭疽病,Colletotrichum gloeosporioides,软腐下凹,Soft rot concave,存在症状,ManifestAs
2537,梨炭疽病,Colletotrichum gloeosporioides,明显同心轮纹,Obvious concentric ring pattern,存在症状,ManifestAs
2538,梨炭疽病,Colletotrichum gloeosporioides,粉红色粘质物,Pink slime,存在症状,ManifestAs
2539,梨炭疽病,Colletotrichum gloeosporioides,果实腐烂,Fruit rot,存在症状,ManifestAs
2540,梨褐斑病,Mycosphaerella sentina,连片致叶片坏死或变黄脱,The leaves may become necrotic or turn yellow.,存在症状,ManifestAs
2541,梨褐斑病,Mycosphaerella sentina,病斑稍凹陷,The lesion is slightly sunken,存在症状,ManifestAs
2542,梨灰斑病,Fusicladium pyrorum,褐色小点,Brown dots,存在症状,ManifestAs
2543,梨灰斑病,Fusicladium pyrorum,近圆形病斑,Nearly circular lesions,存在症状,ManifestAs
2544,梨灰斑病,Fusicladium pyrorum,病部变灰白色透,The diseased part becomes grayish white and transparent,存在症状,ManifestAs
2545,梨灰斑病,Fusicladium pyrorum,生出黑色小,Give birth to black little,存在症状,ManifestAs
2546,梨叶疫病,Fusicladium pirinum,紫黑色小斑点,Purple black spots,存在症状,ManifestAs
2547,梨叶疫病,Fusicladium pirinum,略带红色至紫色小点状斑,Slightly reddish to purple spots,存在症状,ManifestAs
2548,梨叶疫病,Fusicladium pirinum,形成褪绿,Chlorosis,存在症状,ManifestAs
2549,梨叶疫病,Fusicladium pirinum,病斑凹陷,Lesion depression,存在症状,ManifestAs
2550,梨轮纹病,Botryosphaeria dothidea,褐色突起的小斑点,Small brown raised spots,存在症状,ManifestAs
2551,梨轮纹病,Botryosphaeria dothidea,近圆形的暗褐色病斑,Nearly circular dark brown spots,存在症状,ManifestAs
2552,梨轮纹病,Botryosphaeria dothidea,病斑隆起呈瘤状,The lesions are raised and tumor-like,存在症状,ManifestAs
2553,梨轮纹病,Botryosphaeria dothidea,凹陷的圆圈,Sunken Circle,存在症状,ManifestAs
2554,梨轮纹病,Botryosphaeria dothidea,不规则的轮纹状,Irregular ring pattern,存在症状,ManifestAs
2555,梨轮纹病,Botryosphaeria dothidea,病斑近圆形,Nearly circular lesions,存在症状,ManifestAs
2556,梨轮纹病,Botryosphaeria dothidea,明显同心轮纹,Obvious concentric ring pattern,存在症状,ManifestAs
2557,梨轮纹病,Botryosphaeria dothidea,圆形坏死斑,Round necrotic plaque,存在症状,ManifestAs
2558,梨轮纹病,Botryosphaeria dothidea,水渍状,Water stain,存在症状,ManifestAs
2559,梨轮纹病,Botryosphaeria dothidea,浅褐色至红褐色,Light brown to reddish brown,存在症状,ManifestAs
2560,梨轮纹病,Botryosphaeria dothidea,红褐色至黑褐色同心轮纹,Reddish brown to dark brown concentric rings,存在症状,ManifestAs
2561,梨轮纹病,Botryosphaeria dothidea,黑褐色菌丝团,Dark brown mycelium,存在症状,ManifestAs
2562,梨轮纹病,Botryosphaeria dothidea,病部呈灰黑色,The diseased part is grayish black,存在症状,ManifestAs
2563,梨轮纹病,Botryosphaeria dothidea,茶褐汁液,Brown tea juice,存在症状,ManifestAs
2564,梨轮纹病,Botryosphaeria dothidea,酸臭的气味,Sour smell,存在症状,ManifestAs
2565,梨轮纹病,Botryosphaeria dothidea,黑色僵果,Black Zombie Fruit,存在症状,ManifestAs
2566,梨疫霉病,Phytophthora cactorum,褐色斑点,Brown spots,存在症状,ManifestAs
2567,梨疫霉病,Phytophthora cactorum,呈不规则形,Irregular shape,存在症状,ManifestAs
2568,梨疫霉病,Phytophthora cactorum,浅红褐色至深红褐色,Light reddish brown to dark reddish brown,存在症状,ManifestAs
2569,梨果红粉病,**venturia pirina**,初期病斑近圆形,The initial lesions are nearly circular,存在症状,ManifestAs
2570,梨果红粉病,**venturia pirina**,黑色或黑褐色,Black or dark brown,存在症状,ManifestAs
2571,梨果红粉病,**venturia pirina**,软化果肉有苦,Softened flesh has bitter taste,存在症状,ManifestAs
2572,梨果红粉病,**venturia pirina**,粉红色霉层,Pink mildew layer,存在症状,ManifestAs
2573,梨果红粉病,**venturia pirina**,果实腐烂,Fruit rot,存在症状,ManifestAs
2574,梨黑斑病,Alternaria kikuchiana,新梢病斑黑色,Black spots on new shoots,存在症状,ManifestAs
2575,梨黑斑病,Alternaria kikuchiana,椭圆形,Oval,存在症状,ManifestAs
2576,梨黑斑病,Alternaria kikuchiana,淡褐色溃疡斑,Light brown ulcer spots,存在症状,ManifestAs
2577,梨黑斑病,Alternaria kikuchiana,针头大小黑色的斑点,Pinhead-sized black spots,存在症状,ManifestAs
2578,梨黑斑病,Alternaria kikuchiana,近圆形或不规则形,Nearly round or irregular,存在症状,ManifestAs
2579,梨黑斑病,Alternaria kikuchiana,中心灰白色,Center off-white,存在症状,ManifestAs
2580,梨黑斑病,Alternaria kikuchiana,边缘黑褐色,Dark brown edge,存在症状,ManifestAs
2581,梨黑斑病,Alternaria kikuchiana,不规形的大病斑,Large irregular lesions,存在症状,ManifestAs
2582,梨黑斑病,Alternaria kikuchiana,叶片早落,Early leaf fall,存在症状,ManifestAs
2583,梨黑斑病,Alternaria kikuchiana,黑色圆形针头大斑点,Black round pinhead spots,存在症状,ManifestAs
2584,梨黑斑病,Alternaria kikuchiana,近圆形或椭圆形,Nearly round or oval,存在症状,ManifestAs
2585,梨黑腐病,Fusicladium pyrorum,为赤褐色至黑色梭形溃,Reddish brown to black spindle-shaped ulcer,存在症状,ManifestAs
2586,梨黑腐病,Fusicladium pyrorum,上有散生小黑点,There are scattered black spots on,存在症状,ManifestAs
2587,梨黑腐病,Fusicladium pyrorum,枝梢枯死,Branch dieback,存在症状,ManifestAs
2588,梨黑腐病,Fusicladium pyrorum,初期病斑紫色,Initial lesions are purple,存在症状,ManifestAs
2589,梨黑腐病,Fusicladium pyrorum,不规则形,Irregular,存在症状,ManifestAs
2590,梨黑腐病,Fusicladium pyrorum,黑褐色至黑色,Dark brown to black,存在症状,ManifestAs
2591,梨黑腐病,Fusicladium pyrorum,中部凹陷,Central depression,存在症状,ManifestAs
2592,梨黑腐病,Fusicladium pyrorum,边缘隆起,Edge bulge,存在症状,ManifestAs
2593,梨黑腐病,Fusicladium pyrorum,叶片早落,Early leaf fall,存在症状,ManifestAs
2594,梨黑腐病,Fusicladium pyrorum,黑褐色或黑色,Dark brown or black,存在症状,ManifestAs
2595,梨黑腐病,Fusicladium pyrorum,同心轮纹,Concentric wheel pattern,存在症状,ManifestAs
2596,梨黑腐病,Fusicladium pyrorum,黑色僵果,Black Zombie Fruit,存在症状,ManifestAs
2597,梨煤污病,Venturia pirina,黑灰色煤状物,Black gray coal-like substance,存在症状,ManifestAs
2598,梨煤污病,Venturia pirina,果面病斑不规则,Irregular lesions on the fruit surface,存在症状,ManifestAs
2599,梨煤污病,Venturia pirina,黑灰色,Dark grey,存在症状,ManifestAs
2600,梨煤污病,Venturia pirina,半椭圆形黑灰色霉状物,Semi-oval black-gray mold,存在症状,ManifestAs
2601,梨褐腐病,Monilinia fructigena,圆形水渍状小斑,Small circular water-stained spots,存在症状,ManifestAs
2602,梨褐腐病,Monilinia fructigena,灰白色至灰褐色小绒状的霉丛,Grayish white to grayish brown small fluffy mold clusters,存在症状,ManifestAs
2603,梨褐腐病,Monilinia fructigena,呈同心轮纹排列,Arranged in concentric rings,存在症状,ManifestAs
2604,梨褐腐病,Monilinia fructigena,呈海绵状,Sponge-like,存在症状,ManifestAs
2605,梨褐腐病,Monilinia fructigena,成为黑色,Become Black,存在症状,ManifestAs
2606,梨褐腐病,Monilinia fructigena,具有特异的蓝黑色斑块,Has distinctive blue-black patches,存在症状,ManifestAs
2607,梨白纹羽病,Rosellinia necatrix,细根腐烂,Root rot,存在症状,ManifestAs
2608,梨白纹羽病,Rosellinia necatrix,水渍状病斑,Water-soaked spots,存在症状,ManifestAs
2609,梨白纹羽病,Rosellinia necatrix,根皮变黑,Root bark turns black,存在症状,ManifestAs
2610,梨白纹羽病,Rosellinia necatrix,茶褐色或褐色,Brown or brown,存在症状,ManifestAs
2611,梨白纹羽病,Rosellinia necatrix,新叶逐渐变黄,New leaves gradually turn yellow,存在症状,ManifestAs
2612,梨白纹羽病,Rosellinia necatrix,轻度萎蔫,Mild wilting,存在症状,ManifestAs
2613,梨白纹羽病,Rosellinia necatrix,叶片枯萎,Leaf withering,存在症状,ManifestAs
2614,梨白纹羽病,Rosellinia necatrix,树势衰弱,Tree weakness,存在症状,ManifestAs
2615,梨白纹羽病,Rosellinia necatrix,叶片瘦小,Small leaves,存在症状,ManifestAs
2616,梨白纹羽病,Rosellinia necatrix,果实极小,Very small fruit,存在症状,ManifestAs
2617,梨紫纹羽病,Helicobasidium mompa,紫红色网状菌丝,Purple-red reticular hyphae,存在症状,ManifestAs
2618,梨紫纹羽病,Helicobasidium mompa,紫红色半球形菌核,Purple hemispherical sclerotium,存在症状,ManifestAs
2619,梨紫纹羽病,Helicobasidium mompa,木质朽枯,Wood decay,存在症状,ManifestAs
2620,梨紫纹羽病,Helicobasidium mompa,栓皮呈鞘状,The cork is sheath-like,存在症状,ManifestAs
2621,梨紫纹羽病,Helicobasidium mompa,叶黄早落,Leaves turn yellow and fall early,存在症状,ManifestAs
2622,梨紫纹羽病,Helicobasidium mompa,树势衰退,Tree decline,存在症状,ManifestAs
2623,梨紫纹羽病,Helicobasidium mompa,叶片突然萎垂状,Sudden drooping of leaves,存在症状,ManifestAs
2624,梨根朽病,Armillaria mellea,根颈皮层腐烂,Root collar cortex rot,存在症状,ManifestAs
2625,梨根朽病,Armillaria mellea,白色至淡黄色的扇形菌丝层,White to pale yellow fan-shaped mycelium layer,存在症状,ManifestAs
2626,梨根朽病,Armillaria mellea,蓝绿色萤光,Blue-green fluorescent,存在症状,ManifestAs
2627,梨根朽病,Armillaria mellea,浓烈的蘑菇味,Strong mushroom flavor,存在症状,ManifestAs
2628,梨根朽病,Armillaria mellea,木质部腐朽,Xylem decay,存在症状,ManifestAs
2629,梨根朽病,Armillaria mellea,黄叶片早脱落,Yellow leaves fall off early,存在症状,ManifestAs
2630,梨树根腐病,Phytophthora capsici,浅白色至黄褐色不规则病斑,Light white to yellowish brown irregular spots,存在症状,ManifestAs
2631,梨树根腐病,Phytophthora capsici,根系皮层松软,Soft root cortex,存在症状,ManifestAs
2632,梨树根腐病,Phytophthora capsici,水渍状,Water stain,存在症状,ManifestAs
2633,梨树根腐病,Phytophthora capsici,弱叶,Weak leaves,存在症状,ManifestAs
2634,梨树根腐病,Phytophthora capsici,薄叶片相对,Thin leaves relatively,存在症状,ManifestAs
2635,梨树根腐病,Phytophthora capsici,小叶缘,Leaflet margin,存在症状,ManifestAs
2636,梨树根腐病,Phytophthora capsici,病株叶片,Diseased leaves,存在症状,ManifestAs
2637,梨树根腐病,Phytophthora capsici,黄下垂,Yellow droop,存在症状,ManifestAs
2638,梨树根癌病,Agrobacterium tumefaciens,球形或扁球形,Spherical or oblate,存在症状,ManifestAs
2639,梨树根癌病,Agrobacterium tumefaciens,不规则形,Irregular,存在症状,ManifestAs
2640,梨树根癌病,Agrobacterium tumefaciens,呈乳白色或淡黄色,Milky white or light yellow,存在症状,ManifestAs
2641,梨树根癌病,Agrobacterium tumefaciens,褐色至深褐色,Brown to dark brown,存在症状,ManifestAs
2642,梨树根癌病,Agrobacterium tumefaciens,表面粗,Rough surface,存在症状,ManifestAs
2643,梨树根癌病,Agrobacterium tumefaciens,表面粗糙不平,Rough surface,存在症状,ManifestAs
2644,梨树根癌病,Agrobacterium tumefaciens,柔软海绵状,Soft sponge,存在症状,ManifestAs
2645,梨树根癌病,Agrobacterium tumefaciens,叶黄早落,Leaves turn yellow and fall early,存在症状,ManifestAs
2646,梨树根癌病,Agrobacterium tumefaciens,植株矮小,Short plant,存在症状,ManifestAs
2647,梨石痘病,Venturia pirina,木栓化突起,corky protuberances,存在症状,ManifestAs
2648,梨石痘病,Venturia pirina,沿脉狭窄褪绿区,Narrow chlorotic zone along veins,存在症状,ManifestAs
2649,梨石痘病,Venturia pirina,轻微的斑驳,Slightly mottled,存在症状,ManifestAs
2650,梨石痘病,Venturia pirina,暗绿色区域,Dark green area,存在症状,ManifestAs
2651,梨石痘病,Venturia pirina,果实畸形,Fruit deformity,存在症状,ManifestAs
2652,梨石痘病,Venturia pirina,褐色石细胞,Brown stone cells,存在症状,ManifestAs
2653,梨环纹花叶病,Cucumber mosaic virus,淡绿色或浅黄色环斑或线纹斑,Light green or light yellow ring spots or line spots,存在症状,ManifestAs
2654,梨环纹花叶病,Cucumber mosaic virus,变形或卷缩,Deformation or curling,存在症状,ManifestAs
2655,梨环纹花叶病,Cucumber mosaic virus,淡绿色或黄绿色小斑点,Light green or yellowish green spots,存在症状,ManifestAs
2656,梨叶脉黄化病,Candidatus phytoplasma pyri,红褐色近梭形坏死斑,Reddish brown spindle-shaped necrotic spots,存在症状,ManifestAs
2657,梨叶脉黄化病,Candidatus phytoplasma pyri,凹陷茎痘斑,Sunken stem pox,存在症状,ManifestAs
2658,梨叶脉黄化病,Candidatus phytoplasma pyri,界线不很清晰的黄化区,The yellow zone with unclear boundaries,存在症状,ManifestAs
2659,梨叶脉黄化病,Candidatus phytoplasma pyri,红色斑驳状,Red mottled,存在症状,ManifestAs
2660,梨根结线虫病,Meloidogyne,枝短梢弱,Short branches and weak tips,存在症状,ManifestAs
2661,梨根结线虫病,Meloidogyne,枝条枯萎,Branch withering,存在症状,ManifestAs
2662,梨根结线虫病,Meloidogyne,叶色发黄,Yellow leaves,存在症状,ManifestAs
2663,梨根结线虫病,Meloidogyne,无光泽,Matt,存在症状,ManifestAs
2664,梨根结线虫病,Meloidogyne,叶缘卷风,Leaf-edge tornado,存在症状,ManifestAs
2665,梨根结线虫病,Meloidogyne,呈缺水状,Water shortage,存在症状,ManifestAs
2666,梨根结线虫病,Meloidogyne,叶片呈缺素症花叶,Leaves show nutrient deficiency mosaic,存在症状,ManifestAs
2667,梨根结线虫病,Meloidogyne,叶片干枯脱落,Leaves dry and fall off,存在症状,ManifestAs
2668,梨根结线虫病,Meloidogyne,开花多,Many flowers,存在症状,ManifestAs
2669,梨根结线虫病,Meloidogyne,树势衰退,Tree decline,存在症状,ManifestAs
2670,梨果青霉病,Penicillium expansum,病斑近圆形,Nearly circular lesions,存在症状,ManifestAs
2671,梨果青霉病,Penicillium expansum,淡白色,Light white,存在症状,ManifestAs
2672,梨果青霉病,Penicillium expansum,果肉软腐凹陷,Soft and sunken flesh,存在症状,ManifestAs
2673,梨果青霉病,Penicillium expansum,青绿色粉状物,Green powder,存在症状,ManifestAs
2674,梨果青霉病,Penicillium expansum,呈堆状,In pile,存在症状,ManifestAs
2675,梨软腐病,Pectobacterium carotovorum,浅褐色至红褐色圆斑,Light brown to reddish brown round spots,存在症状,ManifestAs
2676,梨软腐病,Pectobacterium carotovorum,黑褐色不规则形软腐病斑,Dark brown irregular soft rot spots,存在症状,ManifestAs
2677,梨顶腐病,Podosphaera leucotricha,稍浸润的斑点,Slightly moist spots,存在症状,ManifestAs
2678,梨顶腐病,Podosphaera leucotricha,呈黑褐色或暗红色水渍状的湿腐斑块,Dark brown or dark red water-soaked wet rot patches,存在症状,ManifestAs
2679,梨顶腐病,Podosphaera leucotricha,全果腐烂,Whole fruit rot,存在症状,ManifestAs
2680,梨树衰退病,Candidatus phytoplasma pyri,叶片变红,Leaves turn red,存在症状,ManifestAs
2681,梨树衰退病,Candidatus phytoplasma pyri,叶呈浅绿色,Light green leaves,存在症状,ManifestAs
2682,梨树衰退病,Candidatus phytoplasma pyri,革质化,Leathery,存在症状,ManifestAs
2683,梨树衰退病,Candidatus phytoplasma pyri,纯黄色或红色,Pure yellow or red,存在症状,ManifestAs
2684,梨树衰退病,Candidatus phytoplasma pyri,叶片略下卷或沿主脉向上纵卷,The leaves are slightly rolled down or rolled up along the main vein,存在症状,ManifestAs
2685,梨树衰退病,Candidatus phytoplasma pyri,叶片皱缩,Leaf shrinkage,存在症状,ManifestAs
2686,梨树衰退病,Candidatus phytoplasma pyri,叶脉变粗,Thickened leaf veins,存在症状,ManifestAs
2687,梨细菌性花腐病,Pseudomonas syringae,花序变黑,Inflorescence turns black,存在症状,ManifestAs
2688,梨细菌性花腐病,Pseudomonas syringae,花瓣脱落,Petals fall off,存在症状,ManifestAs
2689,梨细菌性花腐病,Pseudomonas syringae,黑色斑块,Black patches,存在症状,ManifestAs
2690,梨叶疹病,Venturia pirina,芝麻,Sesame,存在症状,ManifestAs
2691,梨叶疹病,Venturia pirina,叶片正面隆起,Leaf front bulge,存在症状,ManifestAs
2692,梨叶疹病,Venturia pirina,背面凹陷卷曲,Curly back,存在症状,ManifestAs
2693,梨缩叶病,Venturia pirina,红色肿胀疱疹,Red swollen herpes,存在症状,ManifestAs
2694,梨缩叶病,Venturia pirina,叶边缘向上纵卷肿胀,The leaf margins are swollen and rolled up,存在症状,ManifestAs
2695,梨缩叶病,Venturia pirina,叶卷成双筒状,Leaves rolled into a double tube,存在症状,ManifestAs
2696,梨灰色膏药病,Pestalotiopsis sp.,圆形或不规则菌膜,Round or irregular biofilm,存在症状,ManifestAs
2697,梨灰色膏药病,Pestalotiopsis sp.,灰白色或暗灰色,Off-white or dark gray,存在症状,ManifestAs
2698,梨烂果病,Monilinia fructigena,病斑圆形,Circular lesion,存在症状,ManifestAs
2699,梨烂果病,Monilinia fructigena,陷边缘暗,Dark edge,存在症状,ManifestAs
2700,梨裂果病,Fusicladium pyrorum,病枝由褐色转为红褐色,Diseased branches turn from brown to reddish brown,存在症状,ManifestAs
2701,梨裂果病,Fusicladium pyrorum,叶变紫红色,Leaves turn purple,存在症状,ManifestAs
2702,梨裂果病,Fusicladium pyrorum,叶变窄小,Leaves become narrower,存在症状,ManifestAs
2703,梨裂果病,Fusicladium pyrorum,叶片皱缩或卷曲,Leaves shrunken or curled,存在症状,ManifestAs
2704,梨裂果病,Fusicladium pyrorum,叶缘焦枯或开裂,Leaf edges scorch or crack,存在症状,ManifestAs
2705,梨裂果病,Fusicladium pyrorum,无裂纹,No cracks,存在症状,ManifestAs
2706,梨裂果病,Fusicladium pyrorum,果面粗糙凹凸不平,The fruit surface is rough and uneven,存在症状,ManifestAs
2707,梨裂果病,Fusicladium pyrorum,果面粗糙,Rough fruit surface,存在症状,ManifestAs
2708,梨裂果病,Fusicladium pyrorum,点状裂痕,Point cracks,存在症状,ManifestAs
2709,梨尺蠖,Apocheima cinerarius,孔洞和缺刻,Holes and Notches,存在症状,ManifestAs
2710,梨尺蠖,Apocheima cinerarius,叶片吃光,Eat all the leaves,存在症状,ManifestAs
2711,梨尺蠖,Apocheima cinerarius,仅留叶脉或叶柄,Only the veins or petioles remain,存在症状,ManifestAs
2712,梨象甲,Anthonomus pomorum,不规则的粗糙斑痕,Irregular rough spots,存在症状,ManifestAs
2713,梨象甲,Anthonomus pomorum,黑色斑点,Black spots,存在症状,ManifestAs
2714,梨卷叶象甲,Pyrrhalta aenescens,叶片逐渐干枯脱落,The leaves gradually dry up and fall off,存在症状,ManifestAs
2715,梨卷叶象甲,Pyrrhalta aenescens,树势衰弱,Tree weakness,存在症状,ManifestAs
2716,蘑菇绿霉病,Trichoderma,现淡褐色的水渍状,Light brown water stains,存在症状,ManifestAs
2717,蘑菇绿霉病,Trichoderma,生小的褐,Small brown,存在症状,ManifestAs
2718,蘑菇绿霉病,Trichoderma,边缘模,Edge mold,存在症状,ManifestAs
2719,蘑菇绿霉病,Trichoderma,出灰白色霉,Grayish white mold,存在症状,ManifestAs
2720,蘑菇菌盖斑点病,Mycena stipata,生淡褐色至暗褐色近圆形病,Light brown to dark brown nearly round disease,存在症状,ManifestAs
2721,蘑菇菌盖斑点病,Mycena stipata,灰白色霉状物,Grayish white mold,存在症状,ManifestAs
2722,蘑菇干腐病,Sclerotinia sclerotiorum,病菇畸形,Diseased mushrooms and deformities,存在症状,ManifestAs
2723,蘑菇干腐病,Sclerotinia sclerotiorum,茶褐色,dark brown,存在症状,ManifestAs
2724,蘑菇干腐病,Sclerotinia sclerotiorum,菌盖常常歪斜,The cap is often crooked,存在症状,ManifestAs
2725,蘑菇干腐病,Sclerotinia sclerotiorum,小褐点或褐色的病区,Small brown spots or brown areas,存在症状,ManifestAs
2726,蘑菇软腐病,Rhizopus stolonifer,初呈水渍状淡红褐色至褐色不规则形,"Initially water-stained, light reddish brown to brown, irregular shape",存在症状,ManifestAs
2727,蘑菇软腐病,Rhizopus stolonifer,蛛丝状白色菌丝,Spider-like white hyphae,存在症状,ManifestAs
2728,蘑菇细菌性斑点病,Pseudomonas fluorescens,病斑浅褐,Lesions light brown,存在症状,ManifestAs
2729,蘑菇细菌性斑点病,Pseudomonas fluorescens,为暗褐色凹陷,Dark brown depression,存在症状,ManifestAs
2730,蘑菇细菌性斑点病,Pseudomonas fluorescens,不对称子实体,Asymmetric fruiting body,存在症状,ManifestAs
2731,蘑菇细菌性斑点病,Pseudomonas fluorescens,纵向的凹陷斑,Longitudinal depression,存在症状,ManifestAs
2732,蘑菇病毒病,Mycovirus,出菇少或不出菇,Few or no mushrooms,存在症状,ManifestAs
2733,蘑菇病毒病,Mycovirus,菌柄伸长或弯曲,Stem elongation or bending,存在症状,ManifestAs
2734,蘑菇病毒病,Mycovirus,鼓槌状或梨状,Drumstick or pear-shaped,存在症状,ManifestAs
2735,蘑菇病毒病,Mycovirus,水渍状条纹或褐色斑点,Water-soaked streaks or brown spots,存在症状,ManifestAs
2736,蘑菇病毒病,Mycovirus,腐烂斑点,Rot spots,存在症状,ManifestAs
2737,蘑菇病毒病,Mycovirus,菌盖半球形,Hemispherical cap,存在症状,ManifestAs
2738,蘑菇病毒病,Mycovirus,菌柄上粗下细呈“钉头状”,"The stem is thick at the top and thin at the bottom, shaped like a ""nail head"".",存在症状,ManifestAs
2739,蘑菇线虫病,Ditylenchus destructor,多闪亮的白色纤细状,Shiny white slender,存在症状,ManifestAs
2740,蘑菇线虫病,Ditylenchus destructor,特殊的腥臭味,Special fishy smell,存在症状,ManifestAs
2741,蘑菇畸形,Agaricus bisporus,菌盖不规,Irregular cap,存在症状,ManifestAs
2742,蘑菇畸形,Agaricus bisporus,菌盖高低不,The height of the cap is not,存在症状,ManifestAs
2743,蘑菇畸形,Agaricus bisporus,菌盖形状不圆,The cap is not round,存在症状,ManifestAs
2744,蘑菇畸形,Agaricus bisporus,菌盖边缘向上翘,The edge of the cap is tilted upward,存在症状,ManifestAs
2745,蘑菇畸形,Agaricus bisporus,菌盖开裂,Cap cracking,存在症状,ManifestAs
2746,蘑菇畸形,Agaricus bisporus,菇柄疏松变白,The mushroom stem becomes loose and white,存在症状,ManifestAs
2747,蘑菇畸形,Agaricus bisporus,髓部收缩,Medullary contraction,存在症状,ManifestAs
2748,蘑菇畸形,Agaricus bisporus,粉红色菌褶,Pink gills,存在症状,ManifestAs
2749,蘑菇死菇,Mortierella,的小蘑菇萎,Small mushrooms wither,存在症状,ManifestAs
2750,兰氏布伦螨,Laelaps langstoni,菌丝断裂老化,Mycelium breakage and aging,存在症状,ManifestAs
2751,红蜘蛛,Tetranychus,灰黄点或斑块,Grayish-yellow spots or patches,存在症状,ManifestAs
2752,短角跳虫,Entomobrya,缺刻或孔道,Notch or hole,存在症状,ManifestAs
2753,黑腹果蝇,Drosophila melanogaster,子实体萎缩或腐烂,Fruiting bodies shrink or rot,存在症状,ManifestAs
2754,黑腹果蝇,Drosophila melanogaster,耳片腐烂胶化,Ear piece rot and gelatinization,存在症状,ManifestAs
2755,黑腹果蝇,Drosophila melanogaster,烂成鼻涕状,Rotten into snot,存在症状,ManifestAs
2756,黑腹果蝇,Drosophila melanogaster,水渍状腐烂,Water-soaked rot,存在症状,ManifestAs
2757,闽菇迟眼蕈蚊,Bradysia minpleuroti,松散米糠状,Loose rice bran,存在症状,ManifestAs
2758,食菌瘿蚊,Bradysia fungicola,菇蕾受害则发黄,The mushroom buds turn yellow when damaged,存在症状,ManifestAs
2759,食菌瘿蚊,Bradysia fungicola,萎缩而死,Shrink and die,存在症状,ManifestAs
2760,食菌瘿蚊,Bradysia fungicola,呈橘红色或淡红色,Orange or light red,存在症状,ManifestAs
2761,食菌瘿蚊,Bradysia fungicola,红色粉状物质,Red powdery substance,存在症状,ManifestAs
2762,平菇青霉病,Penicillium,黄褐色枯萎,Yellowish brown withered,存在症状,ManifestAs
2763,平菇青霉病,Penicillium,绿色粉状霉层,Green powdery mildew,存在症状,ManifestAs
2764,平菇青霉病,Penicillium,绿霉而腐烂,Green mold and rot,存在症状,ManifestAs
2765,平菇软腐病,Rhizopus stolonifer,呈浅褐色水渍状软腐,Light brown water-soaked soft rot,存在症状,ManifestAs
2766,双线嗜黏蛞蝓,Philomycus bilineatus,白色黏质痕迹,White slime marks,存在症状,ManifestAs
2767,平菇病毒病,Pleurotus ostreatus virus,菌柄膨大呈近球形或泡状,The stipe is swollen and nearly spherical or vesicular,存在症状,ManifestAs
2768,平菇病毒病,Pleurotus ostreatus virus,菌柄变扁而弯曲,The stem becomes flat and curved,存在症状,ManifestAs
2769,平菇病毒病,Pleurotus ostreatus virus,表面凹凸不平,Uneven surface,存在症状,ManifestAs
2770,平菇病毒病,Pleurotus ostreatus virus,瘤状突起,Tumor-like protrusion,存在症状,ManifestAs
2771,平菇病毒病,Pleurotus ostreatus virus,边缘波浪形,Wavy edge,存在症状,ManifestAs
2772,平菇病毒病,Pleurotus ostreatus virus,水渍状条纹或条斑,Water-stained streaks or stripes,存在症状,ManifestAs
2773,平菇病毒病,Pleurotus ostreatus virus,菌盖皱褶,Cap wrinkles,存在症状,ManifestAs
2774,平菇幼菇萎缩干枯病,Fusarium oxysporum,菌柄皱缩干瘪,The stem is shrunken and dry,存在症状,ManifestAs
2775,香菇褐腐病,Fusarium oxysporum,不定形褐色病斑,Irregular brown spots,存在症状,ManifestAs
2776,香菇褐腐病,Fusarium oxysporum,恶臭气味,Foul odor,存在症状,ManifestAs
2777,香菇蛛网丝枝霉病,Phycomyces nitens,褐色稍凹陷近圆形病斑,Brown slightly sunken nearly circular spots,存在症状,ManifestAs
2778,香菇蛛网丝枝霉病,Phycomyces nitens,中间灰白,Middle gray,存在症状,ManifestAs
2779,香菇蛛网丝枝霉病,Phycomyces nitens,灰白色霉状物,Grayish white mold,存在症状,ManifestAs
2780,香菇绿霉病,Penicillium,微褐色水渍状病斑,Brownish water-soaked spots,存在症状,ManifestAs
2781,香菇绿霉病,Penicillium,明显的褐色凹陷病斑,Distinct brown sunken lesions,存在症状,ManifestAs
2782,香菇绿霉病,Penicillium,白色霉层,White mold layer,存在症状,ManifestAs
2783,香菇绿霉病,Penicillium,子实体腐烂,Fruiting body decay,存在症状,ManifestAs
2784,香菇畸形菇,Flammulina velutipes,菌盖有缺口,There is a gap in the cap,存在症状,ManifestAs
2785,香菇畸形菇,Flammulina velutipes,边缘呈波浪形,Wavy edges,存在症状,ManifestAs
2786,香菇畸形菇,Flammulina velutipes,盖顶下陷,Cover top sinking,存在症状,ManifestAs
2787,香菇畸形菇,Flammulina velutipes,盖缘内卷或呈钟状,The lid edge is rolled inward or bell-shaped,存在症状,ManifestAs
2788,香菇畸形菇,Flammulina velutipes,菌柄膨大呈球棍状,The stipe is enlarged and becomes a ball-stick shape,存在症状,ManifestAs
2789,鸡腿菇红粉病,Trichoderma harzianum,白色霉状物,White mold,存在症状,ManifestAs
2790,鸡腿菇红粉病,Trichoderma harzianum,白色纤细的絮状或蛛丝状菌丝,"White, fine, flocculent or spider-like hyphae",存在症状,ManifestAs
2791,鸡腿菇绿霉病,Trichoderma,灰绿色至黄绿色的分生孢子,Gray-green to yellow-green conidia,存在症状,ManifestAs
2792,鸡爪菌,Hypsizygus marmoreus,白色菌丝团,White mycelium mass,存在症状,ManifestAs
2793,鸡爪菌,Hypsizygus marmoreus,浅褐色或棕红色,Light brown or brownish red,存在症状,ManifestAs
2794,鸡爪菌,Hypsizygus marmoreus,内部白色木质化,White wood interior,存在症状,ManifestAs
2795,鸡爪菌,Hypsizygus marmoreus,子座呈灰褐色至黑色,The fruit base is gray-brown to black,存在症状,ManifestAs
2796,鸡腿菇干裂,Flammulina velutipes,菌盖提前开伞,The cap opens early,存在症状,ManifestAs
2797,鸡腿菇干裂,Flammulina velutipes,呈放射状开裂,Radially cracked,存在症状,ManifestAs
2798,鸡腿菇干裂,Flammulina velutipes,不规则裂口,Irregular cracks,存在症状,ManifestAs
2799,杏鲍菇青霉病,Penicillium,边缘白色,Edge white,存在症状,ManifestAs
2800,杏鲍菇青霉病,Penicillium,中央灰绿色至淡蓝色的绒霉斑,Central gray-green to light blue velvet mold,存在症状,ManifestAs
2801,杏鲍菇青霉病,Penicillium,灰绿色粉状霉,Gray green powdery mildew,存在症状,ManifestAs
2802,杏鲍菇青霉病,Penicillium,呈黄褐色枯萎死亡,Yellow-brown withered and dead,存在症状,ManifestAs
2803,杏鲍菇畸形,Pleurotus eryngii,柄盖不协调,The handle and cover are not coordinated,存在症状,ManifestAs
2804,杏鲍菇畸形,Pleurotus eryngii,菌盖小,Small cap,存在症状,ManifestAs
2805,杏鲍菇畸形,Pleurotus eryngii,菌柄细长,Slender stem,存在症状,ManifestAs
2806,木霉,Trichoderma,白色棉絮状的致密菌丝,White cotton-like dense hyphae,存在症状,ManifestAs
2807,木霉,Trichoderma,无定形菌落,Amorphous colonies,存在症状,ManifestAs
2808,木霉,Trichoderma,深绿色粉状,Dark green powder,存在症状,ManifestAs
2809,木霉,Trichoderma,褐色水渍状病斑,Brown water-soaked spots,存在症状,ManifestAs
2810,木霉,Trichoderma,菌盖呈褐色凹陷,The cap is brown and concave,存在症状,ManifestAs
2811,木霉,Trichoderma,绿色霉层,Green mold layer,存在症状,ManifestAs
2812,木霉,Trichoderma,菇体腐烂,Mushroom body decay,存在症状,ManifestAs
2813,青霉,Penicillium,菌落近圆形至不定形,Colonies are nearly round to irregular,存在症状,ManifestAs
2814,青霉,Penicillium,略呈粉末状,Slightly powdery,存在症状,ManifestAs
2815,黄瘤孢霉,Fusarium,白色疏松树状菌落,White loose tree-like colonies,存在症状,ManifestAs
2816,黄瘤孢霉,Fusarium,金黄色粉末状孢子,Golden yellow powdery spores,存在症状,ManifestAs
2817,黄瘤孢霉,Fusarium,浓厚的霉味,Strong musty smell,存在症状,ManifestAs
2818,可变粉孢霉,Oidium variabile,棉絮状的白色菌丝体,Cotton-like white mycelium,存在症状,ManifestAs
2819,可变粉孢霉,Oidium variabile,灰白色粉状,Off-white powder,存在症状,ManifestAs
2820,可变粉孢霉,Oidium variabile,橘红色颗粒状,Orange-red granules,存在症状,ManifestAs
2821,胡桃肉状菌,Hericium erinaceus,漂白粉气味,Bleach smell,存在症状,ManifestAs
2822,指孢霉,Dactylella,白色珠网状菌丝,White beaded hyphae,存在症状,ManifestAs
2823,指孢霉,Dactylella,白色棉絮状菌丝被,White cottony hyphae,存在症状,ManifestAs
2824,指孢霉,Dactylella,现黄褐色或淡褐色软腐症状,Yellow-brown or light brown soft rot symptoms,存在症状,ManifestAs
2825,脉孢霉,Neurospora,橙红色至粉红色的霉层,Orange-red to pink mold layer,存在症状,ManifestAs
2826,粘菌,Myxomycetes,呈水渍状软腐,Water-soaked soft rot,存在症状,ManifestAs
2827,粪生帚霉,Scopulariopsis fimicola,白色菌丝,White mycelium,存在症状,ManifestAs
2828,粪生帚霉,Scopulariopsis fimicola,具光泽斑块状,Shiny patchy,存在症状,ManifestAs
2829,粪生帚霉,Scopulariopsis fimicola,白色石膏状的粉状物,White gypsum powder,存在症状,ManifestAs
2830,粪生帚霉,Scopulariopsis fimicola,淡红色粉状颗粒,Light red powdery particles,存在症状,ManifestAs
2831,鬼伞,Coprinus,菌盖呈弹头状至卵状,The cap is bullet-shaped to egg-shaped,存在症状,ManifestAs
2832,鬼伞,Coprinus,由白变黑,From white to black,存在症状,ManifestAs
2833,地碗菌,Geopyxis,颗粒状子,Granular,存在症状,ManifestAs
2834,地碗菌,Geopyxis,杯状或碗状的的子,Cup-shaped or bowl-shaped,存在症状,ManifestAs
2835,地碗菌,Geopyxis,边缘开裂成花瓣状,The edges crack into petals,存在症状,ManifestAs
2836,西瓜蔓枯病,Didymella bryoniae,果实腐烂,Fruit rot,存在症状,ManifestAs
2837,西瓜蔓枯病,Didymella bryoniae,初呈水渍状小点,Initially appear as small water stains,存在症状,ManifestAs
2838,西瓜蔓枯病,Didymella bryoniae,黄褐色或青灰色圆形或不规则形斑,Yellowish brown or blue-gray round or irregular spots,存在症状,ManifestAs
2839,西瓜蔓枯病,Didymella bryoniae,子叶枯死,Cotyledon death,存在症状,ManifestAs
2840,西瓜蔓枯病,Didymella bryoniae,水渍状小斑,Small water-soaked spots,存在症状,ManifestAs
2841,西瓜蔓枯病,Didymella bryoniae,幼苗枯萎死亡,Seedlings wither and die,存在症状,ManifestAs
2842,西瓜蔓枯病,Didymella bryoniae,病斑初为水渍状,The lesions are initially water-soaked,存在症状,ManifestAs
2843,西瓜蔓枯病,Didymella bryoniae,表皮淡黄色,Skin pale yellow,存在症状,ManifestAs
2844,西瓜蔓枯病,Didymella bryoniae,琥珀色胶状物,Amber jelly,存在症状,ManifestAs
2845,西瓜蔓枯病,Didymella bryoniae,赤褐色小硬块,Reddish brown small lumps,存在症状,ManifestAs
2846,西瓜蔓枯病,Didymella bryoniae,表皮纵裂脱落,Epidermal longitudinal cracking and shedding,存在症状,ManifestAs
2847,西瓜蔓枯病,Didymella bryoniae,呈麻丝状,Hemp-like,存在症状,ManifestAs
2848,西瓜蔓枯病,Didymella bryoniae,黄白色病斑,Yellow-white spots,存在症状,ManifestAs
2849,西瓜蔓枯病,Didymella bryoniae,褐色不规则病斑,Brown irregular spots,存在症状,ManifestAs
2850,西瓜蔓枯病,Didymella bryoniae,“V”字形或半圆形黄褐色到深褐色大病斑,"""V"" shaped or semicircular yellowish brown to dark brown large lesions",存在症状,ManifestAs
2851,西瓜蔓枯病,Didymella bryoniae,或明或隐的轮纹,Visible or invisible wheel patterns,存在症状,ManifestAs
2852,西瓜蔓枯病,Didymella bryoniae,小黑粒点,Small black dots,存在症状,ManifestAs
2853,西瓜蔓枯病,Didymella bryoniae,初呈油渍状小斑点,Initially appear as small oily spots,存在症状,ManifestAs
2854,西瓜蔓枯病,Didymella bryoniae,暗褐色圆形大凹陷斑,Dark brown round large sunken spots,存在症状,ManifestAs
2855,西瓜蔓枯病,Didymella bryoniae,表面干裂,Surface cracking,存在症状,ManifestAs
2856,西瓜蔓枯病,Didymella bryoniae,内部木栓化,Internal corking,存在症状,ManifestAs
2857,西瓜蔓枯病,Didymella bryoniae,失水变褐枯死,"Loss of water, browning and death",存在症状,ManifestAs
2858,西瓜枯萎病,Fusarium oxysporum,下部叶片发黄,Yellowing of lower leaves,存在症状,ManifestAs
2859,西瓜枯萎病,Fusarium oxysporum,褐色条斑,Brown stripes,存在症状,ManifestAs
2860,西瓜枯萎病,Fusarium oxysporum,树脂状胶质溢出,Resinous colloid overflow,存在症状,ManifestAs
2861,西瓜枯萎病,Fusarium oxysporum,茎部呈水浸状腐烂,Waterlogged stem rot,存在症状,ManifestAs
2862,西瓜枯萎病,Fusarium oxysporum,白色至粉红色霉状物,White to pink mold,存在症状,ManifestAs
2863,西瓜炭疽病,Colletotrichum orbiculare,幼苗猝倒死亡,Seedling damping off and death,存在症状,ManifestAs
2864,西瓜炭疽病,Colletotrichum orbiculare,黄色水浸渍状圆形斑点,Yellow water-soaked circular spots,存在症状,ManifestAs
2865,西瓜炭疽病,Colletotrichum orbiculare,褐色或黑色晕圈,Brown or black halo,存在症状,ManifestAs
2866,西瓜炭疽病,Colletotrichum orbiculare,黑色小粒或淡红色黏状物,Black small particles or light red sticky,存在症状,ManifestAs
2867,西瓜炭疽病,Colletotrichum orbiculare,同心轮纹,Concentric wheel pattern,存在症状,ManifestAs
2868,西瓜炭疽病,Colletotrichum orbiculare,病斑为黑色,The lesions are black,存在症状,ManifestAs
2869,西瓜炭疽病,Colletotrichum orbiculare,圆形或纺锤形,Round or spindle-shaped,存在症状,ManifestAs
2870,西瓜炭疽病,Colletotrichum orbiculare,暗绿色水渍状小点,Dark green water stains,存在症状,ManifestAs
2871,西瓜炭疽病,Colletotrichum orbiculare,呈圆形或椭圆形凹陷,Round or oval depression,存在症状,ManifestAs
2872,西瓜炭疽病,Colletotrichum orbiculare,暗褐色至黑褐色,Dark brown to dark brown,存在症状,ManifestAs
2873,西瓜炭疽病,Colletotrichum orbiculare,粉红色黏稠物,Pink sticky substance,存在症状,ManifestAs
2874,西瓜炭疽病,Colletotrichum orbiculare,幼瓜畸形,Deformed young melon,存在症状,ManifestAs
2875,西瓜疫病,Phytophthora capsici,深绿色或黑色大斑,Dark green or black spots,存在症状,ManifestAs
2876,西瓜疫病,Phytophthora capsici,圆形或近圆形,Round or nearly round,存在症状,ManifestAs
2877,西瓜疫病,Phytophthora capsici,叶片呈青绿色干枯,Green and dry leaves,存在症状,ManifestAs
2878,西瓜疫病,Phytophthora capsici,呈暗绿色,Dark green,存在症状,ManifestAs
2879,西瓜疫病,Phytophthora capsici,节部缢缩,Constriction of the joint,存在症状,ManifestAs
2880,西瓜疫病,Phytophthora capsici,花蒂部,Flower bud,存在症状,ManifestAs
2881,西瓜疫病,Phytophthora capsici,呈暗绿色水浸状凹陷斑,Dark green water-soaked depressions,存在症状,ManifestAs
2882,西瓜疫病,Phytophthora capsici,水烫状皱缩腐烂,Scalding and shrinking,存在症状,ManifestAs
2883,西瓜疫病,Phytophthora capsici,白色霉状物,White mold,存在症状,ManifestAs
2884,西瓜丝核菌立枯病,Rhizoctonia solani,黄褐色水渍状凹陷斑,Yellow-brown water-soaked sunken spots,存在症状,ManifestAs
2885,西瓜丝核菌立枯病,Rhizoctonia solani,呈缢缩状,Constricted,存在症状,ManifestAs
2886,西瓜斑点病,Pseudomonas syringae,暗绿色近圆形病斑,Dark green nearly circular spots,存在症状,ManifestAs
2887,西瓜斑点病,Pseudomonas syringae,略呈水渍状,Slightly water-stained,存在症状,ManifestAs
2888,西瓜斑点病,Pseudomonas syringae,黄褐至灰白色不定形坏死斑,Yellowish brown to grayish white amorphous necrotic spots,存在症状,ManifestAs
2889,西瓜斑点病,Pseudomonas syringae,灰褐色霉状物,Gray-brown mold,存在症状,ManifestAs
2890,西瓜斑点病,Pseudomonas syringae,叶片坏死干枯,Leaf necrosis and dryness,存在症状,ManifestAs
2891,西瓜叶枯病,Pseudoperonospora cubensis,点状病斑,Spot-like lesions,存在症状,ManifestAs
2892,西瓜叶枯病,Pseudoperonospora cubensis,圆形或半圆形病斑,Circular or semicircular lesions,存在症状,ManifestAs
2893,西瓜叶枯病,Pseudoperonospora cubensis,水浸状,Waterlogged,存在症状,ManifestAs
2894,西瓜叶枯病,Pseudoperonospora cubensis,淡褐色至褐色,Light brown to brown,存在症状,ManifestAs
2895,西瓜叶枯病,Pseudoperonospora cubensis,明显的点状水浸状,Obvious spot-like waterlogging,存在症状,ManifestAs
2896,西瓜叶枯病,Pseudoperonospora cubensis,叶片呈青枯状,Leaves are withered,存在症状,ManifestAs
2897,西瓜叶枯病,Pseudoperonospora cubensis,棱形或椭圆形,Prismatic or oval,存在症状,ManifestAs
2898,西瓜叶枯病,Pseudoperonospora cubensis,圆形凹陷病斑,Circular sunken lesions,存在症状,ManifestAs
2899,西瓜叶枯病,Pseudoperonospora cubensis,果肉腐烂,Fruit pulp rot,存在症状,ManifestAs
2900,西瓜绵腐病,Pythium aphanidermatum,褐色水浸状,Brown water-soaked,存在症状,ManifestAs
2901,西瓜绵腐病,Pythium aphanidermatum,变软变褐,Soften and brown,存在症状,ManifestAs
2902,西瓜绵腐病,Pythium aphanidermatum,白色菌丝,White mycelium,存在症状,ManifestAs
2903,西瓜褐色腐败病,Plectosphaerella cucumerina,水渍状,Water stain,存在症状,ManifestAs
2904,西瓜褐色腐败病,Plectosphaerella cucumerina,病叶下垂,Diseased leaves droop,存在症状,ManifestAs
2905,西瓜褐色腐败病,Plectosphaerella cucumerina,病斑暗褐色,Lesions dark brown,存在症状,ManifestAs
2906,西瓜褐色腐败病,Plectosphaerella cucumerina,纺锤形,Spindle,存在症状,ManifestAs
2907,西瓜褐色腐败病,Plectosphaerella cucumerina,灰白色霉层,Grayish white mold layer,存在症状,ManifestAs
2908,西瓜褐色腐败病,Plectosphaerella cucumerina,病部枯死,Diseased part dies,存在症状,ManifestAs
2909,西瓜褐色腐败病,Plectosphaerella cucumerina,凹陷,Depression,存在症状,ManifestAs
2910,西瓜褐色腐败病,Plectosphaerella cucumerina,水渍,Water stains,存在症状,ManifestAs
2911,西瓜褐色腐败病,Plectosphaerella cucumerina,暗绿,Dark Green,存在症状,ManifestAs
2912,西瓜褐色腐败病,Plectosphaerella cucumerina,成暗褐色至暗赤,Dark brown to dark red,存在症状,ManifestAs
2913,西瓜褐色腐败病,Plectosphaerella cucumerina,成白色紧密的绒状菌丝,White dense velvety hyphae,存在症状,ManifestAs
2914,西瓜褐腐病,Fusarium oxysporum,水渍状,Water stain,存在症状,ManifestAs
2915,西瓜褐腐病,Fusarium oxysporum,不规则形软腐斑,Irregular soft rot spots,存在症状,ManifestAs
2916,西瓜褐腐病,Fusarium oxysporum,浅褐色或褐色,Light brown or brown,存在症状,ManifestAs
2917,西瓜褐腐病,Fusarium oxysporum,叶片干枯,Dry leaves,存在症状,ManifestAs
2918,西瓜褐腐病,Fusarium oxysporum,不明显的暗褐色病变,Inconspicuous dark brown lesions,存在症状,ManifestAs
2919,西瓜褐腐病,Fusarium oxysporum,皮下变褐,Browning under the skin,存在症状,ManifestAs
2920,西瓜菌核病,Sclerotinia sclerotiorum,茎蔓枯死,Stem withering,存在症状,ManifestAs
2921,西瓜菌核病,Sclerotinia sclerotiorum,果实腐烂,Fruit rot,存在症状,ManifestAs
2922,西瓜菌核病,Sclerotinia sclerotiorum,初呈水渍状,Initially water-stained,存在症状,ManifestAs
2923,西瓜菌核病,Sclerotinia sclerotiorum,呈圆形或不规则形斑,Round or irregular spots,存在症状,ManifestAs
2924,西瓜菌核病,Sclerotinia sclerotiorum,子叶枯死,Cotyledon death,存在症状,ManifestAs
2925,西瓜菌核病,Sclerotinia sclerotiorum,幼苗猝倒,Seedling damping off,存在症状,ManifestAs
2926,西瓜菌核病,Sclerotinia sclerotiorum,病斑初呈水渍状,The lesions initially appear as water stains,存在症状,ManifestAs
2927,西瓜菌核病,Sclerotinia sclerotiorum,表皮暗绿色,Dark green skin,存在症状,ManifestAs
2928,西瓜菌核病,Sclerotinia sclerotiorum,棉絮状菌丝,Cotton-like hyphae,存在症状,ManifestAs
2929,西瓜菌核病,Sclerotinia sclerotiorum,呈浓密绒毡状,Dense felt-like,存在症状,ManifestAs
2930,西瓜菌核病,Sclerotinia sclerotiorum,呈圆形或近圆形水渍状斑,Circular or nearly circular water-soaked spots,存在症状,ManifestAs
2931,西瓜菌核病,Sclerotinia sclerotiorum,明显或隐或现的轮纹,Visible or invisible wheel patterns,存在症状,ManifestAs
2932,西瓜菌核病,Sclerotinia sclerotiorum,油渍状斑点,Oily spots,存在症状,ManifestAs
2933,西瓜菌核病,Sclerotinia sclerotiorum,暗绿色圆形凹陷,Dark green circular depression,存在症状,ManifestAs
2934,西瓜菌核病,Sclerotinia sclerotiorum,大块不规则黑色菌核,Large irregular black sclerotia,存在症状,ManifestAs
2935,西瓜细菌性角斑病,Pseudomonas syringae,初呈水浸状近圆形凹陷斑,"Initially appear as water-soaked, nearly circular sunken spots",存在症状,ManifestAs
2936,西瓜细菌性角斑病,Pseudomonas syringae,呈鲜绿色水浸状病斑,Bright green water-soaked lesions,存在症状,ManifestAs
2937,西瓜细菌性角斑病,Pseudomonas syringae,呈多角形黄褐色斑,Polygonal yellow-brown spots,存在症状,ManifestAs
2938,西瓜细菌性角斑病,Pseudomonas syringae,白色菌脓,White pus,存在症状,ManifestAs
2939,西瓜细菌性角斑病,Pseudomonas syringae,病斑脆裂穿孔,Lesion cracking and perforation,存在症状,ManifestAs
2940,西瓜细菌性角斑病,Pseudomonas syringae,水浸状圆斑,Water-soaked round spots,存在症状,ManifestAs
2941,西瓜细菌性角斑病,Pseudomonas syringae,溃疡和裂纹,Ulcers and cracks,存在症状,ManifestAs
2942,西瓜细菌性果斑病,Acidovorax avenae,水渍状病斑,Water-soaked spots,存在症状,ManifestAs
2943,西瓜细菌性果斑病,Acidovorax avenae,黑褐色坏死病斑,Dark brown necrotic spots,存在症状,ManifestAs
2944,西瓜细菌性果斑病,Acidovorax avenae,不明显的褐色小斑,Inconspicuous brown spots,存在症状,ManifestAs
2945,西瓜细菌性果斑病,Acidovorax avenae,黄色晕圈,Yellow halo,存在症状,ManifestAs
2946,西瓜细菌性果斑病,Acidovorax avenae,暗褐色,Dark brown,存在症状,ManifestAs
2947,西瓜细菌性果斑病,Acidovorax avenae,略呈多角形,Slightly polygonal,存在症状,ManifestAs
2948,西瓜细菌性果斑病,Acidovorax avenae,水渍状小斑点,Small water-stained spots,存在症状,ManifestAs
2949,西瓜细菌性果斑病,Acidovorax avenae,不规则的大型橄榄色水渍状斑块,Large irregular olive-colored water-soaked patches,存在症状,ManifestAs
2950,西瓜细菌性果斑病,Acidovorax avenae,橄榄色水渍状斑块,Olive water-soaked patches,存在症状,ManifestAs
2951,西瓜细菌性果斑病,Acidovorax avenae,水渍状病症,Water-soaked disease,存在症状,ManifestAs
2952,西瓜细菌性果斑病,Acidovorax avenae,褐色的菌脓溢出,Brown pus discharge,存在症状,ManifestAs
2953,西瓜病毒病,Cucumber mosaic virus,褪绿斑点,Chlorotic spots,存在症状,ManifestAs
2954,西瓜病毒病,Cucumber mosaic virus,皱缩畸形,Shrinkage Deformity,存在症状,ManifestAs
2955,西瓜病毒病,Cucumber mosaic virus,黄绿相嵌,Yellow and green,存在症状,ManifestAs
2956,西瓜病毒病,Cucumber mosaic virus,叶面凹凸不平,Uneven leaf surface,存在症状,ManifestAs
2957,西瓜病毒病,Cucumber mosaic virus,叶片变小,The leaves become smaller,存在症状,ManifestAs
2958,西瓜病毒病,Cucumber mosaic virus,植株矮化,Plant dwarfing,存在症状,ManifestAs
2959,西瓜病毒病,Cucumber mosaic virus,油浸状褪绿斑驳,Oil-soaked chlorotic spots,存在症状,ManifestAs
2960,西瓜病毒病,Cucumber mosaic virus,果面凹凸不平,Uneven fruit surface,存在症状,ManifestAs
2961,西瓜病毒病,Cucumber mosaic virus,新叶狭长,New leaves are long and narrow,存在症状,ManifestAs
2962,西瓜病毒病,Cucumber mosaic virus,皱缩扭曲,Shrinkage and distortion,存在症状,ManifestAs
2963,西瓜病毒病,Cucumber mosaic virus,深绿色和浅绿色相间的斑驳,Dark green and light green mottled,存在症状,ManifestAs
2964,西瓜病毒病,Cucumber mosaic virus,呈不规则突起,Irregular protrusions,存在症状,ManifestAs
2965,西瓜病毒病,Cucumber mosaic virus,花器发育不良,Poor floral development,存在症状,ManifestAs
2966,西瓜病毒病,Cucumber mosaic virus,花瓣变短,Shorter petals,存在症状,ManifestAs
2967,西瓜病毒病,Cucumber mosaic virus,呈浅黄绿色,Light yellow green,存在症状,ManifestAs
2968,西瓜病毒病,Cucumber mosaic virus,坐果困难,Difficulty in fruit setting,存在症状,ManifestAs
2969,西瓜绿斑驳花叶病,Cucumber mosaic virus,褐色和绿色斑驳病斑,Brown and green mottled spots,存在症状,ManifestAs
2970,西瓜绿斑驳花叶病,Cucumber mosaic virus,不规则形,Irregular,存在症状,ManifestAs
2971,西瓜绿斑驳花叶病,Cucumber mosaic virus,初生褐色斑,Newborn brown spots,存在症状,ManifestAs
2972,西瓜绿斑驳花叶病,Cucumber mosaic virus,赤褐色油浸状病变,Reddish brown oil-soaked lesions,存在症状,ManifestAs
2973,西瓜绿斑驳花叶病,Cucumber mosaic virus,病部腐败发臭,The diseased part is corrupt and smelly,存在症状,ManifestAs
2974,西瓜根结线虫病,Meloidogyne incognita,叶缘枯黄,Yellowing of leaf edges,存在症状,ManifestAs
2975,西瓜根结线虫病,Meloidogyne incognita,浅黄色大小不等的根结,Light yellow root knots of varying sizes,存在症状,ManifestAs
2976,西瓜根结线虫病,Meloidogyne incognita,乳白色线虫,Milky white nematode,存在症状,ManifestAs
2977,西瓜根结线虫病,Meloidogyne incognita,叶片明显缩小,The leaves are significantly smaller,存在症状,ManifestAs
2978,西瓜根结线虫病,Meloidogyne incognita,叶片发黄,Yellowing leaves,存在症状,ManifestAs
2979,西瓜根结线虫病,Meloidogyne incognita,瓜少而小,Few and small melons,存在症状,ManifestAs
2980,西瓜猝倒病,Pythium aphanidermatum,呈腐烂状态的病斑,The lesions are in a state of decay,存在症状,ManifestAs
2981,西瓜猝倒病,Pythium aphanidermatum,黄褐色而干枯收缩,Yellowish brown and dry and shrunken,存在症状,ManifestAs
2982,西瓜猝倒病,Pythium aphanidermatum,白色絮状的菌丝,White flocculent hyphae,存在症状,ManifestAs
2983,西瓜黑斑病,Alternaria cucumerina,水浸状小斑点,Small water-soaked spots,存在症状,ManifestAs
2984,西瓜黑斑病,Alternaria cucumerina,圆形至近圆形病斑,Round to nearly round lesions,存在症状,ManifestAs
2985,西瓜黑斑病,Alternaria cucumerina,暗褐色,Dark brown,存在症状,ManifestAs
2986,西瓜黑斑病,Alternaria cucumerina,边缘稍隆起,Slightly raised edge,存在症状,ManifestAs
2987,西瓜黑斑病,Alternaria cucumerina,淡淡的轮纹,Light wheel pattern,存在症状,ManifestAs
2988,西瓜黑斑病,Alternaria cucumerina,叶片枯黄,Leaves turn yellow,存在症状,ManifestAs
2989,西瓜黑斑病,Alternaria cucumerina,病斑水渍状,Water-soaked lesions,存在症状,ManifestAs
2990,西瓜黑斑病,Alternaria cucumerina,果实腐烂,Fruit rot,存在症状,ManifestAs
2991,西瓜白粉病,Sphaerotheca fuliginea,白色霉点,White mildew spots,存在症状,ManifestAs
2992,西瓜白粉病,Sphaerotheca fuliginea,叶片变黄干枯,Leaves turn yellow and dry,存在症状,ManifestAs
2993,西瓜白粉病,Sphaerotheca fuliginea,黄褐色小粒点,Small yellow-brown dots,存在症状,ManifestAs
2994,西瓜镰刀菌根腐病,Fusarium oxysporum,根尖呈黄色或黄褐色腐烂,The root tip turns yellow or brown and rots,存在症状,ManifestAs
2995,西瓜镰刀菌根腐病,Fusarium oxysporum,全株叶片柔软,The leaves of the whole plant are soft,存在症状,ManifestAs
2996,西瓜镰刀菌根腐病,Fusarium oxysporum,褐色条纹状病变,Brown streak lesions,存在症状,ManifestAs
2997,西瓜白绢病,Sclerotium rolfsii,初呈暗褐色坏死,Initially dark brown necrosis,存在症状,ManifestAs
2998,西瓜白绢病,Sclerotium rolfsii,辐射状菌丝体,Radiating mycelium,存在症状,ManifestAs
2999,西瓜白绢病,Sclerotium rolfsii,病株萎蔫或枯死,Diseased plants wilt or die,存在症状,ManifestAs
3000,西瓜白绢病,Sclerotium rolfsii,茶褐色油菜籽状菌核,Dark brown rapeseed-like sclerotia,存在症状,ManifestAs
3001,西瓜白绢病,Sclerotium rolfsii,呈灰褐至红褐色坏死,Grayish brown to reddish brown necrosis,存在症状,ManifestAs
3002,西瓜白绢病,Sclerotium rolfsii,绢丝状白色菌丝层,Silky white mycelium,存在症状,ManifestAs
3003,西瓜白绢病,Sclerotium rolfsii,红褐至茶褐色油菜籽状菌核,Reddish brown to dark brown rapeseed-like sclerotia,存在症状,ManifestAs
3004,西瓜粘菌病,Physarum polycephalum,淡黄色不规则形或近圆形小斑点,Light yellow irregular or nearly circular small spots,存在症状,ManifestAs
3005,西瓜粘菌病,Physarum polycephalum,呈疮痂状,Scabbing,存在症状,ManifestAs
3006,西瓜粘菌病,Physarum polycephalum,形成白色,Forming white,存在症状,ManifestAs
3007,西瓜粘菌病,Physarum polycephalum,壳剥开呈石灰粉状,The shell is peeled and becomes lime powder,存在症状,ManifestAs
3008,西瓜细菌褐斑病,Pseudomonas syringae,黄色或黄褐色小角斑,Yellow or brown small horn spots,存在症状,ManifestAs
3009,西瓜细菌褐斑病,Pseudomonas syringae,严重时叶片变,"In severe cases, the leaves",存在症状,ManifestAs
3010,西瓜细菌褐斑病,Pseudomonas syringae,产生灰,Produce ash,存在症状,ManifestAs
3011,西瓜缺素症,Watermelon nutrient deficiency syndrome,茎蔓细弱,Thin stems,存在症状,ManifestAs
3012,西瓜缺素症,Watermelon nutrient deficiency syndrome,叶色暗淡,Pale leaf color,存在症状,ManifestAs
3013,西瓜缺素症,Watermelon nutrient deficiency syndrome,无光泽,Matt,存在症状,ManifestAs
3014,西瓜缺素症,Watermelon nutrient deficiency syndrome,老叶叶缘变褐枯死,Old leaves turn brown and die,存在症状,ManifestAs
3015,西瓜缺素症,Watermelon nutrient deficiency syndrome,呈淡绿色或焦枯,Light green or burnt,存在症状,ManifestAs
3016,西瓜缺素症,Watermelon nutrient deficiency syndrome,叶脉间先变黄,The veins between the leaves turn yellow first,存在症状,ManifestAs
3017,西瓜缺素症,Watermelon nutrient deficiency syndrome,整叶变黄或现枯死斑,The whole leaf turns yellow or has dead spots,存在症状,ManifestAs
3018,西瓜缺素症,Watermelon nutrient deficiency syndrome,嫩叶叶脉间变黄,Yellowing between veins of young leaves,存在症状,ManifestAs
3019,西瓜缺素症,Watermelon nutrient deficiency syndrome,主脉仍为绿色,The main vein is still green,存在症状,ManifestAs
3020,西瓜缺素症,Watermelon nutrient deficiency syndrome,主脉或全叶变黄,Yellowing of the main veins or the entire leaf,存在症状,ManifestAs
3021,西瓜缺素症,Watermelon nutrient deficiency syndrome,幼叶叶缘黄化,Yellowing of young leaves,存在症状,ManifestAs
3022,西瓜缺素症,Watermelon nutrient deficiency syndrome,叶中间上拱,The middle of the leaf is arched,存在症状,ManifestAs
3023,西瓜缺素症,Watermelon nutrient deficiency syndrome,四周下卷,Four weeks down,存在症状,ManifestAs
3024,西瓜缺素症,Watermelon nutrient deficiency syndrome,全叶呈降落伞状,The whole leaf is parachute-shaped,存在症状,ManifestAs
3025,西瓜缺素症,Watermelon nutrient deficiency syndrome,茎蔓变褐枯死,The stems turn brown and die,存在症状,ManifestAs
3026,西瓜叶白枯病,Pseudomonas syringae,叶片绿色变淡,Leaves turn pale green,存在症状,ManifestAs
3027,西瓜叶白枯病,Pseudomonas syringae,不规则浓淡色差,Irregular color difference,存在症状,ManifestAs
3028,西瓜叶白枯病,Pseudomonas syringae,凹凸不平白色斑,Uneven white spots,存在症状,ManifestAs
3029,西瓜空洞果和变形果,Cladosporium cucumerinum,果顶部歪斜或中间凹入,The top of the fruit is crooked or concave in the middle,存在症状,ManifestAs
3030,西瓜空洞果和变形果,Cladosporium cucumerinum,果实呈葫芦状,Gourd-shaped fruit,存在症状,ManifestAs
3031,西瓜沤根,Pythium aphanidermatum,根皮发锈后腐烂,Root bark rusts and then rots,存在症状,ManifestAs
3032,西瓜沤根,Pythium aphanidermatum,地上部萎蔫,Wilting of aboveground parts,存在症状,ManifestAs
3033,西瓜沤根,Pythium aphanidermatum,须根变褐腐烂,Roots turn brown and rot,存在症状,ManifestAs
3034,西瓜沤根,Pythium aphanidermatum,地上部叶缘枯焦,The leaf margins above ground are scorched,存在症状,ManifestAs
3035,西瓜沤根,Pythium aphanidermatum,成片干枯,Dry in patches,存在症状,ManifestAs
3036,西瓜肉质恶变果,Acidovorax avenae,果肉呈水渍状,The flesh is water-soaked,存在症状,ManifestAs
3037,西瓜肉质恶变果,Acidovorax avenae,紫红色至黑褐色,Purple to dark brown,存在症状,ManifestAs
3038,西瓜肉质恶变果,Acidovorax avenae,果肉变紫溃烂,The flesh turns purple and rots,存在症状,ManifestAs
3039,西瓜煤污病,Cercospora citrullina,黑色点状霉,Black spot mold,存在症状,ManifestAs
3040,西瓜煤污病,Cercospora citrullina,黑色霉状物,Black mold,存在症状,ManifestAs
3041,西瓜脐腐病,Blossom-end rot,局部褐色斑,Local brown spots,存在症状,ManifestAs
3042,西瓜脐腐病,Blossom-end rot,黑色霉状物,Black mold,存在症状,ManifestAs
3043,西瓜日灼,Oidium neolycopersici,褪绿坏死,Chlorotic necrosis,存在症状,ManifestAs
3044,西瓜日灼,Oidium neolycopersici,浅黄白色至灰白色的革质坏死斑,Light yellowish white to off-white leathery necrotic spots,存在症状,ManifestAs
3045,瓜绢螟,Diaphania indica,仅留上表皮,Only the upper skin remains,存在症状,ManifestAs
3046,瓜绢螟,Diaphania indica,叶片吃成缺刻,Leaves eaten into notches,存在症状,ManifestAs
3047,瓜绢螟,Diaphania indica,仅留叶脉,Only the veins remain,存在症状,ManifestAs
3048,瓜绢螟,Diaphania indica,呈花斑,Mottled,存在症状,ManifestAs
3049,棉铃虫,Helicoverpa armigera,缺刻或孔洞,Notches or holes,存在症状,ManifestAs
3050,葫芦夜蛾,Laphygma exigua,整片叶枯萎,The whole leaf withers,存在症状,ManifestAs
3051,黄足黄守瓜,Aulacophora femoralis,环形或半环形食痕或圆形孔洞,Annular or semi-annular eclipse marks or circular holes,存在症状,ManifestAs
3052,黄足黄守瓜,Aulacophora femoralis,瓜果内部腐烂,Internal rot of fruits and vegetables,存在症状,ManifestAs
3053,黄足黑守瓜,Aulacophora nigripennis,环形或半环形缺刻,Circular or semicircular notch,存在症状,ManifestAs
3054,温室白粉虱,Trialeurodes vaporariorum,叶片褪绿枯萎,Leaves turn green and wither,存在症状,ManifestAs
3055,温室白粉虱,Trialeurodes vaporariorum,果实畸形僵化,Fruit deformity and rigidity,存在症状,ManifestAs
3056,温室白粉虱,Trialeurodes vaporariorum,植株早衰,Premature plant senescence,存在症状,ManifestAs
3057,瓜褐蝽,Acanthosoma spinicolle,瓜藤枯黄,The melon vines are withered and yellow,存在症状,ManifestAs
3058,美洲斑潜蝇,Liriomyza sativae,不规则蛇形白色虫道,Irregular snake-shaped white wormhole,存在症状,ManifestAs
3059,美洲斑潜蝇,Liriomyza sativae,叶片逐渐萎蔫,The leaves gradually wilt,存在症状,ManifestAs
3060,美洲斑潜蝇,Liriomyza sativae,上下表皮分离,Separation of upper and lower epidermis,存在症状,ManifestAs
3061,瓜蚜,Aphis gossypii,叶片卷缩,Leaf curling,存在症状,ManifestAs
3062,烟粉虱,Bemisia tabaci,成片黄斑,Yellow spots,存在症状,ManifestAs
3063,茶黄螨,Polyphagotarsonemus,叶片增厚僵直,Thickening and stiffening of leaves,存在症状,ManifestAs
3064,茶黄螨,Polyphagotarsonemus,叶背呈黄褐色或灰褐色,The back of the leaves is yellowish brown or grayish brown,存在症状,ManifestAs
3065,茶黄螨,Polyphagotarsonemus,带油渍状光泽,Oily sheen,存在症状,ManifestAs
3066,茶黄螨,Polyphagotarsonemus,叶缘向背面卷曲,Leaf margins curled back,存在症状,ManifestAs
3067,茶黄螨,Polyphagotarsonemus,扭曲成轮枝状,Twisted into branches,存在症状,ManifestAs
3068,茶黄螨,Polyphagotarsonemus,花蕾受害畸形,Bud damage and deformity,存在症状,ManifestAs
3069,茶黄螨,Polyphagotarsonemus,凹凸不光滑,Uneven,存在症状,ManifestAs
3070,茶黄螨,Polyphagotarsonemus,肉质发硬,Tough meat,存在症状,ManifestAs
3071,朱砂叶螨,Tetranychus cinnabarinus,针头大小的褪绿斑,Pinhead-sized chlorotic spots,存在症状,ManifestAs
3072,朱砂叶螨,Tetranychus cinnabarinus,叶片发黄,Yellowing leaves,存在症状,ManifestAs
3073,黄胸蓟马,Thrips hawaiiensis,灰白色的点状食痕,Grayish white dot-shaped food marks,存在症状,ManifestAs
3074,黄胸蓟马,Thrips hawaiiensis,花瓣卷缩,Petals curled,存在症状,ManifestAs
3075,华北蝼蛄,Gryllotalpa unispina,根部呈乱麻状,The roots are tangled,存在症状,ManifestAs
3076,华北蝼蛄,Gryllotalpa unispina,缺苗断垄,Missing seedlings and broken ridges,存在症状,ManifestAs
3077,野蛞蝓,Deroceras reticulatum,缺苗断垄,Missing seedlings and broken ridges,存在症状,ManifestAs
3078,野蛞蝓,Deroceras reticulatum,缺刻或孔洞,Notches or holes,存在症状,ManifestAs
3079,野蛞蝓,Deroceras reticulatum,仅残存叶脉,Only the veins remain,存在症状,ManifestAs
3080,蛴螬,Holotrichia,受害花畸形或死亡,The affected flowers are deformed or die.,存在症状,ManifestAs
3081,沟金针虫,Pleonomus canaliculatus,缺苗断垄,Missing seedlings and broken ridges,存在症状,ManifestAs
3082,沟金针虫,Pleonomus canaliculatus,全田毁种,Destroy the entire field,存在症状,ManifestAs
3083,甜瓜大斑病,Didymella bryoniae,病斑近圆形,Nearly circular lesions,存在症状,ManifestAs
3084,甜瓜大斑病,Didymella bryoniae,不明显的轮纹,Not obvious wheel pattern,存在症状,ManifestAs
3085,甜瓜大斑病,Didymella bryoniae,稀疏霉层,Sparse mold layer,存在症状,ManifestAs
3086,甜瓜大斑病,Didymella bryoniae,稍凹陷的圆斑,Slightly sunken round spot,存在症状,ManifestAs
3087,甜瓜大斑病,Didymella bryoniae,外有淡褐色的,Light brown outside,存在症状,ManifestAs
3088,甜瓜大斑病,Didymella bryoniae,一层黑色霉,A layer of black mold,存在症状,ManifestAs
3089,甜瓜黑星病,Cladosporium cucumerinum,为淡黄褐色水渍状条,Light yellow-brown water-stained stripes,存在症状,ManifestAs
3090,甜瓜黑星病,Cladosporium cucumerinum,凹陷龟裂,Depression and cracking,存在症状,ManifestAs
3091,甜瓜黑星病,Cladosporium cucumerinum,琥珀色的胶状分泌物,Amber gelatinous discharge,存在症状,ManifestAs
3092,甜瓜黑星病,Cladosporium cucumerinum,灰黑色霉层,Gray-black mold layer,存在症状,ManifestAs
3093,甜瓜黑星病,Cladosporium cucumerinum,心叶腐烂,Heart leaf rot,存在症状,ManifestAs
3094,甜瓜黑星病,Cladosporium cucumerinum,卷须变褐腐烂,Tendrils turn brown and rot,存在症状,ManifestAs
3095,甜瓜黑星病,Cladosporium cucumerinum,茎蔓萎蔫,Stem wilt,存在症状,ManifestAs
3096,甜瓜黑星病,Cladosporium cucumerinum,呈暗绿色圆形至椭圆形病斑,Dark green round to oval lesions,存在症状,ManifestAs
3097,甜瓜黑星病,Cladosporium cucumerinum,出白色至琥珀色胶状,White to amber jelly,存在症状,ManifestAs
3098,甜瓜黑星病,Cladosporium cucumerinum,龟裂呈疮痂,Cracked scab,存在症状,ManifestAs
3099,甜瓜黑星病,Cladosporium cucumerinum,成果实畸,The results are abnormal,存在症状,ManifestAs
3100,甜瓜黑星病,Cladosporium cucumerinum,见灰黑色霉,Gray-black mold,存在症状,ManifestAs
3101,甜瓜白粉病,Sphaerotheca fuliginea,细小圆形白色小粉点,Small round white powder dots,存在症状,ManifestAs
3102,甜瓜白粉病,Sphaerotheca fuliginea,白色粉斑,White powdery spots,存在症状,ManifestAs
3103,甜瓜白粉病,Sphaerotheca fuliginea,叶片枯萎卷缩,Leaves wilt and curl,存在症状,ManifestAs
3104,甜瓜霜霉病,Pseudoperonospora cubensis,淡黄色斑块,Pale yellow plaque,存在症状,ManifestAs
3105,甜瓜霜霉病,Pseudoperonospora cubensis,多角形黄色病斑,Polygonal yellow spots,存在症状,ManifestAs
3106,甜瓜霜霉病,Pseudoperonospora cubensis,叶片向上卷曲,Leaves curl upward,存在症状,ManifestAs
3107,甜瓜霜霉病,Pseudoperonospora cubensis,自下而上干枯,Drying from the bottom up,存在症状,ManifestAs
3108,甜瓜疫病,Phytophthora capsici,呈暗绿色水浸状,Dark green water-soaked,存在症状,ManifestAs
3109,甜瓜疫病,Phytophthora capsici,呈暗褐色,Dark brown,存在症状,ManifestAs
3110,甜瓜疫病,Phytophthora capsici,叶片萎蔫,Leaf wilting,存在症状,ManifestAs
3111,甜瓜疫病,Phytophthora capsici,圆形或不规则形水渍状大病斑,Large circular or irregular water-soaked lesions,存在症状,ManifestAs
3112,甜瓜疫病,Phytophthora capsici,叶脆易破裂,Leaves are brittle and break easily,存在症状,ManifestAs
3113,甜瓜疫病,Phytophthora capsici,稀疏的白色霉状物,Sparse white mold,存在症状,ManifestAs
3114,甜瓜软腐病,Erwinia carotovora,暗绿色水浸状病斑,Dark green water-soaked lesions,存在症状,ManifestAs
3115,甜瓜软腐病,Erwinia carotovora,维管束变褐色,Vascular bundles turn brown,存在症状,ManifestAs
3116,甜瓜软腐病,Erwinia carotovora,水渍状病斑,Water-soaked spots,存在症状,ManifestAs
3117,甜瓜软腐病,Erwinia carotovora,病部发软,The affected part becomes soft,存在症状,ManifestAs
3118,甜瓜软腐病,Erwinia carotovora,水渍状晕圈,Water-stained halo,存在症状,ManifestAs
3119,甜瓜猝倒病,Pythium aphanidermatum,茎基部呈水浸状,The base of the stem is water-soaked,存在症状,ManifestAs
3120,甜瓜猝倒病,Pythium aphanidermatum,呈黄褐色缢缩为线状,Yellowish brown constriction into a linear shape,存在症状,ManifestAs
3121,甜瓜猝倒病,Pythium aphanidermatum,突然碎倒,Suddenly broke,存在症状,ManifestAs
3122,甜瓜猝倒病,Pythium aphanidermatum,白色棉絮状菌丝,White cotton-like hyphae,存在症状,ManifestAs
3123,甜瓜炭疽病,Colletotrichum orbiculare,近圆形病斑,Nearly circular lesions,存在症状,ManifestAs
3124,甜瓜炭疽病,Colletotrichum orbiculare,黄褐色,tan,存在症状,ManifestAs
3125,甜瓜炭疽病,Colletotrichum orbiculare,黑褐色病斑,Dark brown spots,存在症状,ManifestAs
3126,甜瓜炭疽病,Colletotrichum orbiculare,粉红色黏液,Pink slime,存在症状,ManifestAs
3127,甜瓜炭疽病,Colletotrichum orbiculare,叶片枯死,Leaf death,存在症状,ManifestAs
3128,甜瓜炭疽病,Colletotrichum orbiculare,病斑长圆形,Lesion oblong,存在症状,ManifestAs
3129,甜瓜炭疽病,Colletotrichum orbiculare,半圆形黄褐色病斑,Semicircular yellow-brown spots,存在症状,ManifestAs
3130,甜瓜炭疽病,Colletotrichum orbiculare,茎基缢缩,Stem base constriction,存在症状,ManifestAs
3131,甜瓜炭疽病,Colletotrichum orbiculare,粉红色黏稠物,Pink sticky substance,存在症状,ManifestAs
3132,甜瓜炭疽病,Colletotrichum orbiculare,幼瓜畸形或脱落,Young melons are deformed or fall off,存在症状,ManifestAs
3133,甜瓜叶枯病,Mycosphaerella melonis,褪绿色小黄点,Faded green with small yellow spots,存在症状,ManifestAs
3134,甜瓜叶枯病,Mycosphaerella melonis,圆形至椭圆形褐色病斑,Round to oval brown spots,存在症状,ManifestAs
3135,甜瓜叶枯病,Mycosphaerella melonis,中央灰白色,Central off-white,存在症状,ManifestAs
3136,甜瓜叶枯病,Mycosphaerella melonis,边缘深褐色至紫褐色,Dark brown to purple brown edges,存在症状,ManifestAs
3137,甜瓜叶枯病,Mycosphaerella melonis,外缘油渍状,Oily outer edge,存在症状,ManifestAs
3138,甜瓜叶枯病,Mycosphaerella melonis,稀疏霉层,Sparse mold layer,存在症状,ManifestAs
3139,甜瓜叶枯病,Mycosphaerella melonis,叶片卷曲,Leaf curling,存在症状,ManifestAs
3140,甜瓜叶枯病,Mycosphaerella melonis,病株呈红褐色,Diseased plants are reddish brown,存在症状,ManifestAs
3141,甜瓜叶枯病,Mycosphaerella melonis,菱形或椭圆形稍有凹陷的病斑,Diamond or oval lesions with slight depressions,存在症状,ManifestAs
3142,甜瓜叶枯病,Mycosphaerella melonis,圆形褐色的凹陷斑,Round brown sunken spots,存在症状,ManifestAs
3143,甜瓜叶枯病,Mycosphaerella melonis,果实腐烂,Fruit rot,存在症状,ManifestAs
3144,甜瓜蔓枯病,Didymella bryoniae,近节部呈淡黄色,Pale yellow near the node,存在症状,ManifestAs
3145,甜瓜蔓枯病,Didymella bryoniae,油浸状斑,Oily spots,存在症状,ManifestAs
3146,甜瓜蔓枯病,Didymella bryoniae,病斑椭圆形至梭形,Lesions are oval to spindle-shaped,存在症状,ManifestAs
3147,甜瓜蔓枯病,Didymella bryoniae,黄褐色胶状物,Brown jelly,存在症状,ManifestAs
3148,甜瓜蔓枯病,Didymella bryoniae,呈红褐色或黑色块状,Reddish brown or black lumps,存在症状,ManifestAs
3149,甜瓜蔓枯病,Didymella bryoniae,呈灰白色,Off-white,存在症状,ManifestAs
3150,甜瓜蔓枯病,Didymella bryoniae,病斑黑褐色,Lesions dark brown,存在症状,ManifestAs
3151,甜瓜蔓枯病,Didymella bryoniae,圆形或不规则形,Round or irregular shape,存在症状,ManifestAs
3152,甜瓜蔓枯病,Didymella bryoniae,不明显的同心纶纹,Unobvious concentric pattern,存在症状,ManifestAs
3153,甜瓜蔓枯病,Didymella bryoniae,病叶干枯呈星状破裂,The diseased leaves dry up and crack in a star shape,存在症状,ManifestAs
3154,甜瓜蔓枯病,Didymella bryoniae,水渍状病斑,Water-soaked spots,存在症状,ManifestAs
3155,甜瓜蔓枯病,Didymella bryoniae,病斑中央变褐枯死,The center of the lesion turns brown and dies,存在症状,ManifestAs
3156,甜瓜蔓枯病,Didymella bryoniae,呈星状开裂,Star-shaped cracking,存在症状,ManifestAs
3157,甜瓜枯萎病,Fusarium oxysporum,株叶片枯萎下,The leaves withered,存在症状,ManifestAs
3158,甜瓜枯萎病,Fusarium oxysporum,褐色病斑,Brown spots,存在症状,ManifestAs
3159,甜瓜枯萎病,Fusarium oxysporum,琥珀色胶状物,Amber jelly,存在症状,ManifestAs
3160,甜瓜枯萎病,Fusarium oxysporum,病根变褐腐烂,Roots turn brown and rot,存在症状,ManifestAs
3161,甜瓜枯萎病,Fusarium oxysporum,茎基部纵裂,Longitudinal fissure at stem base,存在症状,ManifestAs
3162,甜瓜枯萎病,Fusarium oxysporum,维管束变褐,Browning of vascular bundles,存在症状,ManifestAs
3163,甜瓜枯萎病,Fusarium oxysporum,粉红色霉状物,Pink mold,存在症状,ManifestAs
3164,甜瓜细菌性叶枯病,Pseudomonas syringae,圆形小斑,Small round spots,存在症状,ManifestAs
3165,甜瓜细菌性叶枯病,Pseudomonas syringae,水浸状褪绿斑,Water-soaked chlorotic spots,存在症状,ManifestAs
3166,甜瓜细菌性叶枯病,Pseudomonas syringae,小水渍状小点,Small water stains,存在症状,ManifestAs
3167,甜瓜细菌性叶枯病,Pseudomonas syringae,呈近圆形或多角形的褐色斑,Nearly circular or polygonal brown spots,存在症状,ManifestAs
3168,甜瓜细菌性叶枯病,Pseudomonas syringae,坏死呈黄色至,Necrosis is yellow to,存在症状,ManifestAs
3169,甜瓜病毒病,Cucumovirus,褪绿斑点,Chlorotic spots,存在症状,ManifestAs
3170,甜瓜病毒病,Cucumovirus,黄绿镶嵌花斑,Yellow-green mosaic,存在症状,ManifestAs
3171,甜瓜病毒病,Cucumovirus,叶面凹凸不平,Uneven leaf surface,存在症状,ManifestAs
3172,甜瓜病毒病,Cucumovirus,新叶畸形,Deformed new leaves,存在症状,ManifestAs
3173,甜瓜病毒病,Cucumovirus,植株端节间缩短,Shortening of internodes at plant ends,存在症状,ManifestAs
3174,甜瓜病毒病,Cucumovirus,植株矮化,Plant dwarfing,存在症状,ManifestAs
3175,甜瓜病毒病,Cucumovirus,新叶狭长,New leaves are long and narrow,存在症状,ManifestAs
3176,甜瓜病毒病,Cucumovirus,皱缩扭曲,Shrinkage and distortion,存在症状,ManifestAs
3177,甜瓜病毒病,Cucumovirus,浓绿色与淡绿色相间的斑驳,Mottled dark green and light green,存在症状,ManifestAs
3178,甜瓜病毒病,Cucumovirus,不规则突起,Irregular protrusions,存在症状,ManifestAs
3179,甜瓜立枯病,Rhizoctonia solani,不规则形褐斑,Irregular brown spots,存在症状,ManifestAs
3180,甜瓜立枯病,Rhizoctonia solani,白色菌丝,White mycelium,存在症状,ManifestAs
3181,甜瓜黑点根腐病,Phytophthora drechsleri,根系呈水浸状褐变枯死,"The roots are waterlogged, brown, and dead.",存在症状,ManifestAs
3182,甜瓜黑点根腐病,Phytophthora drechsleri,须根脱落,Root loss,存在症状,ManifestAs
3183,甜瓜炭腐病,Macrophomina phaseolina,根颈部呈水渍状,Water-soaked root neck,存在症状,ManifestAs
3184,甜瓜炭腐病,Macrophomina phaseolina,褐色或咖啡色汁液,Brown or coffee-colored juice,存在症状,ManifestAs
3185,甜瓜炭腐病,Macrophomina phaseolina,植株萎蔫,Plant wilting,存在症状,ManifestAs
3186,甜瓜炭腐病,Macrophomina phaseolina,果实表面干裂,Fruit surface cracking,存在症状,ManifestAs
3187,甜瓜炭腐病,Macrophomina phaseolina,黑褐色小粒点,Dark brown small spots,存在症状,ManifestAs
3188,甜瓜萎蔫病,Erwinia tracheiphila,暗绿色病斑,Dark green spots,存在症状,ManifestAs
3189,甜瓜萎蔫病,Erwinia tracheiphila,致叶片,Leaf,存在症状,ManifestAs
3190,甜瓜黑斑病,Alternaria cucumerina,小黄点,Small yellow dot,存在症状,ManifestAs
3191,甜瓜黑斑病,Alternaria cucumerina,圆形至椭圆形病斑,Round to oval lesions,存在症状,ManifestAs
3192,甜瓜黑斑病,Alternaria cucumerina,病斑褐色,Brown spots,存在症状,ManifestAs
3193,甜瓜黑斑病,Alternaria cucumerina,中央灰白色,Central off-white,存在症状,ManifestAs
3194,甜瓜黑斑病,Alternaria cucumerina,边缘深褐色至紫褐色,Dark brown to purple brown edges,存在症状,ManifestAs
3195,甜瓜黑斑病,Alternaria cucumerina,微微隆起,Slightly raised,存在症状,ManifestAs
3196,甜瓜黑斑病,Alternaria cucumerina,外缘油渍状,Oily outer edge,存在症状,ManifestAs
3197,甜瓜黑斑病,Alternaria cucumerina,稀疏霉层,Sparse mold layer,存在症状,ManifestAs
3198,甜瓜黑斑病,Alternaria cucumerina,叶片卷曲,Leaf curling,存在症状,ManifestAs
3199,甜瓜黑斑病,Alternaria cucumerina,病株呈红褐色,Diseased plants are reddish brown,存在症状,ManifestAs
3200,甜瓜黑斑病,Alternaria cucumerina,菱形或椭圆形稍有凹陷的病斑,Diamond or oval lesions with slight depressions,存在症状,ManifestAs
3201,甜瓜黑斑病,Alternaria cucumerina,病斑圆形,Circular lesion,存在症状,ManifestAs
3202,甜瓜黑斑病,Alternaria cucumerina,常有裂纹,Often cracked,存在症状,ManifestAs
3203,甜瓜黑斑病,Alternaria cucumerina,果实腐烂,Fruit rot,存在症状,ManifestAs
3204,甜瓜红粉病,Trichothecium roseum,椭圆形,Oval,存在症状,ManifestAs
3205,甜瓜红粉病,Trichothecium roseum,不规则形状的浅黄褐色病斑,Irregularly shaped light yellow-brown spots,存在症状,ManifestAs
3206,甜瓜红粉病,Trichothecium roseum,叶片病斑大,Large leaf spots,存在症状,ManifestAs
3207,甜瓜红粉病,Trichothecium roseum,呈椭圆形或不规则形,Oval or irregular shape,存在症状,ManifestAs
3208,甜瓜红粉病,Trichothecium roseum,病斑边缘呈浅黄褐色,The edge of the lesion is light yellow-brown,存在症状,ManifestAs
3209,甜瓜红粉病,Trichothecium roseum,中部灰白色,Middle grayish white,存在症状,ManifestAs
3210,甜瓜红粉病,Trichothecium roseum,叶片病斑,Leaf spots,存在症状,ManifestAs
3211,甜瓜红粉病,Trichothecium roseum,病斑呈圆形或椭圆形,The lesions are round or oval,存在症状,ManifestAs
3212,甜瓜红粉病,Trichothecium roseum,浅黄褐色,Light brown,存在症状,ManifestAs
3213,甜瓜红粉病,Trichothecium roseum,叶片病斑呈圆形,Circular leaf spots,存在症状,ManifestAs
3214,甜瓜红粉病,Trichothecium roseum,浅橙色霉状物,Light orange mold,存在症状,ManifestAs
3215,甜瓜红粉病,Trichothecium roseum,叶片大量枯死,Large number of leaves die,存在症状,ManifestAs
3216,甜瓜红粉病,Trichothecium roseum,褐色大型水浸状斑,Large brown water-soaked spots,存在症状,ManifestAs
3217,甜瓜红粉病,Trichothecium roseum,白色棉絮状霉,White cottony mildew,存在症状,ManifestAs
3218,甜瓜红粉病,Trichothecium roseum,浅粉粉红色绒状霉,Light pink velvety mildew,存在症状,ManifestAs
3219,甜瓜镰刀菌果腐病,Fusarium moniliforme,褐色至深褐色水浸状病斑,Brown to dark brown water-soaked lesions,存在症状,ManifestAs
3220,甜瓜镰刀菌果腐病,Fusarium moniliforme,病部长出白色至粉红,The lesions grow white to pink,存在症状,ManifestAs
3221,甜瓜镰刀菌果腐病,Fusarium moniliforme,呈水渍状坏死腐烂,Water-soaked necrosis and decay,存在症状,ManifestAs
3222,甜瓜镰刀菌果腐病,Fusarium moniliforme,粉红色霉层,Pink mildew layer,存在症状,ManifestAs
3223,甜瓜细菌性角斑病,Pseudomonas syringae,呈水浸状斑,Water-soaked spots,存在症状,ManifestAs
3224,甜瓜细菌性角斑病,Pseudomonas syringae,渐变淡褐色,Gradient light brown,存在症状,ManifestAs
3225,甜瓜细菌性角斑病,Pseudomonas syringae,灰褐或黄褐色,Gray or yellowish brown,存在症状,ManifestAs
3226,甜瓜细菌性角斑病,Pseudomonas syringae,乳白灰浑浊水珠状菌脓,Milky gray turbid water droplet-shaped pus,存在症状,ManifestAs
3227,甜瓜细菌性角斑病,Pseudomonas syringae,病斑质脆,Lesions are brittle,存在症状,ManifestAs
3228,甜瓜细菌性角斑病,Pseudomonas syringae,水浸状小点,Water-soaked spots,存在症状,ManifestAs
3229,甜瓜细菌性角斑病,Pseudomonas syringae,呈短条状,Short strip,存在症状,ManifestAs
3230,甜瓜细菌性角斑病,Pseudomonas syringae,纵向开裂,Longitudinal cracking,存在症状,ManifestAs
3231,甜瓜细菌性角斑病,Pseudomonas syringae,呈水浸状腐烂,Waterlogged rot,存在症状,ManifestAs
3232,甜瓜细菌性角斑病,Pseudomonas syringae,变褐干枯,Brown and dry,存在症状,ManifestAs
3233,甜瓜细菌性角斑病,Pseudomonas syringae,表层残留白痕,White marks left on the surface,存在症状,ManifestAs
3234,甜瓜细菌性角斑病,Pseudomonas syringae,水浸状小斑点,Small water-soaked spots,存在症状,ManifestAs
3235,甜瓜细菌性角斑病,Pseudomonas syringae,大量污白色菌脓,A lot of dirty white pus,存在症状,ManifestAs
3236,甜瓜细菌性角斑病,Pseudomonas syringae,呈黄褐色水渍状腐烂,Yellow-brown water-soaked rot,存在症状,ManifestAs
3237,甜瓜细菌性叶斑病,Pseudomonas syringae,呈水浸状近圆形凹陷斑,"Water-soaked, nearly circular, sunken spots",存在症状,ManifestAs
3238,甜瓜细菌性叶斑病,Pseudomonas syringae,初呈油浸状,Initially oil-soaked,存在症状,ManifestAs
3239,甜瓜细菌性叶斑病,Pseudomonas syringae,淡褐色多角形至近圆形斑,Light brown polygonal to nearly circular spots,存在症状,ManifestAs
3240,甜瓜细菌性叶斑病,Pseudomonas syringae,锈黄色油浸状环,Rusty yellow oil-soaked ring,存在症状,ManifestAs
3241,甜瓜细菌性叶斑病,Pseudomonas syringae,浅黄褐色菌脓,Light yellow-brown pus,存在症状,ManifestAs
3242,甜瓜细菌性叶斑病,Pseudomonas syringae,病斑呈油浸状,Lesions are oil-soaked,存在症状,ManifestAs
3243,甜瓜细菌性叶斑病,Pseudomonas syringae,深绿色,Dark Green,存在症状,ManifestAs
3244,甜瓜瓜笄霉果腐病,Mycosphaerella melonis,花器枯萎,Flower withering,存在症状,ManifestAs
3245,甜瓜瓜笄霉果腐病,Mycosphaerella melonis,呈湿腐状,Wet rot,存在症状,ManifestAs
3246,甜瓜瓜笄霉果腐病,Mycosphaerella melonis,头状黑色孢子,Black spore head,存在症状,ManifestAs
3247,银纹夜蛾,Autographa gamma,孔洞或缺刻,Holes or notches,存在症状,ManifestAs
3248,甜菜夜蛾,Spodoptera exigua,呈网状半透明的窗斑,Translucent window spots,存在症状,ManifestAs
3249,甜菜夜蛾,Spodoptera exigua,孔洞,Holes,存在症状,ManifestAs
3250,甜菜夜蛾,Spodoptera exigua,缺刻,Notch,存在症状,ManifestAs
3251,黄曲条跳甲,Phyllotreta striolata,缺苗毁种,Lack of seedlings and destruction of seeds,存在症状,ManifestAs
3252,黄曲条跳甲,Phyllotreta striolata,叶片变黄而萎蔫枯死,Leaves turn yellow and wilt and die,存在症状,ManifestAs
3253,马铃薯瓢虫,Henosepilachna vigintioctopunctata,叶片仅留叶脉,Leaves with only veins,存在症状,ManifestAs
3254,马铃薯瓢虫,Henosepilachna vigintioctopunctata,不规则透明的凹纹,Irregular transparent grooves,存在症状,ManifestAs
3255,马铃薯瓢虫,Henosepilachna vigintioctopunctata,褐色斑痕,Brown spots,存在症状,ManifestAs
3256,马铃薯瓢虫,Henosepilachna vigintioctopunctata,叶片枯萎,Leaf withering,存在症状,ManifestAs
3257,马铃薯瓢虫,Henosepilachna vigintioctopunctata,许多凹纹,Many grooves,存在症状,ManifestAs
3258,番茄斑潜蝇,Liriomyza bryoniae,致叶片发,Causes leaf hair,存在症状,ManifestAs
3259,番茄斑潜蝇,Liriomyza bryoniae,枯焦或脱落,Burnt or falling off,存在症状,ManifestAs
3260,瓜实蝇,Bactrocera cucurbitae,全瓜腐烂变臭,The whole melon rots and becomes smelly,存在症状,ManifestAs
3261,瓜实蝇,Bactrocera cucurbitae,大量落瓜,A lot of falling melons,存在症状,ManifestAs
3262,瓜实蝇,Bactrocera cucurbitae,畸形下陷,Deformed subsidence,存在症状,ManifestAs
3263,瓜实蝇,Bactrocera cucurbitae,果皮硬实,Hard skin,存在症状,ManifestAs
3264,瓜实蝇,Bactrocera cucurbitae,瓜味苦涩,Bitter melon taste,存在症状,ManifestAs
3265,油葫芦,Gryllotalpa orientalis,缺刻或孔洞,Notches or holes,存在症状,ManifestAs
3266,苹果树腐烂病,Valsa mali,红褐色略隆起,Reddish brown slightly raised,存在症状,ManifestAs
3267,苹果树腐烂病,Valsa mali,水渍状,Water stain,存在症状,ManifestAs
3268,苹果树腐烂病,Valsa mali,黄褐色汁液,Brown juice,存在症状,ManifestAs
3269,苹果树腐烂病,Valsa mali,湿腐状,Wet rot,存在症状,ManifestAs
3270,苹果树腐烂病,Valsa mali,病部失水干缩,The diseased part loses water and shrinks,存在症状,ManifestAs
3271,苹果树腐烂病,Valsa mali,变黑褐色下陷,Dark brown and sunken,存在症状,ManifestAs
3272,苹果树腐烂病,Valsa mali,黑色小点粒,Black small dots,存在症状,ManifestAs
3273,苹果树腐烂病,Valsa mali,病部呈红褐色,The diseased part is reddish brown,存在症状,ManifestAs
3274,苹果树腐烂病,Valsa mali,褐色或暗褐色,Brown or dark brown,存在症状,ManifestAs
3275,苹果树腐烂病,Valsa mali,枝条枯死,Dead branches,存在症状,ManifestAs
3276,苹果树腐烂病,Valsa mali,初期病斑呈褐红色,The initial lesions are reddish brown,存在症状,ManifestAs
3277,苹果树腐烂病,Valsa mali,圆形或轮纹状,Circular or wheel-shaped,存在症状,ManifestAs
3278,苹果树腐烂病,Valsa mali,病斑呈黄褐色,The lesions are yellow-brown,存在症状,ManifestAs
3279,苹果树腐烂病,Valsa mali,黑色小颗粒,Small black particles,存在症状,ManifestAs
3280,苹果树腐烂病,Valsa mali,呈轮纹状排列,Arranged in a wheel pattern,存在症状,ManifestAs
3281,苹果树干腐病,Botryosphaeria dothidea,淡紫色病斑,Lilac spots,存在症状,ManifestAs
3282,苹果树干腐病,Botryosphaeria dothidea,呈稍凹陷状,Slightly concave,存在症状,ManifestAs
3283,苹果树干腐病,Botryosphaeria dothidea,不整形紫褐色至黑褐色病斑,Irregular purple-brown to dark brown lesions,存在症状,ManifestAs
3284,苹果树干腐病,Botryosphaeria dothidea,暗红色回形小斑块,Dark red round-shaped plaque,存在症状,ManifestAs
3285,苹果树干腐病,Botryosphaeria dothidea,茶褐色枯液,Brown dry liquid,存在症状,ManifestAs
3286,苹果树干腐病,Botryosphaeria dothidea,病部干缩凹陷,The diseased part shrinks and becomes sunken,存在症状,ManifestAs
3287,苹果树干腐病,Botryosphaeria dothidea,呈暗褐色,Dark brown,存在症状,ManifestAs
3288,苹果树干腐病,Botryosphaeria dothidea,黄褐色水烂点,Brown water spots,存在症状,ManifestAs
3289,苹果树干腐病,Botryosphaeria dothidea,同心轮纹状病斑,Concentric ring-shaped spots,存在症状,ManifestAs
3290,豌豆炭疽病,Colletotrichum truncatum,圆形或椭圆,Round or oval,存在症状,ManifestAs
3291,豌豆炭疽病,Colletotrichum truncatum,中间暗绿色或浅褐,Dark green or light brown in the middle,存在症状,ManifestAs
3292,豌豆炭疽病,Colletotrichum truncatum,边缘深褐,Dark brown edge,存在症状,ManifestAs
3293,豌豆炭疽病,Colletotrichum truncatum,病斑近梭形或椭圆形,The lesions are nearly spindle-shaped or oval,存在症状,ManifestAs
3294,豌豆炭疽病,Colletotrichum truncatum,中央淡褐色,Central Hazel,存在症状,ManifestAs
3295,豌豆炭疽病,Colletotrichum truncatum,边缘暗褐色,Dark brown edge,存在症状,ManifestAs
3296,豌豆炭疽病,Colletotrichum truncatum,水浸状黄褐色至褐色小点,Water-soaked yellow-brown to brown spots,存在症状,ManifestAs
3297,豌豆炭疽病,Colletotrichum truncatum,圆形或近圆形病斑,Circular or nearly circular lesions,存在症状,ManifestAs
3298,豌豆炭疽病,Colletotrichum truncatum,中间浅绿色,Middle light green,存在症状,ManifestAs
3299,豌豆炭疽病,Colletotrichum truncatum,边缘暗绿色,Dark green edge,存在症状,ManifestAs
3300,豌豆炭疽病,Colletotrichum truncatum,粉红色黏质物,Pink slime,存在症状,ManifestAs
3301,豌豆花叶病,Pseudomonas savastanoi,病株矮缩,Diseased plants stunted,存在症状,ManifestAs
3302,豌豆花叶病,Pseudomonas savastanoi,叶片变小,The leaves become smaller,存在症状,ManifestAs
3303,豌豆花叶病,Pseudomonas savastanoi,叶色浓淡不均,Uneven leaf color,存在症状,ManifestAs
3304,豌豆花叶病,Pseudomonas savastanoi,呈镶嵌斑驳花叶状,Mottled mosaic leaves,存在症状,ManifestAs
3305,豌豆花叶病,Pseudomonas savastanoi,结荚少或不结荚,Few or no pods,存在症状,ManifestAs
3306,豆秆黑潜蝇,Melanagromyza sojae,茎杆中空,Hollow stem,存在症状,ManifestAs
3307,豌豆细菌性叶斑病,Pseudomonas syringae,病斑紫色,Purple spots,存在症状,ManifestAs
3308,豌豆细菌性叶斑病,Pseudomonas syringae,圆形至多角形,Circular to polygonal,存在症状,ManifestAs
3309,豌豆细菌性叶斑病,Pseudomonas syringae,半透明,translucent,存在症状,ManifestAs
3310,豌豆细菌性叶斑病,Pseudomonas syringae,水渍状,Water stain,存在症状,ManifestAs
3311,豌豆细菌性叶斑病,Pseudomonas syringae,奶油色菌脓,Creamy pus,存在症状,ManifestAs
3312,豌豆细菌性叶斑病,Pseudomonas syringae,发亮薄膜,Shiny film,存在症状,ManifestAs
3313,豌豆细菌性叶斑病,Pseudomonas syringae,病斑干枯,The lesions dried up,存在症状,ManifestAs
3314,豌豆细菌性叶斑病,Pseudomonas syringae,病斑褐色,Brown spots,存在症状,ManifestAs
3315,豌豆细菌性叶斑病,Pseudomonas syringae,病斑近圆形,Nearly circular lesions,存在症状,ManifestAs
3316,豌豆细菌性叶斑病,Pseudomonas syringae,暗绿色,Dark green,存在症状,ManifestAs
3317,豌豆彩潜蝇,Chromatomyia horticola,灰白色的蛇形潜道,Gray and white snake-shaped tunnel,存在症状,ManifestAs
3318,豌豆彩潜蝇,Chromatomyia horticola,整个叶片枯死,The entire leaf dies,存在症状,ManifestAs
3319,端大蓟马,Megalurothrips distalis,叶片变细长,Leaves become elongated,存在症状,ManifestAs
3320,端大蓟马,Megalurothrips distalis,皱缩不开,Wrinkled and unable to open,存在症状,ManifestAs
3321,端大蓟马,Megalurothrips distalis,“兔耳状”,"""Rabbit ears""",存在症状,ManifestAs
3322,端大蓟马,Megalurothrips distalis,矮小黄弱,"Short, yellow and weak",存在症状,ManifestAs
3323,端大蓟马,Megalurothrips distalis,花朵不,Flowers are not,存在症状,ManifestAs
3324,花蓟马,Frankliniella intonsa,银灰色斑点或小斑块,Silvery gray spots or small patches,存在症状,ManifestAs
3325,花蓟马,Frankliniella intonsa,叶片变形,Blade deformation,存在症状,ManifestAs
3326,花蓟马,Frankliniella intonsa,黄色斑块,Yellow patches,存在症状,ManifestAs
3327,花蓟马,Frankliniella intonsa,叶片皱缩,Leaf shrinkage,存在症状,ManifestAs
3328,花蓟马,Frankliniella intonsa,破烂或折断,Broken or broken,存在症状,ManifestAs
3329,豌豆象,Bruchus pisorum,豆荚气味难闻,The pods have a bad smell,存在症状,ManifestAs
3330,斑须蝽,Dolycoris baccarum,黄褐色斑点,Brown spots,存在症状,ManifestAs
3331,斑须蝽,Dolycoris baccarum,叶片卷曲,Leaf curling,存在症状,ManifestAs
3332,斑须蝽,Dolycoris baccarum,嫩茎凋萎,Withering of young stems,存在症状,ManifestAs
3333,条蜂缘蝽,Riptortus pedestris,果荚不实,Fruit pods are not full,存在症状,ManifestAs
3334,条蜂缘蝽,Riptortus pedestris,嫩叶变黄,Young leaves turn yellow,存在症状,ManifestAs
3335,条蜂缘蝽,Riptortus pedestris,植株死亡,Plant death,存在症状,ManifestAs
3336,豇豆荚螟,Maruca vitrata,豆荚味苦,The pods taste bitter,存在症状,ManifestAs
3337,肾毒蛾,Cifuna locuples,缺刻,Notch,存在症状,ManifestAs
3338,肾毒蛾,Cifuna locuples,叶片吃光,Eat all the leaves,存在症状,ManifestAs
3339,肾毒蛾,Cifuna locuples,仅剩叶脉,Only leaf veins left,存在症状,ManifestAs
3340,豌豆修尾蚜,Acyrthosiphon pisum,新生叶卷曲,New leaves curling,存在症状,ManifestAs
3341,豌豆修尾蚜,Acyrthosiphon pisum,节间缩短,Shortened internodes,存在症状,ManifestAs
3342,豆蚜,Aphis craccivora,叶片卷缩发黄,Leaves curl and turn yellow,存在症状,ManifestAs
3343,豆蚜,Aphis craccivora,嫩荚变黄,Young pods turn yellow,存在症状,ManifestAs
3344,扁豆褐斑病,Ascochyta phaseolorum,病斑为深褐色,The lesions are dark brown,存在症状,ManifestAs
3345,扁豆褐斑病,Ascochyta phaseolorum,略发紫,Slightly purple,存在症状,ManifestAs
3346,扁豆褐斑病,Ascochyta phaseolorum,灰黑色霉层,Gray-black mold layer,存在症状,ManifestAs
3347,扁豆角斑病,Cercospora canescens,病斑生灰色,Gray spots,存在症状,ManifestAs
3348,扁豆角斑病,Cercospora canescens,灰紫色霉层,Gray purple mold layer,存在症状,ManifestAs
3349,扁豆花腐病,Botrytis cinerea,灰黄色毛状物,Grayish yellow hair,存在症状,ManifestAs
3350,扁豆炭疽病,Colletotrichum lindemuthianum,浅褐色,Light brown,存在症状,ManifestAs
3351,扁豆炭疽病,Colletotrichum lindemuthianum,粉红色黏稠物,Pink sticky substance,存在症状,ManifestAs
3352,扁豆炭疽病,Colletotrichum lindemuthianum,黑褐色,Dark brown,存在症状,ManifestAs
3353,扁豆炭疽病,Colletotrichum lindemuthianum,赤褐色至黑色,Auburn to black,存在症状,ManifestAs
3354,扁豆炭疽病,Colletotrichum lindemuthianum,病斑褐色至红褐色,Lesions brown to reddish brown,存在症状,ManifestAs
3355,扁豆炭疽病,Colletotrichum lindemuthianum,略凹陷,Slightly concave,存在症状,ManifestAs
3356,扁豆炭疽病,Colletotrichum lindemuthianum,病斑圆形,Circular lesion,存在症状,ManifestAs
3357,扁豆炭疽病,Colletotrichum lindemuthianum,中央黑褐色,Central dark brown,存在症状,ManifestAs
3358,扁豆炭疽病,Colletotrichum lindemuthianum,边缘浅褐色或褐红色,Edges light brown or maroon,存在症状,ManifestAs
3359,扁豆炭疽病,Colletotrichum lindemuthianum,病斑颜色渐浅,The color of the lesion gradually becomes lighter,存在症状,ManifestAs
3360,扁豆炭疽病,Colletotrichum lindemuthianum,边缘稍隆起,Slightly raised edge,存在症状,ManifestAs
3361,扁豆炭疽病,Colletotrichum lindemuthianum,中央凹陷,Central depression,存在症状,ManifestAs
3362,扁豆炭疽病,Colletotrichum lindemuthianum,病斑不定形,Irregular lesions,存在症状,ManifestAs
3363,扁豆炭疽病,Colletotrichum lindemuthianum,黄褐色至暗褐色,Yellowish brown to dark brown,存在症状,ManifestAs
3364,扁豆茎枯病,Phomopsis dolichi,茎上病斑条状,Stripe-like disease spots on stems,存在症状,ManifestAs
3365,扁豆茎枯病,Phomopsis dolichi,灰白色至暗灰色,Off-white to dark grey,存在症状,ManifestAs
3366,扁豆细菌性疫病,Xanthomonas campestris,红褐色,Reddish brown,存在症状,ManifestAs
3367,扁豆细菌性疫病,Xanthomonas campestris,湿润状斑块,Moist plaque,存在症状,ManifestAs
3368,扁豆细菌性疫病,Xanthomonas campestris,幼苗干枯,Seedlings dry up,存在症状,ManifestAs
3369,扁豆细菌性疫病,Xanthomonas campestris,不规则形的褐色大斑,Large irregular brown spots,存在症状,ManifestAs
3370,扁豆细菌性疫病,Xanthomonas campestris,黄色晕圈,Yellow halo,存在症状,ManifestAs
3371,扁豆细菌性疫病,Xanthomonas campestris,红褐色短条斑,Reddish brown short stripes,存在症状,ManifestAs
3372,扁豆细菌性疫病,Xanthomonas campestris,圆形或不规则形,Round or irregular shape,存在症状,ManifestAs
3373,扁豆细菌性疫病,Xanthomonas campestris,稍凹陷的褐色病斑,Slightly sunken brown spots,存在症状,ManifestAs
3374,扁豆立枯病,Rhizoctonia solani,褐色至棕褐色水渍状斑,Brown to tan water-soaked spots,存在症状,ManifestAs
3375,扁豆立枯病,Rhizoctonia solani,病部缢缩,Constriction of the affected part,存在症状,ManifestAs
3376,扁豆立枯病,Rhizoctonia solani,灰褐色坏死斑,Gray-brown necrotic spots,存在症状,ManifestAs
3377,扁豆立枯病,Rhizoctonia solani,根茎腐烂,Root rot,存在症状,ManifestAs
3378,扁豆立枯病,Rhizoctonia solani,浅褐色蛛丝状霉,Light brown spider mold,存在症状,ManifestAs
3379,扁豆红斑病,Cercospora canescens,病斑近圆形,Nearly circular lesions,存在症状,ManifestAs
3380,扁豆红斑病,Cercospora canescens,红褐色,Reddish brown,存在症状,ManifestAs
3381,扁豆红斑病,Cercospora canescens,灰色霉层,Gray mold layer,存在症状,ManifestAs
3382,扁豆红斑病,Cercospora canescens,病斑红褐色斑,Reddish brown spots,存在症状,ManifestAs
3383,扁豆红斑病,Cercospora canescens,中心黑褐色,Center dark brown,存在症状,ManifestAs
3384,扁豆红斑病,Cercospora canescens,灰黑色霉层,Gray-black mold layer,存在症状,ManifestAs
3385,扁豆锈病,Uromyces appendiculatus,黄白色至黄褐色小斑点,Yellowish white to yellowish brown spots,存在症状,ManifestAs
3386,扁豆锈病,Uromyces appendiculatus,黄褐色夏孢子堆,Yellow-brown summer spore pile,存在症状,ManifestAs
3387,扁豆锈病,Uromyces appendiculatus,褐红色粉状物,Brown red powder,存在症状,ManifestAs
3388,扁豆锈病,Uromyces appendiculatus,黑褐色的冬孢子,Dark brown teliospores,存在症状,ManifestAs
3389,扁豆锈病,Uromyces appendiculatus,叶片干枯早落,Leaves dry up and fall off early,存在症状,ManifestAs
3390,扁豆黑斑病,Ascochyta phaseolorum,病斑圆形,Circular lesion,存在症状,ManifestAs
3391,扁豆黑斑病,Ascochyta phaseolorum,有同心轮纹,Concentric wheel pattern,存在症状,ManifestAs
3392,扁豆黑斑病,Ascochyta phaseolorum,黑色霉层,Black mold layer,存在症状,ManifestAs
3393,扁豆斑点病,Cercospora canescens,病斑圆形或近圆形,Lesions are round or nearly round,存在症状,ManifestAs
3394,扁豆斑点病,Cercospora canescens,锈褐色,Rust brown,存在症状,ManifestAs
3395,扁豆斑点病,Cercospora canescens,边缘红褐色或暗褐色,Edge reddish brown or dark brown,存在症状,ManifestAs
3396,扁豆斑点病,Cercospora canescens,明显轮纹,Obvious wheel pattern,存在症状,ManifestAs
3397,扁豆淡褐斑病,Cercospora canescens,病斑近圆形或不规则形,The lesions are nearly round or irregular in shape.,存在症状,ManifestAs
3398,扁豆淡褐斑病,Cercospora canescens,颜色较浅褐色,Light brown in color,存在症状,ManifestAs
3399,扁豆淡褐斑病,Cercospora canescens,中央灰褐色,Central Taupe,存在症状,ManifestAs
3400,扁豆淡褐斑病,Cercospora canescens,边缘暗灰褐至浅黑褐色,Edge dark gray to light black brown,存在症状,ManifestAs
3401,扁豆淡褐斑病,Cercospora canescens,不明显的轮纹,Not obvious wheel pattern,存在症状,ManifestAs
3402,扁豆淡褐斑病,Cercospora canescens,稀疏褐色小点,Sparse brown spots,存在症状,ManifestAs
3403,扁豆轮纹斑病,Cercospora canescens,圆形病斑,Circular lesions,存在症状,ManifestAs
3404,扁豆轮纹斑病,Cercospora canescens,边缘暗褐色,Dark brown edge,存在症状,ManifestAs
3405,扁豆轮纹斑病,Cercospora canescens,灰白色至灰褐色,Off-white to gray-brown,存在症状,ManifestAs
3406,扁豆轮纹斑病,Cercospora canescens,明显的轮纹,Obvious wheel pattern,存在症状,ManifestAs
3407,扁豆轮纹斑病,Cercospora canescens,黑色小粒点,Black small dots,存在症状,ManifestAs
3408,扁豆绵疫病,Phytophthora megasperma,病斑水渍状斑,Water-soaked spots,存在症状,ManifestAs
3409,扁豆绵疫病,Phytophthora megasperma,淡黄褐色,Light yellow brown,存在症状,ManifestAs
3410,扁豆绵疫病,Phytophthora megasperma,白色霉状物,White mold,存在症状,ManifestAs
3411,扁豆绵疫病,Phytophthora megasperma,叶脉紫色,Purple leaf veins,存在症状,ManifestAs
3412,扁豆白绢病,Sclerotium rolfsii,病部变褐腐烂,The diseased part turns brown and rots,存在症状,ManifestAs
3413,扁豆白绢病,Sclerotium rolfsii,棕褐色近球形的小菌核,"Small brown, nearly spherical sclerotia",存在症状,ManifestAs
3414,扁豆枯萎病,Fusarium oxysporum,茎部皮层开裂,Stem cortex cracking,存在症状,ManifestAs
3415,扁豆枯萎病,Fusarium oxysporum,白色至淡紫色或粉红色霉状物,White to lavender or pink mold,存在症状,ManifestAs
3416,扁豆枯萎病,Fusarium oxysporum,橙黄色粘质粒,Orange-yellow cosmid,存在症状,ManifestAs
3417,扁豆枯萎病,Fusarium oxysporum,维管束已褐变,The vascular bundle has turned brown,存在症状,ManifestAs
3418,扁豆枯萎病,Fusarium oxysporum,不规则水浸状斑点,Irregular water-soaked spots,存在症状,ManifestAs
3419,扁豆菌核病,Sclerotinia sclerotiorum,全株枯萎,The whole plant withers,存在症状,ManifestAs
3420,扁豆菌核病,Sclerotinia sclerotiorum,鼠粪状菌核,Sclerotium,存在症状,ManifestAs
3421,扁豆病毒病,Bean common mosaic virus,系统花叶及斑驳,Systematic mosaic and mottle,存在症状,ManifestAs
3422,扁豆病毒病,Bean common mosaic virus,轻微淡黄绿相间的斑驳,Slightly yellowish green mottled,存在症状,ManifestAs
3423,扁豆病毒病,Bean common mosaic virus,叶片变小或明脉,Leaves become smaller or have visible veins,存在症状,ManifestAs
3424,扁豆病毒病,Bean common mosaic virus,系统环斑,System ring spot,存在症状,ManifestAs
3425,棉铃虫,Helicoverpa armigera,腐烂而脱落,Rot and fall off,存在症状,ManifestAs
3426,豆卷叶螟,Maruca vitrata,使叶片呈缺刻或,Make the leaves notched or,存在症状,ManifestAs
3427,草地螟,Loxostege sticticalis,残留表皮,Residual epidermis,存在症状,ManifestAs
3428,草地螟,Loxostege sticticalis,缺刻或仅留叶脉,Notched or with only veins left,存在症状,ManifestAs
3429,草地螟,Loxostege sticticalis,叶片呈网状,The leaves are net-like,存在症状,ManifestAs
3430,灰巴蜗牛,Bradybaena ravida,缺苗断垄,Missing seedlings and broken ridges,存在症状,ManifestAs
3431,灰巴蜗牛,Bradybaena ravida,缺刻,Notch,存在症状,ManifestAs
3432,蚕豆锈病,Uromyces fabae,黄白色斑点,Yellowish white spots,存在症状,ManifestAs
3433,蚕豆锈病,Uromyces fabae,红褐色近圆形的突起疤状斑,Reddish brown nearly circular raised scar-like spots,存在症状,ManifestAs
3434,蚕豆锈病,Uromyces fabae,黄色晕圈,Yellow halo,存在症状,ManifestAs
3435,蚕豆锈病,Uromyces fabae,表皮破裂,Epidermal rupture,存在症状,ManifestAs
3436,蚕豆锈病,Uromyces fabae,红色粉末,Red powder,存在症状,ManifestAs
3437,蚕豆锈病,Uromyces fabae,叶片变形早落,Leaf deformation and premature fall,存在症状,ManifestAs
3438,蚕豆锈病,Uromyces fabae,黄色小斑点,Small yellow spots,存在症状,ManifestAs
3439,蚕豆锈病,Uromyces fabae,橙红色斑点,Orange-red spots,存在症状,ManifestAs
3440,蚕豆褐斑病,Ascochyta fabae,病斑圆形或椭圆形,Lesions are round or oval,存在症状,ManifestAs
3441,蚕豆褐斑病,Ascochyta fabae,深褐色,Dark Brown,存在症状,ManifestAs
3442,蚕豆褐斑病,Ascochyta fabae,轮心状的小黑点,Heart-shaped black dots,存在症状,ManifestAs
3443,蚕豆褐斑病,Ascochyta fabae,周围为褐色,Brown around,存在症状,ManifestAs
3444,蚕豆褐斑病,Ascochyta fabae,中部灰白色,Middle grayish white,存在症状,ManifestAs
3445,蚕豆褐斑病,Ascochyta fabae,病斑周缘黑色,Black around the lesion,存在症状,ManifestAs
3446,蚕豆褐斑病,Ascochyta fabae,中部暗褐色,Dark brown in the middle,存在症状,ManifestAs
3447,蚕豆褐斑病,Ascochyta fabae,褐色或黑色污斑,Brown or black stains,存在症状,ManifestAs
3448,蚕豆赤斑病,Botrytis fabae,赤色小斑点,Small red spots,存在症状,ManifestAs
3449,蚕豆赤斑病,Botrytis fabae,褐色或铁红色,Brown or iron red,存在症状,ManifestAs
3450,蚕豆赤斑病,Botrytis fabae,边缘深色,Dark edge,存在症状,ManifestAs
3451,蚕豆赤斑病,Botrytis fabae,病斑圆形,Circular lesion,存在症状,ManifestAs
3452,蚕豆赤斑病,Botrytis fabae,卵圆形或椭圆形,Oval or elliptical,存在症状,ManifestAs
3453,蚕豆赤斑病,Botrytis fabae,不规则的病斑,Irregular lesions,存在症状,ManifestAs
3454,蚕豆赤斑病,Botrytis fabae,病叶落尽,Diseased leaves fall,存在症状,ManifestAs
3455,蚕豆赤斑病,Botrytis fabae,长圆形或梭状病斑,Oblong or spindle-shaped lesions,存在症状,ManifestAs
3456,蚕豆赤斑病,Botrytis fabae,周缘深褐色,Dark brown around,存在症状,ManifestAs
3457,蚕豆赤斑病,Botrytis fabae,中央凹陷,Central depression,存在症状,ManifestAs
3458,蚕豆赤斑病,Botrytis fabae,呈淡赤褐色或灰色,Light reddish brown or gray,存在症状,ManifestAs
3459,蚕豆赤斑病,Botrytis fabae,赤褐色小斑点,Small reddish brown spots,存在症状,ManifestAs
3460,蚕豆赤斑病,Botrytis fabae,不定形铁灰色枯斑,Irregular iron gray spots,存在症状,ManifestAs
3461,蚕豆赤斑病,Botrytis fabae,边缘模糊,Blurred Edges,存在症状,ManifestAs
3462,蚕豆赤斑病,Botrytis fabae,灰色霉层,Gray mold layer,存在症状,ManifestAs
3463,蚕豆赤斑病,Botrytis fabae,叶片大量脱落,Large amount of leaves falling off,存在症状,ManifestAs
3464,蚕豆疫病,Phytophthora cactorum,圆形病斑,Circular lesions,存在症状,ManifestAs
3465,蚕豆疫病,Phytophthora cactorum,暗紫色,Dark purple,存在症状,ManifestAs
3466,蚕豆白粉病,Erysiphe polygoni,白色粉斑,White powdery spots,存在症状,ManifestAs
3467,蚕豆白粉病,Erysiphe polygoni,呈折合,Folded,存在症状,ManifestAs
3468,蚕豆白粉病,Erysiphe polygoni,肥肿或皱缩,Swelling or shrinkage,存在症状,ManifestAs
3469,蚕豆白粉病,Erysiphe polygoni,幼荚变畸形,Young pods become deformed,存在症状,ManifestAs
3470,蚕豆茎基腐病,Fusarium oxysporum,木质部变褐,Browning of the wood,存在症状,ManifestAs
3471,蚕豆茎基腐病,Fusarium oxysporum,萎蔫枯死,Wilting and dying,存在症状,ManifestAs
3472,蚕豆油壶火肿病,Uromyces fabae,浅绿色病斑,Light green spots,存在症状,ManifestAs
3473,蚕豆油壶火肿病,Uromyces fabae,圆形至扁圆形小肿瘤,Small round to oblate tumors,存在症状,ManifestAs
3474,蚕豆油壶火肿病,Uromyces fabae,叶片卷曲成畸形,Leaves curled into deformities,存在症状,ManifestAs
3475,蚕豆油壶火肿病,Uromyces fabae,肿瘤呈褐色溃烂,Brown ulcerated tumor,存在症状,ManifestAs
3476,蚕豆油壶火肿病,Uromyces fabae,病叶凋萎干枯,Diseased leaves wither and dry up,存在症状,ManifestAs
3477,蚕豆根腐病,Fusarium oxysporum,全株枯萎,The whole plant withers,存在症状,ManifestAs
3478,蚕豆根腐病,Fusarium oxysporum,水渍状,Water stain,存在症状,ManifestAs
3479,蚕豆根腐病,Fusarium oxysporum,黑色腐烂,Black Rot,存在症状,ManifestAs
3480,蚕豆根腐病,Fusarium oxysporum,侧根枯朽,Lateral root decay,存在症状,ManifestAs
3481,蚕豆根腐病,Fusarium oxysporum,致密的白色霉层,Dense white mold layer,存在症状,ManifestAs
3482,蚕豆根腐病,Fusarium oxysporum,黑色颗粒,Black particles,存在症状,ManifestAs
3483,蚕豆根腐病,Fusarium oxysporum,变灰白色,Turn gray,存在症状,ManifestAs
3484,蚕豆根腐病,Fusarium oxysporum,表皮破裂如麻丝,The epidermis cracks like hemp,存在症状,ManifestAs
3485,蚕豆根腐病,Fusarium oxysporum,鼠粪状黑色颗粒,Rat droppings-like black particles,存在症状,ManifestAs
3486,蚕豆枯萎病,Fusarium oxysporum,病叶常扭折,Diseased leaves often twist,存在症状,ManifestAs
3487,蚕豆枯萎病,Fusarium oxysporum,干枯脱落,Dry and fall off,存在症状,ManifestAs
3488,蚕豆枯萎病,Fusarium oxysporum,黑褐色病斑,Dark brown spots,存在症状,ManifestAs
3489,蚕豆枯萎病,Fusarium oxysporum,粉红色霉层,Pink mildew layer,存在症状,ManifestAs
3490,蚕豆枯萎病,Fusarium oxysporum,嫩尖倾斜或下垂,Tender tip tilted or drooping,存在症状,ManifestAs
3491,蚕豆枯萎病,Fusarium oxysporum,褐色至黑褐色条纹,Brown to dark brown streaks,存在症状,ManifestAs
3492,蚕豆枯萎病,Fusarium oxysporum,主根变黑,Taproot turns black,存在症状,ManifestAs
3493,蚕豆枯萎病,Fusarium oxysporum,皮层腐烂,Cortical rot,存在症状,ManifestAs
3494,蚕豆枯萎病,Fusarium oxysporum,主根呈干腐状,The main root is dry and rotten,存在症状,ManifestAs
3495,蚕豆枯萎病,Fusarium oxysporum,维管束变黑,Vascular bundles turn black,存在症状,ManifestAs
3496,蚕豆炭疽病,Colletotrichum truncatum,深红褐色,Dark reddish brown,存在症状,ManifestAs
3497,蚕豆炭疽病,Colletotrichum truncatum,病斑中间浅褐色,The middle of the lesion is light brown,存在症状,ManifestAs
3498,蚕豆炭疽病,Colletotrichum truncatum,边缘红褐色,Reddish brown edge,存在症状,ManifestAs
3499,蚕豆炭疽病,Colletotrichum truncatum,黑色小点,Black dots,存在症状,ManifestAs
3500,蚕豆炭疽病,Colletotrichum truncatum,红褐色小斑,Small reddish brown spots,存在症状,ManifestAs
3501,蚕豆炭疽病,Colletotrichum truncatum,的梭形至长形病,Fusiform to elongated disease,存在症状,ManifestAs
3502,蚕豆炭疽病,Colletotrichum truncatum,四周为褐,Brown all around,存在症状,ManifestAs
3503,蚕豆炭疽病,Colletotrichum truncatum,下陷龟,Sunken Turtle,存在症状,ManifestAs
3504,蚕豆炭疽病,Colletotrichum truncatum,后呈锈褐色条斑,Rusty brown streaks,存在症状,ManifestAs
3505,蚕豆炭疽病,Colletotrichum truncatum,红褐色至黑褐色小斑,Reddish brown to dark brown spots,存在症状,ManifestAs
3506,蚕豆炭疽病,Colletotrichum truncatum,多角形或圆形病斑,Polygonal or circular lesions,存在症状,ManifestAs
3507,蚕豆炭疽病,Colletotrichum truncatum,病斑中央灰色,The center of the lesion is gray,存在症状,ManifestAs
3508,蚕豆炭疽病,Colletotrichum truncatum,四周红褐色,Reddish brown all around,存在症状,ManifestAs
3509,蚕豆炭疽病,Colletotrichum truncatum,红色黏稠物,Red sticky substance,存在症状,ManifestAs
3510,蚕豆炭疽病,Colletotrichum truncatum,黄褐色至红褐色凹陷病斑,Yellowish brown to reddish brown sunken lesions,存在症状,ManifestAs
3511,蚕豆炭疽病,Colletotrichum truncatum,白色菌丝或粉红色霉状物,White mycelium or pink mold,存在症状,ManifestAs
3512,蚕豆霜霉病,Peronospora viciae,浅黄色斑,Light yellow spots,存在症状,ManifestAs
3513,蚕豆霜霉病,Peronospora viciae,赤色或赤褐色小斑点,Small red or reddish brown spots,存在症状,ManifestAs
3514,蚕豆霜霉病,Peronospora viciae,浅紫色霉层,Light purple mold layer,存在症状,ManifestAs
3515,蚕豆茎疫病,Phoma exigua,黑色短条斑或小斑块,Black short stripes or small patches,存在症状,ManifestAs
3516,蚕豆茎疫病,Phoma exigua,变黑萎蔫,Blackening and wilting,存在症状,ManifestAs
3517,蚕豆茎疫病,Phoma exigua,边缘变成褐色,The edges turn brown,存在症状,ManifestAs
3518,蚕豆茎疫病,Phoma exigua,黑色枯死,Black dead,存在症状,ManifestAs
3519,蚕豆茎疫病,Phoma exigua,长条形黑褐色病斑,Long dark brown spots,存在症状,ManifestAs
3520,蚕豆轮纹病,Mycosphaerella pinodes,圆形或近圆形小斑,Small round or nearly round spots,存在症状,ManifestAs
3521,蚕豆轮纹病,Mycosphaerella pinodes,红褐色,Reddish brown,存在症状,ManifestAs
3522,蚕豆轮纹病,Mycosphaerella pinodes,周缘红褐色,Reddish brown around,存在症状,ManifestAs
3523,蚕豆轮纹病,Mycosphaerella pinodes,叶片坏死,Leaf necrosis,存在症状,ManifestAs
3524,蚕豆轮纹病,Mycosphaerella pinodes,灰黑色霉层,Gray-black mold layer,存在症状,ManifestAs
3525,蚕豆轮纹病,Mycosphaerella pinodes,病斑长梭形,Long spindle-shaped lesions,存在症状,ManifestAs
3526,蚕豆轮纹病,Mycosphaerella pinodes,灰黑色,Gray black,存在症状,ManifestAs
3527,蚕豆轮纹病,Mycosphaerella pinodes,边缘深赤色,Dark red edge,存在症状,ManifestAs
3528,蚕豆轮纹病,Mycosphaerella pinodes,小黑色凹陷斑,Small black sunken spots,存在症状,ManifestAs
3529,蚕豆黄萎病,Verticillium dahliae,苍绿色或绿黄色,Pale green or greenish yellow,存在症状,ManifestAs
3530,蚕豆黄萎病,Verticillium dahliae,黑色小斑块,Small black spots,存在症状,ManifestAs
3531,蚕豆黄萎病,Verticillium dahliae,病叶干缩,Diseased leaves shrink,存在症状,ManifestAs
3532,蚕豆黄萎病,Verticillium dahliae,枯死或脱落,Dying or falling off,存在症状,ManifestAs
3533,蚕豆立枯病,Rhizoctonia solani,黑色病变,Black lesions,存在症状,ManifestAs
3534,蚕豆立枯病,Rhizoctonia solani,不规则形褐色菌,Irregular brown fungus,存在症状,ManifestAs
3535,蚕豆立枯病,Rhizoctonia solani,染病呈灰绿色至绿褐色,Gray-green to green-brown in color,存在症状,ManifestAs
3536,蚕豆立枯病,Rhizoctonia solani,主茎略萎蔫,The main stem is slightly wilted,存在症状,ManifestAs
3537,蚕豆立枯病,Rhizoctonia solani,叶片变黑,Leaves turn black,存在症状,ManifestAs
3538,蚕豆立枯病,Rhizoctonia solani,蛛网状菌丝或小菌核,Spider web hyphae or small sclerotia,存在症状,ManifestAs
3539,蚕豆立枯病,Rhizoctonia solani,烂种或芽枯,Seed rot or bud blight,存在症状,ManifestAs
3540,蚕豆立枯病,Rhizoctonia solani,呈黑色顶枯,Black top withered,存在症状,ManifestAs
3541,蚕豆菌核病,Sclerotinia sclerotiorum,全株枯萎,The whole plant withers,存在症状,ManifestAs
3542,蚕豆菌核病,Sclerotinia sclerotiorum,鼠粪状菌核,Sclerotium,存在症状,ManifestAs
3543,蚕豆叶烧病,Uromyces fabae,病斑点状,Spot-like,存在症状,ManifestAs
3544,蚕豆叶烧病,Uromyces fabae,深红色,Dark Red,存在症状,ManifestAs
3545,蚕豆叶烧病,Uromyces fabae,圆形或椭圆形,Round or oval,存在症状,ManifestAs
3546,蚕豆叶烧病,Uromyces fabae,病斑中间浅褐色,The middle of the lesion is light brown,存在症状,ManifestAs
3547,蚕豆叶烧病,Uromyces fabae,边缘深红色,Dark red edge,存在症状,ManifestAs
3548,蚕豆叶烧病,Uromyces fabae,全叶黄枯而死,All leaves turn yellow and die,存在症状,ManifestAs
3549,蚕豆叶烧病,Uromyces fabae,病斑深红色,Lesions dark red,存在症状,ManifestAs
3550,蚕豆叶烧病,Uromyces fabae,长椭圆形,Long oval,存在症状,ManifestAs
3551,蚕豆叶烧病,Uromyces fabae,病斑纺锤形,Spindle-shaped lesions,存在症状,ManifestAs
3552,蚕豆叶烧病,Uromyces fabae,叶柄变黑软化,The petiole turns black and softens,存在症状,ManifestAs
3553,蚕豆BYMV花叶病,Bean yellow mosaic virus,叶片皱缩卷曲肥厚,"Leaves are wrinkled, curled and thickened",存在症状,ManifestAs
3554,蚕豆BYMV花叶病,Bean yellow mosaic virus,叶肉黄绿相间呈花叶状斑驳,The leaf flesh is yellow-green and mottled,存在症状,ManifestAs
3555,蚕豆BYMV花叶病,Bean yellow mosaic virus,叶片黄且薄,Yellow and thin leaves,存在症状,ManifestAs
3556,蚕豆萎蔫病毒病,Broad bean wilt virus,叶面呈深浅绿相嵌花叶,The leaves are inlaid with dark and light green,存在症状,ManifestAs
3557,蚕豆萎蔫病毒病,Broad bean wilt virus,萎蔫坏死,Wilting and necrosis,存在症状,ManifestAs
3558,蚕豆萎蔫病毒病,Broad bean wilt virus,植株矮小,Short plant,存在症状,ManifestAs
3559,蚕豆萎蔫病毒病,Broad bean wilt virus,叶片变黄,Yellowing of leaves,存在症状,ManifestAs
3560,蚕豆核盘菌茎腐病,Sclerotinia trifoliorum,病部浅灰绿色,Diseased part light gray green,存在症状,ManifestAs
3561,蚕豆核盘菌茎腐病,Sclerotinia trifoliorum,菌丝渐变黄色至褐色,Mycelium gradually turns yellow to brown,存在症状,ManifestAs
3562,蚕豆核盘菌茎腐病,Sclerotinia trifoliorum,菌丝呈深褐色,Mycelium is dark brown,存在症状,ManifestAs
3563,蚕豆染色病毒BBSV病,Broad bean stain virus,褪色斑或畸形,Discoloration or deformity,存在症状,ManifestAs
3564,蚕豆染色病毒BBSV病,Broad bean stain virus,种皮呈坏死色斑,Necrotic spots on the seed coat,存在症状,ManifestAs
3565,蚕豆染色病毒BBSV病,Broad bean stain virus,连续坏死带,Continuous necrotic zone,存在症状,ManifestAs
3566,蚕豆染色病毒BBSV病,Broad bean stain virus,顶端枯死,Top dieback,存在症状,ManifestAs
3567,蚕豆染色病毒BBSV病,Broad bean stain virus,病叶呈褪色花叶或畸形,"Diseased leaves are discolored, mosaic, or deformed",存在症状,ManifestAs
3568,蚕豆修尾蚜,Acyrthosiphon pisum,新生叶卷曲,New leaves curling,存在症状,ManifestAs
3569,蚕豆修尾蚜,Acyrthosiphon pisum,节间缩短,Shortened internodes,存在症状,ManifestAs
3570,黄花菜锈病,Puccinia hemerocallidis,桔红色稍凸起的疮斑,"Orange-red, slightly raised spots",存在症状,ManifestAs
3571,黄花菜锈病,Puccinia hemerocallidis,黄褐色或桔黄色的粉状物,Yellow-brown or orange powder,存在症状,ManifestAs
3572,黄花菜锈病,Puccinia hemerocallidis,叶片渐枯黄,Leaves gradually turn yellow,存在症状,ManifestAs
3573,黄花菜锈病,Puccinia hemerocallidis,黄褐色粉状物,Yellow-brown powder,存在症状,ManifestAs
3574,黄花菜锈病,Puccinia hemerocallidis,失绿呈淡黄色,Loss of green to pale yellow,存在症状,ManifestAs
3575,黄花菜锈病,Puccinia hemerocallidis,黑色长椭圆形或短线状疮斑,Black oval or short linear sores,存在症状,ManifestAs
3576,黄花菜锈病,Puccinia hemerocallidis,花薹短瘦,Flower stalks are short and thin,存在症状,ManifestAs
3577,黄花菜白绢病,Sclerotium rolfsii,水渍状褐色斑,Water-soaked brown spots,存在症状,ManifestAs
3578,黄花菜白绢病,Sclerotium rolfsii,略凹陷或呈湿腐状,Slightly sunken or wet rot,存在症状,ManifestAs
3579,黄花菜白绢病,Sclerotium rolfsii,白色绢丝状菌丝体,White silky mycelium,存在症状,ManifestAs
3580,黄花菜白绢病,Sclerotium rolfsii,黄褐色油菜籽状小菌核,Small yellow-brown rapeseed-like sclerotia,存在症状,ManifestAs
3581,黄花菜叶枯病,Pseudomonas syringae,病斑褐色,Brown spots,存在症状,ManifestAs
3582,黄花菜叶枯病,Pseudomonas syringae,褐色条斑,Brown stripes,存在症状,ManifestAs
3583,黄花菜叶枯病,Pseudomonas syringae,叶片枯死,Leaf death,存在症状,ManifestAs
3584,黄花菜叶枯病,Pseudomonas syringae,呈水渍状,Water-stained,存在症状,ManifestAs
3585,黄花菜叶枯病,Pseudomonas syringae,后变褐色至深褐色长圆形或椭圆,"Later it turns brown to dark brown, oblong or oval",存在症状,ManifestAs
3586,黄花菜叶枯病,Pseudomonas syringae,斑呈赤褐色,Reddish brown spots,存在症状,ManifestAs
3587,黄花菜黑斑病,Alternaria solani,白色小斑点,Small white spots,存在症状,ManifestAs
3588,黄花菜黑斑病,Alternaria solani,黄褐色条斑,Yellow-brown stripes,存在症状,ManifestAs
3589,黄花菜黑斑病,Alternaria solani,明显赤褐色晕纹,Obvious reddish brown halo,存在症状,ManifestAs
3590,黄花菜黑斑病,Alternaria solani,水渍状暗绿色环,Water-stained dark green ring,存在症状,ManifestAs
3591,黄花菜黑斑病,Alternaria solani,叶片黄枯,Yellowing of leaves,存在症状,ManifestAs
3592,黄花菜黑斑病,Alternaria solani,不规则状,Irregular,存在症状,ManifestAs
3593,黄花菜黑斑病,Alternaria solani,黑色小粒点,Black small dots,存在症状,ManifestAs
3594,黄花菜炭疽病,Colletotrichum gloeosporioides,水渍状褐绿色小点,Water-stained brown-green spots,存在症状,ManifestAs
3595,黄花菜炭疽病,Colletotrichum gloeosporioides,褐色条斑,Brown stripes,存在症状,ManifestAs
3596,黄花菜炭疽病,Colletotrichum gloeosporioides,大型条斑,Large stripe,存在症状,ManifestAs
3597,黄花菜炭疽病,Colletotrichum gloeosporioides,整叶枯死,Whole leaf dead,存在症状,ManifestAs
3598,黄花菜炭疽病,Colletotrichum gloeosporioides,病斑中央深褐色,The center of the lesion is dark brown,存在症状,ManifestAs
3599,黄花菜炭疽病,Colletotrichum gloeosporioides,四周赤褐色,Reddish brown all around,存在症状,ManifestAs
3600,黄花菜霉杆病,Fusarium oxysporum,暗绿色小斑,Dark green spots,存在症状,ManifestAs
3601,黄花菜霉杆病,Fusarium oxysporum,水渍状,Water stain,存在症状,ManifestAs
3602,黄花菜霉杆病,Fusarium oxysporum,椭圆形斑块,Oval plaque,存在症状,ManifestAs
3603,黄花菜霉杆病,Fusarium oxysporum,病斑中央灰白色,The center of the lesion is grayish white,存在症状,ManifestAs
3604,黄花菜霉杆病,Fusarium oxysporum,淡红色霉层,Light red mold layer,存在症状,ManifestAs
3605,黄花菜霉杆病,Fusarium oxysporum,致花薹折断而枯死,The flower stalk breaks and dies,存在症状,ManifestAs
3606,黄花菜根腐病,Fusarium oxysporum,浅褐色病变,Light brown lesions,存在症状,ManifestAs
3607,黄花菜根腐病,Fusarium oxysporum,叶色变淡,Leaf color fades,存在症状,ManifestAs
3608,黄花菜根腐病,Fusarium oxysporum,结荚减少,Reduced pod setting,存在症状,ManifestAs
3609,黄花菜病毒病,Cucumber mosaic virus,深浅不均的褪绿斑或枯斑,Uneven shades of chlorotic or dead spots,存在症状,ManifestAs
3610,黄花菜病毒病,Cucumber mosaic virus,叶子卷曲,Leaves curled,存在症状,ManifestAs
3611,黄花菜病毒病,Cucumber mosaic virus,花畸形,Flower deformity,存在症状,ManifestAs
3612,黄花菜病毒病,Cucumber mosaic virus,淡褐色梭形斑,Light brown spindle spots,存在症状,ManifestAs
3613,黄花菜病毒病,Cucumber mosaic virus,条斑或斑块,Stripes or patches,存在症状,ManifestAs
3614,黄花菜病毒病,Cucumber mosaic virus,叶子黄化扭曲,Yellowing and twisting of leaves,存在症状,ManifestAs
3615,刺足根螨,Rhizoglyphus echinopus,球茎呈黑褐色而腐败,The bulb is dark brown and rotten,存在症状,ManifestAs
3616,刺足根螨,Rhizoglyphus echinopus,叶片细小,Small leaves,存在症状,ManifestAs
3617,刺足根螨,Rhizoglyphus echinopus,幼苗叶部枯萎,Seedling leaf wilt,存在症状,ManifestAs
3618,刺足根螨,Rhizoglyphus echinopus,脱色症状,Symptoms of depigmentation,存在症状,ManifestAs
3619,刺足根螨,Rhizoglyphus echinopus,葱白组织受损,Damage to the white part of the onion,存在症状,ManifestAs
3620,刺足根螨,Rhizoglyphus echinopus,褐色小斑,Small brown spots,存在症状,ManifestAs
3621,刺足根螨,Rhizoglyphus echinopus,地上部黄枯,Yellowing of aboveground parts,存在症状,ManifestAs
3622,刺足根螨,Rhizoglyphus echinopus,叶片带有紫色,Purple leaves,存在症状,ManifestAs
3623,枸杞白粉病,Erysiphe polygoni,近圆形的白色粉状霉斑,Nearly circular white powdery mildew,存在症状,ManifestAs
3624,枸杞白粉病,Erysiphe polygoni,白色斑片,White patches,存在症状,ManifestAs
3625,枸杞炭疽病,Colletotrichum gloeosporioides,小黑点或不规则褐斑,Small black spots or irregular brown spots,存在症状,ManifestAs
3626,枸杞炭疽病,Colletotrichum gloeosporioides,桔红色胶状小点,Orange-red gelatinous dots,存在症状,ManifestAs
3627,枸杞炭疽病,Colletotrichum gloeosporioides,褐色半圆形病斑,Brown semicircular spots,存在症状,ManifestAs
3628,枸杞炭疽病,Colletotrichum gloeosporioides,湿度大呈湿腐状,High humidity and wet rot,存在症状,ManifestAs
3629,枸杞炭疽病,Colletotrichum gloeosporioides,粘滴状桔红色小点,Sticky orange-red dots,存在症状,ManifestAs
3630,枸杞灰斑病,Cercospora lycii,圆形至近圆形病斑,Round to nearly round lesions,存在症状,ManifestAs
3631,枸杞灰斑病,Cercospora lycii,病斑边缘褐色,Brown edge of lesion,存在症状,ManifestAs
3632,枸杞灰斑病,Cercospora lycii,中央灰白色,Central off-white,存在症状,ManifestAs
3633,枸杞灰斑病,Cercospora lycii,黑灰色霉状物,Black gray mold,存在症状,ManifestAs
3634,枸杞根腐病,Fusarium oxysporum,病部呈褐色至黑褐色,The diseased part is brown to dark brown,存在症状,ManifestAs
3635,枸杞根腐病,Fusarium oxysporum,维管束褐变,Vascular browning,存在症状,ManifestAs
3636,枸杞根腐病,Fusarium oxysporum,白色至粉红色菌丝状物,White to pink mycelium,存在症状,ManifestAs
3637,枸杞根腐病,Fusarium oxysporum,叶片发黄,Yellowing leaves,存在症状,ManifestAs
3638,枸杞根腐病,Fusarium oxysporum,枝条萎缩,Branch shrinkage,存在症状,ManifestAs
3639,枸杞木虱,Trioza tanghuzhaoi,叶黄枝瘦,Yellow leaves and thin branches,存在症状,ManifestAs
3640,枸杞木虱,Trioza tanghuzhaoi,树势衰弱,Tree weakness,存在症状,ManifestAs
3641,枸杞木虱,Trioza tanghuzhaoi,春季枝干枯,Spring branch dryness,存在症状,ManifestAs
3642,芦笋茎枯病,Phomopsis asparagi,乳白色油渍状小斑点,Milky white oily spots,存在症状,ManifestAs
3643,芦笋茎枯病,Phomopsis asparagi,呈纺锤状或不规则形褪绿斑,Spindle-shaped or irregular chlorotic spots,存在症状,ManifestAs
3644,芦笋茎枯病,Phomopsis asparagi,边缘清晰红褐色,Clear reddish brown edges,存在症状,ManifestAs
3645,芦笋茎枯病,Phomopsis asparagi,淡黄色晕圈,Light yellow halo,存在症状,ManifestAs
3646,芦笋紫斑病,Stagonospora asparagi,紫褐色小斑点,Small purple-brown spots,存在症状,ManifestAs
3647,芦笋紫斑病,Stagonospora asparagi,近椭圆形或钝纺锤形病斑,Nearly oval or blunt spindle-shaped lesions,存在症状,ManifestAs
3648,芦笋紫斑病,Stagonospora asparagi,病斑四周紫褐色,Purple-brown surrounding the lesion,存在症状,ManifestAs
3649,芦笋紫斑病,Stagonospora asparagi,中央浅褐色至灰褐色,Central light brown to grayish brown,存在症状,ManifestAs
3650,大青叶蝉,Cicadella viridis,叶片褪色,Leaf fading,存在症状,ManifestAs
3651,芦笋冠腐病,Fusarium proliferatum,白色菌丝体,White mycelium,存在症状,ManifestAs
3652,芦笋冠腐病,Fusarium proliferatum,髓部变色,Discoloration of the medullary,存在症状,ManifestAs
3653,芦笋冠腐病,Fusarium proliferatum,小根全部烂掉,All the roots are rotten,存在症状,ManifestAs
3654,芦笋冠腐病,Fusarium proliferatum,根部溃烂,Root ulcers,存在症状,ManifestAs
3655,芦笋冠腐病,Fusarium proliferatum,植株黄化,Plant yellowing,存在症状,ManifestAs
3656,芦笋炭疽病,Colletotrichum destructivum,病斑灰色至浅褐色,Lesions gray to light brown,存在症状,ManifestAs
3657,芦笋炭疽病,Colletotrichum destructivum,梭形或不规则形,Fusiform or irregular,存在症状,ManifestAs
3658,芦笋立枯病,Fusarium oxysporum,植株变黄后萎蔫,Plants turn yellow and wilt,存在症状,ManifestAs
3659,芦笋立枯病,Fusarium oxysporum,褐色病斑,Brown spots,存在症状,ManifestAs
3660,芦笋立枯病,Fusarium oxysporum,白色至粉红色霉状物,White to pink mold,存在症状,ManifestAs
3661,芦笋立枯病,Fusarium oxysporum,红棕色病斑,Reddish brown spots,存在症状,ManifestAs
3662,芦笋立枯病,Fusarium oxysporum,落叶或枯死,Leaves fall or die,存在症状,ManifestAs
3663,芦笋灰霉病,Botrytis cinerea,嫩枝呈铁丝状弯曲,The young branches are bent like wire,存在症状,ManifestAs
3664,芦笋灰霉病,Botrytis cinerea,鼠毛状灰黑色霉,Mouse-hair gray-black mold,存在症状,ManifestAs
3665,芦笋叶枯病,Asparagus fusarium,灰白色不规则形枯斑,Grayish white irregular shaped spots,存在症状,ManifestAs
3666,芦笋叶枯病,Asparagus fusarium,黑色霉状物,Black mold,存在症状,ManifestAs
3667,芦笋疫霉根腐病,Phytophthora asparagi,下部叶变黄,Lower leaves turning yellow,存在症状,ManifestAs
3668,芦笋斑点病,Pseudomonas syringae,灰白色椭圆形至不规则形,Off-white oval to irregular shape,存在症状,ManifestAs
3669,芦笋紫纹羽病,Helicobasidium mompa,黄褐色至黑褐色,Yellowish brown to dark brown,存在症状,ManifestAs
3670,芦笋紫纹羽病,Helicobasidium mompa,绒状紫色菌丝膜,Velvety purple mycelium,存在症状,ManifestAs
3671,芦笋紫纹羽病,Helicobasidium mompa,紫色纹羽状菌索,Purple feathery roots,存在症状,ManifestAs
3672,芦笋紫纹羽病,Helicobasidium mompa,茎叶变黄,Yellowing of stems and leaves,存在症状,ManifestAs
3673,甘蓝夜蛾,Mamestra brassicae,叶片残留表皮,Leaf epidermis residue,存在症状,ManifestAs
3674,甘蓝夜蛾,Mamestra brassicae,孔洞或缺刻,Holes or notches,存在症状,ManifestAs
3675,蒙古土象,Xylinophorus mongolicus,缺苗断垅,Missing seedlings and broken ridges,存在症状,ManifestAs
3676,蒙古土象,Xylinophorus mongolicus,半圆形或圆形缺刻,Semicircular or circular notch,存在症状,ManifestAs
3677,烟蓟马,Thrips tabaci,银灰色斑点,Silver gray spots,存在症状,ManifestAs
3678,烟蓟马,Thrips tabaci,下陷的小斑,Small sunken spots,存在症状,ManifestAs
3679,烟蓟马,Thrips tabaci,叶片变形,Blade deformation,存在症状,ManifestAs
3680,烟蓟马,Thrips tabaci,叶片肥大,Enlarged leaves,存在症状,ManifestAs
3681,烟蓟马,Thrips tabaci,无头烟或多头烟,No-end or multiple-end cigarettes,存在症状,ManifestAs
3682,烟蓟马,Thrips tabaci,叶片皱缩,Leaf shrinkage,存在症状,ManifestAs
3683,灰地种蝇,Delia platura,根茎腐烂或枯死,Root rot or death,存在症状,ManifestAs
3684,莲藕腐败病,Fusarium oxysporum,呈浅褐色至褐色,Light brown to brown,存在症状,ManifestAs
3685,莲藕腐败病,Fusarium oxysporum,褐色至紫黑色不规则斑,Brown to purple-black irregular spots,存在症状,ManifestAs
3686,莲藕腐败病,Fusarium oxysporum,病部纵皱状,Longitudinal wrinkle of diseased part,存在症状,ManifestAs
3687,莲藕腐败病,Fusarium oxysporum,叶片色泽淡绿,Light green leaves,存在症状,ManifestAs
3688,莲藕腐败病,Fusarium oxysporum,褐色干枯,Brown and dry,存在症状,ManifestAs
3689,莲藕腐败病,Fusarium oxysporum,整叶卷枯,The whole leaf curls,存在症状,ManifestAs
3690,莲藕腐败病,Fusarium oxysporum,似火烧状,Burning,存在症状,ManifestAs
3691,莲藕腐败病,Fusarium oxysporum,粉红色粘质物,Pink slime,存在症状,ManifestAs
3692,莲藕尾孢褐斑病,Cercospora nelumbii,褐色小点,Brown dots,存在症状,ManifestAs
3693,莲藕尾孢褐斑病,Cercospora nelumbii,椭圆形或不规则形,Oval or irregular shape,存在症状,ManifestAs
3694,莲藕尾孢褐斑病,Cercospora nelumbii,略呈轮纹状,Slightly wheel-shaped,存在症状,ManifestAs
3695,莲藕尾孢褐斑病,Cercospora nelumbii,正面浅黄褐色,Front light brown,存在症状,ManifestAs
3696,莲藕尾孢褐斑病,Cercospora nelumbii,边缘深褐色,Dark brown edge,存在症状,ManifestAs
3697,莲藕尾孢褐斑病,Cercospora nelumbii,背面淡青灰色,Back light blue gray,存在症状,ManifestAs
3698,莲藕尾孢褐斑病,Cercospora nelumbii,叶片焦枯,Leaf scorch,存在症状,ManifestAs
3699,莲藕褐纹病,Cercospora nelumbii,黄褐色针头状小点,Yellowish brown pin-shaped dots,存在症状,ManifestAs
3700,莲藕褐纹病,Cercospora nelumbii,圆形或不定形的轮纹状病斑,Circular or irregular ring-like spots,存在症状,ManifestAs
3701,莲藕褐纹病,Cercospora nelumbii,右栗褐色或,Right chestnut brown or,存在症状,ManifestAs
3702,莲藕褐纹病,Cercospora nelumbii,显病斑边缘,Visible edge of lesion,存在症状,ManifestAs
3703,莲藕褐纹病,Cercospora nelumbii,晰黄晕细窄,Clear yellow halo narrow,存在症状,ManifestAs
3704,莲藕褐纹病,Cercospora nelumbii,叶片大块焦枯,Large pieces of leaves are burnt,存在症状,ManifestAs
3705,莲藕炭疽病,Colletotrichum capsici,病斑圆形或不规则形,Lesions are round or irregular,存在症状,ManifestAs
3706,莲藕炭疽病,Colletotrichum capsici,具同心轮纹,Concentric wheel pattern,存在症状,ManifestAs
3707,莲藕炭疽病,Colletotrichum capsici,略凹陷,Slightly concave,存在症状,ManifestAs
3708,莲藕炭疽病,Colletotrichum capsici,斑面红褐色,Spotted reddish brown,存在症状,ManifestAs
3709,莲藕炭疽病,Colletotrichum capsici,波纹状,Corrugated,存在症状,ManifestAs
3710,莲藕炭疽病,Colletotrichum capsici,黄绿色,Yellow Green,存在症状,ManifestAs
3711,莲藕炭疽病,Colletotrichum capsici,病斑紫黑色,Purple-black spots,存在症状,ManifestAs
3712,莲藕叶疫病,Phytophthora colocasiae,绿褐色小斑,Green brown spots,存在症状,ManifestAs
3713,莲藕叶疫病,Phytophthora colocasiae,椭圆形或不定形黑褐色湿腐状病斑,Oval or irregular dark brown wet rot-like spots,存在症状,ManifestAs
3714,莲藕叶疫病,Phytophthora colocasiae,叶片变褐腐烂或干缩,"Leaves turn brown, rot, or shrink",存在症状,ManifestAs
3715,莲藕叶点霉烂叶病,Phyllosticta nelumbii,呈暗绿色水渍状不规则形斑,Dark green water-stained irregular spots,存在症状,ManifestAs
3716,莲藕叶点霉烂叶病,Phyllosticta nelumbii,呈扇形大斑,Large fan-shaped spots,存在症状,ManifestAs
3717,莲藕叶点霉烂叶病,Phyllosticta nelumbii,病斑中部红褐色,Reddish brown in the middle of the lesion,存在症状,ManifestAs
3718,莲藕棒孢褐斑病,Corynespora cassiicola,绿褐色小斑点,Greenish brown spots,存在症状,ManifestAs
3719,莲藕棒孢褐斑病,Corynespora cassiicola,暗褐色不规则形或多角形病斑,Dark brown irregular or polygonal lesions,存在症状,ManifestAs
3720,莲藕棒孢褐斑病,Corynespora cassiicola,生有同心,Born with the same heart,存在症状,ManifestAs
3721,莲藕棒孢褐斑病,Corynespora cassiicola,致病部变褐,Pathogenic part turns brown,存在症状,ManifestAs
3722,莲藕假尾孢褐斑病,Cercospora nelumbii,初生小褐点,Newborn small brown spot,存在症状,ManifestAs
3723,莲藕假尾孢褐斑病,Cercospora nelumbii,圆形病斑,Circular lesions,存在症状,ManifestAs
3724,莲藕小菌核叶腐病,Sclerotium rolfsii,病斑形状不定形,Irregular lesion shape,存在症状,ManifestAs
3725,莲藕小菌核叶腐病,Sclerotium rolfsii,褐色或黑褐色,Brown or dark brown,存在症状,ManifestAs
3726,莲藕小菌核叶腐病,Sclerotium rolfsii,白色皱球状菌丝团,White wrinkled spherical mycelium,存在症状,ManifestAs
3727,莲藕小菌核叶腐病,Sclerotium rolfsii,茶褐色球状的小菌核,Small brown spherical sclerotia,存在症状,ManifestAs
3728,莲藕小菌核叶腐病,Sclerotium rolfsii,叶片变褐腐烂,Leaves turn brown and rot,存在症状,ManifestAs
3729,莲藕病毒病,Oryctes nasicornis,叶片变细,Thinning of leaves,存在症状,ManifestAs
3730,莲藕病毒病,Oryctes nasicornis,病叶呈浓绿斑驳,Diseased leaves are dark green and mottled,存在症状,ManifestAs
3731,莲藕病毒病,Oryctes nasicornis,叶片局部褪黄,Partial yellowing of leaves,存在症状,ManifestAs
3732,莲藕病毒病,Oryctes nasicornis,叶畸形皱缩,Deformed and shrunken leaves,存在症状,ManifestAs
3733,莲缢管蚜,Rhopalosiphum nymphaeae,叶片发黄,Yellowing leaves,存在症状,ManifestAs
3734,茭白纹枯病,Rhizoctonia solani,圆形至椭圆形的病斑,Round to oval lesions,存在症状,ManifestAs
3735,茭白纹枯病,Rhizoctonia solani,云纹斑状,Moire pattern,存在症状,ManifestAs
3736,茭白纹枯病,Rhizoctonia solani,边缘深褐色,Dark brown edge,存在症状,ManifestAs
3737,茭白瘟病,Xanthomonas campestris,针尖大小黄褐至橙黄色小点,Pinpoint-sized yellowish brown to orange-yellow dots,存在症状,ManifestAs
3738,茭白瘟病,Xanthomonas campestris,近椭圆形至狭梭形斑,Nearly oval to narrow spindle-shaped spots,存在症状,ManifestAs
3739,茭白瘟病,Xanthomonas campestris,暗绿色至浅红褐色,Dark green to light reddish brown,存在症状,ManifestAs
3740,茭白瘟病,Xanthomonas campestris,边缘模糊,Blurred Edges,存在症状,ManifestAs
3741,茭白瘟病,Xanthomonas campestris,浅黄色至浅褐色晕环,Light yellow to light brown halo,存在症状,ManifestAs
3742,茭白瘟病,Xanthomonas campestris,病斑中央褪色,Discoloration in the center of the lesion,存在症状,ManifestAs
3743,茭白瘟病,Xanthomonas campestris,呈灰白色,Off-white,存在症状,ManifestAs
3744,茭白瘟病,Xanthomonas campestris,边缘暗褐至红褐色,Dark brown to reddish brown edges,存在症状,ManifestAs
3745,茭白瘟病,Xanthomonas campestris,圆形至椭圆形褐色病斑,Round to oval brown spots,存在症状,ManifestAs
3746,茭白瘟病,Xanthomonas campestris,中央黄褐至灰褐色,Central yellowish brown to grayish brown,存在症状,ManifestAs
3747,茭白瘟病,Xanthomonas campestris,灰绿色霉层,Gray green mold layer,存在症状,ManifestAs
3748,茭白胡麻斑病,Bipolaris sorokiniana,针头状褐色小点,Pin-shaped brown spots,存在症状,ManifestAs
3749,茭白胡麻斑病,Bipolaris sorokiniana,椭圆形,Oval,存在症状,ManifestAs
3750,茭白胡麻斑病,Bipolaris sorokiniana,中间变灰白至黄色,Grayish white to yellow in the middle,存在症状,ManifestAs
3751,茭白胡麻斑病,Bipolaris sorokiniana,边缘深褐色,Dark brown edge,存在症状,ManifestAs
3752,茭白胡麻斑病,Bipolaris sorokiniana,黄色晕围,Yellow halo,存在症状,ManifestAs
3753,茭白胡麻斑病,Bipolaris sorokiniana,病斑大而少,Large and few lesions,存在症状,ManifestAs
3754,茭白锈病,Uromyces coronatus,黄色或铁锈色隆起的小疱斑,Small yellow or rust-colored raised blisters,存在症状,ManifestAs
3755,茭白锈病,Uromyces coronatus,疱斑破裂,Bleb rupture,存在症状,ManifestAs
3756,茭白锈病,Uromyces coronatus,锈色粉状物,Rusty powder,存在症状,ManifestAs
3757,茭白锈病,Uromyces coronatus,灰色至黑色小疱斑,Gray to black blister,存在症状,ManifestAs
3758,茭白锈病,Uromyces coronatus,疱斑长条形,Long strip of herpes,存在症状,ManifestAs
3759,茭白锈病,Uromyces coronatus,黄色或铁锈色小疱斑,Yellow or rusty small blisters,存在症状,ManifestAs
3760,茭白黑粉病,Ustilago esculenta,黄绿色泡状突起,Yellow-green bubble-like protrusions,存在症状,ManifestAs
3761,茭白黑粉病,Ustilago esculenta,表皮枯黄破裂,The epidermis is yellow and cracked,存在症状,ManifestAs
3762,茭白黑粉病,Ustilago esculenta,散发黑色粉状物,Disperse black powder,存在症状,ManifestAs
3763,茭白黑粉病,Ustilago esculenta,深绿色小圆点,Dark green dots,存在症状,ManifestAs
3764,茭白黑粉病,Ustilago esculenta,椭圆形瘤状突起,Oval tumor-like protrusion,存在症状,ManifestAs
3765,茭白黑粉病,Ustilago esculenta,叶鞘发黑,Leaf sheath turns black,存在症状,ManifestAs
3766,长绿飞虱,Nephotettix virescens,黄白色至浅褐或棕褐色斑点,Yellowish white to light brown or tan spots,存在症状,ManifestAs
3767,白背飞虱,Sogatella furcifera,黄叶或枯死,Yellow or dead leaves,存在症状,ManifestAs
3768,白背飞虱,Sogatella furcifera,煤污状,Coal stain,存在症状,ManifestAs
3769,白背飞虱,Sogatella furcifera,植株成团枯萎,Plants wither in clusters,存在症状,ManifestAs
3770,灰飞虱,Laodelphax striatellus,黄叶或枯死,Yellow or dead leaves,存在症状,ManifestAs
3771,慈姑黑粉病,Ustilago esculenta,初生,Newborn,存在症状,ManifestAs
3772,慈姑黑粉病,Ustilago esculenta,黄色至橙黄色大小不等略隆起的疱斑,Yellow to orange-yellow slightly raised blister spots of varying sizes,存在症状,ManifestAs
3773,慈姑黑粉病,Ustilago esculenta,疱斑枯黄破裂,Blisters turn yellow and crack,存在症状,ManifestAs
3774,慈姑黑粉病,Ustilago esculenta,病叶畸形扭曲,Distorted and distorted leaves,存在症状,ManifestAs
3775,慈姑黑粉病,Ustilago esculenta,叶柄生球状肿瘤,Petiole spherical tumor,存在症状,ManifestAs
3776,慈姑黑粉病,Ustilago esculenta,黑色条斑,Black streaks,存在症状,ManifestAs
3777,慈姑黑粉病,Ustilago esculenta,子房变黑褐色,Ovary turns dark brown,存在症状,ManifestAs
3778,慈姑黑粉病,Ustilago esculenta,茎皮开裂,Cracked stem bark,存在症状,ManifestAs
3779,慈姑斑纹病,Xanthomonas campestris,叶片病斑不正形或多角形,Leaf spots are irregular or polygonal,存在症状,ManifestAs
3780,慈姑斑纹病,Xanthomonas campestris,黄褐色至灰褐色,Yellowish brown to grayish brown,存在症状,ManifestAs
3781,慈姑斑纹病,Xanthomonas campestris,稍呈轮纹状,Slightly wheel-shaped,存在症状,ManifestAs
3782,慈姑斑纹病,Xanthomonas campestris,黄绿色晕带,Yellow-green halo,存在症状,ManifestAs
3783,慈姑斑纹病,Xanthomonas campestris,叶片变黄干枯,Leaves turn yellow and dry,存在症状,ManifestAs
3784,慈姑斑纹病,Xanthomonas campestris,叶柄生短线状褐斑,Short brown spots on petiole,存在症状,ManifestAs
3785,慈姑褐斑病,Cercospora sagittariae,叶片病斑近圆形,Leaf spots are nearly circular,存在症状,ManifestAs
3786,慈姑褐斑病,Cercospora sagittariae,深褐色,Dark Brown,存在症状,ManifestAs
3787,慈姑褐斑病,Cercospora sagittariae,叶片变黄干枯,Leaves turn yellow and dry,存在症状,ManifestAs
3788,慈姑褐斑病,Cercospora sagittariae,叶柄病斑近梭形,Petiole lesions are nearly spindle-shaped,存在症状,ManifestAs
3789,慈姑褐斑病,Cercospora sagittariae,叶柄倒折,Petiole folded back,存在症状,ManifestAs
3790,慈姑褐斑病,Cercospora sagittariae,白色薄霉层,White thin mold layer,存在症状,ManifestAs
3791,慈姑钻心虫,Caloptilia alchimiella,叶柄折断,Broken petiole,存在症状,ManifestAs
3792,荸荠杆枯病,Pseudomonas cannabina,暗绿色水渍状病斑,Dark green water-soaked spots,存在症状,ManifestAs
3793,荸荠杆枯病,Pseudomonas cannabina,绿豆大小的灰黑色病斑,Gray-black spots the size of mung beans,存在症状,ManifestAs
3794,荸荠杆枯病,Pseudomonas cannabina,椭圆形或不规则形,Oval or irregular shape,存在症状,ManifestAs
3795,荸荠杆枯病,Pseudomonas cannabina,灰色霉层,Gray mold layer,存在症状,ManifestAs
3796,荸荠杆枯病,Pseudomonas cannabina,枯黄色的长条形大斑,Large yellowish stripes,存在症状,ManifestAs
3797,荸荠球茎灰霉病,Botrytis cinerea,鼠灰色霉层,Mouse gray mold layer,存在症状,ManifestAs
3798,荸荠枯萎病,Fusarium oxysporum,荸荠烂芽,Water chestnut buds,存在症状,ManifestAs
3799,荸荠枯萎病,Fusarium oxysporum,球茎腐烂,Bulb rot,存在症状,ManifestAs
3800,荸荠枯萎病,Fusarium oxysporum,植株生长衰弱,Weak plant growth,存在症状,ManifestAs
3801,荸荠枯萎病,Fusarium oxysporum,似缺肥状,Like lack of fat,存在症状,ManifestAs
3802,荸荠枯萎病,Fusarium oxysporum,植株枯死或倒伏,Plants die or fall over,存在症状,ManifestAs
3803,荸荠枯萎病,Fusarium oxysporum,粉红色粘稠物,Pink sticky substance,存在症状,ManifestAs
3804,荸荠茎腐病,Fusarium solani,暗色不规则病斑,Dark irregular spots,存在症状,ManifestAs
3805,荸荠茎腐病,Fusarium solani,暗色稀疏霉层,Dark sparse mold layer,存在症状,ManifestAs
3806,荸荠白禾螟,Scirpophaga excerptalis,茎尖部褪绿枯萎,The stem tip becomes chlorotic and withered,存在症状,ManifestAs
3807,荸荠白禾螟,Scirpophaga excerptalis,茎杆变褐腐烂,The stems turn brown and rot,存在症状,ManifestAs
3808,黄色白禾螟,Scirpophaga incertulas,桔黄色枯死,Orange dead,存在症状,ManifestAs
3809,蘑菇褐腐病,Mycena citricolor,白色绒毛状菌丝团,White fluffy mycelium,存在症状,ManifestAs
3810,蘑菇褐腐病,Mycena citricolor,类似马勃,Similar to puffball,存在症状,ManifestAs
3811,蘑菇褐腐病,Mycena citricolor,渗出褐色液体,Brown liquid seeping,存在症状,ManifestAs
3812,蘑菇褐腐病,Mycena citricolor,绒毛状菌丝团,Fluffy hyphae,存在症状,ManifestAs
3813,蘑菇褐腐病,Mycena citricolor,蘑菇畸形,Mushroom deformity,存在症状,ManifestAs
3814,蘑菇褐腐病,Mycena citricolor,恶臭气味,Foul odor,存在症状,ManifestAs
3815,蘑菇褐斑病,Mycosphaerella arcuata,菌柄加粗变褐,The stipe becomes thicker and browner,存在症状,ManifestAs
3816,蘑菇褐斑病,Mycosphaerella arcuata,病菇干燥变褐,Diseased mushrooms dry and turn brown,存在症状,ManifestAs
3817,蘑菇褐斑病,Mycosphaerella arcuata,丘疹状小凸起,Small papule-like bumps,存在症状,ManifestAs
3818,蘑菇褐斑病,Mycosphaerella arcuata,浅褐色近圆形病斑,Light brown nearly circular spots,存在症状,ManifestAs
3819,蘑菇褐斑病,Mycosphaerella arcuata,灰白色霉状物,Grayish white mold,存在症状,ManifestAs
3820,蘑菇褐斑病,Mycosphaerella arcuata,呈黄褐色皮革状,Yellowish brown leather,存在症状,ManifestAs
3821,蘑菇猝倒病,Pythium ultimum,色泽淡,Light color,存在症状,ManifestAs
3822,蘑菇猝倒病,Pythium ultimum,致菌柄髓部干,Pith of stipe,存在症状,ManifestAs
3823,蘑菇猝倒病,Pythium ultimum,都呈黄褐色萎,All yellowish brown withered,存在症状,ManifestAs
3824,蘑菇猝倒病,Pythium ultimum,白色菌丝,White mycelium,存在症状,ManifestAs
3825,佛手瓜蔓枯病,Didymella bryoniae,点状褐色小斑点,Small brown spots,存在症状,ManifestAs
3826,佛手瓜蔓枯病,Didymella bryoniae,近圆形病斑,Nearly circular lesions,存在症状,ManifestAs
3827,佛手瓜蔓枯病,Didymella bryoniae,灰褐色,Taupe,存在症状,ManifestAs
3828,佛手瓜蔓枯病,Didymella bryoniae,黑色小点,Black dots,存在症状,ManifestAs
3829,佛手瓜蔓枯病,Didymella bryoniae,病斑长圆形至不规则形,Lesions oblong to irregular,存在症状,ManifestAs
3830,佛手瓜蔓枯病,Didymella bryoniae,琥珀色胶状物,Amber jelly,存在症状,ManifestAs
3831,佛手瓜蔓枯病,Didymella bryoniae,果实发病不良,Poor fruit disease,存在症状,ManifestAs
3832,佛手瓜叶点病,Pseudoperonospora cubensis,褐色小斑点,Small brown spots,存在症状,ManifestAs
3833,佛手瓜叶点病,Pseudoperonospora cubensis,病斑近圆形至不规则形,The lesions are nearly round to irregular in shape,存在症状,ManifestAs
3834,佛手瓜叶点病,Pseudoperonospora cubensis,中央灰白色,Central off-white,存在症状,ManifestAs
3835,佛手瓜叶点病,Pseudoperonospora cubensis,边缘清晰,Clear edges,存在症状,ManifestAs
3836,苦瓜白斑病,Pseudocercospora momordicicola,褪绿变黄的圆形小斑点,Small round spots that fade to yellow,存在症状,ManifestAs
3837,苦瓜白斑病,Pseudocercospora momordicicola,近圆形或不规则形的病斑,Nearly circular or irregular lesions,存在症状,ManifestAs
3838,苦瓜白斑病,Pseudocercospora momordicicola,的灰褐色至褐色病,Gray to brown disease,存在症状,ManifestAs
3839,苦瓜白斑病,Pseudocercospora momordicicola,呈多角形或不规则状,Polygonal or irregular,存在症状,ManifestAs
3840,苦瓜白斑病,Pseudocercospora momordicicola,稀疏浅黑色的霉状物,Sparse light black mold,存在症状,ManifestAs
3841,苦瓜白粉病,Erysiphe cichoracearum,白色粉状小圆斑,White powdery small round spots,存在症状,ManifestAs
3842,苦瓜白粉病,Erysiphe cichoracearum,不规则的白粉状霉斑,Irregular white powdery mildew spots,存在症状,ManifestAs
3843,苦瓜白粉病,Erysiphe cichoracearum,叶片逐渐发黄,Leaves gradually turn yellow,存在症状,ManifestAs
3844,苦瓜白粉病,Erysiphe cichoracearum,黄褐色小粒点,Small yellow-brown dots,存在症状,ManifestAs
3845,苦瓜霜霉病,Pseudoperonospora cubensis,浅黄色小斑,Light yellow spots,存在症状,ManifestAs
3846,苦瓜霜霉病,Pseudoperonospora cubensis,呈不规则形,Irregular shape,存在症状,ManifestAs
3847,苦瓜霜霉病,Pseudoperonospora cubensis,白色霉状物,White mold,存在症状,ManifestAs
3848,苦瓜炭疽病,Colletotrichum gloeosporioides,褐色半圆形或圆形病斑,Brown semicircular or circular spots,存在症状,ManifestAs
3849,苦瓜炭疽病,Colletotrichum gloeosporioides,叶部病斑近圆形,Leaf spots are nearly circular,存在症状,ManifestAs
3850,苦瓜炭疽病,Colletotrichum gloeosporioides,边缘有黄色晕圈,Yellow halo around the edge,存在症状,ManifestAs
3851,苦瓜炭疽病,Colletotrichum gloeosporioides,呈不规则大病斑,Large irregular lesions,存在症状,ManifestAs
3852,苦瓜炭疽病,Colletotrichum gloeosporioides,粉红色黏稠物质,Pink sticky substance,存在症状,ManifestAs
3853,苦瓜炭疽病,Colletotrichum gloeosporioides,病斑灰白色至深褐色,Lesions are grayish white to dark brown,存在症状,ManifestAs
3854,苦瓜炭疽病,Colletotrichum gloeosporioides,粉红色小点,Pink dots,存在症状,ManifestAs
3855,苦瓜炭疽病,Colletotrichum gloeosporioides,病斑近圆形,Nearly circular lesions,存在症状,ManifestAs
3856,苦瓜炭疽病,Colletotrichum gloeosporioides,淡黄褐色,Light yellow brown,存在症状,ManifestAs
3857,苦瓜炭疽病,Colletotrichum gloeosporioides,淡粉红黏液溢出,Light pink mucus overflowing,存在症状,ManifestAs
3858,苦瓜炭疽病,Colletotrichum gloeosporioides,瓜条腐烂,Melon strips rot,存在症状,ManifestAs
3859,苦瓜叶枯病,Pseudoperonospora cubensis,圆形褐色的轮纹病斑,Round brown ring spots,存在症状,ManifestAs
3860,苦瓜叶枯病,Pseudoperonospora cubensis,叶片干枯,Dry leaves,存在症状,ManifestAs
3861,苦瓜斑点病,Pseudomonas syringae,近圆形褐色小斑,"Small, nearly circular brown spots",存在症状,ManifestAs
3862,苦瓜斑点病,Pseudomonas syringae,椭圆形至不定形,Oval to irregular,存在症状,ManifestAs
3863,苦瓜斑点病,Pseudomonas syringae,色转呈灰褐色至灰白色,Color turns to gray-brown to gray-white,存在症状,ManifestAs
3864,苦瓜疫病,Phytophthora capsici,呈水烫状萎凋下垂,Withering and drooping like water scalding,存在症状,ManifestAs
3865,苦瓜疫病,Phytophthora capsici,灰绿色不规则形大斑,Gray green irregular shaped spots,存在症状,ManifestAs
3866,苦瓜疫病,Phytophthora capsici,叶片腐烂或干枯,Leaf rot or dryness,存在症状,ManifestAs
3867,苦瓜疫病,Phytophthora capsici,病部凹陷呈水浸状,The affected area is sunken and water-soaked,存在症状,ManifestAs
3868,苦瓜疫病,Phytophthora capsici,白色霉层,White mold layer,存在症状,ManifestAs
3869,苦瓜疫病,Phytophthora capsici,呈水渍状灰绿至灰褐色坏死,Water-soaked gray-green to gray-brown necrosis,存在症状,ManifestAs
3870,苦瓜疫病,Phytophthora capsici,病斑不规则,Irregular lesions,存在症状,ManifestAs
3871,苦瓜枯萎病,Fusarium oxysporum,叶片发黄,Yellowing leaves,存在症状,ManifestAs
3872,苦瓜根腐病,Fusarium oxysporum,叶片中午萎蔫,Leaves wilt at noon,存在症状,ManifestAs
3873,苦瓜白绢病,Sclerotium rolfsii,全株枯萎,The whole plant withers,存在症状,ManifestAs
3874,苦瓜白绢病,Sclerotium rolfsii,白色菌,White fungus,存在症状,ManifestAs
3875,苦瓜白绢病,Sclerotium rolfsii,菜籽状茶褐色小核菌,Sclerotium rapeseedum,存在症状,ManifestAs
3876,苦瓜白绢病,Sclerotium rolfsii,患部变褐腐烂,The affected area turns brown and rots,存在症状,ManifestAs
3877,苦瓜白绢病,Sclerotium rolfsii,茶褐色菌核,Brown sclerotium,存在症状,ManifestAs
3878,苦瓜猝倒病,Pythium aphanidermatum,病部,Diseased part,存在症状,ManifestAs
3879,苦瓜猝倒病,Pythium aphanidermatum,呈水渍状凹陷,Water-soaked depression,存在症状,ManifestAs
3880,苦瓜猝倒病,Pythium aphanidermatum,白色絮状菌丝体,White flocculent mycelium,存在症状,ManifestAs
3881,苦瓜菌核病,Sclerotinia sclerotiorum,呈水浸状,Water-soaked,存在症状,ManifestAs
3882,苦瓜菌核病,Sclerotinia sclerotiorum,白色菌丝,White mycelium,存在症状,ManifestAs
3883,苦瓜菌核病,Sclerotinia sclerotiorum,褐色水浸状斑,Brown water-soaked spots,存在症状,ManifestAs
3884,苦瓜根结线虫病,Meloidogyne incognita,球形或不规则形瘤状物,Spherical or irregular nodules,存在症状,ManifestAs
3885,苦瓜根结线虫病,Meloidogyne incognita,呈褐色或暗褐色,Brown or dark brown,存在症状,ManifestAs
3886,苦瓜根结线虫病,Meloidogyne incognita,叶片由下向上变黄,Leaves turn yellow from bottom to top,存在症状,ManifestAs
3887,苦瓜灰斑病,Cercospora citrullina,褪绿的小斑点,Small spots of chlorosis,存在症状,ManifestAs
3888,苦瓜灰斑病,Cercospora citrullina,褐色坏死斑,Brown necrotic spots,存在症状,ManifestAs
3889,苦瓜蔓枯病,Mycosphaerella melonis,茎蔓病部表皮黑腐,Black rot on the stem and vine,存在症状,ManifestAs
3890,苦瓜蔓枯病,Mycosphaerella melonis,褐色凹陷斑,Brown sunken spots,存在症状,ManifestAs
3891,苦瓜蔓枯病,Mycosphaerella melonis,病斑褐色斑,Brown spots,存在症状,ManifestAs
3892,苦瓜蔓枯病,Mycosphaerella melonis,琥珀色胶状物,Amber jelly,存在症状,ManifestAs
3893,苦瓜蔓枯病,Mycosphaerella melonis,病斑圆形或近圆形,Lesions are round or nearly round,存在症状,ManifestAs
3894,苦瓜蔓枯病,Mycosphaerella melonis,水渍状斑,Water-soaked spots,存在症状,ManifestAs
3895,苦瓜立枯病,Rhizoctonia solani,椭圆形或不整形暗褐色病斑,Oval or irregular dark brown spots,存在症状,ManifestAs
3896,苦瓜立枯病,Rhizoctonia solani,茎部萎缩干枯,The stem shrinks and dries up,存在症状,ManifestAs
3897,苦瓜立枯病,Rhizoctonia solani,皮层变褐色或腐烂,The skin turns brown or rots,存在症状,ManifestAs
3898,苦瓜立枯病,Rhizoctonia solani,淡褐色蛛丝状霉,Light brown spider mold,存在症状,ManifestAs
3899,苦瓜细菌性角斑病,Pseudomonas syringae,透明状的小斑点,Transparent small spots,存在症状,ManifestAs
3900,苦瓜细菌性角斑病,Pseudomonas syringae,具黄色晕圈的灰褐色斑,Gray-brown spots with yellow halos,存在症状,ManifestAs
3901,苦瓜细菌性角斑病,Pseudomonas syringae,中央变褐或呈灰白色穿孔破裂,The center is brown or grayish white with holes and cracks,存在症状,ManifestAs
3902,苦瓜细菌性角斑病,Pseudomonas syringae,乳白色细菌溢脓,Milky white bacterial pus discharge,存在症状,ManifestAs
3903,苦瓜细菌性角斑病,Pseudomonas syringae,白色菌脓,White pus,存在症状,ManifestAs
3904,苦瓜病毒病,Cucumber mosaic virus,叶片变小,The leaves become smaller,存在症状,ManifestAs
3905,苦瓜病毒病,Cucumber mosaic virus,节间缩短,Shortened internodes,存在症状,ManifestAs
3906,苦瓜病毒病,Cucumber mosaic virus,植株明显矮化,The plant is obviously dwarfed,存在症状,ManifestAs
3907,苦瓜病毒病,Cucumber mosaic virus,叶片皱缩,Leaf shrinkage,存在症状,ManifestAs
3908,苦瓜病毒病,Cucumber mosaic virus,叶色浓淡不均,Uneven leaf color,存在症状,ManifestAs
3909,苦瓜病毒病,Cucumber mosaic virus,幼嫩蔓梢畸形,Deformed young shoots,存在症状,ManifestAs
3910,苦瓜病毒病,Cucumber mosaic virus,瓜小或扭曲,Small or twisted melon,存在症状,ManifestAs
3911,苦瓜根霉果腐病,Rhizopus stolonifer,浓密霉层,Dense mold layer,存在症状,ManifestAs
3912,苦瓜根霉果腐病,Rhizopus stolonifer,病果腐烂,Fruit rot,存在症状,ManifestAs
3913,菜豆红斑病,Xanthomonas campestris,病斑近圆形,Nearly circular lesions,存在症状,ManifestAs
3914,菜豆红斑病,Xanthomonas campestris,面密生灰色霉,Gray mold on the surface,存在症状,ManifestAs
3915,菜豆红斑病,Xanthomonas campestris,不规则形病斑,Irregular lesions,存在症状,ManifestAs
3916,菜豆红斑病,Xanthomonas campestris,病斑红褐色,Reddish brown lesions,存在症状,ManifestAs
3917,菜豆红斑病,Xanthomonas campestris,灰黑色霉层,Gray-black mold layer,存在症状,ManifestAs
3918,菜豆白绢病,Sclerotium rolfsii,辐射状,Radial,存在症状,ManifestAs
3919,菜豆白绢病,Sclerotium rolfsii,白色绢丝状菌丝体,White silky mycelium,存在症状,ManifestAs
3920,菜豆白绢病,Sclerotium rolfsii,菜籽状褐色菌核,Rapeseed brown sclerotium,存在症状,ManifestAs
3921,菜豆白绢病,Sclerotium rolfsii,豆荚湿腐,Pod wet rot,存在症状,ManifestAs
3922,菜豆白绢病,Sclerotium rolfsii,皮层变褐腐烂,The cortex turns brown and rots,存在症状,ManifestAs
3923,菜豆白绢病,Sclerotium rolfsii,植株萎蔫死亡,Plants wilt and die,存在症状,ManifestAs
3924,菜豆炭腐病,Macrophomina phaseolina,根须全部腐烂或枯死,All roots rot or die,存在症状,ManifestAs
3925,菜豆炭腐病,Macrophomina phaseolina,褐色至灰褐色不规则形病斑,Brown to gray-brown irregular lesions,存在症状,ManifestAs
3926,菜豆炭腐病,Macrophomina phaseolina,黑色小点,Black dots,存在症状,ManifestAs
3927,菜豆炭腐病,Macrophomina phaseolina,豆荚干瘪,Shrunken pods,存在症状,ManifestAs
3928,菜豆茎基腐病,Fusarium solani,茎部呈水渍状,Water-soaked stems,存在症状,ManifestAs
3929,菜豆茎基腐病,Fusarium solani,幼苗萎蔫状或死亡,Seedlings wilt or die,存在症状,ManifestAs
3930,菜豆茎基腐病,Fusarium solani,溃疡病斑,Ulcer lesions,存在症状,ManifestAs
3931,菜豆茎基腐病,Fusarium solani,红褐色,Reddish brown,存在症状,ManifestAs
3932,菜豆灰霉病,Botrytis cinerea,子叶水渍状下垂,Cotyledons drooping like waterlogging,存在症状,ManifestAs
3933,菜豆灰霉病,Botrytis cinerea,白色霉层,White mold layer,存在症状,ManifestAs
3934,菜豆灰霉病,Botrytis cinerea,有轮纹斑,There are ring spots,存在症状,ManifestAs
3935,菜豆灰霉病,Botrytis cinerea,灰色霉层,Gray mold layer,存在症状,ManifestAs
3936,菜豆灰霉病,Botrytis cinerea,云纹斑,Moire,存在症状,ManifestAs
3937,菜豆灰霉病,Botrytis cinerea,病斑边缘深褐色,Dark brown edge of lesion,存在症状,ManifestAs
3938,菜豆灰霉病,Botrytis cinerea,中间淡棕色到浅黄色,Light brown to light yellow,存在症状,ManifestAs
3939,菜豆灰霉病,Botrytis cinerea,灰色毛霉层,Gray mold layer,存在症状,ManifestAs
3940,菜豆灰霉病,Botrytis cinerea,分枝呈水渍状凹陷,Branches are water-soaked and sunken,存在症状,ManifestAs
3941,菜豆灰霉病,Botrytis cinerea,病斑初淡褐至褐色后软腐,The lesions are initially light brown to brown and then turn soft and rotten.,存在症状,ManifestAs
3942,菜豆灰霉病,Botrytis cinerea,表面生灰霉,Gray mold on the surface,存在症状,ManifestAs
3943,菜豆轮纹病,Mycosphaerella cruenta,色为绿褐色至黄,Green-brown to yellow,存在症状,ManifestAs
3944,菜豆轮纹病,Mycosphaerella cruenta,生有明显,There is obvious,存在症状,ManifestAs
3945,菜豆轮纹病,Mycosphaerella cruenta,纹中央赤褐色至灰,Central reddish brown to gray,存在症状,ManifestAs
3946,菜豆轮纹病,Mycosphaerella cruenta,色边缘色,Color edge color,存在症状,ManifestAs
3947,菜豆锈病,Uromyces appendiculatus,黄绿色或灰白色小斑点,Yellow-green or grayish-white spots,存在症状,ManifestAs
3948,菜豆锈病,Uromyces appendiculatus,黄褐色小疱,Yellowish brown blisters,存在症状,ManifestAs
3949,菜豆锈病,Uromyces appendiculatus,表皮破裂,Epidermal rupture,存在症状,ManifestAs
3950,菜豆锈病,Uromyces appendiculatus,红色粉末,Red powder,存在症状,ManifestAs
3951,菜豆锈病,Uromyces appendiculatus,黄色小斑点,Small yellow spots,存在症状,ManifestAs
3952,菜豆锈病,Uromyces appendiculatus,橙红色斑点,Orange-red spots,存在症状,ManifestAs
3953,菜豆炭疽病,Colletotrichum lindemuthianum,红褐色近圆形病斑,Reddish brown nearly circular lesions,存在症状,ManifestAs
3954,菜豆炭疽病,Colletotrichum lindemuthianum,叶脉初呈红褐色,Leaf veins initially reddish brown,存在症状,ManifestAs
3955,菜豆炭疽病,Colletotrichum lindemuthianum,多角形网状斑,Polygonal reticular spots,存在症状,ManifestAs
3956,菜豆炭疽病,Colletotrichum lindemuthianum,呈褐锈色细条形斑,Brown rusty thin stripes,存在症状,ManifestAs
3957,菜豆炭疽病,Colletotrichum lindemuthianum,全叶萎蔫,Wilting of all leaves,存在症状,ManifestAs
3958,菜豆炭疽病,Colletotrichum lindemuthianum,条状锈色斑,Stripe rust spots,存在症状,ManifestAs
3959,菜豆炭疽病,Colletotrichum lindemuthianum,褐色小点,Brown dots,存在症状,ManifestAs
3960,菜豆炭疽病,Colletotrichum lindemuthianum,长圆形病斑,Oblong lesions,存在症状,ManifestAs
3961,菜豆炭疽病,Colletotrichum lindemuthianum,中心凹陷黑褐色,Dark brown with sunken center,存在症状,ManifestAs
3962,菜豆炭疽病,Colletotrichum lindemuthianum,边缘为粉红色,Pink edge,存在症状,ManifestAs
3963,菜豆炭疽病,Colletotrichum lindemuthianum,粉红色黏稠物,Pink sticky substance,存在症状,ManifestAs
3964,菜豆炭疽病,Colletotrichum lindemuthianum,黑褐色或红褐色,Dark brown or reddish brown,存在症状,ManifestAs
3965,菜豆炭疽病,Colletotrichum lindemuthianum,形状不规则,Irregular shape,存在症状,ManifestAs
3966,菜豆黑斑病,Cercospora kikuchii,圆形或近圆形,Round or nearly round,存在症状,ManifestAs
3967,菜豆黑斑病,Cercospora kikuchii,色微有同心,Color slightly has the same heart,存在症状,ManifestAs
3968,菜豆黑斑病,Cercospora kikuchii,生有细微的黑色霉点,There are fine black mold spots,存在症状,ManifestAs
3969,菜豆黑斑病,Cercospora kikuchii,褐色不规则形叶斑,Brown irregular leaf spots,存在症状,ManifestAs
3970,菜豆黑斑病,Cercospora kikuchii,微细黑色霉层,Fine black mold layer,存在症状,ManifestAs
3971,菜豆菌核病,Sclerotinia sclerotiorum,呈纤维状,Fibrous,存在症状,ManifestAs
3972,菜豆菌核病,Sclerotinia sclerotiorum,白色毛状物,White hairy substance,存在症状,ManifestAs
3973,菜豆菌核病,Sclerotinia sclerotiorum,鼠粪状黑色菌核,Rat droppings black sclerotium,存在症状,ManifestAs
3974,菜豆褐斑病,Cercospora kikuchii,圆形至不规则形,Round to irregular,存在症状,ManifestAs
3975,菜豆褐斑病,Cercospora kikuchii,绿褐色至黄褐色或锈褐色,Greenish brown to yellowish brown or rusty brown,存在症状,ManifestAs
3976,菜豆褐斑病,Cercospora kikuchii,上生有明,The birth of a bright,存在症状,ManifestAs
3977,菜豆褐斑病,Cercospora kikuchii,轮纹中央赤褐色至,Center of the ring pattern is reddish brown to,存在症状,ManifestAs
3978,菜豆根腐病,Fusarium solani,形状不规则,Irregular shape,存在症状,ManifestAs
3979,菜豆根腐病,Fusarium solani,红色条斑,Red stripes,存在症状,ManifestAs
3980,菜豆根腐病,Fusarium solani,病斑稍凹陷,The lesion is slightly sunken,存在症状,ManifestAs
3981,菜豆根腐病,Fusarium solani,叶片发黄,Yellowing leaves,存在症状,ManifestAs
3982,菜豆根腐病,Fusarium solani,边缘开枯萎,Edge withering,存在症状,ManifestAs
3983,菜豆根腐病,Fusarium solani,赤褐色长条形病斑,Reddish brown stripe lesions,存在症状,ManifestAs
3984,菜豆根腐病,Fusarium solani,渐呈暗褐色,Gradually dark brown,存在症状,ManifestAs
3985,菜豆根腐病,Fusarium solani,嫩叶先变褐,Young leaves turn brown first,存在症状,ManifestAs
3986,菜豆根腐病,Fusarium solani,植株矮化,Plant dwarfing,存在症状,ManifestAs
3987,菜豆根腐病,Fusarium solani,地上面茎叶枯萎,The stems and leaves above ground wither,存在症状,ManifestAs
3988,菜豆根腐病,Fusarium solani,植株枯死,Plant death,存在症状,ManifestAs
3989,菜豆根腐病,Fusarium solani,维管束呈红褐色,Vascular bundles are reddish brown,存在症状,ManifestAs
3990,菜豆枯萎病,Fusarium oxysporum,不规则形褪绿斑块,Irregular chlorotic patches,存在症状,ManifestAs
3991,菜豆枯萎病,Fusarium oxysporum,似开水烫伤状,Like scalding water,存在症状,ManifestAs
3992,菜豆枯萎病,Fusarium oxysporum,全叶失绿萎蔫,All leaves chlorosis and wilting,存在症状,ManifestAs
3993,菜豆枯萎病,Fusarium oxysporum,黄色至黄褐色,Yellow to brown,存在症状,ManifestAs
3994,菜豆枯萎病,Fusarium oxysporum,萎叶片变黄脱落,Withering leaves turn yellow and fall off,存在症状,ManifestAs
3995,菜豆枯萎病,Fusarium oxysporum,变色腐烂,Discoloration and decay,存在症状,ManifestAs
3996,菜豆枯萎病,Fusarium oxysporum,纵向裂纹,Longitudinal crack,存在症状,ManifestAs
3997,菜豆枯萎病,Fusarium oxysporum,维管束变褐色至暗褐色,Vascular bundles turn brown to dark brown,存在症状,ManifestAs
3998,菜豆枯萎病,Fusarium oxysporum,粉红色霉状物,Pink mold,存在症状,ManifestAs
3999,菜豆角斑病,Xanthomonas campestris,多角型病斑,Polygonal lesions,存在症状,ManifestAs
4000,菜豆角斑病,Xanthomonas campestris,淡褐色或灰色,Light brown or gray,存在症状,ManifestAs
4001,菜豆角斑病,Xanthomonas campestris,叶片黄化,Yellowing of leaves,存在症状,ManifestAs
4002,菜豆角斑病,Xanthomonas campestris,大型褐色斑点,Large brown spots,存在症状,ManifestAs
4003,菜豆角斑病,Xanthomonas campestris,暗色霉层,Dark mold layer,存在症状,ManifestAs
4004,菜豆细菌性疫病,Xanthomonas campestris,子叶呈红褐色溃疡状,The cotyledons are reddish brown and ulcerated,存在症状,ManifestAs
4005,菜豆细菌性疫病,Xanthomonas campestris,水浸状斑,Water-soaked spots,存在症状,ManifestAs
4006,菜豆细菌性疫病,Xanthomonas campestris,呈暗绿色油渍状小斑点,Dark green oily spots,存在症状,ManifestAs
4007,菜豆细菌性疫病,Xanthomonas campestris,不规则形,Irregular,存在症状,ManifestAs
4008,菜豆细菌性疫病,Xanthomonas campestris,病部干枯变褐,The diseased part dries up and turns brown,存在症状,ManifestAs
4009,菜豆细菌性疫病,Xanthomonas campestris,黄色晕圈,Yellow halo,存在症状,ManifestAs
4010,菜豆细菌性疫病,Xanthomonas campestris,淡黄色菌脓,Pale yellow pus,存在症状,ManifestAs
4011,菜豆细菌性疫病,Xanthomonas campestris,呈白色或黄白色菌膜,White or yellowish-white bacterial film,存在症状,ManifestAs
4012,菜豆细菌性疫病,Xanthomonas campestris,全叶枯凋,All leaves withered,存在症状,ManifestAs
4013,菜豆细菌性疫病,Xanthomonas campestris,病斑呈红褐色溃疡状条斑,The lesions are reddish brown ulcer-like streaks,存在症状,ManifestAs
4014,菜豆细菌性疫病,Xanthomonas campestris,中央稍凹陷,Slightly concave in the center,存在症状,ManifestAs
4015,菜豆细菌性疫病,Xanthomonas campestris,茎叶萎蔫枯死,The stems and leaves wilt and die,存在症状,ManifestAs
4016,菜豆细菌性疫病,Xanthomonas campestris,病斑呈圆形或不规则形,The lesions are round or irregular in shape,存在症状,ManifestAs
4017,菜豆细菌性疫病,Xanthomonas campestris,红褐色,Reddish brown,存在症状,ManifestAs
4018,菜豆细菌性疫病,Xanthomonas campestris,全荚皱缩,Whole pod shrunken,存在症状,ManifestAs
4019,菜豆细菌性疫病,Xanthomonas campestris,黄色或黑色凹陷小斑点,Small yellow or black sunken spots,存在症状,ManifestAs
4020,菜豆细菌性疫病,Xanthomonas campestris,淡黄色菌脓溢出,Pale yellow pus discharge,存在症状,ManifestAs
4021,菜豆细菌性晕疫病,Pseudomonas savastanoi,水渍状,Water stain,存在症状,ManifestAs
4022,菜豆细菌性晕疫病,Pseudomonas savastanoi,宽的黄色褪绿晕圈,Wide yellow chlorotic halo,存在症状,ManifestAs
4023,菜豆细菌性晕疫病,Pseudomonas savastanoi,叶脉坏死,Vein necrosis,存在症状,ManifestAs
4024,菜豆细菌性晕疫病,Pseudomonas savastanoi,环状剥皮或萎蔫,Ring peeling or wilting,存在症状,ManifestAs
4025,菜豆细菌性晕疫病,Pseudomonas savastanoi,奶黄色的斑块,Creamy yellow patches,存在症状,ManifestAs
4026,菜豆花叶病,Bean mosaic virus,叶脉退绿,Leaf veins turn green,存在症状,ManifestAs
4027,菜豆花叶病,Bean mosaic virus,叶片不均匀退绿,Uneven chlorosis of leaves,存在症状,ManifestAs
4028,菜豆花叶病,Bean mosaic virus,叶面凹凸不平,Uneven leaf surface,存在症状,ManifestAs
4029,菜豆花叶病,Bean mosaic virus,叶皱缩,Leaf Shrinkage,存在症状,ManifestAs
4030,菜豆花叶病,Bean mosaic virus,叶片边缘向下弯曲,The blade edges are curved downwards,存在症状,ManifestAs
4031,菜豆花叶病,Bean mosaic virus,叶片扭曲畸形,Distorted leaves,存在症状,ManifestAs
4032,菜豆花叶病,Bean mosaic virus,深绿色的斑点,Dark green spots,存在症状,ManifestAs
4033,菜豆花叶病,Bean mosaic virus,生长点坏死,Growth point necrosis,存在症状,ManifestAs
4034,菜豆花叶病,Bean mosaic virus,开花迟缓,Delayed flowering,存在症状,ManifestAs
4035,菜豆斑点病,Xanthomonas campestris,病斑圆形,Circular lesion,存在症状,ManifestAs
4036,菜豆斑点病,Xanthomonas campestris,褐色中部淡褐至,Brown middle light brown to,存在症状,ManifestAs
4037,菜豆白粉病,Erysiphe polygoni,近圆形粉状白霉,Nearly round powdery white mold,存在症状,ManifestAs
4038,菜豆白粉病,Erysiphe polygoni,粉状斑,Powdery spots,存在症状,ManifestAs
4039,菜豆白粉病,Erysiphe polygoni,叶片枯死或脱落,Leaves die or fall off,存在症状,ManifestAs
4040,菜豆白粉病,Erysiphe polygoni,茎十缩,Stem Ten,存在症状,ManifestAs
4041,菜豆白粉病,Erysiphe polygoni,荚也干缩变小,The pods also shrink and become smaller,存在症状,ManifestAs
4042,菜豆腐霉病,Rhizopus stolonifer,无色至暗褐色湿腐,Colorless to dark brown wet rot,存在症状,ManifestAs
4043,菜豆腐霉病,Rhizopus stolonifer,植株萎蔫或枯死,Plants wilt or die,存在症状,ManifestAs
4044,菜豆腐霉病,Rhizopus stolonifer,茎内中空呈管状,Hollow tubular stem,存在症状,ManifestAs
4045,菜豆污煤病,Capnodium sp.,灰黑色至炭黑色煤污菌菌落,Gray-black to charcoal-black sooty bacteria colonies,存在症状,ManifestAs
4046,菜豆根霉软腐病,Rhizopus stolonifer,水渍状褪绿斑,Water-soaked chlorotic spots,存在症状,ManifestAs
4047,菜豆根霉软腐病,Rhizopus stolonifer,褐色斑块,Brown patches,存在症状,ManifestAs
4048,菜豆根霉软腐病,Rhizopus stolonifer,茎成湿腐状,Stem wet rot,存在症状,ManifestAs
4049,菜豆根霉软腐病,Rhizopus stolonifer,灰色霉层,Gray mold layer,存在症状,ManifestAs
4050,菜豆链格孢黑斑病,Alternaria alternata,褐色不规则形叶斑,Brown irregular leaf spots,存在症状,ManifestAs
4051,菜豆链格孢黑斑病,Alternaria alternata,微细黑色霉层,Fine black mold layer,存在症状,ManifestAs
4052,菜豆细菌性叶斑病,Xanthomonas campestris,黄绿色水渍状小斑,Yellow-green water-stained spots,存在症状,ManifestAs
4053,菜豆细菌性叶斑病,Xanthomonas campestris,多角形至不规则黄色至浅褐色斑,Polygonal to irregular yellow to light brown spots,存在症状,ManifestAs
4054,菜豆细菌性叶斑病,Xanthomonas campestris,红褐色或黑褐色,Reddish brown or dark brown,存在症状,ManifestAs
4055,菜豆细菌性叶斑病,Xanthomonas campestris,明显黄色晕环,Obvious yellow halo,存在症状,ManifestAs
4056,菜豆细菌性叶斑病,Xanthomonas campestris,枯死大斑块,Large dead patches,存在症状,ManifestAs
4057,菜豆细菌性叶斑病,Xanthomonas campestris,病斑长条形,Long strip lesion,存在症状,ManifestAs
4058,菜豆细菌性叶斑病,Xanthomonas campestris,初水渍状,Initial water stain,存在症状,ManifestAs
4059,菜豆细菌性叶斑病,Xanthomonas campestris,红褐色至黑褐色不正形,Reddish brown to dark brown irregular,存在症状,ManifestAs
4060,菜豆细菌性叶斑病,Xanthomonas campestris,病斑不规则形,Irregular lesion shape,存在症状,ManifestAs
4061,菜豆细菌性叶斑病,Xanthomonas campestris,白色细菌黏液,White bacterial slime,存在症状,ManifestAs
4062,菜豆细菌性叶斑病,Xanthomonas campestris,灰色或褐色薄膜,Gray or brown film,存在症状,ManifestAs
4063,盗毒蛾,Porthesia similis,大缺刻,Big Notch,存在症状,ManifestAs
4064,盗毒蛾,Porthesia similis,仅剩叶脉,Only leaf veins left,存在症状,ManifestAs
4065,盗毒蛾,Porthesia similis,冬芽枯凋,Winter buds wither,存在症状,ManifestAs
4066,稀点雪灯蛾,Operophtera brumata,缺刻或孔洞,Notches or holes,存在症状,ManifestAs
4067,稀点雪灯蛾,Operophtera brumata,仅留叶脉,Only the veins remain,存在症状,ManifestAs
4068,稀点雪灯蛾,Operophtera brumata,缺苗断垄,Missing seedlings and broken ridges,存在症状,ManifestAs
4069,白雪灯蛾,Chionarctia nivea,缺刻或孔洞,Notches or holes,存在症状,ManifestAs
4070,双斑萤叶甲,Monolepta hieroglyphica,缺刻或孔洞,Notches or holes,存在症状,ManifestAs
4071,斑鞘豆叶甲,Colposcelis succincta,叶片呈现缺刻,Leaves are notched,存在症状,ManifestAs
4072,豆叶螨,Tetranychus urticae,叶片干枯成火烧状,Leaves dry and burnt,存在症状,ManifestAs
4073,截形叶螨,Tetranychus truncatus,叶片呈灰白色或枯黄色细斑,Leaves are grayish white or yellowish with fine spots,存在症状,ManifestAs
4074,截形叶螨,Tetranychus truncatus,叶片干枯脱落,Leaves dry and fall off,存在症状,ManifestAs
4075,豇豆疫病,Phytophthora drechsleri,水渍状缢缩变细,Water-soaked constriction,存在症状,ManifestAs
4076,豇豆疫病,Phytophthora drechsleri,呈猝倒状死亡,Death by sudden collapse,存在症状,ManifestAs
4077,豇豆疫病,Phytophthora drechsleri,初暗绿色水渍状,Initial dark green water stain,存在症状,ManifestAs
4078,豇豆疫病,Phytophthora drechsleri,缢缩变细,Constriction,存在症状,ManifestAs
4079,豇豆疫病,Phytophthora drechsleri,褐色或红褐色,Brown or reddish brown,存在症状,ManifestAs
4080,豇豆疫病,Phytophthora drechsleri,白霉或黑霉,White or black mold,存在症状,ManifestAs
4081,豇豆疫病,Phytophthora drechsleri,不规则灰绿色坏死斑,Irregular gray-green necrotic spots,存在症状,ManifestAs
4082,豇豆疫病,Phytophthora drechsleri,病斑中间灰褐色,The middle of the lesion is gray-brown,存在症状,ManifestAs
4083,豇豆疫病,Phytophthora drechsleri,皱缩不平整,Wrinkled and uneven,存在症状,ManifestAs
4084,豇豆疫病,Phytophthora drechsleri,叶脉变细,Leaf veins become thinner,存在症状,ManifestAs
4085,豇豆疫病,Phytophthora drechsleri,黄绿色萎垂,Yellow green drooping,存在症状,ManifestAs
4086,豇豆疫病,Phytophthora drechsleri,暗绿色水渍状斑,Dark green water stains,存在症状,ManifestAs
4087,豇豆疫病,Phytophthora drechsleri,稀疏白霉,White mold,存在症状,ManifestAs
4088,豇豆煤霉病,Cercospora canescens,不明显的近圆形黄绿色斑,Inconspicuous nearly circular yellow-green spots,存在症状,ManifestAs
4089,豇豆煤霉病,Cercospora canescens,紫褐色或紫红色小点,Purple-brown or purple-red spots,存在症状,ManifestAs
4090,豇豆煤霉病,Cercospora canescens,而呈不整形的紫褐色或褐色病,It is an irregular purple-brown or brown disease,存在症状,ManifestAs
4091,豇豆煤霉病,Cercospora canescens,暗灰色或灰黑色煤烟状霉,Dark grey or grey-black sooty mould,存在症状,ManifestAs
4092,豇豆煤霉病,Cercospora canescens,不定形较大斑块,Large amorphous plaques,存在症状,ManifestAs
4093,豇豆煤霉病,Cercospora canescens,病叶曲屈,Diseased leaf curl,存在症状,ManifestAs
4094,豇豆煤霉病,Cercospora canescens,干枯早落,Dry and fall early,存在症状,ManifestAs
4095,豇豆枯萎病,Fusarium oxysporum,不规则水渍状病斑,Irregular water-soaked spots,存在症状,ManifestAs
4096,豇豆枯萎病,Fusarium oxysporum,叶片变黄枯死,Leaves turn yellow and die,存在症状,ManifestAs
4097,豇豆枯萎病,Fusarium oxysporum,维管束组织变褐,Browning of vascular tissue,存在症状,ManifestAs
4098,豇豆枯萎病,Fusarium oxysporum,外部变黑褐色,External dark brown,存在症状,ManifestAs
4099,豇豆枯萎病,Fusarium oxysporum,根部腐烂,Root rot,存在症状,ManifestAs
4100,豇豆枯萎病,Fusarium oxysporum,粉红色霉层,Pink mildew layer,存在症状,ManifestAs
4101,豇豆锈病,Uromyces vignae,病斑黄绿色,Lesions yellow-green,存在症状,ManifestAs
4102,豇豆锈病,Uromyces vignae,褐色的圆形病斑,Brown circular spots,存在症状,ManifestAs
4103,豇豆锈病,Uromyces vignae,病斑有褐色至黑褐色的,The lesions are brown to dark brown,存在症状,ManifestAs
4104,豇豆锈病,Uromyces vignae,黄白至淡黄褐色的粗绒状霉,Yellowish white to light yellowish brown coarse velvety mold,存在症状,ManifestAs
4105,豇豆锈病,Uromyces vignae,白色小疱斑,White small blisters,存在症状,ManifestAs
4106,豇豆锈病,Uromyces vignae,红褐色粉状的夏孢子,Reddish brown powdery summer spores,存在症状,ManifestAs
4107,豇豆锈病,Uromyces vignae,浅褐色具深褐边缘的枯斑,Light brown spots with dark brown edges,存在症状,ManifestAs
4108,豇豆锈病,Uromyces vignae,枯斑圆形或近圆形,The spots are round or nearly round,存在症状,ManifestAs
4109,豇豆锈病,Uromyces vignae,初青枯色失水状,Initial green withered color and dehydration,存在症状,ManifestAs
4110,豇豆锈病,Uromyces vignae,梭形或近梭形条状,Fusiform or nearly fusiform strips,存在症状,ManifestAs
4111,豇豆锈病,Uromyces vignae,水渍感,Water stains,存在症状,ManifestAs
4112,豇豆锈病,Uromyces vignae,褐色至黑褐色小粒点,Brown to dark brown small spots,存在症状,ManifestAs
4113,豇豆锈病,Uromyces vignae,近圆形或短条状,Nearly round or short strip,存在症状,ManifestAs
4114,豇豆锈病,Uromyces vignae,栗褐色粉状的冬孢子,Chestnut brown powdery teliospores,存在症状,ManifestAs
4115,豇豆白粉病,Erysiphe polygoni,灰白色至紫褐色,Off-white to purple-brown,存在症状,ManifestAs
4116,豇豆白粉病,Erysiphe polygoni,叶片枯黄脱落,Leaves turn yellow and fall off,存在症状,ManifestAs
4117,豇豆白绢病,Sclerotium rolfsii,辐射状,Radial,存在症状,ManifestAs
4118,豇豆白绢病,Sclerotium rolfsii,白色绢丝状菌丝体,White silky mycelium,存在症状,ManifestAs
4119,豇豆白绢病,Sclerotium rolfsii,菜籽状褐色菌核,Rapeseed brown sclerotium,存在症状,ManifestAs
4120,豇豆白绢病,Sclerotium rolfsii,豆荚湿腐,Pod wet rot,存在症状,ManifestAs
4121,豇豆白绢病,Sclerotium rolfsii,皮层变褐腐烂,The cortex turns brown and rots,存在症状,ManifestAs
4122,豇豆白绢病,Sclerotium rolfsii,植株萎蔫死亡,Plants wilt and die,存在症状,ManifestAs
4123,豇豆基腐病,Fusarium oxysporum,椭圆形红褐色病斑,Oval reddish brown spots,存在症状,ManifestAs
4124,豇豆基腐病,Fusarium oxysporum,长条状红褐色凹陷斑,Long reddish brown sunken spots,存在症状,ManifestAs
4125,豇豆基腐病,Fusarium oxysporum,病部干缩或龟裂,The diseased part shrinks or cracks,存在症状,ManifestAs
4126,豇豆根腐病,Fusarium oxysporum,叶片变黄,Yellowing of leaves,存在症状,ManifestAs
4127,豇豆根腐病,Fusarium oxysporum,点状病斑,Spot-like lesions,存在症状,ManifestAs
4128,豇豆根腐病,Fusarium oxysporum,根系腐烂或坏死,Root rot or necrosis,存在症状,ManifestAs
4129,豇豆根腐病,Fusarium oxysporum,维管束呈红褐色,Vascular bundles are reddish brown,存在症状,ManifestAs
4130,豇豆根腐病,Fusarium oxysporum,茎叶萎蔫枯死,The stems and leaves wilt and die,存在症状,ManifestAs
4131,豇豆根腐病,Fusarium oxysporum,粉红色霉状物,Pink mold,存在症状,ManifestAs
4132,豇豆灰霉病,Botrytis cinerea,病斑深褐色,Dark brown spots,存在症状,ManifestAs
4133,豇豆灰霉病,Botrytis cinerea,中部淡棕色或浅黄色,Light brown or light yellow in the middle,存在症状,ManifestAs
4134,豇豆灰霉病,Botrytis cinerea,灰色霉层,Gray mold layer,存在症状,ManifestAs
4135,豇豆灰霉病,Botrytis cinerea,凹陷水浸斑,Depressed water-soaked spots,存在症状,ManifestAs
4136,豇豆灰霉病,Botrytis cinerea,子叶呈水浸状变软下垂,"The cotyledons become waterlogged, soft and drooping",存在症状,ManifestAs
4137,豇豆灰霉病,Botrytis cinerea,白灰色霉层,White-grey mold layer,存在症状,ManifestAs
4138,豇豆灰霉病,Botrytis cinerea,病斑初淡褐至褐色后软腐,The lesions are initially light brown to brown and then turn soft and rotten.,存在症状,ManifestAs
4139,豇豆褐斑病,Cercospora canescens,病斑不定形,Irregular lesions,存在症状,ManifestAs
4140,豇豆褐斑病,Cercospora canescens,中间为褐色,Brown in the middle,存在症状,ManifestAs
4141,豇豆褐斑病,Cercospora canescens,边缘红褐色,Reddish brown edge,存在症状,ManifestAs
4142,豇豆褐斑病,Cercospora canescens,病斑灰褐色至灰白色,Lesions are gray-brown to gray-white,存在症状,ManifestAs
4143,豇豆褐斑病,Cercospora canescens,暗灰色至灰黑色霉状物,Dark grey to grey-black mold,存在症状,ManifestAs
4144,豇豆红斑病,Xanthomonas campestris,紫红色,Purple,存在症状,ManifestAs
4145,豇豆红斑病,Xanthomonas campestris,多角形划不规则形,Polygonal irregular shape,存在症状,ManifestAs
4146,豇豆菌核病,Sclerotinia sclerotiorum,全株枯萎,The whole plant withers,存在症状,ManifestAs
4147,豇豆菌核病,Sclerotinia sclerotiorum,鼠粪状菌核,Sclerotium,存在症状,ManifestAs
4148,豇豆斑枯病,Mycosphaerella cruenta,后期病斑中部灰,The middle part of the lesion is gray in the late stage,存在症状,ManifestAs
4149,豇豆斑枯病,Mycosphaerella cruenta,引起叶片早枯,Causes premature leaf withering,存在症状,ManifestAs
4150,豇豆斑枯病,Mycosphaerella cruenta,针尖状小黑点,Pinpoint black spots,存在症状,ManifestAs
4151,豇豆立枯病,Rhizoctonia solani,椭圆形红褐色病斑,Oval reddish brown spots,存在症状,ManifestAs
4152,豇豆立枯病,Rhizoctonia solani,长条状红褐色凹陷斑,Long reddish brown sunken spots,存在症状,ManifestAs
4153,豇豆立枯病,Rhizoctonia solani,病部干缩或龟裂,The diseased part shrinks or cracks,存在症状,ManifestAs
4154,豇豆根结线虫病,Meloidogyne incognita,植株矮小,Short plant,存在症状,ManifestAs
4155,豇豆细菌性疫病,Xanthomonas campestris,暗绿色,Dark green,存在症状,ManifestAs
4156,豇豆细菌性疫病,Xanthomonas campestris,水渍状,Water stain,存在症状,ManifestAs
4157,豇豆细菌性疫病,Xanthomonas campestris,呈不规则形,Irregular shape,存在症状,ManifestAs
4158,豇豆细菌性疫病,Xanthomonas campestris,边缘有黄晕,Yellow halo on the edge,存在症状,ManifestAs
4159,豇豆细菌性疫病,Xanthomonas campestris,薄而透明,Thin and transparent,存在症状,ManifestAs
4160,豇豆细菌性疫病,Xanthomonas campestris,叶片干枯如火烧状,Leaves dry and burnt,存在症状,ManifestAs
4161,豇豆细菌性疫病,Xanthomonas campestris,病斑水渍状,Water-soaked lesions,存在症状,ManifestAs
4162,豇豆细菌性疫病,Xanthomonas campestris,条形病斑,Stripe lesions,存在症状,ManifestAs
4163,豇豆细菌性疫病,Xanthomonas campestris,病斑近圆形,Nearly circular lesions,存在症状,ManifestAs
4164,豇豆细菌性疫病,Xanthomonas campestris,褐红色,Maroon,存在症状,ManifestAs
4165,豇豆细菌性疫病,Xanthomonas campestris,病斑黄褐色,Lesions yellow-brown,存在症状,ManifestAs
4166,豇豆细菌性疫病,Xanthomonas campestris,黄色菌脓溢出,Yellow pus discharge,存在症状,ManifestAs
4167,豇豆炭疽病,Colletotrichum truncatum,短条状或梭形斑,Short stripes or spindle-shaped spots,存在症状,ManifestAs
4168,豇豆炭疽病,Colletotrichum truncatum,褐色至红褐色,Brown to reddish brown,存在症状,ManifestAs
4169,豇豆炭疽病,Colletotrichum truncatum,淡红褐色小点,Light reddish brown dots,存在症状,ManifestAs
4170,豇豆炭疽病,Colletotrichum truncatum,圆形至不定形病斑,Round to irregular lesions,存在症状,ManifestAs
4171,豇豆炭疽病,Colletotrichum truncatum,边缘褐色,Edge brown,存在症状,ManifestAs
4172,豇豆炭疽病,Colletotrichum truncatum,中部淡褐色,Middle light brown,存在症状,ManifestAs
4173,豇豆炭疽病,Colletotrichum truncatum,具黄色晕圈,With yellow halo,存在症状,ManifestAs
4174,豇豆炭疽病,Colletotrichum truncatum,不明显云纹,Not obvious moiré,存在症状,ManifestAs
4175,豇豆炭疽病,Colletotrichum truncatum,呈倒“V”字形大斑,Inverted "V" shaped large spots,存在症状,ManifestAs
4176,豇豆炭疽病,Colletotrichum truncatum,淡黑色小颗粒,Light black small particles,存在症状,ManifestAs
4177,豇豆炭疽病,Colletotrichum truncatum,朱红色小点病征,Vermilion dot symptoms,存在症状,ManifestAs
4178,豇豆炭疽病,Colletotrichum truncatum,梭形或长条形病斑,Fusiform or long strip lesions,存在症状,ManifestAs
4179,豇豆轮纹病,Mycosphaerella cruenta,病斑深紫色,Dark purple spots,存在症状,ManifestAs
4180,豇豆轮纹病,Mycosphaerella cruenta,近圆形褐色斑,Nearly circular brown spots,存在症状,ManifestAs
4181,豇豆轮纹病,Mycosphaerella cruenta,有同心轮纹,Concentric wheel pattern,存在症状,ManifestAs
4182,豇豆轮纹病,Mycosphaerella cruenta,稀疏暗色霉状物,Sparse dark mold,存在症状,ManifestAs
4183,豇豆轮纹病,Mycosphaerella cruenta,病斑条状,Stripe-like lesions,存在症状,ManifestAs
4184,豇豆轮纹病,Mycosphaerella cruenta,浓褐色,Dark brown,存在症状,ManifestAs
4185,豇豆轮纹病,Mycosphaerella cruenta,病斑紫褐色,Purple-brown lesions,存在症状,ManifestAs
4186,豇豆角斑病,Pseudomonas syringae,多角形灰色斑,Polygonal gray spots,存在症状,ManifestAs
4187,豇豆角斑病,Pseudomonas syringae,变为灰褐色至紫,Turns to gray-brown to purple,存在症状,ManifestAs
4188,豇豆角斑病,Pseudomonas syringae,丛生灰紫色霉层,Gray purple mold layer,存在症状,ManifestAs
4189,豇豆角斑病,Pseudomonas syringae,病斑灰褐色至紫褐色,Lesions are gray-brown to purple-brown,存在症状,ManifestAs
4190,豇豆角斑病,Pseudomonas syringae,霉状物,Mold,存在症状,ManifestAs
4191,豇豆茎枯病,Phomopsis vexans,幼苗茎基部变褐,The base of the seedling stem turns brown,存在症状,ManifestAs
4192,豇豆茎枯病,Phomopsis vexans,萎蔫或枯死,Wilting or dying,存在症状,ManifestAs
4193,豇豆茎枯病,Phomopsis vexans,病斑梭形点状,Spindle-shaped spots,存在症状,ManifestAs
4194,豇豆茎枯病,Phomopsis vexans,黑褐色,Dark brown,存在症状,ManifestAs
4195,豇豆茎枯病,Phomopsis vexans,中央灰色的病斑,Central gray spot,存在症状,ManifestAs
4196,豇豆茎枯病,Phomopsis vexans,不规则形的黑斑,Irregular black spots,存在症状,ManifestAs
4197,豇豆茎枯病,Phomopsis vexans,叶片变黄,Yellowing of leaves,存在症状,ManifestAs
4198,豇豆茎枯病,Phomopsis vexans,枝叶枯死,Dead branches and leaves,存在症状,ManifestAs
4199,豇豆茎枯病,Phomopsis vexans,豆角干瘪,Beans are shriveled,存在症状,ManifestAs
4200,豇豆灰斑病,Cercospora canescens,黄色至黄褐色,Yellow to brown,存在症状,ManifestAs
4201,豇豆灰斑病,Cercospora canescens,褐色至紫褐色轮纹斑,Brown to purple-brown ring spots,存在症状,ManifestAs
4202,豇豆病毒病,Cowpea aphid-borne mosaic virus,褪绿或畸形,Chlorotic or deformed,存在症状,ManifestAs
4203,豇豆病毒病,Cowpea aphid-borne mosaic virus,褐色凹陷条斑,Brown sunken stripes,存在症状,ManifestAs
4204,豇豆病毒病,Cowpea aphid-borne mosaic virus,叶肉或叶脉坏死,Leaf flesh or vein necrosis,存在症状,ManifestAs
4205,豇豆病毒病,Cowpea aphid-borne mosaic virus,花器变形,Flower pot deformation,存在症状,ManifestAs
4206,豇豆病毒病,Cowpea aphid-borne mosaic virus,黄绿花斑,Yellow-green spotted,存在症状,ManifestAs
4207,豇豆类菌原体丛枝病,Phytoplasma cynodontis,病株矮化,Diseased plants dwarf,存在症状,ManifestAs
4208,豇豆类菌原体丛枝病,Phytoplasma cynodontis,叶变小,Leaves become smaller,存在症状,ManifestAs
4209,豇豆类菌原体丛枝病,Phytoplasma cynodontis,淡黄色,Light yellow,存在症状,ManifestAs
4210,豇豆类菌原体丛枝病,Phytoplasma cynodontis,花变绿色叶片状,Flowers turn green and leaves,存在症状,ManifestAs
4211,豇豆类菌原体丛枝病,Phytoplasma cynodontis,叶面皱缩,Leaf wrinkles,存在症状,ManifestAs
4212,豇豆类菌原体丛枝病,Phytoplasma cynodontis,叶片变小,The leaves become smaller,存在症状,ManifestAs
4213,豇豆类菌原体丛枝病,Phytoplasma cynodontis,尾尖细呈鼠尾状,The tail is thin and rat-tail-like,存在症状,ManifestAs
4214,毛豆锈病,Phakopsora pachyrhizi,初生黄褐色斑,Initial brown spots,存在症状,ManifestAs
4215,毛豆锈病,Phakopsora pachyrhizi,棕褐色粉末,Brown powder,存在症状,ManifestAs
4216,毛豆锈病,Phakopsora pachyrhizi,叶片早枯,Early leaf withering,存在症状,ManifestAs
4217,毛豆锈病,Phakopsora pachyrhizi,黑褐色多角形稍,Dark brown polygonal,存在症状,ManifestAs
4218,毛豆叶斑病,Cercospora kikuchii,灰白色不规则形病斑,Grayish white irregular lesions,存在症状,ManifestAs
4219,毛豆疫病,Phytophthora megasperma,种子腐烂,Seed rot,存在症状,ManifestAs
4220,毛豆疫病,Phytophthora megasperma,下胚轴呈棕褐色,Hypocotyl is brown,存在症状,ManifestAs
4221,毛豆疫病,Phytophthora megasperma,水浸状病斑,Water-soaked lesions,存在症状,ManifestAs
4222,毛豆疫病,Phytophthora megasperma,根变褐,Roots turning brown,存在症状,ManifestAs
4223,毛豆疫病,Phytophthora megasperma,叶片先变黄,Leaves turn yellow first,存在症状,ManifestAs
4224,毛豆疫病,Phytophthora megasperma,叶片逐,Leaves,存在症状,ManifestAs
4225,毛豆疫病,Phytophthora megasperma,黑褐色凹陷条状病斑,Dark brown sunken stripe lesions,存在症状,ManifestAs
4226,毛豆疫病,Phytophthora megasperma,籽粒皱缩,Kernel shrinkage,存在症状,ManifestAs
4227,毛豆疫病,Phytophthora megasperma,植株不倒伏,Plants do not fall over,存在症状,ManifestAs
4228,毛豆疫病,Phytophthora megasperma,叶片不脱落,Leaves do not fall off,存在症状,ManifestAs
4229,毛豆疫病,Phytophthora megasperma,维管束变褐色,Vascular bundles turn brown,存在症状,ManifestAs
4230,毛豆疫病,Phytophthora megasperma,水浸状斑,Water-soaked spots,存在症状,ManifestAs
4231,毛豆疫病,Phytophthora megasperma,豆荚变枯呈黄褐色,The pods turn brown and dry,存在症状,ManifestAs
4232,毛豆疫病,Phytophthora megasperma,种子失水干瘪,Seeds lose water and become shrunken,存在症状,ManifestAs
4233,红缘灯蛾,Amsacta lactinea,斑驳的枯斑,Mottled dry spots,存在症状,ManifestAs
4234,豆杆黑潜蝇,Melanagromyza sojae,茎杆中空,Hollow stem,存在症状,ManifestAs
4235,筛豆龟蝽,Megacopta cribraria,叶片枯黄,Leaves turn yellow,存在症状,ManifestAs
4236,筛豆龟蝽,Megacopta cribraria,茎杆瘦短,Short stems,存在症状,ManifestAs
4237,筛豆龟蝽,Megacopta cribraria,株势早衰,Premature aging of plants,存在症状,ManifestAs
4238,筛豆龟蝽,Megacopta cribraria,豆荚不实,Pods are not full,存在症状,ManifestAs
4239,点蜂缘蝽,Riptortus pedestris,果荚不实,Fruit pods are not full,存在症状,ManifestAs
4240,豆突眼长蝽,Chauliops fallax,黄白小点,Yellow and white dots,存在症状,ManifestAs
4241,豆突眼长蝽,Chauliops fallax,不规则形黄褐斑,Irregular chloasma,存在症状,ManifestAs
4242,豆突眼长蝽,Chauliops fallax,叶片萎蔫或脱落,Leaves wilt or fall off,存在症状,ManifestAs
4243,二斑叶螨,Tetranychus urticae,针头大小的褪绿斑,Pinhead-sized chlorotic spots,存在症状,ManifestAs
4244,二斑叶螨,Tetranychus urticae,叶片发黄,Yellowing leaves,存在症状,ManifestAs
4245,毛豆褐斑病,Cercospora sojina,病斑为不规则形,The lesions are irregular in shape,存在症状,ManifestAs
4246,毛豆褐斑病,Cercospora sojina,暗褐色,Dark brown,存在症状,ManifestAs
4247,毛豆褐斑病,Cercospora sojina,病斑为棕褐色,The lesions are brown,存在症状,ManifestAs
4248,毛豆褐斑病,Cercospora sojina,引起叶片变黄脱落,Causes leaves to turn yellow and fall off,存在症状,ManifestAs
4249,毛豆褐斑病,Cercospora sojina,边缘不清晰,The edge is not clear,存在症状,ManifestAs
4250,毛豆褐斑病,Cercospora sojina,不规则棕褐色斑点,Irregular brown spots,存在症状,ManifestAs
4251,毛豆黑斑病,Cercospora kikuchii,病斑呈不规则形,Irregular lesions,存在症状,ManifestAs
4252,毛豆黑斑病,Cercospora kikuchii,斑上有同,There are similar,存在症状,ManifestAs
4253,毛豆黑斑病,Cercospora kikuchii,病斑为圆形或不规则形,The lesions are round or irregular in shape,存在症状,ManifestAs
4254,毛豆灰斑病,Cercospora sojina,圆形或半圆形稍凹陷的红褐色病斑,Circular or semicircular slightly sunken reddish-brown spots,存在症状,ManifestAs
4255,毛豆灰斑病,Cercospora sojina,红褐色小点,Reddish brown dots,存在症状,ManifestAs
4256,毛豆灰斑病,Cercospora sojina,边缘深褐色,Dark brown edge,存在症状,ManifestAs
4257,毛豆灰斑病,Cercospora sojina,中央灰白色,Central off-white,存在症状,ManifestAs
4258,毛豆灰斑病,Cercospora sojina,背生灰色霉层,Gray mold layer on the back,存在症状,ManifestAs
4259,毛豆灰斑病,Cercospora sojina,不规则状,Irregular,存在症状,ManifestAs
4260,毛豆灰斑病,Cercospora sojina,中央开裂,Central crack,存在症状,ManifestAs
4261,毛豆灰斑病,Cercospora sojina,中央灰褐色,Central Taupe,存在症状,ManifestAs
4262,毛豆灰斑病,Cercospora sojina,边缘不明显,The edge is not obvious,存在症状,ManifestAs
4263,毛豆灰斑病,Cercospora sojina,中央褐色,Central brown,存在症状,ManifestAs
4264,毛豆灰斑病,Cercospora sojina,病斑红褐色稍凹陷呈圆形,"The lesions are reddish brown, slightly sunken and round",存在症状,ManifestAs
4265,毛豆霜霉病,Peronospora manshurica,退绿斑块,Green patches,存在症状,ManifestAs
4266,毛豆霜霉病,Peronospora manshurica,叶片变淡黄色,Leaves turn pale yellow,存在症状,ManifestAs
4267,毛豆霜霉病,Peronospora manshurica,灰白色霜霉层,Grayish white downy mildew,存在症状,ManifestAs
4268,毛豆霜霉病,Peronospora manshurica,叶片凋萎早落,Leaves wilt and fall early,存在症状,ManifestAs
4269,毛豆霜霉病,Peronospora manshurica,初呈不规则或圆形灰色病斑,Initially appear as irregular or circular gray spots,存在症状,ManifestAs
4270,毛豆霜霉病,Peronospora manshurica,呈多角形病斑,Polygonal lesions,存在症状,ManifestAs
4271,毛豆霜霉病,Peronospora manshurica,周围呈深褐色,Dark brown around,存在症状,ManifestAs
4272,毛豆霜霉病,Peronospora manshurica,叶片萎凋脱落,Leaves wither and fall off,存在症状,ManifestAs
4273,毛豆霜霉病,Peronospora manshurica,灰白色霜状物,Grayish white frost,存在症状,ManifestAs
4274,毛豆耙点病,Cercospora kikuchii,病斑为圆形或不规则形,The lesions are round or irregular in shape,存在症状,ManifestAs
4275,毛豆耙点病,Cercospora kikuchii,浅红褐色,Light reddish brown,存在症状,ManifestAs
4276,毛豆耙点病,Cercospora kikuchii,四周有浅黄绿,Light yellow-green around,存在症状,ManifestAs
4277,毛豆耙点病,Cercospora kikuchii,造成叶片早,Causes early leaf,存在症状,ManifestAs
4278,毛豆耙点病,Cercospora kikuchii,病斑为圆形,The lesions are circular,存在症状,ManifestAs
4279,毛豆耙点病,Cercospora kikuchii,中间暗紫色,Dark purple in the middle,存在症状,ManifestAs
4280,毛豆耙点病,Cercospora kikuchii,四周褐色,Brown all around,存在症状,ManifestAs
4281,毛豆炭疽病,Colletotrichum truncatum,病初病斑褐色,Brown spots at the beginning of the disease,存在症状,ManifestAs
4282,毛豆炭疽病,Colletotrichum truncatum,小黑点呈轮纹状排列,Small black dots are arranged in a wheel pattern,存在症状,ManifestAs
4283,毛豆炭疽病,Colletotrichum truncatum,黑褐色病斑,Dark brown spots,存在症状,ManifestAs
4284,毛豆炭疽病,Colletotrichum truncatum,边缘颜色略浅,Slightly lighter edge color,存在症状,ManifestAs
4285,毛豆炭疽病,Colletotrichum truncatum,开裂或凹陷,Cracks or dents,存在症状,ManifestAs
4286,毛豆炭疽病,Colletotrichum truncatum,边缘为深褐色,Dark brown edges,存在症状,ManifestAs
4287,毛豆炭疽病,Colletotrichum truncatum,病斑为褐色,The lesions are brown,存在症状,ManifestAs
4288,毛豆根腐病,Fusarium oxysporum,淡红褐色不规则的小斑,Light reddish brown irregular spots,存在症状,ManifestAs
4289,毛豆根腐病,Fusarium oxysporum,红褐色凹陷坏死斑,Reddish brown sunken necrotic spots,存在症状,ManifestAs
4290,毛豆根腐病,Fusarium oxysporum,根皮枯死,Root bark death,存在症状,ManifestAs
4291,毛豆根腐病,Fusarium oxysporum,叶色淡绿,Light green leaves,存在症状,ManifestAs
4292,毛豆荚枯病,Phomopsis longicolla,病斑暗褐色,Lesions dark brown,存在症状,ManifestAs
4293,毛豆荚枯病,Phomopsis longicolla,灰褐色不规则形病斑,Gray-brown irregular lesions,存在症状,ManifestAs
4294,毛豆赤霉病,Fusarium oxysporum,近圆形至不整形,Nearly round to irregular,存在症状,ManifestAs
4295,毛豆赤霉病,Fusarium oxysporum,呈半圆形略凹陷,Semicircular and slightly concave,存在症状,ManifestAs
4296,毛豆赤霉病,Fusarium oxysporum,粉红色或粉白色霉状物,Pink or white mold,存在症状,ManifestAs
4297,毛豆赤霉病,Fusarium oxysporum,粉红色霉状物,Pink mold,存在症状,ManifestAs
4298,毛豆枯萎病,Fusarium oxysporum,茎软化,Stem softening,存在症状,ManifestAs
4299,毛豆枯萎病,Fusarium oxysporum,叶片褪绿或卷缩,Leaves turn green or curl up,存在症状,ManifestAs
4300,毛豆枯萎病,Fusarium oxysporum,呈青枯状,Withered,存在症状,ManifestAs
4301,毛豆枯萎病,Fusarium oxysporum,呈褐色,Brown,存在症状,ManifestAs
4302,毛豆枯萎病,Fusarium oxysporum,褐色至深褐色,Brown to dark brown,存在症状,ManifestAs
4303,毛豆枯萎病,Fusarium oxysporum,维管束变褐,Browning of vascular bundles,存在症状,ManifestAs
4304,毛豆枯萎病,Fusarium oxysporum,褐色坏死斑,Brown necrotic spots,存在症状,ManifestAs
4305,毛豆枯萎病,Fusarium oxysporum,上部水渍状变褐色,The upper part is water-stained and brown,存在症状,ManifestAs
4306,毛豆枯萎病,Fusarium oxysporum,白色絮状菌丝,White flocculent hyphae,存在症状,ManifestAs
4307,毛豆枯萎病,Fusarium oxysporum,粉红色胶状物,Pink jelly,存在症状,ManifestAs
4308,毛豆细菌斑疹病,Xanthomonas campestris,病斑浅绿色小点,Small light green spots,存在症状,ManifestAs
4309,毛豆细菌斑疹病,Xanthomonas campestris,红褐色多角形斑,Reddish brown polygonal spots,存在症状,ManifestAs
4310,毛豆细菌斑疹病,Xanthomonas campestris,形成小疱状干,Small blister-like dryness,存在症状,ManifestAs
4311,毛豆细菌斑疹病,Xanthomonas campestris,病斑表,Lesion table,存在症状,ManifestAs
4312,毛豆细菌斑疹病,Xanthomonas campestris,破裂边缘无黄,No yellowing on cracked edges,存在症状,ManifestAs
4313,毛豆细菌斑疹病,Xanthomonas campestris,组织变褐枯死,Tissue turns brown and dies,存在症状,ManifestAs
4314,毛豆细菌斑疹病,Xanthomonas campestris,似火烧状,Burning,存在症状,ManifestAs
4315,毛豆细菌斑疹病,Xanthomonas campestris,黄色晕圈,Yellow halo,存在症状,ManifestAs
4316,毛豆病毒病,Soybean mosaic virus,轻微淡黄绿相间斑驳,Slightly yellowish green mottled,存在症状,ManifestAs
4317,毛豆病毒病,Soybean mosaic virus,病叶呈黄绿相间斑驳皱缩,"The diseased leaves are yellow-green, mottled and wrinkled",存在症状,ManifestAs
4318,毛豆病毒病,Soybean mosaic virus,叶脉变褐弯曲,Leaf veins turn brown and bend,存在症状,ManifestAs
4319,毛豆病毒病,Soybean mosaic virus,叶肉呈泡状凸起,The leaf flesh is bulging,存在症状,ManifestAs
4320,毛豆病毒病,Soybean mosaic virus,叶缘下卷,Leaf margin rolled down,存在症状,ManifestAs
4321,毛豆病毒病,Soybean mosaic virus,叶脉坏死,Vein necrosis,存在症状,ManifestAs
4322,毛豆病毒病,Soybean mosaic virus,黄绿相间花叶,Yellow-green mosaic,存在症状,ManifestAs
4323,毛豆病毒病,Soybean mosaic virus,叶脉呈泡状凸起,Leaf veins are bulging,存在症状,ManifestAs
4324,毛豆病毒病,Soybean mosaic virus,叶片皱缩呈歪扭不整形,Leaves are wrinkled and deformed,存在症状,ManifestAs
4325,毛豆病毒病,Soybean mosaic virus,黄斑坏死,Macular necrosis,存在症状,ManifestAs
4326,毛豆病毒病,Soybean mosaic virus,叶片皱缩褪为黄色斑驳,Leaves shrivel and fade to yellow spots,存在症状,ManifestAs
4327,毛豆病毒病,Soybean mosaic virus,坏死褐色小点,Necrotic brown spots,存在症状,ManifestAs
4328,毛豆病毒病,Soybean mosaic virus,不规则的黄色大斑块,Large irregular yellow patches,存在症状,ManifestAs
4329,毛豆病毒病,Soybean mosaic virus,叶脉变褐坏死,Leaf veins turn brown and become necrotic,存在症状,ManifestAs
4330,毛豆孢囊线虫病,Heterodera glycines,仅叶肉,Leaf flesh only,存在症状,ManifestAs
4331,毛豆孢囊线虫病,Heterodera glycines,附有黄褐色小颗粒状虫瘿,Attached with small yellow-brown granular galls,存在症状,ManifestAs
4332,毛豆孢囊线虫病,Heterodera glycines,结实少或不结实,Little or no fruiting,存在症状,ManifestAs
4333,毛豆菌核病,Sclerotinia sclerotiorum,絮状白色菌丝,Flocculent white hyphae,存在症状,ManifestAs
4334,毛豆菌核病,Sclerotinia sclerotiorum,呈水渍状,Water-stained,存在症状,ManifestAs
4335,毛豆菌核病,Sclerotinia sclerotiorum,圆形或不规则形病斑,Round or irregular lesions,存在症状,ManifestAs
4336,毛豆菌核病,Sclerotinia sclerotiorum,中心灰褐色,Center Taupe,存在症状,ManifestAs
4337,毛豆菌核病,Sclerotinia sclerotiorum,四周暗绿色,Dark green all around,存在症状,ManifestAs
4338,毛豆菌核病,Sclerotinia sclerotiorum,叶片腐烂脱落,Leaves rot and fall off,存在症状,ManifestAs
4339,毛豆菌核病,Sclerotinia sclerotiorum,水浸状病斑,Water-soaked lesions,存在症状,ManifestAs
4340,毛豆菌核病,Sclerotinia sclerotiorum,线褐色至近白色,Line brown to nearly white,存在症状,ManifestAs
4341,毛豆菌核病,Sclerotinia sclerotiorum,形状不规则,Irregular shape,存在症状,ManifestAs
4342,毛豆菌核病,Sclerotinia sclerotiorum,病斑水浸状,Water-soaked lesions,存在症状,ManifestAs
4343,毛豆菌核病,Sclerotinia sclerotiorum,不规则形,Irregular,存在症状,ManifestAs
4344,毛豆菌核病,Sclerotinia sclerotiorum,种子腐烂,Seed rot,存在症状,ManifestAs
4345,毛豆猝倒病,Pythium aphanidermatum,水渍状条斑,Water-soaked streaks,存在症状,ManifestAs
4346,毛豆猝倒病,Pythium aphanidermatum,呈黑褐色,Dark brown,存在症状,ManifestAs
4347,毛豆猝倒病,Pythium aphanidermatum,不规则褐斑,Irregular brown spots,存在症状,ManifestAs
4348,毛豆猝倒病,Pythium aphanidermatum,茎叶萎蔫或黄化,Wilting or yellowing of stems and leaves,存在症状,ManifestAs
4349,毛豆立枯病,Rhizoctonia solani,红褐色略显凹陷的病斑,Reddish brown slightly sunken lesions,存在症状,ManifestAs
4350,毛豆立枯病,Rhizoctonia solani,皮层开裂呈溃疡状,Ulceration of the skin layer,存在症状,ManifestAs
4351,毛豆立枯病,Rhizoctonia solani,基部变褐,Browning at base,存在症状,ManifestAs
4352,毛豆立枯病,Rhizoctonia solani,幼苗折倒死亡,Seedlings fall over and die,存在症状,ManifestAs
4353,毛豆立枯病,Rhizoctonia solani,地上部矮黄,Dwarf yellow aboveground part,存在症状,ManifestAs
4354,毛豆黑点病,Cercospora kikuchii,灰褐色病斑,Gray-brown spots,存在症状,ManifestAs
4355,毛豆黑点病,Cercospora kikuchii,边缘红褐色,Reddish brown edge,存在症状,ManifestAs
4356,毛豆黑点病,Cercospora kikuchii,略凹陷的红褐色条维,Slightly concave reddish brown stripes,存在症状,ManifestAs
4357,毛豆黑点病,Cercospora kikuchii,长条形或椭圆形,Long or oval,存在症状,ManifestAs
4358,毛豆黑点病,Cercospora kikuchii,近圆形褐色斑,Nearly circular brown spots,存在症状,ManifestAs
4359,毛豆黑点病,Cercospora kikuchii,灰白色干枯而死,"Gray, dry and dead",存在症状,ManifestAs
4360,毛豆黑点病,Cercospora kikuchii,豆粒呈苍白色萎缩僵化,"The beans are pale, shrunken and rigid",存在症状,ManifestAs
4361,毛豆轮纹病,Mycosphaerella sojae,褐色小斑点,Small brown spots,存在症状,ManifestAs
4362,毛豆轮纹病,Mycosphaerella sojae,近圆形,Nearly round,存在症状,ManifestAs
4363,毛豆轮纹病,Mycosphaerella sojae,褐色或黄褐色,Brown or yellowish brown,存在症状,ManifestAs
4364,毛豆轮纹病,Mycosphaerella sojae,明显同心轮纹,Obvious concentric ring pattern,存在症状,ManifestAs
4365,毛豆轮纹病,Mycosphaerella sojae,褐色小点,Brown dots,存在症状,ManifestAs
4366,毛豆轮纹病,Mycosphaerella sojae,呈圆形或近圆形,Round or nearly round,存在症状,ManifestAs
4367,毛豆轮纹病,Mycosphaerella sojae,中央褐色,Central brown,存在症状,ManifestAs
4368,毛豆轮纹病,Mycosphaerella sojae,周缘暗褐色,Dark brown around,存在症状,ManifestAs
4369,毛豆轮纹病,Mycosphaerella sojae,同心轮纹,Concentric wheel pattern,存在症状,ManifestAs
4370,毛豆轮纹病,Mycosphaerella sojae,早期落叶,Early leaf drop,存在症状,ManifestAs
4371,毛豆轮纹病,Mycosphaerella sojae,近梭形,Nearly fusiform,存在症状,ManifestAs
4372,毛豆轮纹病,Mycosphaerella sojae,初为灰褐色,Initially grayish brown,存在症状,ManifestAs
4373,毛豆轮纹病,Mycosphaerella sojae,病斑近圆形或不规则形,The lesions are nearly round or irregular in shape.,存在症状,ManifestAs
4374,毛豆轮纹病,Mycosphaerella sojae,灰白色或灰黑色,Grayish white or grayish black,存在症状,ManifestAs
4375,毛豆轮纹病,Mycosphaerella sojae,不规则或轮状排列,Irregular or wheel-like arrangement,存在症状,ManifestAs
4376,毛豆轮纹病,Mycosphaerella sojae,荚内空瘪不结实,The pods are hollow and not firm,存在症状,ManifestAs
4377,毛豆轮纹病,Mycosphaerella sojae,灰褐色皱缩干瘪,"Gray brown, wrinkled and shrunken",存在症状,ManifestAs
4378,毛豆轮纹病,Mycosphaerella sojae,灰褐色,Taupe,存在症状,ManifestAs
4379,毛豆白粉病,Erysiphe polygoni,似霉状的斑点,Mildew-like spots,存在症状,ManifestAs
4380,毛豆灰星病,Cercospora sojina,病斑圆形至椭圆形或不规则形,The lesions are round to oval or irregular in shape.,存在症状,ManifestAs
4381,毛豆灰星病,Cercospora sojina,“V”字形病斑,"""V"" shaped lesions",存在症状,ManifestAs
4382,毛豆灰星病,Cercospora sojina,病斑浅绿色,Lesions light green,存在症状,ManifestAs
4383,毛豆灰星病,Cercospora sojina,浅灰至浅褐色,Light gray to light brown,存在症状,ManifestAs
4384,毛豆灰星病,Cercospora sojina,较窄的暗褐色或紫色带,Narrow dark brown or purple band,存在症状,ManifestAs
4385,毛豆灰星病,Cercospora sojina,病斑条状,Stripe-like lesions,存在症状,ManifestAs
4386,毛豆灰星病,Cercospora sojina,浅灰色或浅褐色,Light grey or light brown,存在症状,ManifestAs
4387,毛豆灰星病,Cercospora sojina,边缘褐色,Edge brown,存在症状,ManifestAs
4388,毛豆灰星病,Cercospora sojina,荚上病斑圆形,Circular lesions on pods,存在症状,ManifestAs
4389,毛豆灰星病,Cercospora sojina,边缘红色,Edge red,存在症状,ManifestAs
4390,毛豆茎枯病,Phomopsis longicolla,长椭圆形病斑,Long oval lesions,存在症状,ManifestAs
4391,毛豆茎枯病,Phomopsis longicolla,灰褐色,Taupe,存在症状,ManifestAs
4392,毛豆茎枯病,Phomopsis longicolla,黑色长条斑,Black long stripes,存在症状,ManifestAs
4393,毛豆菌核疫病,Sclerotinia sclerotiorum,淡褐色病斑,Light brown spots,存在症状,ManifestAs
4394,毛豆菌核疫病,Sclerotinia sclerotiorum,植株突然黄化或萎蔫,Sudden yellowing or wilting of plants,存在症状,ManifestAs
4395,毛豆菌核疫病,Sclerotinia sclerotiorum,叶片变褐,Browning of leaves,存在症状,ManifestAs
4396,毛豆菌核疫病,Sclerotinia sclerotiorum,叶部病斑圆形,Circular leaf spots,存在症状,ManifestAs
4397,毛豆菌核疫病,Sclerotinia sclerotiorum,棕色至褐色,Brown to brown,存在症状,ManifestAs
4398,毛豆煤斑病,Mycosphaerella sojae,浅褐色小点,Light brown dots,存在症状,ManifestAs
4399,毛豆煤斑病,Mycosphaerella sojae,不规则红褐至灰褐色病斑,Irregular reddish brown to grayish brown spots,存在症状,ManifestAs
4400,毛豆煤斑病,Mycosphaerella sojae,浅褐色霉层,Light brown mold layer,存在症状,ManifestAs
4401,毛豆煤斑病,Mycosphaerella sojae,病斑密布,Disease spots,存在症状,ManifestAs
4402,毛豆煤斑病,Mycosphaerella sojae,叶片枯死脱落,Leaves die and fall off,存在症状,ManifestAs
4403,毛豆细菌性斑点病,Pseudomonas syringae,半圆或近圆形病斑,Semicircular or nearly circular lesions,存在症状,ManifestAs
4404,毛豆细菌性斑点病,Pseudomonas syringae,褐色至黑色,Brown to black,存在症状,ManifestAs
4405,毛豆细菌性斑点病,Pseudomonas syringae,半透明水渍状,Translucent water stain,存在症状,ManifestAs
4406,毛豆细菌性斑点病,Pseudomonas syringae,黄色至深褐色多角形病斑,Yellow to dark brown polygonal lesions,存在症状,ManifestAs
4407,毛豆细菌性斑点病,Pseudomonas syringae,黄绿色晕圈,Yellow-green halo,存在症状,ManifestAs
4408,毛豆细菌性斑点病,Pseudomonas syringae,白色菌脓,White pus,存在症状,ManifestAs
4409,毛豆细菌性斑点病,Pseudomonas syringae,有光泽的膜,Glossy film,存在症状,ManifestAs
4410,毛豆细菌性斑点病,Pseudomonas syringae,不规则枯死大斑,Irregular dead spots,存在症状,ManifestAs
4411,毛豆细菌性斑点病,Pseudomonas syringae,病叶呈破碎状,The diseased leaves are broken,存在症状,ManifestAs
4412,毛豆细菌性斑点病,Pseudomonas syringae,褐色至黑色的水渍状长条形病斑,Brown to black water-soaked long stripes,存在症状,ManifestAs
4413,毛豆细菌性斑点病,Pseudomonas syringae,病斑初呈红褐色小点,The lesions initially appear as small reddish-brown spots,存在症状,ManifestAs
4414,毛豆细菌性斑点病,Pseudomonas syringae,黑褐色不规则形,Dark brown irregular shape,存在症状,ManifestAs
4415,毛豆细菌性斑点病,Pseudomonas syringae,病斑不规则,Irregular lesions,存在症状,ManifestAs
4416,毛豆缺钾,Fusarium oxysporum,不规则的黄色斑,Irregular yellow spots,存在症状,ManifestAs
4417,毛豆缺钾,Fusarium oxysporum,籽粒常皱缩,Grains often shrink,存在症状,ManifestAs
4418,毛豆羞萎病,Fusarium oxysporum,植株矮小,Short plant,存在症状,ManifestAs
4419,毛豆羞萎病,Fusarium oxysporum,幼叶凋萎下垂,Young leaves wilt and droop,存在症状,ManifestAs
4420,毛豆羞萎病,Fusarium oxysporum,细条斑,Fine stripes,存在症状,ManifestAs
4421,毛豆羞萎病,Fusarium oxysporum,褐色至黑褐色,Brown to dark brown,存在症状,ManifestAs
4422,毛豆羞萎病,Fusarium oxysporum,从上向下变褐,Brown from top to bottom,存在症状,ManifestAs
4423,毛豆羞萎病,Fusarium oxysporum,叶柄扭曲,Twisted petiole,存在症状,ManifestAs
4424,毛豆羞萎病,Fusarium oxysporum,叶片反转下垂,The leaves are reversed and drooped,存在症状,ManifestAs
4425,毛豆羞萎病,Fusarium oxysporum,基部缢缩变黑,The base is constricted and darkened,存在症状,ManifestAs
4426,毛豆羞萎病,Fusarium oxysporum,叶片凋萎,Leaf wilting,存在症状,ManifestAs
4427,毛豆羞萎病,Fusarium oxysporum,褐色长条斑,Brown stripes,存在症状,ManifestAs
4428,毛豆羞萎病,Fusarium oxysporum,白色至红色霉层,White to red mold,存在症状,ManifestAs
4429,毛豆羞萎病,Fusarium oxysporum,荚梗处变褐,Pods turn brown,存在症状,ManifestAs
4430,毛豆羞萎病,Fusarium oxysporum,扭曲畸形,Distortion,存在症状,ManifestAs
4431,毛豆羞萎病,Fusarium oxysporum,豆粒不饱满,The beans are not full,存在症状,ManifestAs
4432,毛豆羞萎病,Fusarium oxysporum,病粒褐脐或,Brown navel or,存在症状,ManifestAs
4433,毛豆羞萎病,Fusarium oxysporum,全粒变褐皱缩,Whole grains turn brown and shrink,存在症状,ManifestAs
4434,毛豆紫斑病,Cercospora kikuchii,不规则褐色斑点,Irregular brown spots,存在症状,ManifestAs
4435,毛豆紫斑病,Cercospora kikuchii,云纹状,Moire,存在症状,ManifestAs
4436,毛豆紫斑病,Cercospora kikuchii,圆形紫红色小斑点,Small round purple spots,存在症状,ManifestAs
4437,毛豆紫斑病,Cercospora kikuchii,不规则形或多角形,Irregular or polygonal,存在症状,ManifestAs
4438,毛豆紫斑病,Cercospora kikuchii,不规则形大斑,Irregular large spots,存在症状,ManifestAs
4439,毛豆紫斑病,Cercospora kikuchii,病斑紫褐色,Purple-brown lesions,存在症状,ManifestAs
4440,毛豆紫斑病,Cercospora kikuchii,叶片发黄,Yellowing leaves,存在症状,ManifestAs
4441,毛豆紫斑病,Cercospora kikuchii,紫黑霉状物,Purple black mold,存在症状,ManifestAs
4442,毛豆紫斑病,Cercospora kikuchii,病斑呈长条状或梭形,The lesions are long or spindle-shaped,存在症状,ManifestAs
4443,毛豆紫斑病,Cercospora kikuchii,红褐色,Reddish brown,存在症状,ManifestAs
4444,毛豆紫斑病,Cercospora kikuchii,灰黑色霉层,Gray-black mold layer,存在症状,ManifestAs
4445,毛豆紫斑病,Cercospora kikuchii,病斑近圆形至不规则形,The lesions are nearly round to irregular in shape,存在症状,ManifestAs
4446,毛豆紫斑病,Cercospora kikuchii,病斑灰黑色,Grayish black spots,存在症状,ManifestAs
4447,毛豆紫斑病,Cercospora kikuchii,紫黑色霉状物,Purple black mold,存在症状,ManifestAs
4448,毛豆紫斑病,Cercospora kikuchii,病斑不规则,Irregular lesions,存在症状,ManifestAs
4449,毛豆紫斑病,Cercospora kikuchii,多呈紫色,Mostly purple,存在症状,ManifestAs
4450,毛豆紫斑病,Cercospora kikuchii,浅紫色斑块,Light purple patches,存在症状,ManifestAs
4451,毛豆棕色叶斑病,Cercospora kikuchii,黄褐色小点,Yellowish brown dots,存在症状,ManifestAs
4452,毛豆棕色叶斑病,Cercospora kikuchii,圆形至近圆形棕褐色斑,Round to nearly round brown spots,存在症状,ManifestAs
4453,毛豆棕色叶斑病,Cercospora kikuchii,病叶黄化枯死,Diseased leaves turn yellow and die,存在症状,ManifestAs
4454,豌豆褐斑病,Mycosphaerella pinodes,病斑点状,Spot-like,存在症状,ManifestAs
4455,豌豆褐斑病,Mycosphaerella pinodes,水渍状,Water stain,存在症状,ManifestAs
4456,豌豆褐斑病,Mycosphaerella pinodes,淡褐色至深褐色圆形病斑,Light brown to dark brown circular lesions,存在症状,ManifestAs
4457,豌豆褐斑病,Mycosphaerella pinodes,明显的褐色边缘,Noticeable brown edges,存在症状,ManifestAs
4458,豌豆褐斑病,Mycosphaerella pinodes,病斑纺锤形或椭圆形,Lesions are spindle-shaped or oval,存在症状,ManifestAs
4459,豌豆褐斑病,Mycosphaerella pinodes,褐色至深褐色,Brown to dark brown,存在症状,ManifestAs
4460,豌豆褐斑病,Mycosphaerella pinodes,病斑圆形至不规则形,Lesions are round to irregular,存在症状,ManifestAs
4461,豌豆褐斑病,Mycosphaerella pinodes,中央淡褐色,Central Hazel,存在症状,ManifestAs
4462,豌豆褐斑病,Mycosphaerella pinodes,边缘暗褐色,Dark brown edge,存在症状,ManifestAs
4463,豌豆褐斑病,Mycosphaerella pinodes,黑色小粒点,Black small dots,存在症状,ManifestAs
4464,豌豆褐斑病,Mycosphaerella pinodes,呈污黄色或灰褐色,Dirty yellow or grayish brown,存在症状,ManifestAs
4465,豌豆褐纹病,Ascochyta pisi,病斑斑点状,Spot-like lesions,存在症状,ManifestAs
4466,豌豆褐纹病,Ascochyta pisi,不规则,irregular,存在症状,ManifestAs
4467,豌豆褐纹病,Ascochyta pisi,病叶变黄扭曲而枯死,"The diseased leaves turn yellow, twist and die",存在症状,ManifestAs
4468,豌豆褐纹病,Ascochyta pisi,不规则的轮纹斑,Irregular ring pattern,存在症状,ManifestAs
4469,豌豆褐纹病,Ascochyta pisi,深褐色,Dark Brown,存在症状,ManifestAs
4470,豌豆褐纹病,Ascochyta pisi,中央凹陷,Central depression,存在症状,ManifestAs
4471,豌豆霜霉病,Peronospora pisi,白色至淡紫色,White to lavender,存在症状,ManifestAs
4472,豌豆霜霉病,Peronospora pisi,淡紫色霉层,Lilac mildew layer,存在症状,ManifestAs
4473,豌豆霜霉病,Peronospora pisi,叶片枯黄而死,Leaves turn yellow and die,存在症状,ManifestAs
4474,豌豆白粉病,Erysiphe pisi,白粉状淡黄色小点,White powdery yellowish dots,存在症状,ManifestAs
4475,豌豆白粉病,Erysiphe pisi,呈不规则形粉斑,Irregular shaped spots,存在症状,ManifestAs
4476,豌豆白粉病,Erysiphe pisi,叶背呈褐色或紫色斑块,Brown or purple spots on the underside of leaves,存在症状,ManifestAs
4477,豌豆白粉病,Erysiphe pisi,叶片迅速枯黄,Leaves turn yellow quickly,存在症状,ManifestAs
4478,豌豆白粉病,Erysiphe pisi,小粉斑,Small pink spots,存在症状,ManifestAs
4479,豌豆白粉病,Erysiphe pisi,茎部枯黄,The stem is yellowing,存在症状,ManifestAs
4480,豌豆白粉病,Erysiphe pisi,嫩茎干缩,Tender stem shrinkage,存在症状,ManifestAs
4481,豌豆黄顶病,Mycoplasma-like organism,顶叶黄化,Yellowing of top leaves,存在症状,ManifestAs
4482,豌豆黄顶病,Mycoplasma-like organism,皱缩卷曲,Shrink and curl,存在症状,ManifestAs
4483,豌豆基腐病,Fusarium oxysporum,病部褐色至红褐色,Diseased part brown to reddish brown,存在症状,ManifestAs
4484,豌豆基腐病,Fusarium oxysporum,病斑近圆形病斑,Nearly circular lesions,存在症状,ManifestAs
4485,豌豆基腐病,Fusarium oxysporum,红褐色斑,Reddish brown spots,存在症状,ManifestAs
4486,豌豆基腐病,Fusarium oxysporum,椭圆形或长条形病斑,Oval or long strip lesions,存在症状,ManifestAs
4487,豌豆基腐病,Fusarium oxysporum,红褐色,Reddish brown,存在症状,ManifestAs
4488,豌豆基腐病,Fusarium oxysporum,浅褐色蛛丝状霉,Light brown spider mold,存在症状,ManifestAs
4489,豌豆黑根病,Aphanomyces euteiches,病部水渍状,Water-soaked diseased area,存在症状,ManifestAs
4490,西葫芦灰霉病,Botrytis cinerea,花瓣呈水浸状,Water-soaked petals,存在症状,ManifestAs
4491,西葫芦灰霉病,Botrytis cinerea,灰褐色霉层,Gray brown mold layer,存在症状,ManifestAs
4492,西葫芦灰霉病,Botrytis cinerea,花瓣腐烂,Petal rot,存在症状,ManifestAs
4493,西葫芦灰霉病,Botrytis cinerea,大量灰色霉层,Large amount of gray mold,存在症状,ManifestAs
4494,西葫芦灰霉病,Botrytis cinerea,不规则大斑,Irregular large spots,存在症状,ManifestAs
4495,西葫芦灰霉病,Botrytis cinerea,灰色霉层,Gray mold layer,存在症状,ManifestAs
4496,西葫芦灰霉病,Botrytis cinerea,灰白色病斑,Grayish white spots,存在症状,ManifestAs
4497,西葫芦灰霉病,Botrytis cinerea,茎蔓折断,Broken stems,存在症状,ManifestAs
4498,西葫芦枯萎病,Fusarium oxysporum,子叶无光泽,Cotyledons dull,存在症状,ManifestAs
4499,西葫芦枯萎病,Fusarium oxysporum,暗绿色,Dark green,存在症状,ManifestAs
4500,西葫芦枯萎病,Fusarium oxysporum,暗绿色纵纹,Dark green vertical stripes,存在症状,ManifestAs
4501,西葫芦枯萎病,Fusarium oxysporum,黄褐色纵裂,Yellowish brown longitudinal cracks,存在症状,ManifestAs
4502,西葫芦枯萎病,Fusarium oxysporum,白色至粉红色霉状物,White to pink mold,存在症状,ManifestAs
4503,西葫芦枯萎病,Fusarium oxysporum,红褐色胶质物,Reddish brown colloid,存在症状,ManifestAs
4504,西葫芦枯萎病,Fusarium oxysporum,叶片边缘变黄,Yellowing of leaf edges,存在症状,ManifestAs
4505,西葫芦蔓枯病,Didymella bryoniae,病部呈油浸状,The diseased part is oil-soaked,存在症状,ManifestAs
4506,西葫芦蔓枯病,Didymella bryoniae,表皮龟裂,Skin cracking,存在症状,ManifestAs
4507,西葫芦蔓枯病,Didymella bryoniae,黄褐色树脂状物,Yellowish brown resin,存在症状,ManifestAs
4508,西葫芦蔓枯病,Didymella bryoniae,导管不变色,No discoloration of the catheter,存在症状,ManifestAs
4509,西葫芦蔓枯病,Didymella bryoniae,病斑黄褐色,Lesions yellow-brown,存在症状,ManifestAs
4510,西葫芦蔓枯病,Didymella bryoniae,不明显的同心轮纹,Unnoticeable concentric ring pattern,存在症状,ManifestAs
4511,西葫芦蔓枯病,Didymella bryoniae,上生小黑点,Black spots on the upper,存在症状,ManifestAs
4512,西葫芦绵腐病,Pythium aphanidermatum,病斑水浸状暗绿色,Lesions are water-soaked dark green,存在症状,ManifestAs
4513,西葫芦绵腐病,Pythium aphanidermatum,椭圆形,Oval,存在症状,ManifestAs
4514,西葫芦绵腐病,Pythium aphanidermatum,病斑稍凹陷,The lesion is slightly sunken,存在症状,ManifestAs
4515,西葫芦绵腐病,Pythium aphanidermatum,果肉变褐腐烂,The flesh turns brown and rots,存在症状,ManifestAs
4516,西葫芦绵腐病,Pythium aphanidermatum,果实变褐,Fruit turns brown,存在症状,ManifestAs
4517,西葫芦绵腐病,Pythium aphanidermatum,白色霉层,White mold layer,存在症状,ManifestAs
4518,西葫芦绵腐病,Pythium aphanidermatum,病斑暗绿色水浸状,Dark green water-soaked lesions,存在症状,ManifestAs
4519,西葫芦绵腐病,Pythium aphanidermatum,圆形或不整形,Round or irregular,存在症状,ManifestAs
4520,西葫芦菌核病,Sclerotinia sclerotiorum,花部先呈水浸状腐烂,The flowers first rot in a water-soaked manner,存在症状,ManifestAs
4521,西葫芦菌核病,Sclerotinia sclerotiorum,果实软化,Fruit softening,存在症状,ManifestAs
4522,西葫芦菌核病,Sclerotinia sclerotiorum,鼠粪状黑色菌核,Rat droppings black sclerotium,存在症状,ManifestAs
4523,西葫芦菌核病,Sclerotinia sclerotiorum,病部变褐,The diseased part turns brown,存在症状,ManifestAs
4524,西葫芦菌核病,Sclerotinia sclerotiorum,白色菌丝,White mycelium,存在症状,ManifestAs
4525,西葫芦软腐病,Pectobacterium carotovorum,髓组织溃烂,Medullary tissue ulcer,存在症状,ManifestAs
4526,西葫芦软腐病,Pectobacterium carotovorum,灰褐色黏稠状物,Gray brown viscous substance,存在症状,ManifestAs
4527,西葫芦软腐病,Pectobacterium carotovorum,褐色水浸状,Brown water-soaked,存在症状,ManifestAs
4528,西葫芦病毒病,Zucchini yellow mosaic virus,子叶变黄枯萎,Cotyledons turn yellow and wither,存在症状,ManifestAs
4529,西葫芦病毒病,Zucchini yellow mosaic virus,浓淡绿色相间的花叶,Light and dark green leaves,存在症状,ManifestAs
4530,西葫芦病毒病,Zucchini yellow mosaic virus,叶片呈现黄,The leaves turn yellow,存在症状,ManifestAs
4531,西葫芦病毒病,Zucchini yellow mosaic virus,绿相间花斑,Green and white spots,存在症状,ManifestAs
4532,西葫芦病毒病,Zucchini yellow mosaic virus,叶面凹凸不平,Uneven leaf surface,存在症状,ManifestAs
4533,西葫芦病毒病,Zucchini yellow mosaic virus,新叶畸形,Deformed new leaves,存在症状,ManifestAs
4534,西葫芦病毒病,Zucchini yellow mosaic virus,叶片皱缩,Leaf shrinkage,存在症状,ManifestAs
4535,西葫芦病毒病,Zucchini yellow mosaic virus,新叶狭长,New leaves are long and narrow,存在症状,ManifestAs
4536,西葫芦病毒病,Zucchini yellow mosaic virus,呈鸡爪状或线状,Chicken claw or line-shaped,存在症状,ManifestAs
4537,西葫芦病毒病,Zucchini yellow mosaic virus,瘤状突起,Tumor-like protrusion,存在症状,ManifestAs
4538,西葫芦曲霉病,Aspergillus,病部变褐色,The diseased part turns brown,存在症状,ManifestAs
4539,西葫芦曲霉病,Aspergillus,病部黑褐色,Diseased part dark brown,存在症状,ManifestAs
4540,西葫芦曲霉病,Aspergillus,黑色霉层,Black mold layer,存在症状,ManifestAs
4541,西葫芦镰刀菌果腐病,Fusarium solani,白色略带粉红色浓密霉层,White with slightly pink dense mildew,存在症状,ManifestAs
4542,西葫芦日灼病,Solarization,褪绿坏死,Chlorotic necrosis,存在症状,ManifestAs
4543,西葫芦日灼病,Solarization,浅黄白色至灰白色的革质坏死斑,Light yellowish white to off-white leathery necrotic spots,存在症状,ManifestAs
4544,西葫芦日灼病,Solarization,灰黑色霉状物,Gray-black mold,存在症状,ManifestAs
4545,西葫芦化瓜,Sclerotinia sclerotiorum,瓜胎变黄,Melon embryo turns yellow,存在症状,ManifestAs
4546,冬瓜白粉病,Erysiphe cichoracearum,白色近圆形星状小粉斑,White nearly round star-shaped small spots,存在症状,ManifestAs
4547,冬瓜白粉病,Erysiphe cichoracearum,边缘不明显的连片白粉,White powder with unclear edges,存在症状,ManifestAs
4548,冬瓜白粉病,Erysiphe cichoracearum,病叶黄枯,Diseased leaves turn yellow and dry,存在症状,ManifestAs
4549,冬瓜白粉病,Erysiphe cichoracearum,黄褐色小粒点,Small yellow-brown dots,存在症状,ManifestAs
4550,冬瓜黑星病,Alernaria cucumerina,黄白色近圆形斑,Yellowish white nearly circular spots,存在症状,ManifestAs
4551,冬瓜黑星病,Alernaria cucumerina,全叶干枯,All leaves dry,存在症状,ManifestAs
4552,冬瓜黑星病,Alernaria cucumerina,水渍状暗绿色梭形斑,Water-soaked dark green spindle-shaped spots,存在症状,ManifestAs
4553,冬瓜黑星病,Alernaria cucumerina,凹陷龟裂,Depression and cracking,存在症状,ManifestAs
4554,冬瓜黑星病,Alernaria cucumerina,灰黑色霉层,Gray-black mold layer,存在症状,ManifestAs
4555,冬瓜黑星病,Alernaria cucumerina,褪绿色近圆形斑,Faded green nearly circular spots,存在症状,ManifestAs
4556,冬瓜黑星病,Alernaria cucumerina,斑点呈小星状,Spots are small star-shaped,存在症状,ManifestAs
4557,冬瓜黑星病,Alernaria cucumerina,近圆形黄白色大病斑,Nearly round yellow-white large lesions,存在症状,ManifestAs
4558,冬瓜黑星病,Alernaria cucumerina,皱开裂呈小,Small wrinkle cracks,存在症状,ManifestAs
4559,冬瓜黑星病,Alernaria cucumerina,疮痂状病斑,Scabies,存在症状,ManifestAs
4560,冬瓜黑星病,Alernaria cucumerina,暗绿色凹陷斑,Dark green sunken spots,存在症状,ManifestAs
4561,冬瓜黑星病,Alernaria cucumerina,黑色霉层,Black mold layer,存在症状,ManifestAs
4562,冬瓜霜霉病,Pseudoperonospora cubensis,病斑为淡绿色,The lesions are light green,存在症状,ManifestAs
4563,冬瓜褐斑病,Mycosphaerella melonis,病斑圆形或不规则形,Lesions are round or irregular,存在症状,ManifestAs
4564,冬瓜褐斑病,Mycosphaerella melonis,小型,Small,存在症状,ManifestAs
4565,冬瓜褐斑病,Mycosphaerella melonis,病斑黄褐色,Lesions yellow-brown,存在症状,ManifestAs
4566,冬瓜褐斑病,Mycosphaerella melonis,病斑深黄褐色,Lesions dark yellow-brown,存在症状,ManifestAs
4567,冬瓜褐斑病,Mycosphaerella melonis,灰黑色霉状物,Gray-black mold,存在症状,ManifestAs
4568,冬瓜炭疽病,Colletotrichum orbiculare,水浸状小点,Water-soaked spots,存在症状,ManifestAs
4569,冬瓜炭疽病,Colletotrichum orbiculare,圆形褐色凹陷病斑,Round brown sunken spots,存在症状,ManifestAs
4570,冬瓜炭疽病,Colletotrichum orbiculare,粉红色粒状物,Pink granules,存在症状,ManifestAs
4571,冬瓜炭疽病,Colletotrichum orbiculare,皮下果肉变褐,The flesh under the skin turns brown,存在症状,ManifestAs
4572,冬瓜炭疽病,Colletotrichum orbiculare,mm褐色或,mm brown or,存在症状,ManifestAs
4573,冬瓜炭疽病,Colletotrichum orbiculare,周围有黄,Surrounded by yellow,存在症状,ManifestAs
4574,冬瓜炭疽病,Colletotrichum orbiculare,晕圈中,In a halo,存在症状,ManifestAs
4575,冬瓜炭疽病,Colletotrichum orbiculare,斑多时叶片干,"When there are many spots, the leaves are dry",存在症状,ManifestAs
4576,冬瓜叶斑病,Pseudomonas syringae,病斑圆形或近圆形,Lesions are round or nearly round,存在症状,ManifestAs
4577,冬瓜叶斑病,Pseudomonas syringae,深褐色,Dark Brown,存在症状,ManifestAs
4578,冬瓜叶斑病,Pseudomonas syringae,上有淡淡的轮纹,There are faint wheel patterns on it,存在症状,ManifestAs
4579,冬瓜叶斑病,Pseudomonas syringae,圆形至不规则形的病斑,Round to irregular lesions,存在症状,ManifestAs
4580,冬瓜叶斑病,Pseudomonas syringae,灰白色或较浅,Off-white or lighter,存在症状,ManifestAs
4581,冬瓜叶斑病,Pseudomonas syringae,黑色小粒点,Black small dots,存在症状,ManifestAs
4582,冬瓜疫病,Phytophthora capsici,暗绿色萎缩的病斑,Dark green shrunken spots,存在症状,ManifestAs
4583,冬瓜疫病,Phytophthora capsici,叶片萎蔫,Leaf wilting,存在症状,ManifestAs
4584,冬瓜疫病,Phytophthora capsici,病斑水渍状,Water-soaked lesions,存在症状,ManifestAs
4585,冬瓜疫病,Phytophthora capsici,圆形或不规则形,Round or irregular shape,存在症状,ManifestAs
4586,冬瓜疫病,Phytophthora capsici,整片叶腐烂,Whole leaf rot,存在症状,ManifestAs
4587,冬瓜疫病,Phytophthora capsici,白色霉层,White mold layer,存在症状,ManifestAs
4588,冬瓜枯萎病,Fusarium oxysporum,子叶不均匀黄化,Uneven yellowing of cotyledons,存在症状,ManifestAs
4589,冬瓜枯萎病,Fusarium oxysporum,根茎基部变褐,Browning of the rhizome base,存在症状,ManifestAs
4590,冬瓜枯萎病,Fusarium oxysporum,缢缩或猝倒,Constriction or cataplexy,存在症状,ManifestAs
4591,冬瓜枯萎病,Fusarium oxysporum,叶片褪绿,Leaf chlorosis,存在症状,ManifestAs
4592,冬瓜枯萎病,Fusarium oxysporum,叶片中午萎蔫,Leaves wilt at noon,存在症状,ManifestAs
4593,冬瓜枯萎病,Fusarium oxysporum,水浸褐色病斑,Water-soaked brown spots,存在症状,ManifestAs
4594,冬瓜枯萎病,Fusarium oxysporum,维管束呈水浸状变褐色,The vascular bundles are water-soaked and brown,存在症状,ManifestAs
4595,冬瓜枯萎病,Fusarium oxysporum,琥珀色胶状物溢出,Amber jelly overflow,存在症状,ManifestAs
4596,冬瓜枯萎病,Fusarium oxysporum,白色或粉红色霉状物,White or pink mold,存在症状,ManifestAs
4597,冬瓜枯萎病,Fusarium oxysporum,维管束呈黄褐色至深褐色,Vascular bundles are yellowish brown to dark brown,存在症状,ManifestAs
4598,冬瓜枯萎病,Fusarium oxysporum,半边枯萎,Half withered,存在症状,ManifestAs
4599,冬瓜枯萎病,Fusarium oxysporum,量的白色霉状物,Amount of white mold,存在症状,ManifestAs
4600,冬瓜蔓枯病,Mycosphaerella melonis,琥珀色胶状物,Amber jelly,存在症状,ManifestAs
4601,冬瓜蔓枯病,Mycosphaerella melonis,纵裂似乱麻状,Longitudinal cracks like tangled threads,存在症状,ManifestAs
4602,冬瓜蔓枯病,Mycosphaerella melonis,“V”字形或半圆形的黄褐色至淡褐色大病斑,Large yellow-brown to light-brown lesions that are "V"-shaped or semicircular,存在症状,ManifestAs
4603,冬瓜褐腐病,Phytophthora capsici,病花变褐腐败,Diseased flowers turn brown and rot,存在症状,ManifestAs
4604,冬瓜褐腐病,Phytophthora capsici,白色茸,White Velvet,存在症状,ManifestAs
4605,冬瓜褐腐病,Phytophthora capsici,灰黑色至黑色霉状物,Grayish black to black mold,存在症状,ManifestAs
4606,冬瓜绵腐病,Pythium aphanidermatum,茎变色变软,The stem changes color and becomes soft,存在症状,ManifestAs
4607,冬瓜绵腐病,Pythium aphanidermatum,黄褐色水浸状斑,Yellow-brown water-soaked spots,存在症状,ManifestAs
4608,冬瓜绵腐病,Pythium aphanidermatum,白色绵状物,White cotton,存在症状,ManifestAs
4609,冬瓜细菌性角斑病,Pseudomonas syringae,水浸状的小病斑,Small water-soaked spots,存在症状,ManifestAs
4610,冬瓜细菌性角斑病,Pseudomonas syringae,黄褐色,tan,存在症状,ManifestAs
4611,冬瓜细菌性角斑病,Pseudomonas syringae,带油光,With oily shine,存在症状,ManifestAs
4612,冬瓜细菌性角斑病,Pseudomonas syringae,乳白色菌脓,Milky white pus,存在症状,ManifestAs
4613,冬瓜细菌性角斑病,Pseudomonas syringae,病部腐烂折断,The diseased part rots and breaks,存在症状,ManifestAs
4614,冬瓜软腐病,Pectobacterium carotovorum,瓜呈水浸状,Melon is water-soaked,存在症状,ManifestAs
4615,冬瓜叶点霉叶斑病,Phyllosticta cucurbitacearum,圆形至不规则形的病斑,Round to irregular lesions,存在症状,ManifestAs
4616,冬瓜叶点霉叶斑病,Phyllosticta cucurbitacearum,灰白色或较浅,Off-white or lighter,存在症状,ManifestAs
4617,冬瓜叶点霉叶斑病,Phyllosticta cucurbitacearum,黑色小粒点,Black small dots,存在症状,ManifestAs
4618,冬瓜日灼病,Pseudomonas syringae,果皮呈黄白色或黄褐色,The fruit skin is yellowish white or yellowish brown,存在症状,ManifestAs
4619,冬瓜日灼病,Pseudomonas syringae,形状不规则,Irregular shape,存在症状,ManifestAs
4620,冬瓜日灼病,Pseudomonas syringae,斑面略皱缩,Slightly wrinkled surface,存在症状,ManifestAs
4621,冬瓜日灼病,Pseudomonas syringae,病部略向下陷,The diseased part is slightly sunken,存在症状,ManifestAs
4622,冬瓜裂果,Fusarium oxysporum,果实局部变质或腐烂,Partial deterioration or rot of the fruit,存在症状,ManifestAs
4623,冬瓜裂果,Fusarium oxysporum,呈放射状深裂,Deep radial cracks,存在症状,ManifestAs
4624,冬瓜裂果,Fusarium oxysporum,环状裂果,Ring-shaped fruit cracking,存在症状,ManifestAs
4625,冬瓜裂果,Fusarium oxysporum,呈环状开裂,Ring-shaped cracking,存在症状,ManifestAs
4626,冬瓜病毒病,Zucchini yellow mosaic virus,叶片变小或畸形,Small or misshapen leaves,存在症状,ManifestAs
4627,冬瓜病毒病,Zucchini yellow mosaic virus,病瓜畸形,Diseased melon deformity,存在症状,ManifestAs
4628,冬瓜病毒病,Zucchini yellow mosaic virus,泡状突起或浓淡斑驳状,Bubble-like protrusions or dark and light mottled,存在症状,ManifestAs
4629,冬瓜灰斑病,Pseudocercospora melonis,褪绿变黄病斑,Chlorotic and yellowing spots,存在症状,ManifestAs
4630,冬瓜灰斑病,Pseudocercospora melonis,长圆形至不规则形,Oblong to irregular,存在症状,ManifestAs
4631,冬瓜灰斑病,Pseudocercospora melonis,浅褐色至褐色,Light brown to brown,存在症状,ManifestAs
4632,冬瓜灰斑病,Pseudocercospora melonis,边缘褐色,Edge brown,存在症状,ManifestAs
4633,冬瓜灰斑病,Pseudocercospora melonis,出灰色毛状物,Gray hairy substance,存在症状,ManifestAs
4634,冬瓜立枯病,Rhizoctonia solani,褐色椭圆形或纺锤形凹陷斑,Brown oval or spindle-shaped sunken spots,存在症状,ManifestAs
4635,冬瓜立枯病,Rhizoctonia solani,叶片萎蔫,Leaf wilting,存在症状,ManifestAs
4636,冬瓜立枯病,Rhizoctonia solani,茎基部干缩,Shrinkage at the stem base,存在症状,ManifestAs
4637,冬瓜立枯病,Rhizoctonia solani,明显或不明显的轮纹,Obvious or not obvious wheel pattern,存在症状,ManifestAs
4638,冬瓜立枯病,Rhizoctonia solani,白色絮状霉层,White flocculent mold layer,存在症状,ManifestAs
4639,冬瓜立枯病,Rhizoctonia solani,淡褐色蜘蛛网状的菌丝,Light brown spider web-like hyphae,存在症状,ManifestAs
4640,冬瓜黑斑病,Alternaria cucumerina,水渍状小圆斑,Small round water-soaked spots,存在症状,ManifestAs
4641,冬瓜黑斑病,Alternaria cucumerina,深褐色至黑色病斑,Dark brown to black spots,存在症状,ManifestAs
4642,冬瓜绵疫病,Phytophthora capsici,黄褐色水渍状稍凹陷的病斑,"Yellowish brown water-soaked, slightly sunken spots",存在症状,ManifestAs
4643,冬瓜绵疫病,Phytophthora capsici,棉絮状白色霉层,Cotton-like white mold layer,存在症状,ManifestAs
4644,冬瓜绵疫病,Phytophthora capsici,病斑黄褐色,Lesions yellow-brown,存在症状,ManifestAs
4645,冬瓜绵疫病,Phytophthora capsici,白色霉层,White mold layer,存在症状,ManifestAs
4646,冬瓜菌核病,Sclerotinia sclerotiorum,呈水浸状腐烂,Waterlogged rot,存在症状,ManifestAs
4647,冬瓜菌核病,Sclerotinia sclerotiorum,白色菌丝,White mycelium,存在症状,ManifestAs
4648,冬瓜菌核病,Sclerotinia sclerotiorum,褪色水浸状病斑,Discolored water-soaked lesions,存在症状,ManifestAs
4649,冬瓜菌核病,Sclerotinia sclerotiorum,白色棉毛状菌丝,White cottony hyphae,存在症状,ManifestAs
4650,冬瓜菌核病,Sclerotinia sclerotiorum,纵裂干枯,Vertical cracks and dryness,存在症状,ManifestAs
4651,冬瓜菌核病,Sclerotinia sclerotiorum,黑色鼠粪状菌核,Black mouse-dung sclerotia,存在症状,ManifestAs
4652,冬瓜沤根,Pythium aphanidermatum,根皮发锈后腐烂,Root bark rusts and then rots,存在症状,ManifestAs
4653,冬瓜沤根,Pythium aphanidermatum,地上部萎蔫,Wilting of aboveground parts,存在症状,ManifestAs
4654,冬瓜沤根,Pythium aphanidermatum,地上部叶缘枯焦,The leaf margins above ground are scorched,存在症状,ManifestAs
4655,冬瓜沤根,Pythium aphanidermatum,成片干枯,Dry in patches,存在症状,ManifestAs
4656,冬瓜根腐病,Fusarium oxysporum,暂时性萎蔫,Temporary wilting,存在症状,ManifestAs
4657,冬瓜根腐病,Fusarium oxysporum,水浸状褐色病变,Water-soaked brown lesions,存在症状,ManifestAs
4658,黄蓟马,Thrips flavus,叶片变黄脱落,Leaves turn yellow and fall off,存在症状,ManifestAs
4659,黄蓟马,Thrips flavus,豆荚萎缩,Pod shrinkage,存在症状,ManifestAs
4660,黄蓟马,Thrips flavus,籽粒干瘪,Shriveled kernels,存在症状,ManifestAs
4661,瓠瓜霜霉病,Pseudoperonospora cubensis,黄绿色点状病斑,Yellow-green dot-like spots,存在症状,ManifestAs
4662,瓠瓜霜霉病,Pseudoperonospora cubensis,多角形的浅褐色病斑,Polygonal light brown spots,存在症状,ManifestAs
4663,瓠瓜霜霉病,Pseudoperonospora cubensis,灰黑色霉层,Gray-black mold layer,存在症状,ManifestAs
4664,瓠瓜霜霉病,Pseudoperonospora cubensis,叶片干枯,Dry leaves,存在症状,ManifestAs
4665,瓠瓜白粉病,Erysiphe cichoracearum,近圆形白色小粉斑,Small nearly circular white spots,存在症状,ManifestAs
4666,瓠瓜白粉病,Erysiphe cichoracearum,边缘不明显的大片白粉区,Large white powdery area with unclear edges,存在症状,ManifestAs
4667,瓠瓜白粉病,Erysiphe cichoracearum,全叶布满白粉,The whole leaf is covered with white powder,存在症状,ManifestAs
4668,瓠瓜白粉病,Erysiphe cichoracearum,叶缘干,Leaf edge stem,存在症状,ManifestAs
4669,瓠瓜白粉病,Erysiphe cichoracearum,叶片卷曲,Leaf curling,存在症状,ManifestAs
4670,瓠瓜白粉病,Erysiphe cichoracearum,边缘不明显的黄色圆斑,Yellow round spots with unclear edges,存在症状,ManifestAs
4671,瓠瓜白粉病,Erysiphe cichoracearum,白色粉状斑,White powdery spots,存在症状,ManifestAs
4672,瓠瓜白粉病,Erysiphe cichoracearum,浅灰褐色,Light gray brown,存在症状,ManifestAs
4673,瓠瓜白粉病,Erysiphe cichoracearum,黑褐色小粒点,Dark brown small spots,存在症状,ManifestAs
4674,瓠瓜炭疽病,Colletotrichum orbiculare,淡黄色病斑,Pale yellow spots,存在症状,ManifestAs
4675,瓠瓜炭疽病,Colletotrichum orbiculare,mm边缘,mm edge,存在症状,ManifestAs
4676,瓠瓜炭疽病,Colletotrichum orbiculare,病斑为梭形,The lesions are spindle-shaped,存在症状,ManifestAs
4677,瓠瓜炭疽病,Colletotrichum orbiculare,淡褐色,Light brown,存在症状,ManifestAs
4678,瓠瓜炭疽病,Colletotrichum orbiculare,水浸状小点,Water-soaked spots,存在症状,ManifestAs
4679,瓠瓜炭疽病,Colletotrichum orbiculare,淡绿色,Light green,存在症状,ManifestAs
4680,瓠瓜炭疽病,Colletotrichum orbiculare,近圆形的深褐色病斑,Nearly circular dark brown spots,存在症状,ManifestAs
4681,瓠瓜灰霉病,Botrytis cinerea,浓密的灰绿色霉,Dense gray-green mold,存在症状,ManifestAs
4682,瓠瓜灰霉病,Botrytis cinerea,茎部的腐烂,Stem rot,存在症状,ManifestAs
4683,瓠瓜灰霉病,Botrytis cinerea,植株枯死,Plant death,存在症状,ManifestAs
4684,瓠瓜灰霉病,Botrytis cinerea,大型近圆形至不规则形病斑,"Large, nearly circular to irregular lesions",存在症状,ManifestAs
4685,瓠瓜枯萎病,Fusarium oxysporum,呈水浸状淡褐色斑,Water-soaked light brown spots,存在症状,ManifestAs
4686,瓠瓜枯萎病,Fusarium oxysporum,呈淡褐色或不明显,Light brown or not obvious,存在症状,ManifestAs
4687,瓠瓜枯萎病,Fusarium oxysporum,白色或粉红色霉状物,White or pink mold,存在症状,ManifestAs
4688,瓠瓜枯萎病,Fusarium oxysporum,琥珀色胶质物,Amber colloid,存在症状,ManifestAs
4689,瓠瓜枯萎病,Fusarium oxysporum,维管束变褐色,Vascular bundles turn brown,存在症状,ManifestAs
4690,瓠瓜枯萎病,Fusarium oxysporum,叶片陆续萎蔫,Leaves gradually wilt,存在症状,ManifestAs
4691,瓠瓜枯萎病,Fusarium oxysporum,枝叶枯萎,Withering of branches and leaves,存在症状,ManifestAs
4692,瓠瓜枯萎病,Fusarium oxysporum,叶片或分枝不萎蔫,No wilting of leaves or branches,存在症状,ManifestAs
4693,瓠瓜褐腐病,Choanephora cucurbitarum,白色茸,White Velvet,存在症状,ManifestAs
4694,瓠瓜褐腐病,Choanephora cucurbitarum,灰白色至黑色头状物,Grayish white to black head,存在症状,ManifestAs
4695,瓠瓜褐腐病,Choanephora cucurbitarum,果实变褐色至黑褐色,Fruit turns brown to dark brown,存在症状,ManifestAs
4696,瓠瓜绵腐病,Pythium aphanidermatum,褐色水浸状,Brown water-soaked,存在症状,ManifestAs
4697,瓠瓜绵腐病,Pythium aphanidermatum,白色菌丝,White mycelium,存在症状,ManifestAs
4698,瓠瓜细菌性角斑病,Pseudomonas syringae,病斑圆形或多角形,Lesions are round or polygonal,存在症状,ManifestAs
4699,瓠瓜细菌性角斑病,Pseudomonas syringae,水浸状,Waterlogged,存在症状,ManifestAs
4700,瓠瓜细菌性角斑病,Pseudomonas syringae,灰白色至灰褐色,Off-white to gray-brown,存在症状,ManifestAs
4701,瓠瓜细菌性角斑病,Pseudomonas syringae,圆形或近圆形水浸状凹陷斑,Circular or nearly circular water-soaked spots,存在症状,ManifestAs
4702,瓠瓜细菌性角斑病,Pseudomonas syringae,绿褐色,Green brown,存在症状,ManifestAs
4703,瓠瓜细菌性角斑病,Pseudomonas syringae,黑褐色大斑,Dark brown spots,存在症状,ManifestAs
4704,瓠瓜细菌性角斑病,Pseudomonas syringae,皮层腐烂或开裂,Cortical rot or cracking,存在症状,ManifestAs
4705,瓠瓜褐斑病,Mycosphaerella melonis,黄褐色至棕黄褐色病斑,Yellowish brown to brownish brown spots,存在症状,ManifestAs
4706,瓠瓜褐斑病,Mycosphaerella melonis,浅黄色至黄色晕环,Light yellow to yellow halo,存在症状,ManifestAs
4707,瓠瓜蔓枯病,Didymella bryoniae,长梭形灰白色至褐色条斑,Long spindle-shaped grayish white to brown stripes,存在症状,ManifestAs
4708,瓠瓜蔓枯病,Didymella bryoniae,长条形斑,Long stripe spots,存在症状,ManifestAs
4709,瓠瓜蔓枯病,Didymella bryoniae,不整齐褪绿病斑,Irregular chlorotic spots,存在症状,ManifestAs
4710,瓠瓜蔓枯病,Didymella bryoniae,浅黄褐色,Light brown,存在症状,ManifestAs
4711,瓠瓜蔓枯病,Didymella bryoniae,边缘深褐色,Dark brown edge,存在症状,ManifestAs
4712,瓠瓜病毒病,Zucchini yellow mosaic virus,浓淡不均的嵌花斑,Uneven mosaic patterns,存在症状,ManifestAs
4713,瓠瓜病毒病,Zucchini yellow mosaic virus,呈深,Deep,存在症状,ManifestAs
4714,瓠瓜病毒病,Zucchini yellow mosaic virus,病叶小,Small diseased leaves,存在症状,ManifestAs
4715,瓠瓜病毒病,Zucchini yellow mosaic virus,略皱缩或畸形,Slightly wrinkled or deformed,存在症状,ManifestAs
4716,瓠瓜病毒病,Zucchini yellow mosaic virus,明显的黄绿嵌纹,Obvious yellow-green mosaic,存在症状,ManifestAs
4717,瓠瓜病毒病,Zucchini yellow mosaic virus,绿色部分皱褶凸起,Green part wrinkled and raised,存在症状,ManifestAs
4718,瓠瓜果斑病,Acidovorax avenae,病斑圆形或近圆形,Lesions are round or nearly round,存在症状,ManifestAs
4719,瓠瓜果斑病,Acidovorax avenae,褐色至深褐色,Brown to dark brown,存在症状,ManifestAs
4720,瓠瓜化瓜,Mycosphaerella melonis,瓜胎变黄,Melon embryo turns yellow,存在症状,ManifestAs
4721,丝瓜霜霉病,Pseudoperonospora cubensis,不规则的褐黄色病斑,Irregular brownish-yellow spots,存在症状,ManifestAs
4722,丝瓜霜霉病,Pseudoperonospora cubensis,多角形的黄褐色病斑,Polygonal yellow-brown spots,存在症状,ManifestAs
4723,丝瓜霜霉病,Pseudoperonospora cubensis,灰黑色霉层,Gray-black mold layer,存在症状,ManifestAs
4724,丝瓜霜霉病,Pseudoperonospora cubensis,叶片枯死,Leaf death,存在症状,ManifestAs
4725,丝瓜白粉病,Erysiphe cichoracearum,白色粉状圆斑,White powdery round spots,存在症状,ManifestAs
4726,丝瓜白粉病,Erysiphe cichoracearum,白粉状霉,Powdery mildew,存在症状,ManifestAs
4727,丝瓜白粉病,Erysiphe cichoracearum,病部变黄干枯,The diseased part turns yellow and dries up,存在症状,ManifestAs
4728,丝瓜白斑病,Pseudoperonospora cubensis,湿润状白色斑点,Wet white spots,存在症状,ManifestAs
4729,丝瓜白斑病,Pseudoperonospora cubensis,黄白色至灰白色或黄褐色病斑,Yellowish white to grayish white or yellowish brown spots,存在症状,ManifestAs
4730,丝瓜白斑病,Pseudoperonospora cubensis,边缘紫色至深褐色,Purple to dark brown edges,存在症状,ManifestAs
4731,丝瓜白斑病,Pseudoperonospora cubensis,全叶变黄枯死,All leaves turn yellow and die,存在症状,ManifestAs
4732,丝瓜枯萎病,Fusarium oxysporum,子叶先变黄,Cotyledons turn yellow first,存在症状,ManifestAs
4733,丝瓜枯萎病,Fusarium oxysporum,叶片萎蔫下垂,Leaves wilt and droop,存在症状,ManifestAs
4734,丝瓜枯萎病,Fusarium oxysporum,似缺水状,Like lack of water,存在症状,ManifestAs
4735,丝瓜枯萎病,Fusarium oxysporum,维管束变褐,Browning of vascular bundles,存在症状,ManifestAs
4736,丝瓜枯萎病,Fusarium oxysporum,白色或粉红色霉状物,White or pink mold,存在症状,ManifestAs
4737,丝瓜枯萎病,Fusarium oxysporum,琥珀色胶质物,Amber colloid,存在症状,ManifestAs
4738,丝瓜蔓枯病,Mycosphaerella melonis,褐色病斑,Brown spots,存在症状,ManifestAs
4739,丝瓜蔓枯病,Mycosphaerella melonis,圆形或近圆形,Round or nearly round,存在症状,ManifestAs
4740,丝瓜蔓枯病,Mycosphaerella melonis,病斑椭圆形,Lesion oval,存在症状,ManifestAs
4741,丝瓜蔓枯病,Mycosphaerella melonis,边缘褐色,Edge brown,存在症状,ManifestAs
4742,丝瓜蔓枯病,Mycosphaerella melonis,琥珀色树脂胶质状物,Amber resin colloid,存在症状,ManifestAs
4743,丝瓜蔓枯病,Mycosphaerella melonis,病斑近圆形,Nearly circular lesions,存在症状,ManifestAs
4744,丝瓜蔓枯病,Mycosphaerella melonis,灰白色,Off-white,存在症状,ManifestAs
4745,丝瓜蔓枯病,Mycosphaerella melonis,不规则的褪绿斑,Irregular chlorotic spots,存在症状,ManifestAs
4746,丝瓜绵腐病,Pythium aphanidermatum,水渍状斑点,Water-soaked spots,存在症状,ManifestAs
4747,丝瓜绵腐病,Pythium aphanidermatum,黄色或褐色水浸状大病斑,Large yellow or brown water-soaked lesions,存在症状,ManifestAs
4748,丝瓜绵腐病,Pythium aphanidermatum,白色棉絮状菌丝体,White cotton-like mycelium,存在症状,ManifestAs
4749,丝瓜绵腐病,Pythium aphanidermatum,全果腐烂,Whole fruit rot,存在症状,ManifestAs
4750,丝瓜细菌性角斑病,Pseudomonas syringae,透明状小斑点,Transparent small spots,存在症状,ManifestAs
4751,丝瓜细菌性角斑病,Pseudomonas syringae,具黄色晕圈的灰褐色斑,Gray-brown spots with yellow halos,存在症状,ManifestAs
4752,丝瓜细菌性角斑病,Pseudomonas syringae,中央变褐或呈灰白色穿孔破裂,The center is brown or grayish white with holes and cracks,存在症状,ManifestAs
4753,丝瓜细菌性角斑病,Pseudomonas syringae,乳白色菌脓,Milky white pus,存在症状,ManifestAs
4754,丝瓜细菌性角斑病,Pseudomonas syringae,白色菌脓,White pus,存在症状,ManifestAs
4755,丝瓜病毒病,Cmv,叶面不平整的泡斑,Uneven bubble spots on the leaves,存在症状,ManifestAs
4756,丝瓜病毒病,Cmv,叶片明显皱缩,Leaves are noticeably wrinkled,存在症状,ManifestAs
4757,丝瓜病毒病,Cmv,黄色环斑或黄绿相间花叶,Yellow ring spots or yellow-green mosaic leaves,存在症状,ManifestAs
4758,丝瓜病毒病,Cmv,叶片变硬,Hardening of leaves,存在症状,ManifestAs
4759,丝瓜病毒病,Cmv,叶缘缺刻加深,Deepening of leaf margin notch,存在症状,ManifestAs
4760,丝瓜炭疽病,Colletotrichum orbiculare,近圆形小斑点,Small nearly round spots,存在症状,ManifestAs
4761,丝瓜炭疽病,Colletotrichum orbiculare,淡黄色,Light yellow,存在症状,ManifestAs
4762,丝瓜炭疽病,Colletotrichum orbiculare,植株枯萎死亡,Plants wither and die,存在症状,ManifestAs
4763,丝瓜炭疽病,Colletotrichum orbiculare,病斑为椭圆形,The lesion is oval,存在症状,ManifestAs
4764,丝瓜炭疽病,Colletotrichum orbiculare,深褐色凹陷,Dark brown depression,存在症状,ManifestAs
4765,丝瓜炭疽病,Colletotrichum orbiculare,呈水浸状圆形病斑,Water-soaked circular lesions,存在症状,ManifestAs
4766,丝瓜炭疽病,Colletotrichum orbiculare,近粉红色黏液,Nearly pink mucus,存在症状,ManifestAs
4767,丝瓜褐斑病,Mycosphaerella citrullina,病斑褐色至灰褐色,Lesions brown to grayish brown,存在症状,ManifestAs
4768,丝瓜褐斑病,Mycosphaerella citrullina,圆形或不规则形,Round or irregular shape,存在症状,ManifestAs
4769,丝瓜褐斑病,Mycosphaerella citrullina,现出褪绿至黄色晕圈,A green to yellow halo appears,存在症状,ManifestAs
4770,丝瓜褐斑病,Mycosphaerella citrullina,银灰色光泽,Silver gray luster,存在症状,ManifestAs
4771,丝瓜疫病,Phytophthora blight,病斑凹陷,Lesion depression,存在症状,ManifestAs
4772,丝瓜疫病,Phytophthora blight,水渍状暗绿色,Water-stained dark green,存在症状,ManifestAs
4773,丝瓜疫病,Phytophthora blight,白色霉状物,White mold,存在症状,ManifestAs
4774,丝瓜疫病,Phytophthora blight,暗褐色,Dark brown,存在症状,ManifestAs
4775,丝瓜疫病,Phytophthora blight,水渍状黄褐色斑,Water-soaked brown spots,存在症状,ManifestAs
4776,丝瓜疫病,Phytophthora blight,白色霉层,White mold layer,存在症状,ManifestAs
4777,丝瓜疫病,Phytophthora blight,呈青白色,Bluish white,存在症状,ManifestAs
4778,丝瓜轮纹斑病,Mycosphaerella melonis,初呈水渍状褐色斑,Initially appear as water-stained brown spots,存在症状,ManifestAs
4779,丝瓜轮纹斑病,Mycosphaerella melonis,边缘呈波纹状,The edge is corrugated,存在症状,ManifestAs
4780,丝瓜轮纹斑病,Mycosphaerella melonis,同心轮纹状,Concentric wheel pattern,存在症状,ManifestAs
4781,丝瓜轮纹斑病,Mycosphaerella melonis,污灰色菌丝,Dirty gray mycelium,存在症状,ManifestAs
4782,丝瓜轮纹斑病,Mycosphaerella melonis,黑色小粒点,Black small dots,存在症状,ManifestAs
4783,丝瓜果腐病,Fusarium oxysporum,白色霉层,White mold layer,存在症状,ManifestAs
4784,丝瓜果腐病,Fusarium oxysporum,蓝黑色菌丝状物,Blue-black mycelium,存在症状,ManifestAs
4785,丝瓜果腐病,Fusarium oxysporum,果实腐烂,Fruit rot,存在症状,ManifestAs
4786,丝瓜根结线虫病,Meloidogyne incognita,植株发黄矮小,Yellowing and stunted plants,存在症状,ManifestAs
4787,丝瓜根结线虫病,Meloidogyne incognita,白色细小的梨状雌虫,"White, tiny, pear-shaped female insect",存在症状,ManifestAs
4788,节瓜蓟马,Thrips palmi,叶卷缩,Leaf curling,存在症状,ManifestAs
4789,节瓜蓟马,Thrips palmi,幼果畸形,Young fruit deformity,存在症状,ManifestAs
4790,节瓜蓟马,Thrips palmi,瓜皮粗糙有斑痕,Rough and scarred melon skin,存在症状,ManifestAs
4791,节瓜蓟马,Thrips palmi,褐色波纹,Brown ripples,存在症状,ManifestAs
4792,节瓜蓟马,Thrips palmi,呈畸形,Deformed,存在症状,ManifestAs
4793,南瓜黑星病,Cladosporium cucumerinum,黄白色近圆形斑,Yellowish white nearly circular spots,存在症状,ManifestAs
4794,南瓜黑星病,Cladosporium cucumerinum,污绿色近圆形斑点,Dirty green nearly circular spots,存在症状,ManifestAs
4795,南瓜黑星病,Cladosporium cucumerinum,留下黑色边缘的星状孔,Leaving a star-shaped hole with a black edge,存在症状,ManifestAs
4796,南瓜黑星病,Cladosporium cucumerinum,疮痂状病斑,Scabies,存在症状,ManifestAs
4797,南瓜黑星病,Cladosporium cucumerinum,灰黑色霉层,Gray-black mold layer,存在症状,ManifestAs
4798,南瓜黑星病,Cladosporium cucumerinum,暗绿色凹陷斑,Dark green sunken spots,存在症状,ManifestAs
4799,南瓜黑星病,Cladosporium cucumerinum,病部呈疮痂状,The affected area is scab-like,存在症状,ManifestAs
4800,南瓜疫病,Phytophthora capsici,茎和果实腐烂,Stem and fruit rot,存在症状,ManifestAs
4801,南瓜疫病,Phytophthora capsici,叶片发黄,Yellowing leaves,存在症状,ManifestAs
4802,南瓜疫病,Phytophthora capsici,全株萎蔫枯死,The whole plant wilts and dies,存在症状,ManifestAs
4803,南瓜疫病,Phytophthora capsici,病部初呈水渍状,The diseased part initially appears as water stains,存在症状,ManifestAs
4804,南瓜疫病,Phytophthora capsici,淡褐色,Light brown,存在症状,ManifestAs
4805,南瓜疫病,Phytophthora capsici,粉状的白色小点,Powdery white dots,存在症状,ManifestAs
4806,南瓜疫病,Phytophthora capsici,叶片呈暗绿色水渍状腐烂,Leaves are dark green and water-soaked and rotten,存在症状,ManifestAs
4807,南瓜疫病,Phytophthora capsici,圆形或不规则的大病斑,Large round or irregular lesions,存在症状,ManifestAs
4808,南瓜疫病,Phytophthora capsici,呈暗绿色水渍状腐烂,Dark green water-soaked rot,存在症状,ManifestAs
4809,南瓜疫病,Phytophthora capsici,圆形暗色水浸状斑,Round dark water-soaked spots,存在症状,ManifestAs
4810,南瓜白粉病,Erysiphe cichoracearum,近圆形白色粉状小霉点,Nearly round white powdery small mold spots,存在症状,ManifestAs
4811,南瓜白粉病,Erysiphe cichoracearum,叶片干枯卷缩,Leaves dry and curled,存在症状,ManifestAs
4812,南瓜枯萎病,Fusarium oxysporum,子叶先变黄,Cotyledons turn yellow first,存在症状,ManifestAs
4813,南瓜枯萎病,Fusarium oxysporum,幼苗萎蔫或枯萎,Wilting or withering of seedlings,存在症状,ManifestAs
4814,南瓜枯萎病,Fusarium oxysporum,茎部变褐缢缩或呈立枯状,The stem turns brown and shrinks or dies back,存在症状,ManifestAs
4815,南瓜枯萎病,Fusarium oxysporum,株叶片枯萎下,The leaves withered,存在症状,ManifestAs
4816,南瓜枯萎病,Fusarium oxysporum,褐色病斑,Brown spots,存在症状,ManifestAs
4817,南瓜枯萎病,Fusarium oxysporum,病根变褐腐烂,Roots turn brown and rot,存在症状,ManifestAs
4818,南瓜枯萎病,Fusarium oxysporum,茎基部纵裂,Longitudinal fissure at stem base,存在症状,ManifestAs
4819,南瓜枯萎病,Fusarium oxysporum,维管束变褐,Browning of vascular bundles,存在症状,ManifestAs
4820,南瓜白绢病,Sclerotium rolfsii,病部呈暗褐色,The diseased part is dark brown,存在症状,ManifestAs
4821,南瓜白绢病,Sclerotium rolfsii,白色菌丝,White mycelium,存在症状,ManifestAs
4822,南瓜白绢病,Sclerotium rolfsii,菌丝呈辐射状,Mycelium is radiating,存在症状,ManifestAs
4823,南瓜白绢病,Sclerotium rolfsii,茶褐色小菌核,Small brown sclerotia,存在症状,ManifestAs
4824,南瓜病毒病,Cucurbita moschata,叶片黄绿相间,Yellow-green leaves,存在症状,ManifestAs
4825,南瓜病毒病,Cucurbita moschata,绿色部分凸起,Green part raised,存在症状,ManifestAs
4826,南瓜病毒病,Cucurbita moschata,植株矮化,Plant dwarfing,存在症状,ManifestAs
4827,南瓜病毒病,Cucurbita moschata,果实小而畸形,Small and misshapen fruit,存在症状,ManifestAs
4828,南瓜病毒病,Cucurbita moschata,瘤状突起,Tumor-like protrusion,存在症状,ManifestAs
4829,南瓜病毒病,Cucurbita moschata,果面凹凸不平,Uneven fruit surface,存在症状,ManifestAs
4830,南瓜病毒病,Cucurbita moschata,呈鸡爪,Chicken feet,存在症状,ManifestAs
4831,南瓜病毒病,Cucurbita moschata,叶片皱缩呈鸡冠状,The leaves are wrinkled and cockscomb-shaped,存在症状,ManifestAs
4832,南瓜病毒病,Cucurbita moschata,顶端皱缩,Top wrinkle,存在症状,ManifestAs
4833,南瓜病毒病,Cucurbita moschata,叶片发黄,Yellowing leaves,存在症状,ManifestAs
4834,南瓜病毒病,Cucurbita moschata,逐渐干枯死亡,Gradually drying up and dying,存在症状,ManifestAs
4835,南瓜病毒病,Cucurbita moschata,新叶斑驳,Mottled new leaves,存在症状,ManifestAs
4836,南瓜病毒病,Cucurbita moschata,叶片向下卷曲,Leaves curl downward,存在症状,ManifestAs
4837,南瓜病毒病,Cucurbita moschata,果实发白,Fruit turns white,存在症状,ManifestAs
4838,南瓜病毒病,Cucurbita moschata,淡淡的绿色,Light green,存在症状,ManifestAs
4839,南瓜病毒病,Cucurbita moschata,叶脉带绿,Green veins,存在症状,ManifestAs
4840,南瓜病毒病,Cucurbita moschata,叶片畸形,Leaf deformity,存在症状,ManifestAs
4841,南瓜病毒病,Cucurbita moschata,花叶明显,Obvious floral leaves,存在症状,ManifestAs
4842,南瓜病毒病,Cucurbita moschata,叶缘坏死,Leaf margin necrosis,存在症状,ManifestAs
4843,南瓜病毒病,Cucurbita moschata,瘤状凸凹不平,Tumor-like uneven,存在症状,ManifestAs
4844,南瓜病毒病,Cucurbita moschata,叶缘向上卷曲,Leaf margins curl upward,存在症状,ManifestAs
4845,南瓜病毒病,Cucurbita moschata,叶脉变厚,Thickened leaf veins,存在症状,ManifestAs
4846,南瓜病毒病,Cucurbita moschata,脉间斑驳,Mottled intervein,存在症状,ManifestAs
4847,南瓜病毒病,Cucurbita moschata,果实畸形,Fruit deformity,存在症状,ManifestAs
4848,南瓜斑点病,Mycosphaerella cucurbitae,病斑圆形或不定形,Lesions are round or irregular,存在症状,ManifestAs
4849,南瓜斑点病,Mycosphaerella cucurbitae,边缘黑褐色,Dark brown edge,存在症状,ManifestAs
4850,南瓜斑点病,Mycosphaerella cucurbitae,呈黑褐色腐烂,Dark brown rot,存在症状,ManifestAs
4851,南瓜霜霉病,Pseudoperonospora cubensis,淡绿色病斑,Light green spots,存在症状,ManifestAs
4852,南瓜霜霉病,Pseudoperonospora cubensis,可见淡灰色稀疏的菌丛,Light grey sparse bacterial colonies can be seen,存在症状,ManifestAs
4853,南瓜角斑病,Pseudomonas syringae,半透明状,Translucent,存在症状,ManifestAs
4854,南瓜角斑病,Pseudomonas syringae,不规则形或多角形,Irregular or polygonal,存在症状,ManifestAs
4855,南瓜角斑病,Pseudomonas syringae,叶背面呈水浸状,Water-soaked underside of leaves,存在症状,ManifestAs
4856,南瓜角斑病,Pseudomonas syringae,大型不规则斑,Large irregular spots,存在症状,ManifestAs
4857,南瓜角斑病,Pseudomonas syringae,变褐或龟裂,Browning or cracking,存在症状,ManifestAs
4858,南瓜角斑病,Pseudomonas syringae,黏质琥珀色物质,Viscous amber substance,存在症状,ManifestAs
4859,南瓜灰斑病,Cercospora citrullina,呈水渍状灰白色软腐,Grayish white soft rot with water stains,存在症状,ManifestAs
4860,南瓜灰斑病,Cercospora citrullina,灰色绒状霉层,Gray velvety mildew,存在症状,ManifestAs
4861,南瓜灰斑病,Cercospora citrullina,黑褐色粪状菌核,Dark brown fecal sclerotia,存在症状,ManifestAs
4862,南瓜灰斑病,Cercospora citrullina,水渍状小点,Water stains,存在症状,ManifestAs
4863,南瓜灰斑病,Cercospora citrullina,条形病斑,Stripe lesions,存在症状,ManifestAs
4864,南瓜灰斑病,Cercospora citrullina,灰色霉层,Gray mold layer,存在症状,ManifestAs
4865,南瓜黑斑病,Alternaria cucumerina,不明显轮纹的褐斑,Brown spots with unclear ring patterns,存在症状,ManifestAs
4866,南瓜黑斑病,Alternaria cucumerina,黑色霉状物,Black mold,存在症状,ManifestAs
4867,南瓜黑斑病,Alternaria cucumerina,果实腐烂,Fruit rot,存在症状,ManifestAs
4868,南瓜炭疽病,Colletotrichum orbiculare,褐色圆形病斑,Brown circular spots,存在症状,ManifestAs
4869,南瓜炭疽病,Colletotrichum orbiculare,紫黑色晕圈,Purple-black halo,存在症状,ManifestAs
4870,南瓜炭疽病,Colletotrichum orbiculare,病斑长圆形凹陷,Lesions oblong depression,存在症状,ManifestAs
4871,南瓜炭疽病,Colletotrichum orbiculare,初呈水浸状黄褐色,Initially water-soaked yellowish brown,存在症状,ManifestAs
4872,南瓜炭疽病,Colletotrichum orbiculare,呈暗绿色水浸状小斑点,Dark green water-soaked spots,存在症状,ManifestAs
4873,南瓜炭疽病,Colletotrichum orbiculare,呈圆形或椭圆形,Round or oval,存在症状,ManifestAs
4874,南瓜炭疽病,Colletotrichum orbiculare,暗褐至黑褐色,Dark brown to dark brown,存在症状,ManifestAs
4875,南瓜炭疽病,Colletotrichum orbiculare,红色黏质物,Red slime,存在症状,ManifestAs
4876,南瓜蔓枯病,Didymella bryoniae,圆形或“V”字形,Round or "V" shape,存在症状,ManifestAs
4877,南瓜蔓枯病,Didymella bryoniae,黄褐色至黑褐色病斑,Yellowish brown to dark brown spots,存在症状,ManifestAs
4878,南瓜蔓枯病,Didymella bryoniae,水渍状,Water stain,存在症状,ManifestAs
4879,南瓜蔓枯病,Didymella bryoniae,长圆形斑点,Oblong spots,存在症状,ManifestAs
4880,南瓜蔓枯病,Didymella bryoniae,灰褐色,Taupe,存在症状,ManifestAs
4881,南瓜蔓枯病,Didymella bryoniae,边缘褐色,Edge brown,存在症状,ManifestAs
4882,南瓜蔓枯病,Didymella bryoniae,琥珀色的树脂状胶质物,Amber resinous colloid,存在症状,ManifestAs
4883,南瓜蔓枯病,Didymella bryoniae,近圆形灰白色斑,Nearly round grayish white spots,存在症状,ManifestAs
4884,南瓜蔓枯病,Didymella bryoniae,不规则褪绿或黄色圆斑,Irregular chlorotic or yellow circular spots,存在症状,ManifestAs
4885,南瓜根结线虫病,Meloidogyne incognita,叶缘发黄或枯焦,Yellowing or scorching of leaf edges,存在症状,ManifestAs
4886,南瓜根结线虫病,Meloidogyne incognita,黄白色卵圆形雌线血,Yellowish white oval female blood,存在症状,ManifestAs
4887,南瓜斑枯病,Mycosphaerella cucurbitacearum,病斑多角形,Polygonal lesion,存在症状,ManifestAs
4888,南瓜斑枯病,Mycosphaerella cucurbitacearum,显中心稍下凹,Slightly concave in the center,存在症状,ManifestAs
4889,南瓜斑枯病,Mycosphaerella cucurbitacearum,叶片早枯,Early leaf withering,存在症状,ManifestAs
4890,南瓜根霉果腐病,Rhizopus stolonifer,黑色小点,Black dots,存在症状,ManifestAs
4891,南瓜根霉果腐病,Rhizopus stolonifer,病果腐烂,Fruit rot,存在症状,ManifestAs
4892,南瓜细菌性缘枯病,Pseudomonas syringae,水浸状小斑点,Small water-soaked spots,存在症状,ManifestAs
4893,南瓜细菌性缘枯病,Pseudomonas syringae,淡褐色不规则形斑,Light brown irregular spots,存在症状,ManifestAs
4894,南瓜细菌性缘枯病,Pseudomonas syringae,大型水浸状病斑,Large water-soaked lesions,存在症状,ManifestAs
4895,南瓜细菌性缘枯病,Pseudomonas syringae,水浸状病斑,Water-soaked lesions,存在症状,ManifestAs
4896,南瓜细菌性缘枯病,Pseudomonas syringae,果实黄化凋萎,Fruit yellowing and wilting,存在症状,ManifestAs
4897,南瓜银叶病,Bemisia argentifolii,株型偏矮,Short plant type,存在症状,ManifestAs
4898,南瓜银叶病,Bemisia argentifolii,叶片下垂,Leaf droop,存在症状,ManifestAs
4899,南瓜银叶病,Bemisia argentifolii,白色小点,White dots,存在症状,ManifestAs
4900,南瓜银叶病,Bemisia argentifolii,银色亮白色,Silver Bright White,存在症状,ManifestAs
4901,南瓜银叶病,Bemisia argentifolii,银白色膜,Silvery white film,存在症状,ManifestAs
4902,南瓜银叶病,Bemisia argentifolii,叶变薄,Thinning of leaves,存在症状,ManifestAs
4903,南瓜银叶病,Bemisia argentifolii,叶柄变白发亮,The petiole turns white and shiny,存在症状,ManifestAs
4904,南瓜银叶病,Bemisia argentifolii,呈半透明状,Translucent,存在症状,ManifestAs
4905,南瓜银叶病,Bemisia argentifolii,幼瓜变白,Young melon turns white,存在症状,ManifestAs
4906,南瓜化瓜,Sclerotinia sclerotiorum,南瓜落瓜落蕾,Pumpkin buds falling off,存在症状,ManifestAs
4907,飞碟瓜病毒病,Zucchiniyellowmosaicvirus,植株黄化矮缩,Plant yellowing and dwarfing,存在症状,ManifestAs
4908,飞碟瓜病毒病,Zucchiniyellowmosaicvirus,明脉及褪绿斑点,Bright veins and chlorotic spots,存在症状,ManifestAs
4909,飞碟瓜病毒病,Zucchiniyellowmosaicvirus,叶片呈蕨叶状,Fern-like leaves,存在症状,ManifestAs
4910,飞碟瓜病毒病,Zucchiniyellowmosaicvirus,黄绿斑点,Yellow-green spots,存在症状,ManifestAs
4911,飞碟瓜根霉果腐病,Rhizopus stolonifer,白色略带粉红色浓密霉层,White with slightly pink dense mildew,存在症状,ManifestAs
4912,飞碟瓜灰霉病,Botrytis cinerea,浓密的灰绿色霉,Dense gray-green mold,存在症状,ManifestAs
4913,飞碟瓜灰霉病,Botrytis cinerea,大型近圆形至不规则形病斑,"Large, nearly circular to irregular lesions",存在症状,ManifestAs
4914,飞碟瓜枯萎病,Fusarium oxysporum,株叶片枯萎下,The leaves withered,存在症状,ManifestAs
4915,飞碟瓜枯萎病,Fusarium oxysporum,褐色病斑,Brown spots,存在症状,ManifestAs
4916,飞碟瓜枯萎病,Fusarium oxysporum,病根变褐腐烂,Roots turn brown and rot,存在症状,ManifestAs
4917,飞碟瓜枯萎病,Fusarium oxysporum,茎基部纵裂,Longitudinal fissure at stem base,存在症状,ManifestAs
4918,飞碟瓜枯萎病,Fusarium oxysporum,维管束变褐,Browning of vascular bundles,存在症状,ManifestAs
4919,飞碟瓜蔓枯病,Mycosphaerella melonis,圆形或“V”字形,Round or "V" shape,存在症状,ManifestAs
4920,飞碟瓜蔓枯病,Mycosphaerella melonis,黄褐色大斑,Large yellow-brown spots,存在症状,ManifestAs
4921,飞碟瓜蔓枯病,Mycosphaerella melonis,边缘黄晕,Yellow edge,存在症状,ManifestAs
4922,飞碟瓜蔓枯病,Mycosphaerella melonis,初呈水渍状,Initially water-stained,存在症状,ManifestAs
4923,飞碟瓜蔓枯病,Mycosphaerella melonis,长圆形斑点,Oblong spots,存在症状,ManifestAs
4924,飞碟瓜蔓枯病,Mycosphaerella melonis,灰褐色,Taupe,存在症状,ManifestAs
4925,飞碟瓜蔓枯病,Mycosphaerella melonis,边缘褐色,Edge brown,存在症状,ManifestAs
4926,飞碟瓜蔓枯病,Mycosphaerella melonis,琥珀色的树脂状胶质物,Amber resinous colloid,存在症状,ManifestAs
4927,飞碟瓜蔓枯病,Mycosphaerella melonis,近圆形灰白色斑,Nearly round grayish white spots,存在症状,ManifestAs
4928,飞碟瓜脐腐病,Blossom-end rot,褐色凹陷,Brown depression,存在症状,ManifestAs
4929,飞碟瓜软腐病,Pectobacterium carotovorum,瓜呈水浸状,Melon is water-soaked,存在症状,ManifestAs
4930,佛手瓜白粉病,Erysiphe polygoni,白色小粉斑,Small white spots,存在症状,ManifestAs
4931,佛手瓜白粉病,Erysiphe polygoni,白色粉霉状物,White powdery mildew,存在症状,ManifestAs
4932,佛手瓜白粉病,Erysiphe polygoni,叶缘上卷,Leaf margin curling up,存在症状,ManifestAs
4933,佛手瓜枯萎病,Fusarium oxysporum,叶片褪绿,Leaf chlorosis,存在症状,ManifestAs
4934,佛手瓜枯萎病,Fusarium oxysporum,维管束变褐,Browning of vascular bundles,存在症状,ManifestAs
4935,佛手瓜枯萎病,Fusarium oxysporum,白色至粉红色霉状物,White to pink mold,存在症状,ManifestAs
4936,辣椒枯萎病,Fusarium oxysporum,水渍状褐色斑点,Water-soaked brown spots,存在症状,ManifestAs
4937,辣椒枯萎病,Fusarium oxysporum,叶片黄化,Yellowing of leaves,存在症状,ManifestAs
4938,辣椒枯萎病,Fusarium oxysporum,色泽暗,Dark color,存在症状,ManifestAs
4939,辣椒枯萎病,Fusarium oxysporum,半边枯黄,Half yellow,存在症状,ManifestAs
4940,辣椒枯萎病,Fusarium oxysporum,半边绿色,Half green,存在症状,ManifestAs
4941,辣椒枯萎病,Fusarium oxysporum,叶片大量脱落,Large amount of leaves falling off,存在症状,ManifestAs
4942,辣椒枯萎病,Fusarium oxysporum,髓部变为暗褐色,Pith turns dark brown,存在症状,ManifestAs
4943,辣椒枯萎病,Fusarium oxysporum,现纵向枯死的长条斑,Long vertical dead spots,存在症状,ManifestAs
4944,辣椒枯萎病,Fusarium oxysporum,白色菌丝或蓝绿色霉状物,White mycelium or blue-green mold,存在症状,ManifestAs
4945,辣椒枯萎病,Fusarium oxysporum,呈水浸状软腐,Water-soaked soft rot,存在症状,ManifestAs
4946,辣椒枯萎病,Fusarium oxysporum,暗褐色至煤烟色,Dark brown to sooty,存在症状,ManifestAs
4947,辣椒猝倒病,Pythium aphanidermatum,呈水渍状病斑,Water-soaked spots,存在症状,ManifestAs
4948,辣椒猝倒病,Pythium aphanidermatum,病部变黄褐色,The diseased part turns yellow-brown,存在症状,ManifestAs
4949,辣椒猝倒病,Pythium aphanidermatum,幼苗猝倒或枯死,Seedlings die or die suddenly,存在症状,ManifestAs
4950,辣椒猝倒病,Pythium aphanidermatum,白色絮状菌丝,White flocculent hyphae,存在症状,ManifestAs
4951,辣椒立枯病,Rhizoctonia solani,椭圆形暗褐色病斑,Oval dark brown spots,存在症状,ManifestAs
4952,辣椒立枯病,Rhizoctonia solani,病部收缩干枯,The diseased part shrinks and dries up,存在症状,ManifestAs
4953,辣椒立枯病,Rhizoctonia solani,淡褐色稀疏丝状体,Light brown sparse filaments,存在症状,ManifestAs
4954,辣椒立枯病,Rhizoctonia solani,地上部变黄,Yellowing of aboveground parts,存在症状,ManifestAs
4955,辣椒根腐病,Fusarium oxysporum,种子腐烂,Seed rot,存在症状,ManifestAs
4956,辣椒根腐病,Fusarium oxysporum,叶片全部萎蔫,All leaves wilt,存在症状,ManifestAs
4957,辣椒根腐病,Fusarium oxysporum,叶片仍呈绿色,Leaves still green,存在症状,ManifestAs
4958,辣椒根腐病,Fusarium oxysporum,深褐色腐烂,Dark brown rot,存在症状,ManifestAs
4959,辣椒根腐病,Fusarium oxysporum,维管束变褐色,Vascular bundles turn brown,存在症状,ManifestAs
4960,辣椒根腐病,Fusarium oxysporum,白色至粉红色霉层,White to pink mold,存在症状,ManifestAs
4961,辣椒白绢病,Sclerotium rolfsii,叶片不变化,Leaves do not change,存在症状,ManifestAs
4962,辣椒黄萎病,Verticillium dahliae,植株枯萎,Plant withering,存在症状,ManifestAs
4963,辣椒黄萎病,Verticillium dahliae,下部,Lower,存在症状,ManifestAs
4964,辣椒黄萎病,Verticillium dahliae,叶片上卷,Leaf curling up,存在症状,ManifestAs
4965,辣椒黄萎病,Verticillium dahliae,叶缘或叶尖变黄,Yellowing of leaf edges or tips,存在症状,ManifestAs
4966,辣椒黄萎病,Verticillium dahliae,叶片黄化,Yellowing of leaves,存在症状,ManifestAs
4967,辣椒细菌性叶斑病,Xanthomonas campestris,褪绿色小斑点,Small green spots,存在症状,ManifestAs
4968,辣椒细菌性叶斑病,Xanthomonas campestris,不规则形,Irregular,存在症状,ManifestAs
4969,辣椒细菌性叶斑病,Xanthomonas campestris,褐色至铁锈色,Brown to rust,存在症状,ManifestAs
4970,辣椒细菌性叶斑病,Xanthomonas campestris,叶肉凹陷,Mesophyll depression,存在症状,ManifestAs
4971,辣椒细菌性叶斑病,Xanthomonas campestris,呈薄膜状,Film-like,存在症状,ManifestAs
4972,辣椒细菌性叶斑病,Xanthomonas campestris,大量落叶,A lot of fallen leaves,存在症状,ManifestAs
4973,辣椒青枯病,Ralstonia solanacearum,叶片萎蔫下垂,Leaves wilt and droop,存在症状,ManifestAs
4974,辣椒青枯病,Ralstonia solanacearum,叶片凋萎,Leaf wilting,存在症状,ManifestAs
4975,辣椒青枯病,Ralstonia solanacearum,不定根或不定芽,Adventitious roots or buds,存在症状,ManifestAs
4976,辣椒青枯病,Ralstonia solanacearum,维管束变褐,Browning of vascular bundles,存在症状,ManifestAs
4977,辣椒青枯病,Ralstonia solanacearum,乳白色黏液溢出,Milky white mucus leaking,存在症状,ManifestAs
4978,辣椒疮痂病,Xanthomonas campestris,片现银白色水浸状的小,Silvery white water-soaked small,存在症状,ManifestAs
4979,辣椒疮痂病,Xanthomonas campestris,变为暗色凹陷,Turns into a dark depression,存在症状,ManifestAs
4980,辣椒疮痂病,Xanthomonas campestris,下部叶片全,Lower leaves full,存在症状,ManifestAs
4981,辣椒疮痂病,Xanthomonas campestris,水浸状圆形或不规则形病斑,Water-soaked circular or irregular lesions,存在症状,ManifestAs
4982,辣椒疮痂病,Xanthomonas campestris,病斑深褐,Dark brown spots,存在症状,ManifestAs
4983,辣椒疮痂病,Xanthomonas campestris,边缘色深,Edge color depth,存在症状,ManifestAs
4984,辣椒疮痂病,Xanthomonas campestris,病斑边缘隆起呈疮痂状,The edge of the lesion is raised and scab-like,存在症状,ManifestAs
4985,辣椒疮痂病,Xanthomonas campestris,叶片畸形,Leaf deformity,存在症状,ManifestAs
4986,辣椒疮痂病,Xanthomonas campestris,叶尖常变深褐色,Leaf tips often turn dark brown,存在症状,ManifestAs
4987,辣椒疮痂病,Xanthomonas campestris,水浸状不规则的条斑,Irregular water-soaked streaks,存在症状,ManifestAs
4988,辣椒疮痂病,Xanthomonas campestris,暗褐色,Dark brown,存在症状,ManifestAs
4989,辣椒疮痂病,Xanthomonas campestris,纵裂呈疮痂状,Longitudinal fissures are scab-like,存在症状,ManifestAs
4990,辣椒疮痂病,Xanthomonas campestris,圆形或长圆形稍隆起的黑色疮痂斑,Round or oblong slightly raised black scabs,存在症状,ManifestAs
4991,辣椒软腐病,Erwinia carotovora,初呈水渍状,Initially water-stained,存在症状,ManifestAs
4992,辣椒软腐病,Erwinia carotovora,暗绿色,Dark green,存在症状,ManifestAs
4993,辣椒软腐病,Erwinia carotovora,灰白色或白色,Off-white or white,存在症状,ManifestAs
4994,辣椒病毒病,Tobacco mosaic virus,凹凸不平的花斑,Uneven spots,存在症状,ManifestAs
4995,辣椒病毒病,Tobacco mosaic virus,嫩叶叶脉呈明脉,Young leaves have clear veins,存在症状,ManifestAs
4996,辣椒病毒病,Tobacco mosaic virus,叶片褪绿呈金黄色,Leaves turn green to golden yellow,存在症状,ManifestAs
4997,辣椒病毒病,Tobacco mosaic virus,落叶早,Early leaf fall,存在症状,ManifestAs
4998,辣椒病毒病,Tobacco mosaic virus,嫩叶变黑枯死脱落,Young leaves turn black and die and fall off,存在症状,ManifestAs
4999,辣椒病毒病,Tobacco mosaic virus,褐色坏死条斑,Brown necrotic streaks,存在症状,ManifestAs
5000,辣椒病毒病,Tobacco mosaic virus,黑褐色大型环纹,Dark brown large ring pattern,存在症状,ManifestAs
5001,辣椒病毒病,Tobacco mosaic virus,果实顶端变黄,The top of the fruit turns yellow,存在症状,ManifestAs
5002,辣椒病毒病,Tobacco mosaic virus,叶片细长,Slender leaves,存在症状,ManifestAs
5003,辣椒病毒病,Tobacco mosaic virus,叶脉上冲呈蔽叶状,The leaf veins are upward and appear as a shady leaf,存在症状,ManifestAs
5004,辣椒病毒病,Tobacco mosaic virus,植株矮化,Plant dwarfing,存在症状,ManifestAs
5005,辣椒病毒病,Tobacco mosaic virus,茎节缩短,Shortened stem nodes,存在症状,ManifestAs
5006,辣椒病毒病,Tobacco mosaic virus,叶片暗绿色,Dark green leaves,存在症状,ManifestAs
5007,辣椒病毒病,Tobacco mosaic virus,呈丛枝状,Arbuscular,存在症状,ManifestAs
5008,辣椒叶枯病,Pseudomonas syringae,散生的褐色小斑点,Scattered brown spots,存在症状,ManifestAs
5009,辣椒叶枯病,Pseudomonas syringae,中央灰白,Central gray,存在症状,ManifestAs
5010,辣椒叶枯病,Pseudomonas syringae,边缘暗色,Dark edge,存在症状,ManifestAs
5011,辣椒叶枯病,Pseudomonas syringae,呈圆形或不规则形,Round or irregular shape,存在症状,ManifestAs
5012,辣椒叶枯病,Pseudomonas syringae,病斑浅褐色至黄褐色,Lesions light brown to yellowish brown,存在症状,ManifestAs
5013,辣椒叶枯病,Pseudomonas syringae,致密灰黑色至近黑色绒状物,Dense gray-black to nearly black velvety substance,存在症状,ManifestAs
5014,辣椒叶枯病,Pseudomonas syringae,暗褐色细线圈,Dark brown thin coil,存在症状,ManifestAs
5015,辣椒叶枯病,Pseudomonas syringae,浅黄色晕圈,Light yellow halo,存在症状,ManifestAs
5016,辣椒白斑病,Cercospora capsici,圆形或近圆形病斑,Circular or nearly circular lesions,存在症状,ManifestAs
5017,辣椒白斑病,Cercospora capsici,边缘棕褐色,Edge tan,存在症状,ManifestAs
5018,辣椒白斑病,Cercospora capsici,中央灰白色,Central off-white,存在症状,ManifestAs
5019,辣椒白斑病,Cercospora capsici,不规则形斑,Irregular spots,存在症状,ManifestAs
5020,辣椒白斑病,Cercospora capsici,病叶黄化或脱落,Diseased leaves turn yellow or fall off,存在症状,ManifestAs
5021,辣椒白斑病,Cercospora capsici,严重落叶,Severe leaf drop,存在症状,ManifestAs
5022,辣椒白斑病,Cercospora capsici,叶片落光成秃枝,The leaves fall off and the branches become bare,存在症状,ManifestAs
5023,辣椒霜霉病,Phytophthora capsici,不规则病斑,Irregular lesions,存在症状,ManifestAs
5024,辣椒霜霉病,Phytophthora capsici,稀疏的白色薄霉层,Sparse white thin mold layer,存在症状,ManifestAs
5025,辣椒霜霉病,Phytophthora capsici,病斑呈褐色水渍状,Brown water-soaked spots,存在症状,ManifestAs
5026,辣椒霜霉病,Phytophthora capsici,白色稀疏的霉层,White sparse mold layer,存在症状,ManifestAs
5027,辣椒枯顶病毒病,Capsicum chlorosis virus,系统斑驳或坏死,Systemic mottling or necrosis,存在症状,ManifestAs
5028,辣椒紫斑病,Cercospora capsici,紫色斑块,Purple patches,存在症状,ManifestAs
5029,辣椒紫斑病,Cercospora capsici,扇形紫色素,Fan-shaped purple pigment,存在症状,ManifestAs
5030,辣椒“虎皮”病,Capsicum chlorosis virus,斑上稍发红,Slight redness on the spots,存在症状,ManifestAs
5031,辣椒“虎皮”病,Capsicum chlorosis virus,呈斑驳状橙黄色斑,Mottled orange-yellow spots,存在症状,ManifestAs
5032,辣椒“虎皮”病,Capsicum chlorosis virus,黑灰色霉层,Black gray mold layer,存在症状,ManifestAs
5033,辣椒“虎皮”病,Capsicum chlorosis virus,稍变黄色的斑点,Slightly yellow spots,存在症状,ManifestAs
5034,辣椒“虎皮”病,Capsicum chlorosis virus,黑色污斑,Black stains,存在症状,ManifestAs
5035,辣椒低温冷害和冻害,Pseudomonas syringae,黄色花斑,Yellow Spotted,存在症状,ManifestAs
5036,辣椒低温冷害和冻害,Pseudomonas syringae,水浸状斑块,Water-soaked plaques,存在症状,ManifestAs
5037,辣椒低温冷害和冻害,Pseudomonas syringae,褐色或深褐色,Brown or dark brown,存在症状,ManifestAs
5038,辣椒低温冷害和冻害,Pseudomonas syringae,现灰褐色大片无光泽凹,There are large gray-brown areas without luster.,存在症状,ManifestAs
5039,辣椒低温冷害和冻害,Pseudomonas syringae,萎缩褪色或腐,"Atrophy, discoloration or decay",存在症状,ManifestAs
5040,辣椒高温病,Bipolaris ,不规则形斑块,Irregular plaques,存在症状,ManifestAs
5041,辣椒高温病,Bipolaris ,叶缘呈漂白状,Bleached leaf margins,存在症状,ManifestAs
5042,辣椒高温病,Bipolaris ,叶缘呈烧伤状,Burned leaf edges,存在症状,ManifestAs
5043,辣椒高温病,Bipolaris ,永久萎蔫或干枯,Permanently wilting or drying up,存在症状,ManifestAs
5044,甜菜夜蛾,Spodoptera exigua,缺刻或孔洞,Notches or holes,存在症状,ManifestAs
5045,辣椒实蝇,Bactrocera latifrons,果实变质或腐烂,Fruit spoilage or rot,存在症状,ManifestAs
5046,桃蚜,Myzus persicae,叶片卷缩变形,Leaf curling and deformation,存在症状,ManifestAs
5047,茄子白粉病,Sphaerotheca fuliginea,不定形褪绿小黄斑,Amorphous chlorotic yellow spots,存在症状,ManifestAs
5048,茄子白粉病,Sphaerotheca fuliginea,不定形白色小霉斑,Irregular white mildew spots,存在症状,ManifestAs
5049,茄子白粉病,Sphaerotheca fuliginea,白粉状斑块,White powdery patches,存在症状,ManifestAs
5050,茄子早疫病,Alternaria solani,圆形的点状病斑,Round spot-like lesions,存在症状,ManifestAs
5051,茄子早疫病,Alternaria solani,褐色至黑色,Brown to black,存在症状,ManifestAs
5052,茄子早疫病,Alternaria solani,微细的灰黑色霉状物,Fine gray-black mold,存在症状,ManifestAs
5053,茄子棒孢叶斑病,Corynespora cassiicola,叶片生褐色小点,Brown spots on leaves,存在症状,ManifestAs
5054,茄子棒孢叶斑病,Corynespora cassiicola,边缘不整齐,Rough edges,存在症状,ManifestAs
5055,茄子棒孢叶斑病,Corynespora cassiicola,呈近圆形至不整齐形,Nearly round to irregular shape,存在症状,ManifestAs
5056,茄子棒孢叶斑病,Corynespora cassiicola,大小不等的病斑,Lesions of varying sizes,存在症状,ManifestAs
5057,茄子棒孢叶斑病,Corynespora cassiicola,浓密黑色霉层,Thick black mold,存在症状,ManifestAs
5058,茄子棒孢叶斑病,Corynespora cassiicola,上部萎蔫,Upper part wilting,存在症状,ManifestAs
5059,茄子棒孢叶斑病,Corynespora cassiicola,紫色边缘的褐斑,Brown spots with purple edges,存在症状,ManifestAs
5060,茄子棒孢叶斑病,Corynespora cassiicola,呈灰色,Gray,存在症状,ManifestAs
5061,茄子褐纹病,Phomopsis vexans,果实腐烂,Fruit rot,存在症状,ManifestAs
5062,茄子褐纹病,Phomopsis vexans,水浸状梭形或椭圆形病斑,Water-soaked spindle-shaped or oval lesions,存在症状,ManifestAs
5063,茄子褐纹病,Phomopsis vexans,水浸状白色小斑点,Small water-soaked white spots,存在症状,ManifestAs
5064,茄子褐纹病,Phomopsis vexans,不规则病斑,Irregular lesions,存在症状,ManifestAs
5065,茄子褐纹病,Phomopsis vexans,边缘呈暗褐色,Dark brown edges,存在症状,ManifestAs
5066,茄子褐纹病,Phomopsis vexans,中间灰白色,Middle gray,存在症状,ManifestAs
5067,茄子褐纹病,Phomopsis vexans,边缘深褐色,Dark brown edge,存在症状,ManifestAs
5068,茄子褐纹病,Phomopsis vexans,黑褐色小点,Dark brown dots,存在症状,ManifestAs
5069,茄子褐纹病,Phomopsis vexans,淡褐色圆形,Light brown round,存在症状,ManifestAs
5070,茄子褐纹病,Phomopsis vexans,椭圆形或不规则病斑,Oval or irregular lesions,存在症状,ManifestAs
5071,茄子褐纹病,Phomopsis vexans,暗褐色大斑,Large dark brown spots,存在症状,ManifestAs
5072,茄子褐纹病,Phomopsis vexans,轮纹小黑点,Wheel pattern black spots,存在症状,ManifestAs
5073,茄子褐纹病,Phomopsis vexans,病果腐烂脱落,Diseased fruits rot and fall off,存在症状,ManifestAs
5074,茄子褐纹病,Phomopsis vexans,种脐变黑,Hilum turns black,存在症状,ManifestAs
5075,茄子叶霉病,Fulvia fulva,圆形或不规则形斑点,Round or irregular spots,存在症状,ManifestAs
5076,茄子叶霉病,Fulvia fulva,淡黄色褪绿,Light yellow to green,存在症状,ManifestAs
5077,茄子叶霉病,Fulvia fulva,病斑连片,Lesions are continuous,存在症状,ManifestAs
5078,茄子叶霉病,Fulvia fulva,叶片干枯,Dry leaves,存在症状,ManifestAs
5079,茄子叶霉病,Fulvia fulva,紫灰色或灰褐色,Purple gray or grayish brown,存在症状,ManifestAs
5080,茄子叶霉病,Fulvia fulva,黑色革质,Black leather,存在症状,ManifestAs
5081,茄子叶霉病,Fulvia fulva,白色斑块,White patches,存在症状,ManifestAs
5082,茄子叶霉病,Fulvia fulva,病斑黄色下陷,Yellow sunken lesions,存在症状,ManifestAs
5083,茄子灰霉病,Botrytis cinerea,茎杆缢缩变细,The stem is constricted and thin,存在症状,ManifestAs
5084,茄子灰霉病,Botrytis cinerea,顶芽变色呈水渍状,The terminal bud changes color and becomes water-soaked,存在症状,ManifestAs
5085,茄子灰霉病,Botrytis cinerea,初呈褪绿水渍状,Initially chlorotic water stains,存在症状,ManifestAs
5086,茄子灰霉病,Botrytis cinerea,“V”字形病斑,"""V"" shaped lesions",存在症状,ManifestAs
5087,茄子灰霉病,Botrytis cinerea,花瓣萎蔫,Wilting of petals,存在症状,ManifestAs
5088,茄子灰霉病,Botrytis cinerea,初呈水渍状,Initially water-stained,存在症状,ManifestAs
5089,茄子灰霉病,Botrytis cinerea,灰色霉状物,Gray mold,存在症状,ManifestAs
5090,茄子菌核病,Sclerotinia sclerotiorum,呈水渍状病斑,Water-soaked spots,存在症状,ManifestAs
5091,茄子菌核病,Sclerotinia sclerotiorum,浅褐色,Light brown,存在症状,ManifestAs
5092,茄子菌核病,Sclerotinia sclerotiorum,白色棉絮状菌丝,White cotton-like hyphae,存在症状,ManifestAs
5093,茄子菌核病,Sclerotinia sclerotiorum,病斑水渍状,Water-soaked lesions,存在症状,ManifestAs
5094,茄子菌核病,Sclerotinia sclerotiorum,褐色圆斑,Brown round spots,存在症状,ManifestAs
5095,茄子菌核病,Sclerotinia sclerotiorum,白色菌丝,White mycelium,存在症状,ManifestAs
5096,茄子菌核病,Sclerotinia sclerotiorum,黑色鼠粪状菌核,Black mouse-dung sclerotia,存在症状,ManifestAs
5097,茄子菌核病,Sclerotinia sclerotiorum,水渍状湿腐,Water-soaked wet rot,存在症状,ManifestAs
5098,茄子菌核病,Sclerotinia sclerotiorum,初呈水渍状斑,Initial water stains,存在症状,ManifestAs
5099,茄子菌核病,Sclerotinia sclerotiorum,白色菌丝体,White mycelium,存在症状,ManifestAs
5100,茄子炭疽病,Colletotrichum truncatum,边缘深褐色,Dark brown edge,存在症状,ManifestAs
5101,茄子炭疽病,Colletotrichum truncatum,中部淡褐色至褐色,Light brown to brown in the middle,存在症状,ManifestAs
5102,茄子炭疽病,Colletotrichum truncatum,朱红色小点或小黑粒,Small red dots or black particles,存在症状,ManifestAs
5103,茄子炭疽病,Colletotrichum truncatum,果肉变褐腐烂,The flesh turns brown and rots,存在症状,ManifestAs
5104,茄子炭疽病,Colletotrichum truncatum,偏黑褐色至黑色,Dark brown to black,存在症状,ManifestAs
5105,茄子黑斑病,Alternaria solani,不规则形或近圆形病斑,Irregular or nearly circular lesions,存在症状,ManifestAs
5106,茄子黑斑病,Alternaria solani,表面有黑,Black on the surface,存在症状,ManifestAs
5107,茄子黑斑病,Alternaria solani,引起叶片枯,Causes leaf blight,存在症状,ManifestAs
5108,茄子黑斑病,Alternaria solani,圆形或不规则形黑斑,Round or irregular black spots,存在症状,ManifestAs
5109,茄子黑斑病,Alternaria solani,陷果肉稍,Slightly sunken flesh,存在症状,ManifestAs
5110,茄子黑斑病,Alternaria solani,褐呈干,Brown and dry,存在症状,ManifestAs
5111,茄子白绢病,Sclerotium rolfsii,表皮褐色腐烂,Brown rot on the skin,存在症状,ManifestAs
5112,茄子白绢病,Sclerotium rolfsii,白色具光泽的绢丝状菌丝体,White shiny silky mycelium,存在症状,ManifestAs
5113,茄子白绢病,Sclerotium rolfsii,黄褐色油菜籽状的小菌核,Small yellow-brown rapeseed-like sclerotia,存在症状,ManifestAs
5114,茄子白绢病,Sclerotium rolfsii,叶柄凋萎,Petiole wilting,存在症状,ManifestAs
5115,茄子白绢病,Sclerotium rolfsii,叶片不脱落,Leaves do not fall off,存在症状,ManifestAs
5116,茄子白绢病,Sclerotium rolfsii,叶片枯黄,Leaves turn yellow,存在症状,ManifestAs
5117,茄子褐色圆星病,Phomopsis vexans,有不明显的轮纹,There are no obvious wheel patterns,存在症状,ManifestAs
5118,茄子褐色圆星病,Phomopsis vexans,灰白色霉状物,Grayish white mold,存在症状,ManifestAs
5119,茄子褐色圆星病,Phomopsis vexans,叶片枯死,Leaf death,存在症状,ManifestAs
5120,茄子褐色圆星病,Phomopsis vexans,病斑破裂穿孔,Lesion rupture and perforation,存在症状,ManifestAs
5121,茄子绵疫病,Phytophthora parasitica,圆形褐色水浸状病斑,Round brown water-soaked lesions,存在症状,ManifestAs
5122,茄子绵疫病,Phytophthora parasitica,黑褐色腐烂,Dark brown rot,存在症状,ManifestAs
5123,茄子绵疫病,Phytophthora parasitica,白色绵絮状菌丝,White cottony hyphae,存在症状,ManifestAs
5124,茄子绵疫病,Phytophthora parasitica,病斑初呈暗绿色,The lesions are dark green at first,存在症状,ManifestAs
5125,茄子绵疫病,Phytophthora parasitica,褐色不规则形病斑,Brown irregular lesions,存在症状,ManifestAs
5126,茄子绵疫病,Phytophthora parasitica,枝叶萎蔫枯死,The branches and leaves wilt and die,存在症状,ManifestAs
5127,茄子猝倒病,Pythium aphanidermatum,灰白色棉絮状物,Grayish white cotton-like substance,存在症状,ManifestAs
5128,茄子根腐病,Fusarium oxysporum,叶片萎缩,Leaf shrinkage,存在症状,ManifestAs
5129,茄子根腐病,Fusarium oxysporum,根部软腐,Root rot,存在症状,ManifestAs
5130,茄子根腐病,Fusarium oxysporum,整株萎蔫枯死,The whole plant wilts and dies,存在症状,ManifestAs
5131,茄子黄萎病,Verticillium dahliae,半边变黄,Half turn yellow,存在症状,ManifestAs
5132,茄子黄萎病,Verticillium dahliae,叶脉间,Between leaf veins,存在症状,ManifestAs
5133,茄子黄萎病,Verticillium dahliae,叶尖或叶缘褪绿,Leaf tips or margins become chlorotic,存在症状,ManifestAs
5134,茄子黄萎病,Verticillium dahliae,叶变黄或黄化斑驳,Yellowing or mottled leaves,存在症状,ManifestAs
5135,茄子黄萎病,Verticillium dahliae,叶片黄萎,Yellowing of leaves,存在症状,ManifestAs
5136,茄子黄萎病,Verticillium dahliae,维管束变褐色,Vascular bundles turn brown,存在症状,ManifestAs
5137,茄子黄萎病,Verticillium dahliae,黄色的斑驳,Yellow mottled,存在症状,ManifestAs
5138,茄子黄萎病,Verticillium dahliae,掌状黄斑,Palmar macula,存在症状,ManifestAs
5139,茄子黄萎病,Verticillium dahliae,叶片皱缩,Leaf shrinkage,存在症状,ManifestAs
5140,茄子青枯病,Ralstonia solanacearum,顶部叶片萎蔫,Top leaves wilt,存在症状,ManifestAs
5141,茄子青枯病,Ralstonia solanacearum,枝条呈淡绿色,Light green branches,存在症状,ManifestAs
5142,茄子青枯病,Ralstonia solanacearum,植株呈青枯状凋萎,The plant withers,存在症状,ManifestAs
5143,茄子青枯病,Ralstonia solanacearum,木质变褐,Wood browning,存在症状,ManifestAs
5144,茄子青枯病,Ralstonia solanacearum,乳白色的黏,Milky white sticky,存在症状,ManifestAs
5145,茄子软腐病,Pectobacterium carotovorum,果实腐烂,Fruit rot,存在症状,ManifestAs
5146,茄子软腐病,Pectobacterium carotovorum,外果皮变褐色,The outer peel turns brown,存在症状,ManifestAs
5147,茄子病毒病,Cucumber mosaic virus,紫褐色死斑,Purple-brown dead spots,存在症状,ManifestAs
5148,茄子病毒病,Cucumber mosaic virus,病叶呈轮点状坏死,The diseased leaves show necrotic rings,存在症状,ManifestAs
5149,茄子病毒病,Cucumber mosaic virus,轮点状坏死,Ring-shaped necrosis,存在症状,ManifestAs
5150,茄子病毒病,Cucumber mosaic virus,黄绿不均花斑叶,Yellow-green uneven variegated leaves,存在症状,ManifestAs
5151,茄子病毒病,Cucumber mosaic virus,不规则形暗绿色斑纹,Irregular dark green spots,存在症状,ManifestAs
5152,茄子病毒病,Cucumber mosaic virus,植株矮缩,Plant dwarfing,存在症状,ManifestAs
5153,茄子病毒病,Cucumber mosaic virus,结果少或不结果,Little or no results,存在症状,ManifestAs
5154,茄子斑枯病,Septoria melongenae,小圆斑,Small round spots,存在症状,ManifestAs
5155,茄子斑枯病,Septoria melongenae,水浸状,Waterlogged,存在症状,ManifestAs
5156,茄子斑枯病,Septoria melongenae,病斑为圆形,The lesions are circular,存在症状,ManifestAs
5157,茄子斑枯病,Septoria melongenae,色边缘深褐色,Dark brown edge,存在症状,ManifestAs
5158,茄子交链孢果腐病,Alternaria solani,病斑发硬,The lesions become hard,存在症状,ManifestAs
5159,茄子交链孢果腐病,Alternaria solani,短绒毛状的黑色霉层,Short fuzzy black mold layer,存在症状,ManifestAs
5160,茄子斑萎病毒病,Tospovirus,黄绿不均花斑叶,Yellow-green uneven variegated leaves,存在症状,ManifestAs
5161,茄子斑萎病毒病,Tospovirus,不规则形暗绿色斑纹,Irregular dark green spots,存在症状,ManifestAs
5162,茄子斑萎病毒病,Tospovirus,植株矮缩,Plant dwarfing,存在症状,ManifestAs
5163,茄子斑萎病毒病,Tospovirus,结果少或不结果,Little or no results,存在症状,ManifestAs
5164,茄根结线虫病,Meloidogyne incognita,近球形瘤状物,Nearly spherical tumor,存在症状,ManifestAs
5165,茄根结线虫病,Meloidogyne incognita,萎缩或黄化,Atrophy or yellowing,存在症状,ManifestAs
5166,茄子褐斑病,Phomopsis vexans,病斑为小点状,The lesions are small dots,存在症状,ManifestAs
5167,茄子褐斑病,Phomopsis vexans,水浸状,Waterlogged,存在症状,ManifestAs
5168,茄子褐斑病,Phomopsis vexans,淡褐色,Light brown,存在症状,ManifestAs
5169,茄子褐斑病,Phomopsis vexans,不规则形或近圆形斑,Irregular or nearly circular spots,存在症状,ManifestAs
5170,茄子褐斑病,Phomopsis vexans,中央灰褐色至灰白色,Central grayish brown to grayish white,存在症状,ManifestAs
5171,茄子褐斑病,Phomopsis vexans,边缘褐色至深褐色,Brown to dark brown edges,存在症状,ManifestAs
5172,茄子褐斑病,Phomopsis vexans,较宽的黄色晕圈,Wider yellow halo,存在症状,ManifestAs
5173,茄子褐斑病,Phomopsis vexans,干枯或脱落,Dry or falling off,存在症状,ManifestAs
5174,茄子黑枯病,Verticillium dahliae,小型病斑紫黑色,Small purple-black spots,存在症状,ManifestAs
5175,茄子黑枯病,Verticillium dahliae,圆形或近圆形,Round or nearly round,存在症状,ManifestAs
5176,茄子黑枯病,Verticillium dahliae,色中央稍浅为浅,Lighter in the center,存在症状,ManifestAs
5177,茄子黑枯病,Verticillium dahliae,成黑色小点,Black dots,存在症状,ManifestAs
5178,茄子黑枯病,Verticillium dahliae,早期落叶,Early leaf drop,存在症状,ManifestAs
5179,茄子黑枯病,Verticillium dahliae,灰褐色霉层,Gray brown mold layer,存在症状,ManifestAs
5180,茄子黑枯病,Verticillium dahliae,整片叶枯死,The whole leaf dies,存在症状,ManifestAs
5181,茄子黑枯病,Verticillium dahliae,病部下凹或龟裂,The affected area is sunken or cracked,存在症状,ManifestAs
5182,茄子黑枯病,Verticillium dahliae,水泡状的小隆起,Small blister-like bumps,存在症状,ManifestAs
5183,茄子拟黑斑病,Alternaria solani,不规则形至近圆形斑点,Irregular to nearly circular spots,存在症状,ManifestAs
5184,茄子拟黑斑病,Alternaria solani,表面生明显黑,The surface is obviously black,存在症状,ManifestAs
5185,茄子拟黑斑病,Alternaria solani,病斑圆形或不规则形,Lesions are round or irregular,存在症状,ManifestAs
5186,茄子拟黑斑病,Alternaria solani,陷果肉稍,Slightly sunken flesh,存在症状,ManifestAs
5187,茄子拟黑斑病,Alternaria solani,褐呈干,Brown and dry,存在症状,ManifestAs
5188,茄子赤星病,Alternaria solani,叶片褪绿,Leaf chlorosis,存在症状,ManifestAs
5189,茄子赤星病,Alternaria solani,苍白色至灰褐色小病斑,Small pale to gray-brown lesions,存在症状,ManifestAs
5190,茄子赤星病,Alternaria solani,形中心暗褐色至红,Center dark brown to red,存在症状,ManifestAs
5191,茄子赤星病,Alternaria solani,很多轮纹状排列黑色小粒点,Many small black dots arranged in a ring pattern,存在症状,ManifestAs
5192,茄子赤星病,Alternaria solani,病斑背面黄褐色,Back of the lesion is yellowish brown,存在症状,ManifestAs
5193,茄子赤星病,Alternaria solani,不规则形大斑,Irregular large spots,存在症状,ManifestAs
5194,茄子赤星病,Alternaria solani,边缘有黄晕,Yellow halo on the edge,存在症状,ManifestAs
5195,茄子细轮纹病,Alternaria solani,轮纹斑,Ring pattern,存在症状,ManifestAs
5196,茄子细轮纹病,Alternaria solani,mm褐色至,mm brown to,存在症状,ManifestAs
5197,茄子褐轮纹病,Phomopsis vexans,圆形病斑,Circular lesions,存在症状,ManifestAs
5198,茄子褐轮纹病,Phomopsis vexans,m褐色至暗,mBrown to dark,存在症状,ManifestAs
5199,茄子褐轮纹病,Phomopsis vexans,有同心轮纹,Concentric wheel pattern,存在症状,ManifestAs
5200,茄子煤斑病,Cercospora solani-melongenae,黄色圆形病斑,Yellow circular spots,存在症状,ManifestAs
5201,茄子煤斑病,Cercospora solani-melongenae,中间褐色,Middle brown,存在症状,ManifestAs
5202,茄子煤斑病,Cercospora solani-melongenae,灰褐色煤烟状霉,Gray-brown sooty mold,存在症状,ManifestAs
5203,茄子煤斑病,Cercospora solani-melongenae,叶片枯黄脱落,Leaves turn yellow and fall off,存在症状,ManifestAs
5204,茄子红腐病,Fusarium solani,病部色泽变暗,The color of the affected area becomes darker,存在症状,ManifestAs
5205,茄子红腐病,Fusarium solani,皮层腐烂,Cortical rot,存在症状,ManifestAs
5206,茄子红腐病,Fusarium solani,粉红色霉状物,Pink mold,存在症状,ManifestAs
5207,茄子红腐病,Fusarium solani,病株黄化,Yellowing of diseased plants,存在症状,ManifestAs
5208,茄子果实疫病,Phytophthora parasitica,暗褐色水溢状斑,Dark brown watery spots,存在症状,ManifestAs
5209,茄子果实疫病,Phytophthora parasitica,圆形至椭圆,Round to Elliptical,存在症状,ManifestAs
5210,茄子果实疫病,Phytophthora parasitica,白色绵毛状物,White wooly substance,存在症状,ManifestAs
5211,茄子果实疫病,Phytophthora parasitica,灰褐色霉层,Gray brown mold layer,存在症状,ManifestAs
5212,茄子花腐病,Botrytis cinerea,花枯萎,Flowers wither,存在症状,ManifestAs
5213,茄子花腐病,Botrytis cinerea,似油渍状,Oily,存在症状,ManifestAs
5214,茄子花腐病,Botrytis cinerea,灰白色茸毛状物,Grayish white hairy substance,存在症状,ManifestAs
5215,茄子花腐病,Botrytis cinerea,大头针状黑粒点,Pin-shaped black spots,存在症状,ManifestAs
5216,茄子黑根霉果腐病,Rhizopus stolonifer,病斑呈水浸状褐色斑,The lesions are water-soaked brown spots,存在症状,ManifestAs
5217,茄子黑根霉果腐病,Rhizopus stolonifer,果柄变褐软腐,Fruit stalk turns brown and becomes soft,存在症状,ManifestAs
5218,茄子黑根霉果腐病,Rhizopus stolonifer,灰白色霉层,Grayish white mold layer,存在症状,ManifestAs
5219,茄子黑根霉果腐病,Rhizopus stolonifer,黑色毛状霉,Black hairy mold,存在症状,ManifestAs
5220,茄子黑根霉果腐病,Rhizopus stolonifer,蓝黑色丝状物,Blue-black filaments,存在症状,ManifestAs
5221,茄子枯萎病,Fusarium oxysporum,叶片似缺水萎蔫,Leaves wilt due to lack of water,存在症状,ManifestAs
5222,茄子枯萎病,Fusarium oxysporum,叶片,blade,存在症状,ManifestAs
5223,茄子枯萎病,Fusarium oxysporum,叶脉变黄,Yellowing of leaf veins,存在症状,ManifestAs
5224,茄子枯萎病,Fusarium oxysporum,枯萎而死,Wither and die,存在症状,ManifestAs
5225,茄子枯萎病,Fusarium oxysporum,叶片枯黄,Leaves turn yellow,存在症状,ManifestAs
5226,茄子枯萎病,Fusarium oxysporum,叶片不脱落,Leaves do not fall off,存在症状,ManifestAs
5227,茄子枯萎病,Fusarium oxysporum,果皮发干,Dry peel,存在症状,ManifestAs
5228,茄子细菌性褐斑病,Pseudomonas cichorii,叶缘点状小斑,Small spots on leaf margins,存在症状,ManifestAs
5229,茄子细菌性褐斑病,Pseudomonas cichorii,灰色斑,Gray spots,存在症状,ManifestAs
5230,茄子细菌性褐斑病,Pseudomonas cichorii,病部变灰腐烂,The diseased part turns gray and rots,存在症状,ManifestAs
5231,茄子裂果,Fusarium oxysporum,双子果或开裂,Twin fruit or cracking,存在症状,ManifestAs
5232,茄子畸形花,Leveillula taurica,呈星状花,Star-shaped flowers,存在症状,ManifestAs
5233,茄子畸形花,Leveillula taurica,花朵小,Small flowers,存在症状,ManifestAs
5234,茄子畸形花,Leveillula taurica,颜色浅,Light color,存在症状,ManifestAs
5235,茄子畸形花,Leveillula taurica,花柱细,Style thin,存在症状,ManifestAs
5236,茄子畸形花,Leveillula taurica,花柱短,Short style,存在症状,ManifestAs
5237,茄子畸形花,Leveillula taurica,短柱花或中柱花,Short-style or medium-style flowers,存在症状,ManifestAs
5238,茄子畸形花,Leveillula taurica,畸形,deformity,存在症状,ManifestAs
5239,茄子着色不良,Verticillium dahliae,淡紫或紫红色,Light purple or purple,存在症状,ManifestAs
5240,茄子着色不良,Verticillium dahliae,斑驳状,Mottled,存在症状,ManifestAs
5241,茄子着色不良,Verticillium dahliae,阴阳脸或白顶果,Yin Yang Face or White Top Fruit,存在症状,ManifestAs
5242,茄子僵果,Leveillula taurica,果形不正,Irregular fruit shape,存在症状,ManifestAs
5243,茄子僵果,Leveillula taurica,果体不长,The fruit does not grow,存在症状,ManifestAs
5244,茄子低温障碍,Fusarium oxysporum,黄色花斑,Yellow Spotted,存在症状,ManifestAs
5245,茄子低温障碍,Fusarium oxysporum,水浸状斑块,Water-soaked plaques,存在症状,ManifestAs
5246,茄子低温障碍,Fusarium oxysporum,褐色或深褐色,Brown or dark brown,存在症状,ManifestAs
5247,茄子低温障碍,Fusarium oxysporum,冻叶片萎垂或枯死,Frozen leaves droop or die,存在症状,ManifestAs
5248,茄子低温障碍,Fusarium oxysporum,初呈水浸状,Initially waterlogged,存在症状,ManifestAs
5249,茄子低温障碍,Fusarium oxysporum,果皮失水皱缩,Fruit peel shrinks due to water loss,存在症状,ManifestAs
5250,茄子缺素症,Verticillium dahliae,叶色变淡,Leaf color fades,存在症状,ManifestAs
5251,茄子缺素症,Verticillium dahliae,老叶黄化,Yellowing of old leaves,存在症状,ManifestAs
5252,茄子缺素症,Verticillium dahliae,心叶变小,Heart leaves become smaller,存在症状,ManifestAs
5253,茄子缺素症,Verticillium dahliae,叶片变小,The leaves become smaller,存在症状,ManifestAs
5254,茄子缺素症,Verticillium dahliae,颜色变深,Darkening,存在症状,ManifestAs
5255,茄子缺素症,Verticillium dahliae,叶脉发红,Red veins,存在症状,ManifestAs
5256,茄子缺素症,Verticillium dahliae,叶脉间失绿,Interveinal chlorosis,存在症状,ManifestAs
5257,茄子缺素症,Verticillium dahliae,黄白色斑块,Yellow-white patches,存在症状,ManifestAs
5258,茄子缺素症,Verticillium dahliae,叶尖叶缘渐干枯,Leaf tips and edges gradually dry up,存在症状,ManifestAs
5259,茄子缺素症,Verticillium dahliae,生长点畸形,Growth point deformity,存在症状,ManifestAs
5260,茄子缺素症,Verticillium dahliae,幼叶叶缘失绿,Green loss on young leaves,存在症状,ManifestAs
5261,茄子缺素症,Verticillium dahliae,网状叶脉变褐,The veins of the leaves turn brown,存在症状,ManifestAs
5262,茄子缺素症,Verticillium dahliae,呈铁锈状叶,Rusty leaves,存在症状,ManifestAs
5263,茄子缺素症,Verticillium dahliae,叶片失绿,Leaf chlorosis,存在症状,ManifestAs
5264,茄子缺素症,Verticillium dahliae,果实变小,Fruits become smaller,存在症状,ManifestAs
5265,茄子缺素症,Verticillium dahliae,新叶呈黄白色,New leaves are yellowish white,存在症状,ManifestAs
5266,茄子缺素症,Verticillium dahliae,叶脉残留绿色,Leaf veins remain green,存在症状,ManifestAs
5267,茄子缺素症,Verticillium dahliae,内部变黑,Darkening inside,存在症状,ManifestAs
5268,茄子缺素症,Verticillium dahliae,木栓状龟裂,Corky cracks,存在症状,ManifestAs
5269,茄子缺素症,Verticillium dahliae,叶脉间呈黄绿色,Yellow-green between leaf veins,存在症状,ManifestAs
5270,茄子缺素症,Verticillium dahliae,叶脉仍为绿色,The veins are still green,存在症状,ManifestAs
5271,茄子缺素症,Verticillium dahliae,叶小呈丛生状,Small leaves in clusters,存在症状,ManifestAs
5272,茄子缺素症,Verticillium dahliae,全叶黄化,Whole leaf yellowing,存在症状,ManifestAs
5273,茄子缺素症,Verticillium dahliae,叶缘向内侧卷曲,Leaf margins curl inwards,存在症状,ManifestAs
5274,茄黄斑螟,Leucinodes orbonalis,枝梢枯萎,Branch withering,存在症状,ManifestAs
5275,茄黄斑螟,Leucinodes orbonalis,果实腐烂,Fruit rot,存在症状,ManifestAs
5276,茄二十八星瓢虫,Henosepilachna vigintioctopunctata,不规则透明的凹纹,Irregular transparent grooves,存在症状,ManifestAs
5277,茄二十八星瓢虫,Henosepilachna vigintioctopunctata,褐色斑痕,Brown spots,存在症状,ManifestAs
5278,黄领麻纹灯蛾,Spilosoma lubricipeda,缺刻或孔洞,Notches or holes,存在症状,ManifestAs
5279,茄蚤跳甲,Epitrix cucumeris,虫咬斑痕,Insect bite scars,存在症状,ManifestAs
5280,节瓜蓟马,Thrips palmi,果皮粗糙有斑痕,The skin is rough and has scars,存在症状,ManifestAs
5281,黄瓜沤根,Pythium aphanidermatum,根皮发锈后腐烂,Root bark rusts and then rots,存在症状,ManifestAs
5282,黄瓜沤根,Pythium aphanidermatum,地上部分萎蔫,Wilting of above-ground parts,存在症状,ManifestAs
5283,黄瓜沤根,Pythium aphanidermatum,地上部叶缘枯焦,The leaf margins above ground are scorched,存在症状,ManifestAs
5284,黄瓜沤根,Pythium aphanidermatum,成片干枯,Dry in patches,存在症状,ManifestAs
5285,黄瓜白绢病,Sclerotium rolfsii,白色绢丝状菌丝体,White silky mycelium,存在症状,ManifestAs
5286,黄瓜白绢病,Sclerotium rolfsii,茶褐色菜籽样小菌核,Small brown rapeseed-like sclerotia,存在症状,ManifestAs
5287,黄瓜叶斑病,Pseudomonas syringae,病斑圆形或不规则形,Lesions are round or irregular,存在症状,ManifestAs
5288,黄瓜叶斑病,Pseudomonas syringae,褐色至灰褐色,Brown to grayish brown,存在症状,ManifestAs
5289,黄瓜叶斑病,Pseudomonas syringae,灰色霉层,Gray mold layer,存在症状,ManifestAs
5290,黄瓜霜霉病,Pseudoperonospora cubensis,褪绿色黄斑,Greenish yellow spots,存在症状,ManifestAs
5291,黄瓜霜霉病,Pseudoperonospora cubensis,紫黑色霉,Purple black mold,存在症状,ManifestAs
5292,黄瓜霜霉病,Pseudoperonospora cubensis,水浸状小斑点,Small water-soaked spots,存在症状,ManifestAs
5293,黄瓜霜霉病,Pseudoperonospora cubensis,多角形病斑,Polygonal lesions,存在症状,ManifestAs
5294,黄瓜霜霉病,Pseudoperonospora cubensis,黄褐色,tan,存在症状,ManifestAs
5295,黄瓜霜霉病,Pseudoperonospora cubensis,叶缘卷缩干枯,Leaf edges curl and dry up,存在症状,ManifestAs
5296,黄瓜霜霉病,Pseudoperonospora cubensis,圆形或多角形黄褐色斑,Round or polygonal yellow-brown spots,存在症状,ManifestAs
5297,黄瓜疫病,Phytophthora melonis,呈暗绿色水渍状,Dark green water stain,存在症状,ManifestAs
5298,黄瓜疫病,Phytophthora melonis,病部变软溢缩,The affected area becomes soft and shrunken,存在症状,ManifestAs
5299,黄瓜疫病,Phytophthora melonis,植株倒伏,Plant lodging,存在症状,ManifestAs
5300,黄瓜疫病,Phytophthora melonis,表皮腐烂,Skin rot,存在症状,ManifestAs
5301,黄瓜疫病,Phytophthora melonis,木质部外露,Exposed wood,存在症状,ManifestAs
5302,黄瓜疫病,Phytophthora melonis,呈丝麻状,Silky,存在症状,ManifestAs
5303,黄瓜疫病,Phytophthora melonis,叶片逐渐萎蔫,The leaves gradually wilt,存在症状,ManifestAs
5304,黄瓜疫病,Phytophthora melonis,叶片萎蔫,Leaf wilting,存在症状,ManifestAs
5305,黄瓜疫病,Phytophthora melonis,根系变褐,Roots turning brown,存在症状,ManifestAs
5306,黄瓜疫病,Phytophthora melonis,根毛变成褐色,Root hairs turn brown,存在症状,ManifestAs
5307,黄瓜疫病,Phytophthora melonis,顶端呈水浸状萎蔫,The top is water-soaked and wilted,存在症状,ManifestAs
5308,黄瓜疫病,Phytophthora melonis,暗绿色水浸状病斑,Dark green water-soaked lesions,存在症状,ManifestAs
5309,黄瓜疫病,Phytophthora melonis,圆形或不规则形,Round or irregular shape,存在症状,ManifestAs
5310,黄瓜疫病,Phytophthora melonis,边缘不明显,The edge is not obvious,存在症状,ManifestAs
5311,黄瓜黑星病,Cladosporium cucumerinum,叶片病斑星状开裂穿孔,Leaf spots with star-shaped cracks and perforations,存在症状,ManifestAs
5312,黄瓜黑星病,Cladosporium cucumerinum,病斑龟裂呈疮痂状,The lesions are cracked and scab-like,存在症状,ManifestAs
5313,黄瓜黑星病,Cladosporium cucumerinum,琥珀色胶状物,Amber jelly,存在症状,ManifestAs
5314,黄瓜黑星病,Cladosporium cucumerinum,灰黑绿色霉层,Gray-black-green mold layer,存在症状,ManifestAs
5315,黄瓜黑星病,Cladosporium cucumerinum,退绿色小斑点,Green spots,存在症状,ManifestAs
5316,黄瓜黑星病,Cladosporium cucumerinum,近圆形病斑,Nearly circular lesions,存在症状,ManifestAs
5317,黄瓜黑星病,Cladosporium cucumerinum,脉限制,Pulse Limitation,存在症状,ManifestAs
5318,黄瓜黑星病,Cladosporium cucumerinum,洞边缘为长短不等的锯,The edges of the holes are sawn with different lengths,存在症状,ManifestAs
5319,黄瓜黑星病,Cladosporium cucumerinum,黄色晕圈,Yellow halo,存在症状,ManifestAs
5320,黄瓜黑星病,Cladosporium cucumerinum,破碎不堪,Broken,存在症状,ManifestAs
5321,黄瓜黑星病,Cladosporium cucumerinum,木栓化组织龟裂,Corky tissue cracking,存在症状,ManifestAs
5322,黄瓜黑星病,Cladosporium cucumerinum,病斑长梭形,Long spindle-shaped lesions,存在症状,ManifestAs
5323,黄瓜黑星病,Cladosporium cucumerinum,淡黄褐,Light yellow brown,存在症状,ManifestAs
5324,黄瓜黑星病,Cladosporium cucumerinum,中间开裂下,Crack in the middle,存在症状,ManifestAs
5325,黄瓜黑星病,Cladosporium cucumerinum,透明分泌物,Transparent discharge,存在症状,ManifestAs
5326,黄瓜黑星病,Cladosporium cucumerinum,暗绿色圆形至椭圆形病斑,Dark green round to oval lesions,存在症状,ManifestAs
5327,黄瓜黑星病,Cladosporium cucumerinum,半透明胶状物,Translucent jelly,存在症状,ManifestAs
5328,黄瓜黑星病,Cladosporium cucumerinum,病斑凹陷,Lesion depression,存在症状,ManifestAs
5329,黄瓜黑星病,Cladosporium cucumerinum,褐色或黑褐色,Brown or dark brown,存在症状,ManifestAs
5330,黄瓜黑星病,Cladosporium cucumerinum,心叶枯萎,Heart leaf withering,存在症状,ManifestAs
5331,黄瓜黑星病,Cladosporium cucumerinum,全株枯死,The whole plant died,存在症状,ManifestAs
5332,黄瓜黑星病,Cladosporium cucumerinum,新叶扭皱畸形,New leaves are twisted and deformed,存在症状,ManifestAs
5333,黄瓜黑星病,Cladosporium cucumerinum,植株秃顶,Plant baldness,存在症状,ManifestAs
5334,黄瓜白粉病,Sphaerotheca fuliginea,白色小粉点,White small powder dots,存在症状,ManifestAs
5335,黄瓜白粉病,Sphaerotheca fuliginea,粉状圆形斑,Powdery circular spots,存在症状,ManifestAs
5336,黄瓜白粉病,Sphaerotheca fuliginea,叶片逐渐变黄,Leaves gradually turn yellow,存在症状,ManifestAs
5337,黄瓜黑斑病,Alternaria cucumerina,圆形的小斑点,Small round spots,存在症状,ManifestAs
5338,黄瓜黑斑病,Alternaria cucumerina,圆形病斑,Circular lesions,存在症状,ManifestAs
5339,黄瓜黑斑病,Alternaria cucumerina,中央灰白色,Central off-white,存在症状,ManifestAs
5340,黄瓜黑斑病,Alternaria cucumerina,边缘清晰为淡黄色,Clear yellow edge,存在症状,ManifestAs
5341,黄瓜黑斑病,Alternaria cucumerina,病斑稍有突起,The lesion is slightly raised,存在症状,ManifestAs
5342,黄瓜黑斑病,Alternaria cucumerina,病斑水渍状,Water-soaked lesions,存在症状,ManifestAs
5343,黄瓜黑斑病,Alternaria cucumerina,褪绿晕圈,Chlorotic Halo,存在症状,ManifestAs
5344,黄瓜黑斑病,Alternaria cucumerina,黑色的霉层,Black mold layer,存在症状,ManifestAs
5345,黄瓜黑斑病,Alternaria cucumerina,叶肉组织枯死,Leaf tissue dieback,存在症状,ManifestAs
5346,黄瓜黑斑病,Alternaria cucumerina,叶缘向上卷起,Leaf margins curled upward,存在症状,ManifestAs
5347,黄瓜黑斑病,Alternaria cucumerina,叶子焦枯,Leaves scorched,存在症状,ManifestAs
5348,黄瓜靶斑病,Pseudomonas syringae,淡褐色圆形病斑,Light brown circular spots,存在症状,ManifestAs
5349,黄瓜靶斑病,Pseudomonas syringae,呈不规则形,Irregular shape,存在症状,ManifestAs
5350,黄瓜靶斑病,Pseudomonas syringae,灰黑色霉状物,Gray-black mold,存在症状,ManifestAs
5351,黄瓜靶斑病,Pseudomonas syringae,病斑融合,Lesion fusion,存在症状,ManifestAs
5352,黄瓜靶斑病,Pseudomonas syringae,叶片枯死,Leaf death,存在症状,ManifestAs
5353,黄瓜灰色疫病,Phytophthora drechsleri,病斑圆形,Circular lesion,存在症状,ManifestAs
5354,黄瓜灰色疫病,Phytophthora drechsleri,暗绿色,Dark green,存在症状,ManifestAs
5355,黄瓜灰色疫病,Phytophthora drechsleri,叶片软腐状下垂,The leaves droop like soft rot,存在症状,ManifestAs
5356,黄瓜灰色疫病,Phytophthora drechsleri,茎蔓变细,Thinning of stems,存在症状,ManifestAs
5357,黄瓜灰色疫病,Phytophthora drechsleri,呈暗绿色软腐,Dark green soft rot,存在症状,ManifestAs
5358,黄瓜灰色疫病,Phytophthora drechsleri,白色粉状霉,White powdery mildew,存在症状,ManifestAs
5359,黄瓜灰色疫病,Phytophthora drechsleri,病斑暗绿色,Lesions dark green,存在症状,ManifestAs
5360,黄瓜灰色疫病,Phytophthora drechsleri,水浸状,Waterlogged,存在症状,ManifestAs
5361,黄瓜灰色疫病,Phytophthora drechsleri,白色霉状物,White mold,存在症状,ManifestAs
5362,黄瓜红粉病,Trichothecium roseum,圆形,Round,存在症状,ManifestAs
5363,黄瓜红粉病,Trichothecium roseum,椭圆形,Oval,存在症状,ManifestAs
5364,黄瓜红粉病,Trichothecium roseum,不规则形状的浅黄褐色病斑,Irregularly shaped light yellow-brown spots,存在症状,ManifestAs
5365,黄瓜红粉病,Trichothecium roseum,叶片病斑大,Large leaf spots,存在症状,ManifestAs
5366,黄瓜红粉病,Trichothecium roseum,呈椭圆形或不规则形,Oval or irregular shape,存在症状,ManifestAs
5367,黄瓜红粉病,Trichothecium roseum,病斑边缘呈浅黄褐色,The edge of the lesion is light yellow-brown,存在症状,ManifestAs
5368,黄瓜红粉病,Trichothecium roseum,中部灰白色,Middle grayish white,存在症状,ManifestAs
5369,黄瓜红粉病,Trichothecium roseum,叶片病斑,Leaf spots,存在症状,ManifestAs
5370,黄瓜红粉病,Trichothecium roseum,病斑呈圆形或椭圆形,The lesions are round or oval,存在症状,ManifestAs
5371,黄瓜红粉病,Trichothecium roseum,浅黄褐色,Light brown,存在症状,ManifestAs
5372,黄瓜红粉病,Trichothecium roseum,叶片病斑呈圆形,Circular leaf spots,存在症状,ManifestAs
5373,黄瓜红粉病,Trichothecium roseum,浅橙色霉状物,Light orange mold,存在症状,ManifestAs
5374,黄瓜红粉病,Trichothecium roseum,叶片大量枯死,Large number of leaves die,存在症状,ManifestAs
5375,黄瓜圆叶枯病,Pseudoperonospora cubensis,暗绿色水浸状病斑,Dark green water-soaked lesions,存在症状,ManifestAs
5376,黄瓜圆叶枯病,Pseudoperonospora cubensis,黑褐色的霉层,Dark brown mold layer,存在症状,ManifestAs
5377,黄瓜枯萎病,Fusarium oxysporum,子叶先变黄,Cotyledons turn yellow first,存在症状,ManifestAs
5378,黄瓜枯萎病,Fusarium oxysporum,茎部变褐溢缩或呈立枯状,The stem turns brown and shrinks or wilts,存在症状,ManifestAs
5379,黄瓜枯萎病,Fusarium oxysporum,叶片褪绿,Leaf chlorosis,存在症状,ManifestAs
5380,黄瓜枯萎病,Fusarium oxysporum,黄色斑块,Yellow patches,存在症状,ManifestAs
5381,黄瓜枯萎病,Fusarium oxysporum,全叶发黄,Yellowing of leaves,存在症状,ManifestAs
5382,黄瓜枯萎病,Fusarium oxysporum,叶片由下向上凋萎,Leaves wither from bottom to top,存在症状,ManifestAs
5383,黄瓜枯萎病,Fusarium oxysporum,侧根呈褐色腐烂,Brown rot of lateral roots,存在症状,ManifestAs
5384,黄瓜枯萎病,Fusarium oxysporum,出现黄褐色,Yellowish brown,存在症状,ManifestAs
5385,黄瓜枯萎病,Fusarium oxysporum,产生白色或粉红色霉,White or pink mold,存在症状,ManifestAs
5386,黄瓜枯萎病,Fusarium oxysporum,少许琥珀色胶质物,A little amber colloid,存在症状,ManifestAs
5387,黄瓜枯萎病,Fusarium oxysporum,维管束呈黄褐色至深褐色,Vascular bundles are yellowish brown to dark brown,存在症状,ManifestAs
5388,黄瓜蔓枯病,Mycosphaerella melonis,油渍状病斑,Oily spots,存在症状,ManifestAs
5389,黄瓜蔓枯病,Mycosphaerella melonis,椭圆形或菱形,Oval or diamond,存在症状,ManifestAs
5390,黄瓜蔓枯病,Mycosphaerella melonis,灰白色,Off-white,存在症状,ManifestAs
5391,黄瓜蔓枯病,Mycosphaerella melonis,琥珀色树脂样胶状物,Amber resinous jelly,存在症状,ManifestAs
5392,黄瓜蔓枯病,Mycosphaerella melonis,病部干缩纵裂,The diseased part shrinks and cracks,存在症状,ManifestAs
5393,黄瓜蔓枯病,Mycosphaerella melonis,病部腐烂,Diseased part rot,存在症状,ManifestAs
5394,黄瓜蔓枯病,Mycosphaerella melonis,近圆形或不规则形的大病斑,"Large, nearly circular or irregular lesions",存在症状,ManifestAs
5395,黄瓜蔓枯病,Mycosphaerella melonis,呈“Ｖ”字形或半圆形,V-shaped or semicircular,存在症状,ManifestAs
5396,黄瓜蔓枯病,Mycosphaerella melonis,淡褐色,Light brown,存在症状,ManifestAs
5397,黄瓜蔓枯病,Mycosphaerella melonis,呈黄褐色至红褐色,Yellowish brown to reddish brown,存在症状,ManifestAs
5398,黄瓜蔓枯病,Mycosphaerella melonis,果肉淡褐色软化,The flesh is light brown and softened,存在症状,ManifestAs
5399,黄瓜蔓枯病,Mycosphaerella melonis,呈心腐症,Heart rot,存在症状,ManifestAs
5400,黄瓜蔓枯病,Mycosphaerella melonis,局部烂蔓,Local rot,存在症状,ManifestAs
5401,黄瓜猝倒病,Pythium aphanidermatum,水渍状黄色病斑,Water-soaked yellow spots,存在症状,ManifestAs
5402,黄瓜猝倒病,Pythium aphanidermatum,缢缩呈线状,Linear constriction,存在症状,ManifestAs
5403,黄瓜猝倒病,Pythium aphanidermatum,白色棉絮状物,White cotton-like substance,存在症状,ManifestAs
5404,黄瓜猝倒病,Pythium aphanidermatum,水渍状大斑,Large water-soaked spots,存在症状,ManifestAs
5405,黄瓜猝倒病,Pythium aphanidermatum,白色絮状物,White floc,存在症状,ManifestAs
5406,黄瓜立枯病,Rhizoctonia solani,暗褐色病斑,Dark brown spots,存在症状,ManifestAs
5407,黄瓜立枯病,Rhizoctonia solani,近椭圆形,Nearly oval,存在症状,ManifestAs
5408,黄瓜立枯病,Rhizoctonia solani,茎基部萎缩干枯,The stem base shrinks and dries up,存在症状,ManifestAs
5409,黄瓜立枯病,Rhizoctonia solani,不倒伏,No lodging,存在症状,ManifestAs
5410,黄瓜立枯病,Rhizoctonia solani,变褐色或腐烂症状,Browning or rotting symptoms,存在症状,ManifestAs
5411,黄瓜菌核病,Sclerotinia sclerotiorum,淡绿色水浸状小斑点,Light green water-soaked spots,存在症状,ManifestAs
5412,黄瓜菌核病,Sclerotinia sclerotiorum,淡褐色病斑,Light brown spots,存在症状,ManifestAs
5413,黄瓜菌核病,Sclerotinia sclerotiorum,白色棉毛状菌丝,White cottony hyphae,存在症状,ManifestAs
5414,黄瓜菌核病,Sclerotinia sclerotiorum,黑色鼠粪状菌核,Black mouse-dung sclerotia,存在症状,ManifestAs
5415,黄瓜菌核病,Sclerotinia sclerotiorum,先呈水浸状腐烂,First waterlogged rot,存在症状,ManifestAs
5416,黄瓜菌核病,Sclerotinia sclerotiorum,白色菌丝,White mycelium,存在症状,ManifestAs
5417,黄瓜菌核病,Sclerotinia sclerotiorum,黑色菌核,Black Sclerotium,存在症状,ManifestAs
5418,黄瓜细菌性角斑病,Pseudomonas syringae,水浸状的小病斑,Small water-soaked spots,存在症状,ManifestAs
5419,黄瓜细菌性角斑病,Pseudomonas syringae,黄褐色,tan,存在症状,ManifestAs
5420,黄瓜细菌性角斑病,Pseudomonas syringae,带油光,With oily shine,存在症状,ManifestAs
5421,黄瓜细菌性角斑病,Pseudomonas syringae,乳白色菌脓,Milky white pus,存在症状,ManifestAs
5422,黄瓜细菌性角斑病,Pseudomonas syringae,病部腐烂折断,The diseased part rots and breaks,存在症状,ManifestAs
5423,黄瓜根结线虫病,Meloidogyne incognita,串珠状瘤状物,Beaded nodules,存在症状,ManifestAs
5424,黄瓜根结线虫病,Meloidogyne incognita,淡褐色腐烂,Light brown rot,存在症状,ManifestAs
5425,黄瓜根结线虫病,Meloidogyne incognita,半透明白色针头大,Translucent white needle,存在症状,ManifestAs
5426,黄瓜炭疽病,Colletotrichum orbiculare,病部呈红褐色或褐色,The diseased part is reddish brown or brown,存在症状,ManifestAs
5427,黄瓜炭疽病,Colletotrichum orbiculare,粉红色粘稠状物,Pink viscous substance,存在症状,ManifestAs
5428,黄瓜炭疽病,Colletotrichum orbiculare,病斑呈半圆形,Semicircular lesions,存在症状,ManifestAs
5429,黄瓜炭疽病,Colletotrichum orbiculare,淡褐色,Light brown,存在症状,ManifestAs
5430,黄瓜炭疽病,Colletotrichum orbiculare,黑色小粒点或淡红色粘稠状物,Black small dots or light red viscous substance,存在症状,ManifestAs
5431,黄瓜炭疽病,Colletotrichum orbiculare,瓜苗倒伏,Melon seedlings fall over,存在症状,ManifestAs
5432,黄瓜炭疽病,Colletotrichum orbiculare,圆形,Round,存在症状,ManifestAs
5433,黄瓜炭疽病,Colletotrichum orbiculare,背面水浸状小斑点,Small water-soaked spots on the back,存在症状,ManifestAs
5434,黄瓜炭疽病,Colletotrichum orbiculare,近圆形红褐色病斑,Nearly circular reddish brown spots,存在症状,ManifestAs
5435,黄瓜炭疽病,Colletotrichum orbiculare,中央颜色淡,Light center color,存在症状,ManifestAs
5436,黄瓜炭疽病,Colletotrichum orbiculare,边缘有黄色晕圈,Yellow halo around the edge,存在症状,ManifestAs
5437,黄瓜炭疽病,Colletotrichum orbiculare,橙红色胶状物,Orange-red jelly,存在症状,ManifestAs
5438,黄瓜炭疽病,Colletotrichum orbiculare,病斑龟裂穿孔,"Lesions, cracks and perforations",存在症状,ManifestAs
5439,黄瓜炭疽病,Colletotrichum orbiculare,粉红色粘稠物,Pink sticky substance,存在症状,ManifestAs
5440,黄瓜炭疽病,Colletotrichum orbiculare,水渍状,Water stain,存在症状,ManifestAs
5441,黄瓜炭疽病,Colletotrichum orbiculare,褐色或黑褐色,Brown or dark brown,存在症状,ManifestAs
5442,黄瓜炭疽病,Colletotrichum orbiculare,病斑长圆形,Lesion oblong,存在症状,ManifestAs
5443,黄瓜炭疽病,Colletotrichum orbiculare,淡黄,Light yellow,存在症状,ManifestAs
5444,黄瓜炭疽病,Colletotrichum orbiculare,灰白色至深褐色,Off-white to dark brown,存在症状,ManifestAs
5445,黄瓜灰霉病,Botrytis cinerea,花瓣腐烂,Petal rot,存在症状,ManifestAs
5446,黄瓜灰霉病,Botrytis cinerea,灰褐色霉层,Gray brown mold layer,存在症状,ManifestAs
5447,黄瓜灰霉病,Botrytis cinerea,蒂部初呈水渍状,The pedicle is initially water-stained,存在症状,ManifestAs
5448,黄瓜灰霉病,Botrytis cinerea,灰褐色霉状物,Gray-brown mold,存在症状,ManifestAs
5449,黄瓜灰霉病,Botrytis cinerea,花瓣枯萎脱落,Petals wither and fall off,存在症状,ManifestAs
5450,黄瓜灰霉病,Botrytis cinerea,淡灰褐色,Light gray brown,存在症状,ManifestAs
5451,黄瓜灰霉病,Botrytis cinerea,病斑近圆形或不,The lesions are nearly circular or not,存在症状,ManifestAs
5452,黄瓜灰霉病,Botrytis cinerea,时生有灰,There is gray,存在症状,ManifestAs
5453,黄瓜灰霉病,Botrytis cinerea,茎节腐烂,Stem node rot,存在症状,ManifestAs
5454,黄瓜灰霉病,Botrytis cinerea,瓜蔓腐烂折断,The melon vine rots and breaks,存在症状,ManifestAs
5455,黄瓜灰霉病,Botrytis cinerea,植株枯死,Plant death,存在症状,ManifestAs
5456,黄瓜根腐病,Fusarium oxysporum,呈浅褐色湿腐,Light brown wet rot,存在症状,ManifestAs
5457,黄瓜根腐病,Fusarium oxysporum,根茎部缢缩,Root constriction,存在症状,ManifestAs
5458,黄瓜根腐病,Fusarium oxysporum,维管束变褐,Browning of vascular bundles,存在症状,ManifestAs
5459,黄瓜根腐病,Fusarium oxysporum,叶片萎蔫,Leaf wilting,存在症状,ManifestAs
5460,黄瓜根腐病,Fusarium oxysporum,呈水渍状变褐腐烂,"Water-soaked, brown and rotten",存在症状,ManifestAs
5461,黄瓜根腐病,Fusarium oxysporum,全株枯死,The whole plant died,存在症状,ManifestAs
5462,黄瓜细菌性缘枯病,Pseudomonas syringae,点状斑点,Dotted spots,存在症状,ManifestAs
5463,黄瓜细菌性缘枯病,Pseudomonas syringae,水浸状,Waterlogged,存在症状,ManifestAs
5464,黄瓜细菌性缘枯病,Pseudomonas syringae,淡褐色不规则形斑,Light brown irregular spots,存在症状,ManifestAs
5465,黄瓜细菌性缘枯病,Pseudomonas syringae,大型水渍状病斑,Large water-soaked lesions,存在症状,ManifestAs
5466,黄瓜细菌性缘枯病,Pseudomonas syringae,呈楔形,Wedge-shaped,存在症状,ManifestAs
5467,黄瓜细菌性缘枯病,Pseudomonas syringae,病斑呈褐色水浸状,Brown water-soaked lesions,存在症状,ManifestAs
5468,黄瓜细菌性缘枯病,Pseudomonas syringae,黄化凋萎,Yellowing and wilt,存在症状,ManifestAs
5469,黄瓜细菌性枯萎病,Pseudomonas solanacearum,茎蔓收缩变细,The stems shrink and become thinner,存在症状,ManifestAs
5470,黄瓜细菌性枯萎病,Pseudomonas solanacearum,叶片光泽暗淡,Dull leaf luster,存在症状,ManifestAs
5471,黄瓜细菌性枯萎病,Pseudomonas solanacearum,似缺水状,Like lack of water,存在症状,ManifestAs
5472,黄瓜细菌性枯萎病,Pseudomonas solanacearum,维管束变褐色,Vascular bundles turn brown,存在症状,ManifestAs
5473,黄瓜细菌性枯萎病,Pseudomonas solanacearum,乳白色黏质物,Milky white sticky substance,存在症状,ManifestAs
5474,黄瓜细菌性枯萎病,Pseudomonas solanacearum,白色菌脓,White pus,存在症状,ManifestAs
5475,黄瓜细菌性枯萎病,Pseudomonas solanacearum,有恶臭味,There is a foul smell,存在症状,ManifestAs
5476,黄瓜病毒病,Cucumber mosaic virus,叶脉透明,Transparent leaf veins,存在症状,ManifestAs
5477,黄瓜病毒病,Cucumber mosaic virus,黄绿或深绿泡斑,Yellow-green or dark green blister,存在症状,ManifestAs
5478,黄瓜病毒病,Cucumber mosaic virus,各种畸形,Various deformities,存在症状,ManifestAs
5479,黄瓜病毒病,Cucumber mosaic virus,病叶粗糙呈革质,Diseased leaves are rough and leathery,存在症状,ManifestAs
5480,黄瓜病毒病,Cucumber mosaic virus,绒毛脱落,Villus shedding,存在症状,ManifestAs
5481,黄瓜病毒病,Cucumber mosaic virus,叶基变长,Leaf base becomes longer,存在症状,ManifestAs
5482,黄瓜病毒病,Cucumber mosaic virus,侧翼变狭变薄,Narrowing and thinning of the flanks,存在症状,ManifestAs
5483,黄瓜病毒病,Cucumber mosaic virus,叶尖细长,Slender leaf tip,存在症状,ManifestAs
5484,黄瓜病毒病,Cucumber mosaic virus,呈“鼠尾状”,Rat-tail shaped,存在症状,ManifestAs
5485,黄瓜病毒病,Cucumber mosaic virus,病叶叶缘向上卷曲,The edges of diseased leaves curl upwards,存在症状,ManifestAs
5486,黄瓜病毒病,Cucumber mosaic virus,深褐色坏死,Dark brown necrosis,存在症状,ManifestAs
5487,黄瓜斑点病,Pseudomonas syringae,病斑水浸状,Water-soaked lesions,存在症状,ManifestAs
5488,黄瓜斑点病,Pseudomonas syringae,渐变淡褐色,Gradient light brown,存在症状,ManifestAs
5489,黄瓜斑点病,Pseudomonas syringae,水浸状淡绿色晕环,Water-soaked light green halo,存在症状,ManifestAs
5490,黄瓜斑点病,Pseudomonas syringae,病斑中部呈薄纸状,The middle of the lesion is paper-thin,存在症状,ManifestAs
5491,黄瓜斑点病,Pseudomonas syringae,淡黄色或灰白色,Light yellow or off-white,存在症状,ManifestAs
5492,黄瓜幼苗腐霉根腐病,Pythium aphanidermatum,植株枯萎而死,The plant withered and died,存在症状,ManifestAs
5493,黄瓜幼苗腐霉根腐病,Pythium aphanidermatum,叶片萎蔫,Leaf wilting,存在症状,ManifestAs
5494,黄瓜幼苗腐霉根腐病,Pythium aphanidermatum,似缺水状,Like lack of water,存在症状,ManifestAs
5495,黄瓜幼苗腐霉根腐病,Pythium aphanidermatum,根毛呈水浸状,Root hairs are water-soaked,存在症状,ManifestAs
5496,黄瓜幼苗腐霉根腐病,Pythium aphanidermatum,颜色为淡褐色,Light brown in color,存在症状,ManifestAs
5497,黄瓜幼苗腐霉根腐病,Pythium aphanidermatum,呈水浸状腐烂,Waterlogged rot,存在症状,ManifestAs
5498,黄瓜叶点霉叶斑病,Pseudoperonospora cubensis,病斑呈水浸状,The lesions are water-soaked,存在症状,ManifestAs
5499,黄瓜叶点霉叶斑病,Pseudoperonospora cubensis,浅绿色水浸状晕环,Light green water-soaked halo,存在症状,ManifestAs
5500,黄瓜叶点霉叶斑病,Pseudoperonospora cubensis,病斑中间呈薄纸状,The middle of the lesion is paper-thin,存在症状,ManifestAs
5501,黄瓜叶点霉叶斑病,Pseudoperonospora cubensis,浅黄色,Light yellow,存在症状,ManifestAs
5502,黄瓜花腐病,Sclerotinia sclerotiorum,黄瓜花呈褐色腐烂状,Cucumber flowers turn brown and rotten,存在症状,ManifestAs
5503,黄瓜花腐病,Sclerotinia sclerotiorum,稀疏白色毛状物,Sparse white hairs,存在症状,ManifestAs
5504,黄瓜花腐病,Sclerotinia sclerotiorum,黑色头点状物,Black dot-shaped object,存在症状,ManifestAs
5505,黄瓜花腐病,Sclerotinia sclerotiorum,黄瓜幼瓜变软,Cucumbers become soft,存在症状,ManifestAs
5506,黄瓜花腐病,Sclerotinia sclerotiorum,淡灰色绒毛,Light grey fluff,存在症状,ManifestAs
5507,黄瓜花腐病,Sclerotinia sclerotiorum,黑色点状物,Black dots,存在症状,ManifestAs
5508,黄瓜花腐病,Sclerotinia sclerotiorum,菌丝白色,Mycelium white,存在症状,ManifestAs
5509,黄瓜软腐病,Pectobacterium carotovorum,褪绿圆斑,Chlorotic round spots,存在症状,ManifestAs
5510,黄瓜软腐病,Pectobacterium carotovorum,内部软腐,Internal soft rot,存在症状,ManifestAs
5511,黄瓜软腐病,Pectobacterium carotovorum,表皮破裂崩溃,The epidermis breaks down,存在症状,ManifestAs
5512,黄瓜细菌性圆斑病,Pseudomonas syringae,水浸状的小斑点,Small water-soaked spots,存在症状,ManifestAs
5513,黄瓜细菌性圆斑病,Pseudomonas syringae,圆形或近圆形病斑,Circular or nearly circular lesions,存在症状,ManifestAs
5514,黄瓜细菌性圆斑病,Pseudomonas syringae,黄色至褐黄色,Yellow to brownish yellow,存在症状,ManifestAs
5515,黄瓜细菌性圆斑病,Pseudomonas syringae,中间半透明,Translucent in the middle,存在症状,ManifestAs
5516,黄瓜细菌性圆斑病,Pseudomonas syringae,黄色晕圈,Yellow halo,存在症状,ManifestAs
5517,黄瓜细菌性圆斑病,Pseudomonas syringae,病部茎部开裂,Cracks in the diseased stem,存在症状,ManifestAs
5518,黄瓜绿斑花叶病,Cucumovirus,子现亮绿或暗绿色,Seed appears bright green or dark green,存在症状,ManifestAs
5519,黄瓜绿斑花叶病,Cucumovirus,产生暗绿色斑驳的病部,Produces dark green mottled diseased parts,存在症状,ManifestAs
5520,黄瓜绿斑花叶病,Cucumovirus,起新叶,New leaves,存在症状,ManifestAs
5521,黄瓜绿斑花叶病,Cucumovirus,后期叶脉,Late leaf veins,存在症状,ManifestAs
5522,黄瓜绿斑花叶病,Cucumovirus,化叶片,Chemical leaves,存在症状,ManifestAs
5523,黄瓜绿斑花叶病,Cucumovirus,引起植株,Causes plant,存在症状,ManifestAs
5524,黄瓜绿斑花叶病,Cucumovirus,化叶片斑驳,Mottled leaves,存在症状,ManifestAs
5525,黄瓜绿斑花叶病,Cucumovirus,浓绿色花斑,Dark green spotted,存在症状,ManifestAs
5526,黄瓜绿斑花叶病,Cucumovirus,淡黄色星状疱斑,Yellowish stellate herpes,存在症状,ManifestAs
5527,黄瓜真滑刃线虫病,Aphelenchoides besseyi,根部变褐腐烂,Roots turn brown and rot,存在症状,ManifestAs
5528,黄瓜叶烧病,Pseudomonas syringae,小的白色斑块,Small white patches,存在症状,ManifestAs
5529,黄瓜叶烧病,Pseudomonas syringae,形状不规则或呈多角形,Irregular or polygonal shape,存在症状,ManifestAs
5530,黄瓜叶烧病,Pseudomonas syringae,呈白色至黄白色斑块,White to yellowish white patches,存在症状,ManifestAs
5531,黄瓜叶烧病,Pseudomonas syringae,叶缘烧焦,Leaf edge burn,存在症状,ManifestAs
5532,黄瓜生理性萎蔫,Erwinia tracheiphila,急性萎蔫枯,Acute wilting,存在症状,ManifestAs
5533,黄瓜叶片急性调萎,Pseudoperonospora cubensis,叶片突然萎蔫,Sudden wilting of leaves,存在症状,ManifestAs
5534,黄瓜高温障碍,Cucumis sativus,子叶小,Small cotyledons,存在症状,ManifestAs
5535,黄瓜高温障碍,Cucumis sativus,叶片大而薄,Large and thin leaves,存在症状,ManifestAs
5536,黄瓜高温障碍,Cucumis sativus,1～2mm近圆形至椭圆形褪,1～2mm nearly round to oval faded,存在症状,ManifestAs
5537,黄瓜高温障碍,Cucumis sativus,近小叶萎,Near leaflet wilt,存在症状,ManifestAs
5538,黄瓜高温障碍,Cucumis sativus,叶缘变黑,Leaf margins turn black,存在症状,ManifestAs
5539,黄瓜高温障碍,Cucumis sativus,叶片萎蔫,Leaf wilting,存在症状,ManifestAs
5540,黄瓜泡泡病,Pseudomonas syringae,m正面,mFront,存在症状,ManifestAs
5541,黄瓜泡泡病,Pseudomonas syringae,起背面,From the back,存在症状,ManifestAs
5542,黄瓜泡泡病,Pseudomonas syringae,进叶面凸凹不平,The leaf surface is uneven,存在症状,ManifestAs
5543,黄瓜泡泡病,Pseudomonas syringae,白毯状物,White blanket,存在症状,ManifestAs
5544,黄瓜泡泡病,Pseudomonas syringae,黄色或黄褐色,Yellow or brown,存在症状,ManifestAs
5545,黄瓜起霜果和裂果,Pseudoperonospora cubensis,白粉状的霜,White powdery frost,存在症状,ManifestAs
5546,黄瓜缺素症,Cucumber deficiency syndrome,上位叶叶缘变黄褐色,The upper leaf margins turn yellow-brown,存在症状,ManifestAs
5547,黄瓜缺素症,Cucumber deficiency syndrome,叶脉间黄化,Yellowing of leaves between veins,存在症状,ManifestAs
5548,黄瓜缺素症,Cucumber deficiency syndrome,上位叶心叶变褐萎缩,The heart leaves of the upper leaves turn brown and shrink,存在症状,ManifestAs
5549,黄瓜缺素症,Cucumber deficiency syndrome,叶脉间不黄化,No yellowing between veins,存在症状,ManifestAs
5550,黄瓜缺素症,Cucumber deficiency syndrome,叶缘由黄色变成褐色,The leaf margins turn from yellow to brown,存在症状,ManifestAs
5551,黄瓜缺素症,Cucumber deficiency syndrome,叶色浓绿,Dark green leaves,存在症状,ManifestAs
5552,黄瓜黄化叶,Cucumovirus,叶片急剧黄化,Rapid yellowing of leaves,存在症状,ManifestAs
5553,黄瓜黄化叶,Cucumovirus,叶背面呈水渍状,Water-soaked back of leaves,存在症状,ManifestAs
5554,黄瓜焦边叶,Pseudomonas syringae,叶缘干枯或卷曲,Leaf edges dry or curled,存在症状,ManifestAs
5555,黄瓜花斑叶,Pseudomonas syringae,叶脉间黄绿花斑,Yellow-green spots between leaf veins,存在症状,ManifestAs
5556,黄瓜花斑叶,Pseudomonas syringae,黄色部分渐变黄褐色,Yellow part gradually turns to yellowish brown,存在症状,ManifestAs
5557,黄瓜花斑叶,Pseudomonas syringae,表面凹凸不平,Uneven surface,存在症状,ManifestAs
5558,黄瓜花斑叶,Pseudomonas syringae,病叶变硬,Diseased leaves become hard,存在症状,ManifestAs
5559,黄瓜低温障碍,Chilling injury,叶片变黄,Yellowing of leaves,存在症状,ManifestAs
5560,黄瓜低温障碍,Chilling injury,叶色浅,Light leaf color,存在症状,ManifestAs
5561,黄瓜低温障碍,Chilling injury,叶缘枯黄,Yellowing of leaf edges,存在症状,ManifestAs
5562,黄瓜低温障碍,Chilling injury,植株朽,Plant decay,存在症状,ManifestAs
5563,黄瓜低温障碍,Chilling injury,幼苗萎蔫,Seedling wilting,存在症状,ManifestAs
5564,黄瓜低温障碍,Chilling injury,结瓜少且小,Few and small fruits,存在症状,ManifestAs
5565,黄瓜低温障碍,Chilling injury,叶片组织褪绿呈黄白色,Leaf tissue turns yellowish white,存在症状,ManifestAs
5566,黄瓜低温障碍,Chilling injury,呈水渍状坏死,Water-soaked necrosis,存在症状,ManifestAs
5567,黄瓜低温障碍,Chilling injury,黄褐色水渍状,Brown water stain,存在症状,ManifestAs
5568,黄瓜低温障碍,Chilling injury,掌状黄脉,Palmate yellow veins,存在症状,ManifestAs
5569,黄瓜褐脉叶,Pseudoperonospora cubensis,白色至褐色的条斑,White to brown stripes,存在症状,ManifestAs
5570,黄瓜褐脉叶,Pseudoperonospora cubensis,叶肉坏死,Leaf necrosis,存在症状,ManifestAs
5571,黄瓜褐脉叶,Pseudoperonospora cubensis,零星的褐色斑点,Scattered brown spots,存在症状,ManifestAs
5572,黄瓜褐脉叶,Pseudoperonospora cubensis,乳白色至琥珀色菌脓,Milky white to amber pus,存在症状,ManifestAs
5573,葫芦夜蛾,Laphygma exigua,整叶枯萎,Whole leaf withering,存在症状,ManifestAs
5574,西葫芦黑星病,Cladosporium cucumerinum,病斑污点状,Spot-like,存在症状,ManifestAs
5575,西葫芦黑星病,Cladosporium cucumerinum,水浸状,Waterlogged,存在症状,ManifestAs
5576,西葫芦黑星病,Cladosporium cucumerinum,病斑椭圆形,Lesion oval,存在症状,ManifestAs
5577,西葫芦黑星病,Cladosporium cucumerinum,暗绿色,Dark green,存在症状,ManifestAs
5578,西葫芦黑星病,Cladosporium cucumerinum,龟裂或孔洞,Cracks or holes,存在症状,ManifestAs
5579,西葫芦黑星病,Cladosporium cucumerinum,半透明胶质物,Translucent colloid,存在症状,ManifestAs
5580,西葫芦黑星病,Cladosporium cucumerinum,琥珀色块状,Amber block,存在症状,ManifestAs
5581,西葫芦黑星病,Cladosporium cucumerinum,煤色霉层,Coal-colored mold layer,存在症状,ManifestAs
5582,西葫芦白粉病,Sphaerotheca fuliginea,白色近圆形小粉斑,White nearly circular small spots,存在症状,ManifestAs
5583,西葫芦白粉病,Sphaerotheca fuliginea,呈黄褐色坏死,Yellowish brown necrosis,存在症状,ManifestAs
5584,西葫芦炭疽病,Colletotrichum orbiculare,初呈半圆形褐色病斑,Initially appear as semicircular brown spots,存在症状,ManifestAs
5585,西葫芦炭疽病,Colletotrichum orbiculare,叶缘干枯,Dry leaf edges,存在症状,ManifestAs
5586,西葫芦炭疽病,Colletotrichum orbiculare,朱红色针头大的小液点,Scarlet needle-sized liquid spot,存在症状,ManifestAs
5587,西葫芦褐斑病,Mycosphaerella melonis,病斑圆形,Circular lesion,存在症状,ManifestAs
5588,西葫芦褐斑病,Mycosphaerella melonis,中间黄白色,Yellowish white in the middle,存在症状,ManifestAs
5589,西葫芦褐斑病,Mycosphaerella melonis,边缘黄褐色,Edge brown,存在症状,ManifestAs
5590,西葫芦褐斑病,Mycosphaerella melonis,表面粗糙,Rough surface,存在症状,ManifestAs
5591,西葫芦褐斑病,Mycosphaerella melonis,叶背面水渍状,Water-soaked back of leaves,存在症状,ManifestAs
5592,西葫芦褐斑病,Mycosphaerella melonis,褪绿晕圈,Chlorotic Halo,存在症状,ManifestAs
5593,蕹菜腐败病,Erwinia chrysanthemi,水渍状病斑,Water-soaked spots,存在症状,ManifestAs
5594,蕹菜腐败病,Erwinia chrysanthemi,褐色病斑,Brown spots,存在症状,ManifestAs
5595,蕹菜腐败病,Erwinia chrysanthemi,大量暗褐色菌核,A lot of dark brown sclerotia,存在症状,ManifestAs
5596,蕹菜病毒病,Cucumovirus,病株矮缩,Diseased plants stunted,存在症状,ManifestAs
5597,蕹菜病毒病,Cucumovirus,叶片变小,The leaves become smaller,存在症状,ManifestAs
5598,蕹菜病毒病,Cucumovirus,畸形皱缩,Deformed shrinkage,存在症状,ManifestAs
5599,蕹菜病毒病,Cucumovirus,叶质粗厚,Thick leaves,存在症状,ManifestAs
5600,蕹菜炭疽病,Colletotrichum destructivum,病斑近圆形,Nearly circular lesions,存在症状,ManifestAs
5601,蕹菜炭疽病,Colletotrichum destructivum,暗褐色,Dark brown,存在症状,ManifestAs
5602,蕹菜炭疽病,Colletotrichum destructivum,斑面微有轮纹,Slightly ring-shaped spots,存在症状,ManifestAs
5603,蕹菜炭疽病,Colletotrichum destructivum,叶片变黄干枯,Leaves turn yellow and dry,存在症状,ManifestAs
5604,蕹菜炭疽病,Colletotrichum destructivum,病斑近椭圆形,Lesions nearly oval,存在症状,ManifestAs
5605,蕹菜细菌性叶枯病,Xanthomonas campestris,叶缘向里呈黄褐色至褐红色,The leaf margins are yellowish brown to brownish red,存在症状,ManifestAs
5606,蕹菜细菌性叶枯病,Xanthomonas campestris,半圆形或不规则形死斑,Semicircular or irregular dead spots,存在症状,ManifestAs
5607,蕹菜细菌性叶枯病,Xanthomonas campestris,大形的坏死病斑,Large necrotic lesions,存在症状,ManifestAs
5608,蕹菜细菌性叶枯病,Xanthomonas campestris,不定形的坏死枯斑,Amorphous necrotic spots,存在症状,ManifestAs
5609,蕹菜细菌性叶枯病,Xanthomonas campestris,叶片枯死,Leaf death,存在症状,ManifestAs
5610,斜纹夜蛾,Spodoptera litura,孔洞或缺刻,Holes or notches,存在症状,ManifestAs
5611,甘薯麦蛾,Spodoptera exigua,白色表皮,White skin,存在症状,ManifestAs
5612,甘薯麦蛾,Spodoptera exigua,状似薄膜,Film-like,存在症状,ManifestAs
5613,甘薯麦蛾,Spodoptera exigua,叶片大量卷缀,Leaves are heavily curled,存在症状,ManifestAs
5614,甘薯天蛾,Agrius convolvuli,叶片缺刻,Leaf notch,存在症状,ManifestAs
5615,甘薯肖叶甲,Colasposoma dauricum,条状伤痕,Strip scars,存在症状,ManifestAs
5616,甘薯肖叶甲,Colasposoma dauricum,缺苗断垄,Missing seedlings and broken ridges,存在症状,ManifestAs
5617,甘薯肖叶甲,Colasposoma dauricum,深浅不一的弯曲伤痕,Curved scars of varying depths,存在症状,ManifestAs
5618,甘薯肖叶甲,Colasposoma dauricum,弯曲隧道,Curved Tunnel,存在症状,ManifestAs
5619,甘薯肖叶甲,Colasposoma dauricum,薯块变黑发苦,Potatoes turn black and bitter,存在症状,ManifestAs
5620,茴香菌核病,Sclerotinia sclerotiorum,病部呈褐色湿润状,The affected area is brown and moist,存在症状,ManifestAs
5621,茴香菌核病,Sclerotinia sclerotiorum,黑褐色鼠粪状菌核,Black brown mouse-dung-like sclerotia,存在症状,ManifestAs
5622,茴香霜霉病,Peronospora destructor,白色霜状霉层,White frost mildew,存在症状,ManifestAs
5623,茴香枯萎病,Fusarium oxysporum,叶片发黄,Yellowing leaves,存在症状,ManifestAs
5624,茴香枯萎病,Fusarium oxysporum,植株瘦弱矮小,The plant is thin and short,存在症状,ManifestAs
5625,茴香枯萎病,Fusarium oxysporum,叶片变黄干枯,Leaves turn yellow and dry,存在症状,ManifestAs
5626,茴香枯萎病,Fusarium oxysporum,根部发黑,Black roots,存在症状,ManifestAs
5627,茴香猝倒病,Pythium aphanidermatum,呈浅褐色水渍状,Light brown water stain,存在症状,ManifestAs
5628,茴香猝倒病,Pythium aphanidermatum,株腐或猝倒,Plant rot or damping off,存在症状,ManifestAs
5629,茴香猝倒病,Pythium aphanidermatum,粉红色霉层,Pink mildew layer,存在症状,ManifestAs
5630,茴香立枯病,Rhizoctonia solani,皮层腐烂,Cortical rot,存在症状,ManifestAs
5631,茴香立枯病,Rhizoctonia solani,叶片变黄,Yellowing of leaves,存在症状,ManifestAs
5632,茴香立枯病,Rhizoctonia solani,黑褐色的菌核,Dark brown sclerotium,存在症状,ManifestAs
5633,茴香白粉病,Erysiphe heraclei,白色粉状斑点,White powdery spots,存在症状,ManifestAs
5634,茴香白粉病,Erysiphe heraclei,组织变色,Tissue discoloration,存在症状,ManifestAs
5635,茴香灰斑病,Cercospora foeniculi,初生黄色小点,Newborn yellow spots,存在症状,ManifestAs
5636,茴香灰斑病,Cercospora foeniculi,近圆形病斑,Nearly circular lesions,存在症状,ManifestAs
5637,茴香灰斑病,Cercospora foeniculi,麻麻致叶,Mamazhiye,存在症状,ManifestAs
5638,茴香灰斑病,Cercospora foeniculi,病部生灰色,The diseased part is gray,存在症状,ManifestAs
5639,茴香细菌性疫病,Pseudomonas syringae,水渍状小斑点,Small water-stained spots,存在症状,ManifestAs
5640,茴香病毒病,Tobamovirus,结果少而小,Few and small results,存在症状,ManifestAs
5641,茴香病毒病,Tobamovirus,叶片呈畸形皱缩,Leaves are deformed and wrinkled,存在症状,ManifestAs
5642,茴香病毒病,Tobamovirus,花叶斑驳状,Mottled leaves,存在症状,ManifestAs
5643,茴香菟丝子危害,Cuscuta australis,黄色丝状物,Yellow filaments,存在症状,ManifestAs
5644,茴香菟丝子危害,Cuscuta australis,植株黄化,Plant yellowing,存在症状,ManifestAs
5645,茴香菟丝子危害,Cuscuta australis,茎细弱,Thin stems,存在症状,ManifestAs
5646,茴香菟丝子危害,Cuscuta australis,花白色,White flower,存在症状,ManifestAs
5647,茴香菟丝子危害,Cuscuta australis,萼片具脊,Sepals ridged,存在症状,ManifestAs
5648,茴香菟丝子危害,Cuscuta australis,萼片现出棱角,Sepals become angular,存在症状,ManifestAs
5649,茴香菟丝子危害,Cuscuta australis,萼片背面具纵脊,Sepals with longitudinal ridges on back,存在症状,ManifestAs
5650,赤条蝽,Graphosoma rubrolineata,呈点片状褐色斑,Brown spots,存在症状,ManifestAs
5651,赤条蝽,Graphosoma rubrolineata,种子干瘪,Seeds shrivel,存在症状,ManifestAs
5652,茼蒿叶枯病,Pseudomonas cichorii,圆形或不规则形,Round or irregular shape,存在症状,ManifestAs
5653,茼蒿叶枯病,Pseudomonas cichorii,中央淡灰色,Central light gray,存在症状,ManifestAs
5654,茼蒿叶枯病,Pseudomonas cichorii,边缘褐色,Edge brown,存在症状,ManifestAs
5655,茼蒿叶枯病,Pseudomonas cichorii,黑色霉状物,Black mold,存在症状,ManifestAs
5656,茼蒿叶枯病,Pseudomonas cichorii,叶片枯死,Leaf death,存在症状,ManifestAs
5657,茼蒿炭疽病,Colletotrichum destructivum,黄白色至黄褐色小斑点,Yellowish white to yellowish brown spots,存在症状,ManifestAs
5658,茼蒿炭疽病,Colletotrichum destructivum,不定形或近圆形褐色病斑,Irregular or nearly circular brown spots,存在症状,ManifestAs
5659,茼蒿炭疽病,Colletotrichum destructivum,稍凹陷,Slightly concave,存在症状,ManifestAs
5660,茼蒿炭疽病,Colletotrichum destructivum,呈椭圆形或长条形的褐色病斑,Oval or long brown spots,存在症状,ManifestAs
5661,茼蒿炭疽病,Colletotrichum destructivum,红褐色物质,Reddish brown substance,存在症状,ManifestAs
5662,茼蒿霜霉病,Peronospora destructor,淡黄色近圆形或多角形病斑,"Pale yellow, nearly circular or polygonal lesions",存在症状,ManifestAs
5663,茼蒿霜霉病,Peronospora destructor,病斑变为黄褐色,The lesions turn yellow-brown,存在症状,ManifestAs
5664,茼蒿霜霉病,Peronospora destructor,叶片发黄枯死,Leaves turn yellow and die,存在症状,ManifestAs
5665,茼蒿霜霉病,Peronospora destructor,白色霉层,White mold layer,存在症状,ManifestAs
5666,茼蒿叶斑病,Cercospora taiwanensis,病斑呈圆形至椭圆形,The lesions are round to oval,存在症状,ManifestAs
5667,茼蒿叶斑病,Cercospora taiwanensis,病斑呈不规则形,Irregular lesions,存在症状,ManifestAs
5668,茼蒿叶斑病,Cercospora taiwanensis,灰褐色,Taupe,存在症状,ManifestAs
5669,茼蒿叶斑病,Cercospora taiwanensis,黑色霉状物,Black mold,存在症状,ManifestAs
5670,茼蒿叶斑病,Cercospora taiwanensis,叶片枯死,Leaf death,存在症状,ManifestAs
5671,茼蒿立枯病,Rhizoctonia solani,浅褐色至褐色水渍状椭圆形病斑,Light brown to brown water-soaked oval lesions,存在症状,ManifestAs
5672,茼蒿立枯病,Rhizoctonia solani,浅褐色稀疏的蛛丝状霉,Light brown sparse spider mold,存在症状,ManifestAs
5673,茼蒿菌核病,Sclerotinia sclerotiorum,呈水浸状褐色腐烂,Water-soaked brown rot,存在症状,ManifestAs
5674,茼蒿菌核病,Sclerotinia sclerotiorum,白色菌丝体,White mycelium,存在症状,ManifestAs
5675,茼蒿菌核病,Sclerotinia sclerotiorum,菌核初白色,Sclerotium initial white,存在症状,ManifestAs
5676,茼蒿菌核病,Sclerotinia sclerotiorum,鼠粪状黑色颗粒状物,Rat droppings-like black granules,存在症状,ManifestAs
5677,茼蒿菌核病,Sclerotinia sclerotiorum,植株倒折或枯死,Plants fall over or die,存在症状,ManifestAs
5678,茼蒿细菌性萎蔫病,Pseudomonas syringae,髓部变褐腐烂,Pith turns brown and rots,存在症状,ManifestAs
5679,茼蒿细菌性萎蔫病,Pseudomonas syringae,叶片坏死干枯,Leaf necrosis and dryness,存在症状,ManifestAs
5680,茼蒿病毒病,Tospovirus,病株矮缩,Diseased plants stunted,存在症状,ManifestAs
5681,茼蒿病毒病,Tospovirus,叶片卷曲或皱缩,Curled or shrunken leaves,存在症状,ManifestAs
5682,茼蒿病毒病,Tospovirus,呈轻花叶或重花叶,Light or heavy mosaic,存在症状,ManifestAs
5683,茼蒿病毒病,Tospovirus,叶色浓淡不均,Uneven leaf color,存在症状,ManifestAs
5684,茼蒿病毒病,Tospovirus,呈斑驳或皱缩状,Mottled or wrinkled,存在症状,ManifestAs
5685,菜螟,Hellula undalis,叶柄腐烂,Petiole rot,存在症状,ManifestAs
5686,小菜蛾,Plutella xylostella,透明的斑块,Transparent patches,存在症状,ManifestAs
5687,小菜蛾,Plutella xylostella,食成孔洞和,Eat holes and,存在症状,ManifestAs
5688,香芹花叶病,Cucumber mosaic virus,黄色花叶,Yellow flower leaves,存在症状,ManifestAs
5689,香芹花叶病,Cucumber mosaic virus,叶片变色黄化,Leaf discoloration and yellowing,存在症状,ManifestAs
5690,香芹花叶病,Cucumber mosaic virus,植株矮化,Plant dwarfing,存在症状,ManifestAs
5691,香芹软腐病,Erwinia carotovora,水浸状坏死,Water-soaked necrosis,存在症状,ManifestAs
5692,香芹软腐病,Erwinia carotovora,深褐色,Dark Brown,存在症状,ManifestAs
5693,香芹软腐病,Erwinia carotovora,变黑发臭,Turn black and smelly,存在症状,ManifestAs
5694,香芹斑枯病,Septoria petroselini,水渍状的圆形小病斑,Small round water-soaked spots,存在症状,ManifestAs
5695,香芹斑枯病,Septoria petroselini,黄褐色坏死病斑,Yellow-brown necrotic spots,存在症状,ManifestAs
5696,香芹斑枯病,Septoria petroselini,边缘颜色深,Dark edge color,存在症状,ManifestAs
5697,香芹斑枯病,Septoria petroselini,淡黄色油浸状斑,Pale yellow oily spots,存在症状,ManifestAs
5698,香芹斑枯病,Septoria petroselini,淡褐色或褐色,Light brown or brown,存在症状,ManifestAs
5699,香芹斑枯病,Septoria petroselini,褐色干枯状,Brown dry,存在症状,ManifestAs
5700,香芹斑枯病,Septoria petroselini,病斑均呈长圆形,The lesions are oblong,存在症状,ManifestAs
5701,香芹斑枯病,Septoria petroselini,病斑边缘黄色,Yellow edge of lesion,存在症状,ManifestAs
5702,香芹斑枯病,Septoria petroselini,病斑为褐色,The lesions are brown,存在症状,ManifestAs
5703,香芹斑枯病,Septoria petroselini,长圆形稍凹陷,Oblong slightly concave,存在症状,ManifestAs
5704,香芹叶斑病,Pseudomonas syringae,不规则形或近圆形小病斑,Irregular or nearly circular small lesions,存在症状,ManifestAs
5705,香芹叶斑病,Pseudomonas syringae,橄榄色至褐色,Olive to brown,存在症状,ManifestAs
5706,香芹叶斑病,Pseudomonas syringae,中央灰色,Central Gray,存在症状,ManifestAs
5707,香芹叶斑病,Pseudomonas syringae,叶片干枯,Dry leaves,存在症状,ManifestAs
5708,香芹叶斑病,Pseudomonas syringae,条状或长椭圆形褐色斑,Stripe or oblong brown spots,存在症状,ManifestAs
5709,香芹根腐病,Fusarium oxysporum,根系变褐腐烂,Roots turn brown and rot,存在症状,ManifestAs
5710,香芹根腐病,Fusarium oxysporum,外叶萎蔫褪色,Outer leaves wilt and fade,存在症状,ManifestAs
5711,香芹根腐病,Fusarium oxysporum,红褐色至黄褐色,Reddish brown to yellowish brown,存在症状,ManifestAs
5712,香芹根腐病,Fusarium oxysporum,褐色至黑褐色腐烂,Brown to dark brown rot,存在症状,ManifestAs
5713,香芹根腐病,Fusarium oxysporum,白色霉状物,White mold,存在症状,ManifestAs
5714,香芹白化变异,Leucism,叶片初期绿色,Leaves initially green,存在症状,ManifestAs
5715,香芹白化变异,Leucism,病叶细弱,Diseased leaves are thin and weak,存在症状,ManifestAs
5716,香芹白化变异,Leucism,叶片薄而软,Thin and soft leaves,存在症状,ManifestAs
5717,芫荽立枯病,Rhizoctonia solani,子叶开始萎蔫,The cotyledons begin to wilt,存在症状,ManifestAs
5718,芫荽立枯病,Rhizoctonia solani,下部叶片黄化,Yellowing of lower leaves,存在症状,ManifestAs
5719,芫荽立枯病,Rhizoctonia solani,椭圆形暗褐色病斑,Oval dark brown spots,存在症状,ManifestAs
5720,芫荽立枯病,Rhizoctonia solani,主根呈黑褐色腐烂,The taproot is dark brown and rotten,存在症状,ManifestAs
5721,芫荽灰霉病,Botrytis cinerea,腐烂或萎蔫,Rotting or wilting,存在症状,ManifestAs
5722,芫荽灰霉病,Botrytis cinerea,灰色霉层,Gray mold layer,存在症状,ManifestAs
5723,芫荽细菌性疫病,Pseudomonas syringae,很小斑点,Very small spots,存在症状,ManifestAs
5724,芫荽花叶病毒病,Cucumovirus,黄色花叶或花叶,Yellow variegated leaves or mosaic,存在症状,ManifestAs
5725,芫荽花叶病毒病,Cucumovirus,植株矮化,Plant dwarfing,存在症状,ManifestAs
5726,香芹根结线虫病,Meloidogyne,叶片变黄,Yellowing of leaves,存在症状,ManifestAs
5727,香芹根结线虫病,Meloidogyne,瘤状突起,Tumor-like protrusion,存在症状,ManifestAs
5728,香芹肥害,Sclerotinia sclerotiorum,叶缘褪绿变黄,Leaf margins turn green and yellow,存在症状,ManifestAs
5729,香芹肥害,Sclerotinia sclerotiorum,叶缘发白干枯,White and dry leaf edges,存在症状,ManifestAs
5730,香芹肥害,Sclerotinia sclerotiorum,叶片呈水渍状,Water-soaked leaves,存在症状,ManifestAs
5731,香芹肥害,Sclerotinia sclerotiorum,白色坏死斑点,White necrotic spots,存在症状,ManifestAs
5732,香芹肥害,Sclerotinia sclerotiorum,叶片枯焦,Leaves burn,存在症状,ManifestAs
5733,芫荽叶斑病,Pseudomonas syringae,橄榄色至褐色病斑,Olive to brown lesions,存在症状,ManifestAs
5734,芫荽叶斑病,Pseudomonas syringae,不规则形或近圆形,Irregular or nearly round,存在症状,ManifestAs
5735,芫荽叶斑病,Pseudomonas syringae,病斑中央灰色,The center of the lesion is gray,存在症状,ManifestAs
5736,芫荽叶斑病,Pseudomonas syringae,叶片干枯,Dry leaves,存在症状,ManifestAs
5737,芫荽叶斑病,Pseudomonas syringae,条状或长椭圆形褐色斑,Stripe or oblong brown spots,存在症状,ManifestAs
5738,芫荽菌核病,Sclerotinia sclerotiorum,水渍状软腐,Water-soaked soft rot,存在症状,ManifestAs
5739,芫荽菌核病,Sclerotinia sclerotiorum,幼苗折倒枯死,Seedlings fall down and die,存在症状,ManifestAs
5740,芫荽菌核病,Sclerotinia sclerotiorum,棉絮状白色菌丝,Cotton-like white hyphae,存在症状,ManifestAs
5741,芫荽菌核病,Sclerotinia sclerotiorum,黑色鼠粪状坚硬的菌核,Black rat droppings-like hard sclerotia,存在症状,ManifestAs
5742,芫荽株腐病,Pythium aphanidermatum,株腐或猝倒,Plant rot or damping off,存在症状,ManifestAs
5743,芫荽株腐病,Pythium aphanidermatum,粉红色霉层,Pink mildew layer,存在症状,ManifestAs
5744,芫荽白粉病,Erysiphe heraclei,白色霉点,White mildew spots,存在症状,ManifestAs
5745,芫荽白粉病,Erysiphe heraclei,白色粉斑,White powdery spots,存在症状,ManifestAs
5746,芫荽软腐病,Erwinia carotovora,水浸状,Waterlogged,存在症状,ManifestAs
5747,芫荽软腐病,Erwinia carotovora,淡褐色纺锤形或不规则形凹陷斑,Light brown spindle-shaped or irregular sunken spots,存在症状,ManifestAs
5748,芫荽软腐病,Erwinia carotovora,变黑发臭,Turn black and smelly,存在症状,ManifestAs
5749,叶芥菜黑斑病,Alternaria brassicae,斑圆形或近,Spot round or nearly,存在症状,ManifestAs
5750,叶芥菜黑斑病,Alternaria brassicae,有明显的同心,There is obvious concentricity,存在症状,ManifestAs
5751,叶芥菜黑斑病,Alternaria brassicae,围有黄色,Surrounded by yellow,存在症状,ManifestAs
5752,叶芥菜黑斑病,Alternaria brassicae,上生黑色霉状物,Black mold growth,存在症状,ManifestAs
5753,叶芥菜黑腐病,Xanthomonas campestris,“V”字形黄褐色枯斑,"""V"" shaped yellow-brown spots",存在症状,ManifestAs
5754,叶芥菜黑腐病,Xanthomonas campestris,大块黄褐色斑或网状黑脉,Large yellow-brown spots or reticular black veins,存在症状,ManifestAs
5755,叶芥菜霜霉病,Peronospora parasitica,水浸状淡黄色病斑,Water-soaked pale yellow spots,存在症状,ManifestAs
5756,叶芥菜霜霉病,Peronospora parasitica,白色霜霉,White downy mildew,存在症状,ManifestAs
5757,叶芥菜霜霉病,Peronospora parasitica,褪绿变黄的病斑,Chlorotic and yellowing spots,存在症状,ManifestAs
5758,叶芥菜霜霉病,Peronospora parasitica,黄色至黄褐色,Yellow to brown,存在症状,ManifestAs
5759,叶芥菜霜霉病,Peronospora parasitica,黄褐色枯斑,Brown spots,存在症状,ManifestAs
5760,番茄早疫病,Alternaria solani,水渍状暗褐色病斑,Water-soaked dark brown spots,存在症状,ManifestAs
5761,番茄早疫病,Alternaria solani,同心轮纹,Concentric wheel pattern,存在症状,ManifestAs
5762,番茄早疫病,Alternaria solani,浅绿色或黄色晕环,Light green or yellow halo,存在症状,ManifestAs
5763,番茄早疫病,Alternaria solani,不规则大斑,Irregular large spots,存在症状,ManifestAs
5764,番茄早疫病,Alternaria solani,叶片早枯,Early leaf withering,存在症状,ManifestAs
5765,番茄早疫病,Alternaria solani,病斑椭圆形,Lesion oval,存在症状,ManifestAs
5766,番茄早疫病,Alternaria solani,暗褐色,Dark brown,存在症状,ManifestAs
5767,番茄早疫病,Alternaria solani,褐色至深褐色不规则圆形或椭圆形病斑,Brown to dark brown irregular round or oval lesions,存在症状,ManifestAs
5768,番茄早疫病,Alternaria solani,灰黑色霉状物,Gray-black mold,存在症状,ManifestAs
5769,番茄早疫病,Alternaria solani,病斑黑褐色近圆凹陷,The lesions are dark brown and nearly circular.,存在症状,ManifestAs
5770,番茄早疫病,Alternaria solani,圆形或椭圆形暗褐色病斑,Round or oval dark brown spots,存在症状,ManifestAs
5771,番茄早疫病,Alternaria solani,病斑凹陷,Lesion depression,存在症状,ManifestAs
5772,番茄早疫病,Alternaria solani,黑色霉层,Black mold layer,存在症状,ManifestAs
5773,番茄晚疫病,Phytophthora infestans,暗绿色水浸状不整形病斑,Dark green water-soaked irregular lesions,存在症状,ManifestAs
5774,番茄晚疫病,Phytophthora infestans,白色霉状物,White mold,存在症状,ManifestAs
5775,番茄晚疫病,Phytophthora infestans,病斑呈绿褐色,Green-brown lesions,存在症状,ManifestAs
5776,番茄晚疫病,Phytophthora infestans,水渍状变暗褐色至黑褐色,Water-soaked dark brown to black brown,存在症状,ManifestAs
5777,番茄晚疫病,Phytophthora infestans,稍向下凹陷,Slightly concave,存在症状,ManifestAs
5778,番茄晚疫病,Phytophthora infestans,植株萎蔫,Plant wilting,存在症状,ManifestAs
5779,番茄晚疫病,Phytophthora infestans,茎叶枯死,Stem and leaf death,存在症状,ManifestAs
5780,番茄晚疫病,Phytophthora infestans,病斑呈不明显的油浸状大斑,"The lesions are large, inconspicuous, oil-soaked spots",存在症状,ManifestAs
5781,番茄晚疫病,Phytophthora infestans,病斑稍凹陷,The lesion is slightly sunken,存在症状,ManifestAs
5782,番茄晚疫病,Phytophthora infestans,边缘不变红,The edge does not turn red,存在症状,ManifestAs
5783,番茄叶霉病,Fulvia fulva,椭圆或不规则形淡黄色褪绿斑,Oval or irregular light yellow chlorotic spots,存在症状,ManifestAs
5784,番茄叶霉病,Fulvia fulva,褐色霉层或坏死,Brown mold or necrosis,存在症状,ManifestAs
5785,番茄叶霉病,Fulvia fulva,紫灰色至黑色致密的绒状霉层,Purple-gray to black dense velvety mold layer,存在症状,ManifestAs
5786,番茄叶霉病,Fulvia fulva,叶片逐渐卷曲,Leaves gradually curl,存在症状,ManifestAs
5787,番茄叶霉病,Fulvia fulva,花器凋萎,Flower withering,存在症状,ManifestAs
5788,番茄叶霉病,Fulvia fulva,幼果脱落,Young fruit falls off,存在症状,ManifestAs
5789,番茄叶霉病,Fulvia fulva,近圆形硬化的凹陷斑,Nearly circular sclerotic depressed spots,存在症状,ManifestAs
5790,番茄叶霉病,Fulvia fulva,黑色针头状的菌丝块,Black needle-shaped mycelium blocks,存在症状,ManifestAs
5791,番茄灰叶斑病,Stagonosporopsis tephraeum,的灰褐色近圆形小病,"Gray-brown, nearly circular lesions",存在症状,ManifestAs
5792,番茄灰叶斑病,Stagonosporopsis tephraeum,展呈不规则,Irregular display,存在症状,ManifestAs
5793,番茄灰叶斑病,Stagonosporopsis tephraeum,左右灰褐色近圆凹陷,Left and right gray-brown nearly circular depressions,存在症状,ManifestAs
5794,番茄灰叶斑病,Stagonosporopsis tephraeum,mm左右灰褐色病斑,Gray-brown spots about mm,存在症状,ManifestAs
5795,番茄灰叶斑病,Stagonosporopsis tephraeum,果实变黄红色,Fruit turns yellow-red,存在症状,ManifestAs
5796,番茄灰叶斑病,Stagonosporopsis tephraeum,缺乏光泽,Lack of luster,存在症状,ManifestAs
5797,番茄灰叶斑病,Stagonosporopsis tephraeum,果蒂干枯,Fruit stem dried,存在症状,ManifestAs
5798,番茄灰斑病,Botrytis cinerea,褐色小点,Brown dots,存在症状,ManifestAs
5799,番茄灰斑病,Botrytis cinerea,近圆形大病斑,Large nearly circular lesions,存在症状,ManifestAs
5800,番茄灰斑病,Botrytis cinerea,呈轮纹状排列,Arranged in a wheel pattern,存在症状,ManifestAs
5801,番茄灰斑病,Botrytis cinerea,边缘暗色,Dark edge,存在症状,ManifestAs
5802,番茄灰斑病,Botrytis cinerea,暗绿色水浸状,Dark green waterlogged,存在症状,ManifestAs
5803,番茄灰斑病,Botrytis cinerea,黄褐或灰褐色不规则形斑,Yellowish brown or grayish brown irregular spots,存在症状,ManifestAs
5804,番茄灰斑病,Botrytis cinerea,病部粗糙,Rough diseased area,存在症状,ManifestAs
5805,番茄灰斑病,Botrytis cinerea,边缘褐色,Edge brown,存在症状,ManifestAs
5806,番茄灰斑病,Botrytis cinerea,呈水浸状黄褐色凹陷斑,"Water-soaked, yellow-brown sunken spots",存在症状,ManifestAs
5807,番茄灰斑病,Botrytis cinerea,深褐色轮状排列,Dark brown wheel arrangement,存在症状,ManifestAs
5808,番茄煤污病,Cladosporium fulvum,平铺状白色霉堆,Flat white mold pile,存在症状,ManifestAs
5809,番茄煤污病,Cladosporium fulvum,灰黑色至黑褐色的霉堆,Grayish black to dark brown mold pile,存在症状,ManifestAs
5810,番茄煤污病,Cladosporium fulvum,病叶黄化,Yellowing of diseased leaves,存在症状,ManifestAs
5811,番茄煤污病,Cladosporium fulvum,叶片枯死,Leaf death,存在症状,ManifestAs
5812,番茄白粉病,Oidium neolycopersici,褪绿小点,Green spots,存在症状,ManifestAs
5813,番茄白粉病,Oidium neolycopersici,不规则形病斑,Irregular lesions,存在症状,ManifestAs
5814,番茄白粉病,Oidium neolycopersici,白色粉状物,White powder,存在症状,ManifestAs
5815,番茄白粉病,Oidium neolycopersici,边缘不明显的黄绿色斑,Yellow-green spots with unclear edges,存在症状,ManifestAs
5816,番茄白粉病,Oidium neolycopersici,病叶变褐黑,Diseased leaves turn brown and black,存在症状,ManifestAs
5817,番茄白粉病,Oidium neolycopersici,白粉状病斑,White powdery spots,存在症状,ManifestAs
5818,番茄斑枯病,Septoria lycopersici,水渍状小圆斑,Small round water-soaked spots,存在症状,ManifestAs
5819,番茄斑枯病,Septoria lycopersici,圆形或近圆形的病斑,Circular or nearly circular lesions,存在症状,ManifestAs
5820,番茄斑枯病,Septoria lycopersici,边缘深褐色,Dark brown edge,存在症状,ManifestAs
5821,番茄斑枯病,Septoria lycopersici,中部灰白色,Middle grayish white,存在症状,ManifestAs
5822,番茄斑枯病,Septoria lycopersici,大的枯斑,Large dry spots,存在症状,ManifestAs
5823,番茄斑枯病,Septoria lycopersici,叶片干枯或脱落,Leaves dry up or fall off,存在症状,ManifestAs
5824,番茄斑枯病,Septoria lycopersici,小于1m,Less than 1m,存在症状,ManifestAs
5825,番茄斑枯病,Septoria lycopersici,斑近圆形或椭圆形,Spots are nearly round or oval,存在症状,ManifestAs
5826,番茄斑枯病,Septoria lycopersici,黑色小粒点,Black small dots,存在症状,ManifestAs
5827,番茄斑枯病,Septoria lycopersici,叶片全部干枯,All leaves are dry,存在症状,ManifestAs
5828,番茄斑枯病,Septoria lycopersici,病斑圆形,Circular lesion,存在症状,ManifestAs
5829,番茄煤霉病,Fulvia fulva,褪绿色病斑,Green spots,存在症状,ManifestAs
5830,番茄煤霉病,Fulvia fulva,叶背病斑淡黄色,Pale yellow spots on the back of leaves,存在症状,ManifestAs
5831,番茄煤霉病,Fulvia fulva,近圆形或不规则形,Nearly round or irregular,存在症状,ManifestAs
5832,番茄煤霉病,Fulvia fulva,病叶枯萎死亡,Diseased leaves wither and die,存在症状,ManifestAs
5833,番茄煤霉病,Fulvia fulva,褪绿色至黄绿色斑,Faded green to yellow-green spots,存在症状,ManifestAs
5834,番茄芝麻斑病,Cercospora solani-melongenae,病班近圆形或椭圆形,The lesion is nearly round or oval,存在症状,ManifestAs
5835,番茄芝麻斑病,Cercospora solani-melongenae,深褐色霉状物,Dark brown mold,存在症状,ManifestAs
5836,番茄芝麻斑病,Cercospora solani-melongenae,病斑多条状,Multiple stripe lesions,存在症状,ManifestAs
5837,番茄芝麻斑病,Cercospora solani-melongenae,灰褐色,Taupe,存在症状,ManifestAs
5838,番茄芝麻斑病,Cercospora solani-melongenae,黑色霉状物,Black mold,存在症状,ManifestAs
5839,番茄灰霉病,Botrytis cinerea,水浸状腐烂,Waterlogged rot,存在症状,ManifestAs
5840,番茄灰霉病,Botrytis cinerea,灰黑色病斑,Gray-black spots,存在症状,ManifestAs
5841,番茄灰霉病,Botrytis cinerea,腐烂折断,Rot and break,存在症状,ManifestAs
5842,番茄灰霉病,Botrytis cinerea,水浸状浅褐色病斑,Water-soaked light brown spots,存在症状,ManifestAs
5843,番茄灰霉病,Botrytis cinerea,病斑呈“V”字形,The lesions are in the shape of a "V",存在症状,ManifestAs
5844,番茄灰霉病,Botrytis cinerea,边缘不规则,Irregular edges,存在症状,ManifestAs
5845,番茄灰霉病,Botrytis cinerea,病斑呈灰白色,The lesions are grayish white,存在症状,ManifestAs
5846,番茄灰霉病,Botrytis cinerea,水浸小点,Water Flooding,存在症状,ManifestAs
5847,番茄灰霉病,Botrytis cinerea,长条形病斑,Long stripe lesions,存在症状,ManifestAs
5848,番茄灰霉病,Botrytis cinerea,灰色霉层,Gray mold layer,存在症状,ManifestAs
5849,番茄灰霉病,Botrytis cinerea,果皮变成灰白色,The peel turns grayish white,存在症状,ManifestAs
5850,番茄灰霉病,Botrytis cinerea,水浸状,Waterlogged,存在症状,ManifestAs
5851,番茄灰霉病,Botrytis cinerea,灰绿色绒毛状霉层,Gray green velvety mold,存在症状,ManifestAs
5852,番茄灰霉病,Botrytis cinerea,黑褐色鼠粪状菌核,Black brown mouse-dung-like sclerotia,存在症状,ManifestAs
5853,番茄白绢病,Sclerotium rolfsii,初呈褐色病斑,Initially brown spots,存在症状,ManifestAs
5854,番茄白绢病,Sclerotium rolfsii,辐射状白色绢丝状的菌丝体,Radiating white silky mycelium,存在症状,ManifestAs
5855,番茄白绢病,Sclerotium rolfsii,叶片变黄或萎蔫,Yellowing or wilting leaves,存在症状,ManifestAs
5856,番茄白绢病,Sclerotium rolfsii,茶褐色油菜籽状的菌核,Brown rapeseed-like sclerotia,存在症状,ManifestAs
5857,番茄白绢病,Sclerotium rolfsii,果实呈软腐状,The fruit is soft and rotten,存在症状,ManifestAs
5858,番茄白绢病,Sclerotium rolfsii,白色绢丝体,White silk body,存在症状,ManifestAs
5859,番茄白绢病,Sclerotium rolfsii,菜籽状的菌核,Rapeseed-like sclerotium,存在症状,ManifestAs
5860,番茄黑斑病,Alternaria solani,近圆形病斑,Nearly circular lesions,存在症状,ManifestAs
5861,番茄黑斑病,Alternaria solani,灰褐色至褐色,Gray to brown,存在症状,ManifestAs
5862,番茄黑斑病,Alternaria solani,黑色霉状物,Black mold,存在症状,ManifestAs
5863,番茄假黑斑病,Alternaria solani,病斑形状不规则,Irregular lesion shape,存在症状,ManifestAs
5864,番茄假黑斑病,Alternaria solani,黑褐色,Dark brown,存在症状,ManifestAs
5865,番茄假黑斑病,Alternaria solani,病斑处变硬,The lesion becomes hard,存在症状,ManifestAs
5866,番茄假黑斑病,Alternaria solani,黑色霉状物,Black mold,存在症状,ManifestAs
5867,番茄绵腐病,Pythium aphanidermatum,水浸状黄褐色或褐色大斑,Large water-soaked yellow-brown or brown spots,存在症状,ManifestAs
5868,番茄绵腐病,Pythium aphanidermatum,白色霉层,White mold layer,存在症状,ManifestAs
5869,番茄绵疫病,Phytophthora infestans,污褐色病斑,Dirty brown spots,存在症状,ManifestAs
5870,番茄绵疫病,Phytophthora infestans,湿润状,Wet,存在症状,ManifestAs
5871,番茄绵疫病,Phytophthora infestans,深污褐,Dark dirty brown,存在症状,ManifestAs
5872,番茄绵疫病,Phytophthora infestans,果肉腐烂变软,The flesh rots and becomes soft,存在症状,ManifestAs
5873,番茄绵疫病,Phytophthora infestans,白色絮状的霉层,White flocculent mold layer,存在症状,ManifestAs
5874,番茄绵疫病,Phytophthora infestans,污褐色不定形病斑,Dirty brown amorphous spots,存在症状,ManifestAs
5875,番茄绵疫病,Phytophthora infestans,全叶变黑枯死,The leaves turn black and die,存在症状,ManifestAs
5876,番茄绵疫病,Phytophthora infestans,白色霉层,White mold layer,存在症状,ManifestAs
5877,番茄镰刀菌果腐病,Fusarium oxysporum,淡色斑,Light spots,存在症状,ManifestAs
5878,番茄镰刀菌果腐病,Fusarium oxysporum,略带红色棉絮状菌丝体,Slightly red cotton-like mycelium,存在症状,ManifestAs
5879,番茄镰刀菌果腐病,Fusarium oxysporum,果实腐烂,Fruit rot,存在症状,ManifestAs
5880,番茄酸腐病,Geotrichum candidum,病斑暗淡,Dark spots,存在症状,ManifestAs
5881,番茄酸腐病,Geotrichum candidum,油渍状,Oily,存在症状,ManifestAs
5882,番茄酸腐病,Geotrichum candidum,后污白色,After the pollution white,存在症状,ManifestAs
5883,番茄酸腐病,Geotrichum candidum,白色厚粉状的病原菌,White thick powdery pathogen,存在症状,ManifestAs
5884,番茄酸腐病,Geotrichum candidum,白色厚粉状的,White thick powder,存在症状,ManifestAs
5885,番茄红粉病,Fusarium oxysporum,水渍状病斑,Water-soaked spots,存在症状,ManifestAs
5886,番茄红粉病,Fusarium oxysporum,绒状浅粉红色霉层,Velvety light pink mold layer,存在症状,ManifestAs
5887,番茄红粉病,Fusarium oxysporum,小圆形至椭圆形浅褐色病斑,Small round to oval light brown spots,存在症状,ManifestAs
5888,番茄猝倒病,Pythium aphanidermatum,灰白色棉絮状物,Grayish white cotton-like substance,存在症状,ManifestAs
5889,番茄猝倒病,Pythium aphanidermatum,呈水渍状病斑,Water-soaked spots,存在症状,ManifestAs
5890,番茄猝倒病,Pythium aphanidermatum,病部变黄褐色,The diseased part turns yellow-brown,存在症状,ManifestAs
5891,番茄猝倒病,Pythium aphanidermatum,幼苗猝倒或枯死,Seedlings die or die suddenly,存在症状,ManifestAs
5892,番茄猝倒病,Pythium aphanidermatum,白色絮状菌丝,White flocculent hyphae,存在症状,ManifestAs
5893,番茄立枯病,Rhizoctonia solani,椭圆形暗褐色病斑,Oval dark brown spots,存在症状,ManifestAs
5894,番茄立枯病,Rhizoctonia solani,茎叶萎蔫干枯,The stems and leaves wilt and dry up,存在症状,ManifestAs
5895,番茄立枯病,Rhizoctonia solani,呈立枯状,Withered,存在症状,ManifestAs
5896,番茄立枯病,Rhizoctonia solani,茎基部呈溃疡状,Ulcers at the base of the stem,存在症状,ManifestAs
5897,番茄立枯病,Rhizoctonia solani,淡褐色稀疏丝状体,Light brown sparse filaments,存在症状,ManifestAs
5898,番茄立枯病,Rhizoctonia solani,地上部变黄,Yellowing of aboveground parts,存在症状,ManifestAs
5899,番茄枯萎病,Fusarium oxysporum,叶片开始发黄,The leaves begin to turn yellow,存在症状,ManifestAs
5900,番茄枯萎病,Fusarium oxysporum,呈褐色萎蔫,Brown and wilting,存在症状,ManifestAs
5901,番茄枯萎病,Fusarium oxysporum,叶片萎蔫发黄,Leaves wilt and turn yellow,存在症状,ManifestAs
5902,番茄枯萎病,Fusarium oxysporum,粉红色霉,Pink mildew,存在症状,ManifestAs
5903,番茄茎基腐病,Fusarium oxysporum,茎基部变褐,Browning of stem base,存在症状,ManifestAs
5904,番茄茎基腐病,Fusarium oxysporum,萎蔫下垂,Wilting and drooping,存在症状,ManifestAs
5905,番茄茎基腐病,Fusarium oxysporum,皮层腐烂,Cortical rot,存在症状,ManifestAs
5906,番茄茎基腐病,Fusarium oxysporum,具同心轮纹的椭圆形或不规则形褐色病斑,Oval or irregular brown spots with concentric rings,存在症状,ManifestAs
5907,番茄茎基腐病,Fusarium oxysporum,淡褐色霉状物,Light brown mold,存在症状,ManifestAs
5908,番茄茎基腐病,Fusarium oxysporum,黑褐色菌核,Dark brown sclerotium,存在症状,ManifestAs
5909,番茄丛枝病,Phytoplasma asteris,幼叶卷曲或顶部坏死,Young leaves curl or have necrosis at the top,存在症状,ManifestAs
5910,番茄丛枝病,Phytoplasma asteris,叶片褪绿和变紫,Leaves turn green and purple,存在症状,ManifestAs
5911,番茄丛枝病,Phytoplasma asteris,叶片黄化变小,Yellowing and shrinking of leaves,存在症状,ManifestAs
5912,番茄丛枝病,Phytoplasma asteris,病株呈丛枝状,Diseased plants are bushy,存在症状,ManifestAs
5913,番茄丛枝病,Phytoplasma asteris,环状坏死斑,Annular necrotic plaque,存在症状,ManifestAs
5914,番茄丛枝病,Phytoplasma asteris,叶片褪绿,Leaf chlorosis,存在症状,ManifestAs
5915,番茄丛枝病,Phytoplasma asteris,坏死斑,Necrotic plaque,存在症状,ManifestAs
5916,番茄丛枝病,Phytoplasma asteris,褪绿斑,Chlorotic spots,存在症状,ManifestAs
5917,番茄丛枝病,Phytoplasma asteris,环状或平行斑,Ring or parallel spots,存在症状,ManifestAs
5918,番茄菌核病,Sclerotinia sclerotiorum,呈水浸状,Water-soaked,存在症状,ManifestAs
5919,番茄菌核病,Sclerotinia sclerotiorum,淡绿色,Light green,存在症状,ManifestAs
5920,番茄菌核病,Sclerotinia sclerotiorum,病斑呈灰褐色,The lesions are gray-brown,存在症状,ManifestAs
5921,番茄菌核病,Sclerotinia sclerotiorum,叶片枯死,Leaf death,存在症状,ManifestAs
5922,番茄菌核病,Sclerotinia sclerotiorum,病斑灰白色稍凹陷,The lesions are grayish white and slightly sunken,存在症状,ManifestAs
5923,番茄菌核病,Sclerotinia sclerotiorum,边缘水渍状,Edge water stains,存在症状,ManifestAs
5924,番茄假单胞果腐病,Pseudomonas syringae,不规则形病斑,Irregular lesions,存在症状,ManifestAs
5925,番茄假单胞果腐病,Pseudomonas syringae,黄褐色至黑褐色,Yellowish brown to dark brown,存在症状,ManifestAs
5926,番茄假单胞果腐病,Pseudomonas syringae,黄褐色脓水,Yellow-brown pus,存在症状,ManifestAs
5927,番茄黄萎病,Verticillium albo-atrum,叶边缘变色,Discoloration of leaf edges,存在症状,ManifestAs
5928,番茄黄萎病,Verticillium albo-atrum,“V”型黄斑,"""V"" shaped macula",存在症状,ManifestAs
5929,番茄黄萎病,Verticillium albo-atrum,半边变黄枯死,Half of the side turns yellow and dies,存在症状,ManifestAs
5930,番茄黄萎病,Verticillium albo-atrum,叶片变黄枯死,Leaves turn yellow and die,存在症状,ManifestAs
5931,番茄黄萎病,Verticillium albo-atrum,维管束变浅变褐,Vascular bundles turn lighter and browner,存在症状,ManifestAs
5932,番茄疫霉根腐病,Phytophthora parasitica,水渍状病斑,Water-soaked spots,存在症状,ManifestAs
5933,番茄疫霉根腐病,Phytophthora parasitica,叶片萎蔫,Leaf wilting,存在症状,ManifestAs
5934,番茄疫霉根腐病,Phytophthora parasitica,从上往下病斑,From top to bottom,存在症状,ManifestAs
5935,番茄疫霉根腐病,Phytophthora parasitica,皮层变褐腐烂,The cortex turns brown and rots,存在症状,ManifestAs
5936,番茄疫霉根腐病,Phytophthora parasitica,表皮呈水渍状环斑,Water-soaked ring spots on the skin,存在症状,ManifestAs
5937,番茄疫霉根腐病,Phytophthora parasitica,地上部老叶枯黄,Old leaves above ground turn yellow,存在症状,ManifestAs
5938,番茄疫霉根腐病,Phytophthora parasitica,嫩叶绿色萎蔫,Green wilting leaves,存在症状,ManifestAs
5939,番茄疫霉根腐病,Phytophthora parasitica,变成全天,Become all day,存在症状,ManifestAs
5940,番茄疫霉根腐病,Phytophthora parasitica,蔫；根系褐色,Wilted; brown roots,存在症状,ManifestAs
5941,番茄疫霉根腐病,Phytophthora parasitica,褐色腐败,Brown corruption,存在症状,ManifestAs
5942,番茄疫霉根腐病,Phytophthora parasitica,白色霉状物,White mold,存在症状,ManifestAs
5943,番茄疫霉根腐病,Phytophthora parasitica,同心轮纹,Concentric wheel pattern,存在症状,ManifestAs
5944,番茄细菌性斑疹病,Pseudomonas syringae,呈水渍状小点,Small water-stained spots,存在症状,ManifestAs
5945,番茄细菌性斑疹病,Pseudomonas syringae,不规则斑点,Irregular spots,存在症状,ManifestAs
5946,番茄细菌性斑疹病,Pseudomonas syringae,深褐色至黑色,Dark brown to black,存在症状,ManifestAs
5947,番茄细菌性斑疹病,Pseudomonas syringae,有或无黄色晕,With or without yellow halo,存在症状,ManifestAs
5948,番茄细菌性斑疹病,Pseudomonas syringae,稍隆起的小斑点,Slightly raised spots,存在症状,ManifestAs
5949,番茄细菌性斑疹病,Pseudomonas syringae,萼片干枯,Sepals dry up,存在症状,ManifestAs
5950,番茄细菌性斑疹病,Pseudomonas syringae,米粒状大小的水浸状斑点,Water-soaked spots the size of rice grains,存在症状,ManifestAs
5951,番茄细菌性斑疹病,Pseudomonas syringae,不规则形,Irregular,存在症状,ManifestAs
5952,番茄细菌性斑疹病,Pseudomonas syringae,白色菌脓,White pus,存在症状,ManifestAs
5953,番茄细菌性斑疹病,Pseudomonas syringae,木质部不变褐,No browning of the wood,存在症状,ManifestAs
5954,番茄溃疡病,Clavibacter michiganensis,植株矮化或枯死,Plant stunting or death,存在症状,ManifestAs
5955,番茄溃疡病,Clavibacter michiganensis,叶片凋萎下垂,Leaves droop and wilt,存在症状,ManifestAs
5956,番茄溃疡病,Clavibacter michiganensis,瘤状突起,Tumor-like protrusion,存在症状,ManifestAs
5957,番茄溃疡病,Clavibacter michiganensis,内部变褐色,Browning inside,存在症状,ManifestAs
5958,番茄溃疡病,Clavibacter michiganensis,褐色条斑,Brown stripes,存在症状,ManifestAs
5959,番茄溃疡病,Clavibacter michiganensis,叶片枯死,Leaf death,存在症状,ManifestAs
5960,番茄溃疡病,Clavibacter michiganensis,植株上部呈青枯状,The upper part of the plant is withered,存在症状,ManifestAs
5961,番茄溃疡病,Clavibacter michiganensis,褐色菌脓溢出,Brown pus discharge,存在症状,ManifestAs
5962,番茄溃疡病,Clavibacter michiganensis,白色圆形小点,White round dots,存在症状,ManifestAs
5963,番茄溃疡病,Clavibacter michiganensis,中心粗糙,Center Rough,存在症状,ManifestAs
5964,番茄溃疡病,Clavibacter michiganensis,绕着白色,Around white,存在症状,ManifestAs
5965,番茄溃疡病,Clavibacter michiganensis,髓部不变褐色,The pith does not turn brown,存在症状,ManifestAs
5966,番茄青枯病,Ralstonia solanacearum,叶片色泽稍变淡,The leaf color becomes slightly lighter,存在症状,ManifestAs
5967,番茄青枯病,Ralstonia solanacearum,水浸状后变褐色,Turns brown after being soaked in water,存在症状,ManifestAs
5968,番茄青枯病,Ralstonia solanacearum,束溢出白色菌,Bunch of overflowing white fungi,存在症状,ManifestAs
5969,番茄疮痂病,Xanthomonas campestris,水渍状暗绿色小斑,Small water-soaked dark green spots,存在症状,ManifestAs
5970,番茄疮痂病,Xanthomonas campestris,不规则黄色病斑,Irregular yellow spots,存在症状,ManifestAs
5971,番茄疮痂病,Xanthomonas campestris,黄色环形窄晕圈,Yellow ring narrow halo,存在症状,ManifestAs
5972,番茄疮痂病,Xanthomonas campestris,叶片干枯质脆,Dry and brittle leaves,存在症状,ManifestAs
5973,番茄疮痂病,Xanthomonas campestris,褪绿色水渍状小斑点,Small green water-stained spots,存在症状,ManifestAs
5974,番茄疮痂病,Xanthomonas campestris,长椭圆形黑褐色病斑,Oblong dark brown spots,存在症状,ManifestAs
5975,番茄疮痂病,Xanthomonas campestris,较窄隆起的白色小点,"Narrow, raised white spots",存在症状,ManifestAs
5976,番茄疮痂病,Xanthomonas campestris,呈黄褐色,Yellowish brown,存在症状,ManifestAs
5977,番茄疮痂病,Xanthomonas campestris,黑褐色近圆形粗糙隆起环斑,Dark brown nearly circular rough raised ring spots,存在症状,ManifestAs
5978,番茄疮痂病,Xanthomonas campestris,呈疮痂状,Scabbing,存在症状,ManifestAs
5979,番茄疮痂病,Xanthomonas campestris,带有黄绿色,Yellowish green,存在症状,ManifestAs
5980,番茄疮痂病,Xanthomonas campestris,结成不规则大病斑,Form irregular large lesions,存在症状,ManifestAs
5981,番茄疮痂病,Xanthomonas campestris,叶片呈焦枯状,The leaves are scorched,存在症状,ManifestAs
5982,番茄细菌性髓部坏死病,Ralstonia solanacearum,嫩叶褪绿,Young leaves turn green,存在症状,ManifestAs
5983,番茄细菌性髓部坏死病,Ralstonia solanacearum,植株叶片黄枯,Yellowing of plant leaves,存在症状,ManifestAs
5984,番茄细菌性髓部坏死病,Ralstonia solanacearum,褐色至黑褐色斑,Brown to dark brown spots,存在症状,ManifestAs
5985,番茄细菌性髓部坏死病,Ralstonia solanacearum,黑褐色病斑,Dark brown spots,存在症状,ManifestAs
5986,番茄细菌性髓部坏死病,Ralstonia solanacearum,维管束褐变,Vascular browning,存在症状,ManifestAs
5987,番茄细菌性髓部坏死病,Ralstonia solanacearum,黄褐色菌脓,Yellow-brown pus,存在症状,ManifestAs
5988,番茄细菌性髓部坏死病,Ralstonia solanacearum,全果褐腐,Whole fruit brown rot,存在症状,ManifestAs
5989,番茄细菌性髓部坏死病,Ralstonia solanacearum,果皮质硬,Fruit skin is hard,存在症状,ManifestAs
5990,番茄软腐病,Pectobacterium carotovorum,病茎部灰褐色,Diseased stems are gray-brown,存在症状,ManifestAs
5991,番茄软腐病,Pectobacterium carotovorum,长条形斑,Long stripe spots,存在症状,ManifestAs
5992,番茄软腐病,Pectobacterium carotovorum,表皮湿腐,Epidermal wet rot,存在症状,ManifestAs
5993,番茄软腐病,Pectobacterium carotovorum,髓部呈褐色,The pith is brown,存在症状,ManifestAs
5994,番茄软腐病,Pectobacterium carotovorum,病株萎蔫死亡,Diseased plants wilt and die,存在症状,ManifestAs
5995,番茄软腐病,Pectobacterium carotovorum,病斑灰白至灰褐色,Lesions are grayish white to grayish brown,存在症状,ManifestAs
5996,番茄软腐病,Pectobacterium carotovorum,形状为不规则,Irregular shape,存在症状,ManifestAs
5997,番茄软腐病,Pectobacterium carotovorum,硬；病部横切面微,Hard; cross section of the diseased part is slightly,存在症状,ManifestAs
5998,番茄软腐病,Pectobacterium carotovorum,束变褐髓部褐或黑,Bundle brown pith brown or black,存在症状,ManifestAs
5999,番茄软腐病,Pectobacterium carotovorum,挤压后有黄褐色,Yellowish brown after extrusion,存在症状,ManifestAs
6000,番茄软腐病,Pectobacterium carotovorum,表皮粗糙,Rough skin,存在症状,ManifestAs
6001,番茄软腐病,Pectobacterium carotovorum,微管束呈褐色,Microtubule bundles are brown,存在症状,ManifestAs
6002,番茄软腐病,Pectobacterium carotovorum,乳白色粘,Milky white sticky,存在症状,ManifestAs
6003,番茄软腐病,Pectobacterium carotovorum,颜色灰白至灰褐色,Color: grayish white to grayish brown,存在症状,ManifestAs
6004,番茄软腐病,Pectobacterium carotovorum,条状枯斑,Stripe spots,存在症状,ManifestAs
6005,番茄软腐病,Pectobacterium carotovorum,横切面微管束变褐,Microtubule bundles turn brown in cross section,存在症状,ManifestAs
6006,番茄软腐病,Pectobacterium carotovorum,髓部变褐变空,The pith becomes brown and hollow,存在症状,ManifestAs
6007,番茄软腐病,Pectobacterium carotovorum,形状为长,The shape is long,存在症状,ManifestAs
6008,番茄软腐病,Pectobacterium carotovorum,梭型斑,Spindle spots,存在症状,ManifestAs
6009,番茄软腐病,Pectobacterium carotovorum,整无损髓,Whole body without damage to the spinal cord,存在症状,ManifestAs
6010,番茄条斑病毒病,Tomato streak virus,黑褐色条纹状坏死,Dark brown streak necrosis,存在症状,ManifestAs
6011,番茄条斑病毒病,Tomato streak virus,叶脉呈紫褐色油浸状条斑,Purple-brown oily stripes on leaf veins,存在症状,ManifestAs
6012,番茄条斑病毒病,Tomato streak virus,黑褐色油浸状坏死斑,Dark brown oily necrotic plaques,存在症状,ManifestAs
6013,番茄条斑病毒病,Tomato streak virus,坏死条斑,Necrotic streaks,存在症状,ManifestAs
6014,番茄条斑病毒病,Tomato streak virus,深绿色,Dark Green,存在症状,ManifestAs
6015,番茄条斑病毒病,Tomato streak virus,暗绿色下陷的短条纹,Dark green sunken short stripes,存在症状,ManifestAs
6016,番茄条斑病毒病,Tomato streak virus,深色下陷的油浸状坏死条斑,Dark sunken oil-soaked necrotic streaks,存在症状,ManifestAs
6017,番茄条斑病毒病,Tomato streak virus,果实畸形,Fruit deformity,存在症状,ManifestAs
6018,番茄条斑病毒病,Tomato streak virus,浅褐色至深褐色,Light brown to dark brown,存在症状,ManifestAs
6019,番茄条斑病毒病,Tomato streak virus,表皮凸凹不平,The skin is uneven,存在症状,ManifestAs
6020,番茄条斑病毒病,Tomato streak virus,褐色条斑,Brown stripes,存在症状,ManifestAs
6021,番茄条斑病毒病,Tomato streak virus,变褐腐烂,Browning and rotting,存在症状,ManifestAs
6022,番茄斑萎病毒病,Tomato spotted wilt orthotospovirus,小的黑褐色斑,Small dark brown spots,存在症状,ManifestAs
6023,番茄斑萎病毒病,Tomato spotted wilt orthotospovirus,叶片褪绿为明亮黄色,Leaves fade to bright yellow,存在症状,ManifestAs
6024,番茄斑萎病毒病,Tomato spotted wilt orthotospovirus,暗褐色的条纹,Dark brown stripes,存在症状,ManifestAs
6025,番茄斑萎病毒病,Tomato spotted wilt orthotospovirus,叶片下垂,Leaf droop,存在症状,ManifestAs
6026,番茄斑萎病毒病,Tomato spotted wilt orthotospovirus,植株萎蔫死亡,Plants wilt and die,存在症状,ManifestAs
6027,番茄斑萎病毒病,Tomato spotted wilt orthotospovirus,浅色的环斑,Light ring spots,存在症状,ManifestAs
6028,番茄斑萎病毒病,Tomato spotted wilt orthotospovirus,淡绿色环纹,Light green ring,存在症状,ManifestAs
6029,番茄斑萎病毒病,Tomato spotted wilt orthotospovirus,橘黄色和红色斑,Orange and red spots,存在症状,ManifestAs
6030,番茄斑萎病毒病,Tomato spotted wilt orthotospovirus,果实畸形,Fruit deformity,存在症状,ManifestAs
6031,番茄斑萎病毒病,Tomato spotted wilt orthotospovirus,白色至黄色的同心环纹,White to yellow concentric rings,存在症状,ManifestAs
6032,番茄斑萎病毒病,Tomato spotted wilt orthotospovirus,明显明亮的黄色环纹,Distinct bright yellow rings,存在症状,ManifestAs
6033,番茄蕨叶病毒病,Tomv,筒状卷曲,Cylindrical Curl,存在症状,ManifestAs
6034,番茄蕨叶病毒病,Tomv,呈螺旋状下卷,Spiral roll down,存在症状,ManifestAs
6035,番茄蕨叶病毒病,Tomv,叶肉退化,Leaf flesh degeneration,存在症状,ManifestAs
6036,番茄蕨叶病毒病,Tomv,纤细扭曲线状,Thin twisted line,存在症状,ManifestAs
6037,番茄蕨叶病毒病,Tomv,叶片向上卷,Leaves curl upward,存在症状,ManifestAs
6038,番茄蕨叶病毒病,Tomv,卷成筒状,Roll into a tube,存在症状,ManifestAs
6039,番茄蕨叶病毒病,Tomv,节间缩短,Shortened internodes,存在症状,ManifestAs
6040,番茄蕨叶病毒病,Tomv,结果小或畸形,Small or misshapen results,存在症状,ManifestAs
6041,番茄蕨叶病毒病,Tomv,根部坏死,Root necrosis,存在症状,ManifestAs
6042,番茄花叶病毒病,Tomato mosaic virus,绿色深浅不匀的斑驳,Green uneven shades of mottled,存在症状,ManifestAs
6043,番茄花叶病毒病,Tomato mosaic virus,叶片不变小,The leaves do not shrink,存在症状,ManifestAs
6044,番茄花叶病毒病,Tomato mosaic virus,叶片黄绿,Yellow-green leaves,存在症状,ManifestAs
6045,番茄花叶病毒病,Tomato mosaic virus,花叶明显凹凸不平,The leaves are obviously uneven,存在症状,ManifestAs
6046,番茄花叶病毒病,Tomato mosaic virus,新叶片变小,New leaves become smaller,存在症状,ManifestAs
6047,番茄花叶病毒病,Tomato mosaic virus,叶脉变紫,Leaf veins turn purple,存在症状,ManifestAs
6048,番茄花叶病毒病,Tomato mosaic virus,植株矮化,Plant dwarfing,存在症状,ManifestAs
6049,番茄花叶病毒病,Tomato mosaic virus,果小质劣呈花脸状,"The fruit is small, poor quality and has a flower face shape",存在症状,ManifestAs
6050,番茄花叶病毒病,Tomato mosaic virus,叶色失绿变黄,Leaves turn yellow,存在症状,ManifestAs
6051,番茄花叶病毒病,Tomato mosaic virus,叶片变黄,Yellowing of leaves,存在症状,ManifestAs
6052,番茄花叶病毒病,Tomato mosaic virus,植株矮小,Short plant,存在症状,ManifestAs
6053,番茄花叶病毒病,Tomato mosaic virus,叶片黄化,Yellowing of leaves,存在症状,ManifestAs
6054,番茄花叶病毒病,Tomato mosaic virus,黄绿色的斑驳,Yellow-green mottled,存在症状,ManifestAs
6055,番茄花叶病毒病,Tomato mosaic virus,叶片变形,Blade deformation,存在症状,ManifestAs
6056,番茄根结线虫病,Meloidogyne,肥肿畸形瘤状结,Hypertrophic teratoma,存在症状,ManifestAs
6057,番茄根结线虫病,Meloidogyne,结节状球形或圆锥形大小不等的瘤状物,Nodular spherical or conical tumors of varying sizes,存在症状,ManifestAs
6058,番茄根结线虫病,Meloidogyne,根结状肿瘤,Root nodular tumor,存在症状,ManifestAs
6059,番茄根结线虫病,Meloidogyne,叶色发黄,Yellow leaves,存在症状,ManifestAs
6060,番茄根结线虫病,Meloidogyne,果实脱落,Fruit falling off,存在症状,ManifestAs
6061,番茄斑点病,Septoria lycopersici,细小坏死斑点,Small necrotic spots,存在症状,ManifestAs
6062,番茄斑点病,Septoria lycopersici,病斑灰黄色至黄褐色,Lesions are grayish yellow to yellowish brown,存在症状,ManifestAs
6063,番茄斑点病,Septoria lycopersici,紫褐色纶纹,Purple brown pattern,存在症状,ManifestAs
6064,番茄斑点病,Septoria lycopersici,暗灰色霉状物,Dark grey mold,存在症状,ManifestAs
6065,番茄斑点病,Septoria lycopersici,叶片枯死凋落,Leaves die and fall off,存在症状,ManifestAs
6066,番茄匍柄霉斑点病,Stemphylium solani,绿褐色水浸状小斑点,Greenish brown water-soaked spots,存在症状,ManifestAs
6067,番茄匍柄霉斑点病,Stemphylium solani,周缘黑褐色,Dark brown around,存在症状,ManifestAs
6068,番茄匍柄霉斑点病,Stemphylium solani,中间灰褐色,Middle gray brown,存在症状,ManifestAs
6069,番茄匍柄霉斑点病,Stemphylium solani,3mm病斑圆形,3mm lesion round,存在症状,ManifestAs
6070,番茄匍柄霉斑点病,Stemphylium solani,周围形成不规则,Irregular formation around,存在症状,ManifestAs
6071,番茄匍柄霉斑点病,Stemphylium solani,间穿孔叶片黄化枯死或,The leaves turn yellow and die or,存在症状,ManifestAs
6072,番茄丝核菌果腐病,Rhizoctonia solani,水浸状淡色斑,Water-soaked pale spots,存在症状,ManifestAs
6073,番茄丝核菌果腐病,Rhizoctonia solani,褐色蛛丝状霉,Brown spider mold,存在症状,ManifestAs
6074,番茄果实牛眼腐病,Phytophthora infestans,病斑圆形或近圆形,Lesions are round or nearly round,存在症状,ManifestAs
6075,番茄果实牛眼腐病,Phytophthora infestans,边缘不明显,The edge is not obvious,存在症状,ManifestAs
6076,番茄果实牛眼腐病,Phytophthora infestans,深褐与浅褐相间的大型斑,Large dark brown and light brown spots,存在症状,ManifestAs
6077,番茄果实牛眼腐病,Phytophthora infestans,带轮纹的牛眼状斑,Bull's eye with ring pattern,存在症状,ManifestAs
6078,番茄果实牛眼腐病,Phytophthora infestans,病果不变形,The diseased fruit does not deform,存在症状,ManifestAs
6079,番茄果实牛眼腐病,Phytophthora infestans,白色棉絮状菌丝,White cotton-like hyphae,存在症状,ManifestAs
6080,番茄果实牛眼腐病,Phytophthora infestans,病果腐败,Fruit corruption,存在症状,ManifestAs
6081,番茄脐腐病,Fusarium oxysporum,凹陷的斑点,Sunken spots,存在症状,ManifestAs
6082,番茄脐腐病,Fusarium oxysporum,暗绿色的斑块,Dark green patches,存在症状,ManifestAs
6083,番茄脐腐病,Fusarium oxysporum,凹陷的革质状枯斑,Depressed leathery spots,存在症状,ManifestAs
6084,番茄脐腐病,Fusarium oxysporum,同心轮纹,Concentric wheel pattern,存在症状,ManifestAs
6085,番茄脐腐病,Fusarium oxysporum,黑绿色或粉红色霉状物,Dark green or pink mold,存在症状,ManifestAs
6086,番茄筋腐病,Fusarium oxysporum,局部褐变,Local browning,存在症状,ManifestAs
6087,番茄筋腐病,Fusarium oxysporum,维管束呈黑褐色或茶褐色,Vascular bundles are dark brown or dark brown,存在症状,ManifestAs
6088,番茄筋腐病,Fusarium oxysporum,果面凹凸不平,Uneven fruit surface,存在症状,ManifestAs
6089,番茄筋腐病,Fusarium oxysporum,下叶弯曲,Lower lobe bending,存在症状,ManifestAs
6090,番茄筋腐病,Fusarium oxysporum,小叶中肋突出,Prominent midlobular rib,存在症状,ManifestAs
6091,番茄筋腐病,Fusarium oxysporum,织有褐色病变,Brown lesions on the tissue,存在症状,ManifestAs
6092,番茄炭疽病,Colletotrichum phomoides,水浸状透明小斑点,Small transparent spots like water,存在症状,ManifestAs
6093,番茄炭疽病,Colletotrichum phomoides,淡红色黏质物,Light red sticky substance,存在症状,ManifestAs
6094,番茄炭疽病,Colletotrichum phomoides,果实腐烂或脱落,Fruit rot or fall off,存在症状,ManifestAs
6095,番茄圆纹病,Cladosporium fulvum,初呈褐色或淡褐色斑,Initially brown or light brown spots,存在症状,ManifestAs
6096,番茄圆纹病,Cladosporium fulvum,病斑圆形或近圆形,Lesions are round or nearly round,存在症状,ManifestAs
6097,番茄圆纹病,Cladosporium fulvum,有整齐的近圆形轮,"Has neat, nearly circular wheels",存在症状,ManifestAs
6098,番茄圆纹病,Cladosporium fulvum,病斑不软腐,The lesions are not soft and rotten,存在症状,ManifestAs
6099,番茄圆纹病,Cladosporium fulvum,略收缩干皱,Slightly shrink and wrinkle,存在症状,ManifestAs
6100,番茄圆纹病,Cladosporium fulvum,白色菌丝层,White mycelium layer,存在症状,ManifestAs
6101,番茄圆纹病,Cladosporium fulvum,果肉紫褐色,Purple brown flesh,存在症状,ManifestAs
6102,番茄圆纹病,Cladosporium fulvum,果实腐烂,Fruit rot,存在症状,ManifestAs
6103,番茄根霉果腐病,Rhizopus stolonifer,大面积灰褐色水渍状软腐,Large area of gray-brown water-stained soft rot,存在症状,ManifestAs
6104,番茄根霉果腐病,Rhizopus stolonifer,灰褐色毛状物,Gray-brown hair,存在症状,ManifestAs
6105,番茄根霉果腐病,Rhizopus stolonifer,灰白至灰黑色小粒点,Grayish white to grayish black small spots,存在症状,ManifestAs
6106,番茄根霉果腐病,Rhizopus stolonifer,黑蓝色球状的菌丝体,Dark blue spherical mycelium,存在症状,ManifestAs
6107,番茄青霉果腐病,Penicilliumitalicum,圆形水浸状褐色凹陷病斑,"Round, water-soaked, brown, sunken lesions",存在症状,ManifestAs
6108,番茄青霉果腐病,Penicilliumitalicum,白色霉状物,White mold,存在症状,ManifestAs
6109,番茄青霉果腐病,Penicilliumitalicum,黑色丝状霉层,Black filamentous mold layer,存在症状,ManifestAs
6110,番茄茎枯病,Fusarium oxysporum,病斑初呈椭圆形,The lesions are initially oval in shape,存在症状,ManifestAs
6111,番茄茎枯病,Fusarium oxysporum,褐色凹陷溃疡状,Brown sunken ulcer,存在症状,ManifestAs
6112,番茄茎枯病,Fusarium oxysporum,深褐色干腐状,Dark brown dry rot,存在症状,ManifestAs
6113,番茄茎枯病,Fusarium oxysporum,灰白色小斑块,Small grayish white spots,存在症状,ManifestAs
6114,番茄茎枯病,Fusarium oxysporum,颜色变深变暗,The color becomes darker,存在症状,ManifestAs
6115,番茄茎枯病,Fusarium oxysporum,果实腐烂,Fruit rot,存在症状,ManifestAs
6116,番茄茎枯病,Fusarium oxysporum,叶组织退绿干枯,Leaf tissue turns green and dries up,存在症状,ManifestAs
6117,番茄茎枯病,Fusarium oxysporum,不规则褐斑,Irregular brown spots,存在症状,ManifestAs
6118,番茄茎枯病,Fusarium oxysporum,叶缘卷曲,Curled leaf edges,存在症状,ManifestAs
6119,番茄茎枯病,Fusarium oxysporum,叶片干,Leaf stem,存在症状,ManifestAs
6120,番茄褐色根腐病,Phytophthora nicotianae,茎叶萎蔫,Wilting of stems and leaves,存在症状,ManifestAs
6121,番茄褐色根腐病,Phytophthora nicotianae,小叶变色,Leaflet discoloration,存在症状,ManifestAs
6122,番茄褐色根腐病,Phytophthora nicotianae,叶缘呈脱水状,Dehydrated leaf margins,存在症状,ManifestAs
6123,番茄褐色根腐病,Phytophthora nicotianae,根系变褐,Roots turning brown,存在症状,ManifestAs
6124,番茄褐色根腐病,Phytophthora nicotianae,细根腐烂脱落,Root rot and fall off,存在症状,ManifestAs
6125,番茄褐色根腐病,Phytophthora nicotianae,主根表皮木栓化,Taproot epidermis corky,存在症状,ManifestAs
6126,番茄黑点根腐病,Phytophthora nicotianae,叶片变黄,Yellowing of leaves,存在症状,ManifestAs
6127,番茄黑点根腐病,Phytophthora nicotianae,主根变褐,Taproot turns brown,存在症状,ManifestAs
6128,番茄黑点根腐病,Phytophthora nicotianae,细根呈淡褐色,Light brown rootlets,存在症状,ManifestAs
6129,番茄黑点根腐病,Phytophthora nicotianae,腐烂脱落,Rotting and falling off,存在症状,ManifestAs
6130,番茄曲顶病毒病,Beet curly top virus,植株变黄,Plants turn yellow,存在症状,ManifestAs
6131,番茄曲顶病毒病,Beet curly top virus,植株矮化,Plant dwarfing,存在症状,ManifestAs
6132,番茄曲顶病毒病,Beet curly top virus,叶片变厚变脆,Leaves become thicker and more brittle,存在症状,ManifestAs
6133,番茄曲顶病毒病,Beet curly top virus,叶柄下弯,Petiole bent downward,存在症状,ManifestAs
6134,番茄曲顶病毒病,Beet curly top virus,叶脉变紫,Leaf veins turn purple,存在症状,ManifestAs
6135,番茄曲顶病毒病,Beet curly top virus,暗褐色皱缩果实,Dark brown shrunken fruit,存在症状,ManifestAs
6136,番茄巨芽病,Claviceps purpurea,叶片变小,The leaves become smaller,存在症状,ManifestAs
6137,番茄巨芽病,Claviceps purpurea,顶部,top,存在症状,ManifestAs
6138,番茄巨芽病,Claviceps purpurea,枝梢呈淡紫色,Light purple branches,存在症状,ManifestAs
6139,番茄巨芽病,Claviceps purpurea,直立向上呈圆锥形,Upright cone-shaped,存在症状,ManifestAs
6140,番茄巨芽病,Claviceps purpurea,花柄肥大,Flower stalk hypertrophy,存在症状,ManifestAs
6141,番茄巨芽病,Claviceps purpurea,花萼显著膨大,Calyx significantly enlarged,存在症状,ManifestAs
6142,番茄巨芽病,Claviceps purpurea,淡紫色粗短肥大的腋芽,"Pale purple, short, thick, and large axillary buds",存在症状,ManifestAs
6143,番茄裂果,Fusarium oxysporum,放射形,Radial,存在症状,ManifestAs
6144,番茄裂果,Fusarium oxysporum,呈放射状开裂,Radially cracked,存在症状,ManifestAs
6145,番茄裂果,Fusarium oxysporum,轻微裂纹,Slight cracks,存在症状,ManifestAs
6146,番茄裂果,Fusarium oxysporum,同心圆状断续的微细裂纹,Concentric intermittent fine cracks,存在症状,ManifestAs
6147,番茄裂果,Fusarium oxysporum,呈环状开裂,Ring-shaped cracking,存在症状,ManifestAs
6148,番茄裂果,Fusarium oxysporum,横向或不规则开裂,Horizontal or irregular cracking,存在症状,ManifestAs
6149,番茄变形果,Cladosporium fulvum,指形状的突起,Finger-shaped protrusions,存在症状,ManifestAs
6150,番茄变形果,Cladosporium fulvum,心室内凹陷,Intraventricular concavity,存在症状,ManifestAs
6151,番茄变形果,Cladosporium fulvum,呈椭圆状,Oval,存在症状,ManifestAs
6152,番茄24—D药害,Phytophthora infestans,叶缘扭曲畸形,Distorted leaf margins,存在症状,ManifestAs
6153,番茄24—D药害,Phytophthora infestans,花朵变褐畸形,Flowers turn brown and become deformed,存在症状,ManifestAs
6154,番茄连作障碍,Fusarium oxysporum,幼苗枯萎,Seedlings wither,存在症状,ManifestAs
6155,辣椒绵腐病,Pythium aphanidermatum,初呈暗褐色病斑,Initially dark brown spots,存在症状,ManifestAs
6156,辣椒绵腐病,Pythium aphanidermatum,白色绢丝状的,White silky,存在症状,ManifestAs
6157,辣椒褐腐病,Phytophthora capsici,白色或灰白色的毛状物,White or grayish hairs,存在症状,ManifestAs
6158,辣椒褐腐病,Phytophthora capsici,变褐软腐,Browning and soft rot,存在症状,ManifestAs
6159,辣椒褐腐病,Phytophthora capsici,果梗呈灰白色或褐色,The fruit stem is grayish white or brown,存在症状,ManifestAs
6160,番茄生理性卷叶病,Tomato leaf curl virus,叶片呈筒状,The leaves are tube-shaped,存在症状,ManifestAs
6161,番茄芽枯病,Cladosporium fulvum,呈竖“一”字形或Y型,Vertical "I" or Y-shaped,存在症状,ManifestAs
6162,番茄低温障碍和冻害,Fusarium oxysporum,子叶上举,Cotyledon raised,存在症状,ManifestAs
6163,番茄低温障碍和冻害,Fusarium oxysporum,叶背向上反卷,The leaf back curls upward,存在症状,ManifestAs
6164,番茄低温障碍和冻害,Fusarium oxysporum,叶片萎蔫干枯,Leaves wilt and dry up,存在症状,ManifestAs
6165,番茄低温障碍和冻害,Fusarium oxysporum,叶片暗绿无光,Leaves dark green,存在症状,ManifestAs
6166,番茄低温障碍和冻害,Fusarium oxysporum,低温落花或畸形果,Flower drop or deformed fruit due to low temperature,存在症状,ManifestAs
6167,番茄低温障碍和冻害,Fusarium oxysporum,茎叶干枯而死,The stems and leaves dry up and die,存在症状,ManifestAs
6168,番茄高温障碍,Heat stress,叶绿素褪色,Chlorophyll fading,存在症状,ManifestAs
6169,番茄高温障碍,Heat stress,叶缘呈漂白状,Bleached leaf margins,存在症状,ManifestAs
6170,番茄高温障碍,Heat stress,叶缘呈烧伤状,Burned leaf edges,存在症状,ManifestAs
6171,番茄高温障碍,Heat stress,永久萎蔫或干枯,Permanently wilting or drying up,存在症状,ManifestAs
6172,番茄高温障碍,Heat stress,花粉粒不孕,Pollen grains are sterile,存在症状,ManifestAs
6173,番茄缺素症,Tomato deficiency syndrome,呈纺锤形,Spindle-shaped,存在症状,ManifestAs
6174,番茄缺素症,Tomato deficiency syndrome,老叶呈黄绿色,Old leaves are yellow-green,存在症状,ManifestAs
6175,番茄缺素症,Tomato deficiency syndrome,全株呈浅绿色,The whole plant is light green,存在症状,ManifestAs
6176,番茄缺素症,Tomato deficiency syndrome,叶片狭小而薄,Small and thin leaves,存在症状,ManifestAs
6177,番茄缺素症,Tomato deficiency syndrome,花序外露,Inflorescence exposed,存在症状,ManifestAs
6178,番茄缺素症,Tomato deficiency syndrome,叶脉由黄绿色变为深紫色,The veins of the leaves change from yellow-green to dark purple,存在症状,ManifestAs
6179,番茄缺素症,Tomato deficiency syndrome,茎秆变硬,The stem becomes hard,存在症状,ManifestAs
6180,番茄缺素症,Tomato deficiency syndrome,呈深紫色,Dark purple,存在症状,ManifestAs
6181,番茄缺素症,Tomato deficiency syndrome,花芽黄色,Flower buds yellow,存在症状,ManifestAs
6182,番茄缺素症,Tomato deficiency syndrome,果实变小,Fruits become smaller,存在症状,ManifestAs
6183,番茄缺素症,Tomato deficiency syndrome,叶背呈紫红色,Purple-red leaf back,存在症状,ManifestAs
6184,番茄缺素症,Tomato deficiency syndrome,叶脉逐,Leaf veins,存在症状,ManifestAs
6185,番茄缺素症,Tomato deficiency syndrome,小叶呈灼烧状,The leaflets are burning,存在症状,ManifestAs
6186,番茄缺素症,Tomato deficiency syndrome,叶缘卷曲,Curled leaf edges,存在症状,ManifestAs
6187,番茄缺素症,Tomato deficiency syndrome,脉间失绿,Intervein chlorosis,存在症状,ManifestAs
6188,番茄缺素症,Tomato deficiency syndrome,边缘为褐色的小枯斑,Small brown spots on the edges,存在症状,ManifestAs
6189,番茄缺素症,Tomato deficiency syndrome,茎木质化,Stem lignification,存在症状,ManifestAs
6190,番茄缺素症,Tomato deficiency syndrome,果形不正,Irregular fruit shape,存在症状,ManifestAs
6191,番茄缺素症,Tomato deficiency syndrome,幼叶顶端发黄,Yellowing of young leaves,存在症状,ManifestAs
6192,番茄缺素症,Tomato deficiency syndrome,植株瘦弱,Weak plants,存在症状,ManifestAs
6193,番茄缺素症,Tomato deficiency syndrome,顶芽死亡,Terminal bud death,存在症状,ManifestAs
6194,番茄缺素症,Tomato deficiency syndrome,叶片脉间黄化,Interveinal yellowing of leaves,存在症状,ManifestAs
6195,番茄缺素症,Tomato deficiency syndrome,叶柄和茎变红,Petioles and stems turn red,存在症状,ManifestAs
6196,番茄缺素症,Tomato deficiency syndrome,节间缩短,Shortened internodes,存在症状,ManifestAs
6197,番茄缺素症,Tomato deficiency syndrome,叶片变小,The leaves become smaller,存在症状,ManifestAs
6198,番茄缺素症,Tomato deficiency syndrome,植株呈浅绿色或黄绿色,The plant is light green or yellowish green,存在症状,ManifestAs
6199,番茄缺素症,Tomato deficiency syndrome,小叶失绿呈黄色或桔红色,The leaflets lose their green color and become yellow or orange,存在症状,ManifestAs
6200,番茄缺素症,Tomato deficiency syndrome,小叶叶脉间失绿,Interveinal chlorosis of leaflets,存在症状,ManifestAs
6201,番茄缺素症,Tomato deficiency syndrome,叶片细小,Small leaves,存在症状,ManifestAs
6202,番茄缺素症,Tomato deficiency syndrome,向内卷曲,Curl inwards,存在症状,ManifestAs
6203,番茄缺素症,Tomato deficiency syndrome,叶片脱落,Leaf shedding,存在症状,ManifestAs
6204,番茄缺素症,Tomato deficiency syndrome,果实畸形,Fruit deformity,存在症状,ManifestAs
6205,番茄缺素症,Tomato deficiency syndrome,褐色侵蚀斑,Brown erosion spots,存在症状,ManifestAs
6206,番茄缺素症,Tomato deficiency syndrome,叶片,blade,存在症状,ManifestAs
6207,番茄缺素症,Tomato deficiency syndrome,主脉间叶肉变黄,Yellowing of the mesophyll between the main veins,存在症状,ManifestAs
6208,番茄缺素症,Tomato deficiency syndrome,呈黄斑状,Yellow spot,存在症状,ManifestAs
6209,番茄缺素症,Tomato deficiency syndrome,叶脉仍保持绿色,The veins remain green,存在症状,ManifestAs
6210,番茄缺素症,Tomato deficiency syndrome,植株矮化,Plant dwarfing,存在症状,ManifestAs
6211,番茄缺素症,Tomato deficiency syndrome,不规则的皱缩褐色斑点,"Irregular, wrinkled brown spots",存在症状,ManifestAs
6212,番茄缺素症,Tomato deficiency syndrome,老叶先褪绿,Old leaves turn green first,存在症状,ManifestAs
6213,番茄缺素症,Tomato deficiency syndrome,叶肉呈黄色斑状,Yellow spots on the leaves,存在症状,ManifestAs
6214,番茄缺素症,Tomato deficiency syndrome,叶边向上卷,Leaf edges curl upward,存在症状,ManifestAs
6215,番茄缺素症,Tomato deficiency syndrome,叶尖萎焦,Leaf tip scorch,存在症状,ManifestAs
6216,番茄肥害,Solanum lycopersicum,叶片便出,Leaves come out,存在症状,ManifestAs
6217,番茄肥害,Solanum lycopersicum,现明显叶肉组织崩,There is obvious disintegration of mesophyll tissue,存在症状,ManifestAs
6218,番茄肥害,Solanum lycopersicum,块状褐色伤斑,Brown patches,存在症状,ManifestAs
6219,番茄肥害,Solanum lycopersicum,根部变褐,Roots turning brown,存在症状,ManifestAs
6220,番茄肥害,Solanum lycopersicum,叶片变黄,Yellowing of leaves,存在症状,ManifestAs
6221,番茄茶色果和绿背果,Cladosporium fulvum,褐色或污茶褐色,Brown or dirty brown,存在症状,ManifestAs
6222,番茄茶色果和绿背果,Cladosporium fulvum,果实发污,Fruit stains,存在症状,ManifestAs
6223,番茄茶色果和绿背果,Cladosporium fulvum,粉色果变为粉红色,Pink fruit turns pink,存在症状,ManifestAs
6224,番茄茶色果和绿背果,Cladosporium fulvum,绿色斑块或绿色区,Green patches or areas,存在症状,ManifestAs
6225,番茄细菌性褐斑病,Pseudomonas syringae,呈水渍状小点,Small water-stained spots,存在症状,ManifestAs
6226,番茄细菌性褐斑病,Pseudomonas syringae,不规则斑点,Irregular spots,存在症状,ManifestAs
6227,番茄细菌性褐斑病,Pseudomonas syringae,深褐色至黑色,Dark brown to black,存在症状,ManifestAs
6228,番茄细菌性褐斑病,Pseudomonas syringae,有或无黄色晕,With or without yellow halo,存在症状,ManifestAs
6229,番茄细菌性褐斑病,Pseudomonas syringae,稍隆起的小斑点,Slightly raised spots,存在症状,ManifestAs
6230,番茄细菌性褐斑病,Pseudomonas syringae,萼片干枯,Sepals dry up,存在症状,ManifestAs
6231,番茄细菌性褐斑病,Pseudomonas syringae,米粒状大小的水浸状斑点,Water-soaked spots the size of rice grains,存在症状,ManifestAs
6232,番茄细菌性褐斑病,Pseudomonas syringae,不规则形,Irregular,存在症状,ManifestAs
6233,番茄细菌性褐斑病,Pseudomonas syringae,白色菌脓,White pus,存在症状,ManifestAs
6234,番茄细菌性褐斑病,Pseudomonas syringae,木质部不变褐,No browning of the wood,存在症状,ManifestAs
6235,辣椒斑枯病,Septoria lycopersici,白色至浅灰黄色圆形病斑,White to light grayish yellow circular lesions,存在症状,ManifestAs
6236,辣椒白星病,Mycosphaerella capsici,圆形或近圆形,Round or nearly round,存在症状,ManifestAs
6237,辣椒白星病,Mycosphaerella capsici,边缘呈深褐色小斑点,Dark brown spots on the edges,存在症状,ManifestAs
6238,辣椒白星病,Mycosphaerella capsici,起中央白色或灰,White or gray in the center,存在症状,ManifestAs
6239,辣椒白星病,Mycosphaerella capsici,大量落叶,A lot of fallen leaves,存在症状,ManifestAs
6240,辣椒疫病,Phytophthora capsici,不规则暗绿色病斑,Irregular dark green spots,存在症状,ManifestAs
6241,辣椒疫病,Phytophthora capsici,水渍状,Water stain,存在症状,ManifestAs
6242,辣椒疫病,Phytophthora capsici,边缘为黄绿色,Yellow-green edges,存在症状,ManifestAs
6243,辣椒疫病,Phytophthora capsici,叶片腐烂,Leaf rot,存在症状,ManifestAs
6244,辣椒疫病,Phytophthora capsici,暗绿色病斑,Dark green spots,存在症状,ManifestAs
6245,辣椒疫病,Phytophthora capsici,暗褐色或黑褐色条斑,Dark brown or dark brown stripes,存在症状,ManifestAs
6246,辣椒疫病,Phytophthora capsici,病斑呈暗绿色水渍状软腐,"The lesions are dark green and water-soaked, soft rot",存在症状,ManifestAs
6247,辣椒疫病,Phytophthora capsici,白色霉层,White mold layer,存在症状,ManifestAs
6248,辣椒疫病,Phytophthora capsici,暗褐色僵果,Dark brown fruit,存在症状,ManifestAs
6249,辣椒早疫病,Alternaria solani,圆形或不规则病斑,Round or irregular lesions,存在症状,ManifestAs
6250,辣椒早疫病,Alternaria solani,病斑褐色至黑褐色,Lesions brown to dark brown,存在症状,ManifestAs
6251,辣椒早疫病,Alternaria solani,浅绿色或黄色晕环,Light green or yellow halo,存在症状,ManifestAs
6252,辣椒早疫病,Alternaria solani,突起的同心轮纹,Raised concentric rings,存在症状,ManifestAs
6253,辣椒早疫病,Alternaria solani,灰黑色霉状物,Gray-black mold,存在症状,ManifestAs
6254,辣椒早疫病,Alternaria solani,不规则形大斑,Irregular large spots,存在症状,ManifestAs
6255,辣椒早疫病,Alternaria solani,叶片早枯,Early leaf withering,存在症状,ManifestAs
6256,辣椒早疫病,Alternaria solani,叶柄病斑呈椭圆形,The petiole lesions are oval,存在症状,ManifestAs
6257,辣椒早疫病,Alternaria solani,暗褐色,Dark brown,存在症状,ManifestAs
6258,辣椒褐斑病,Cercospora capsici,圆形或近圆形,Round or nearly round,存在症状,ManifestAs
6259,辣椒褐斑病,Cercospora capsici,灰白色的小点,Grayish white dots,存在症状,ManifestAs
6260,辣椒褐斑病,Cercospora capsici,四周黑褐色,Dark brown all around,存在症状,ManifestAs
6261,辣椒褐斑病,Cercospora capsici,病叶变黄脱落,Diseased leaves turn yellow and fall off,存在症状,ManifestAs
6262,辣椒灰霉病,Botrytis cinerea,半圆形至近圆形淡揭色轮纹斑,Semicircular to nearly circular light-colored ring spots,存在症状,ManifestAs
6263,辣椒灰霉病,Botrytis cinerea,灰色霉状物,Gray mold,存在症状,ManifestAs
6264,辣椒灰霉病,Botrytis cinerea,叶片腐烂,Leaf rot,存在症状,ManifestAs
6265,辣椒灰霉病,Botrytis cinerea,水浸状病斑,Water-soaked lesions,存在症状,ManifestAs
6266,辣椒灰霉病,Botrytis cinerea,椭图形或近圆形,Elliptical or nearly circular,存在症状,ManifestAs
6267,辣椒灰霉病,Botrytis cinerea,浅黄色轮纹斑,Light yellow ring pattern,存在症状,ManifestAs
6268,辣椒灰霉病,Botrytis cinerea,密生灰色霉层,Dense gray mold layer,存在症状,ManifestAs
6269,辣椒灰霉病,Botrytis cinerea,灰白色霉状物,Grayish white mold,存在症状,ManifestAs
6270,辣椒灰霉病,Botrytis cinerea,花瓣呈褐色,Brown petals,存在症状,ManifestAs
6271,辣椒灰霉病,Botrytis cinerea,水浸状,Waterlogged,存在症状,ManifestAs
6272,辣椒灰霉病,Botrytis cinerea,灰色霉层,Gray mold layer,存在症状,ManifestAs
6273,辣椒灰霉病,Botrytis cinerea,水浸状褐色病斑,Water-soaked brown spots,存在症状,ManifestAs
6274,辣椒灰霉病,Botrytis cinerea,凹陷腐烂,Sag rot,存在症状,ManifestAs
6275,辣椒灰霉病,Botrytis cinerea,不规则轮状灰色霉层,Irregular grey mold,存在症状,ManifestAs
6276,辣椒菌核病,Sclerotinia sclerotiorum,表皮呈灰,Grey skin,存在症状,ManifestAs
6277,辣椒菌核病,Sclerotinia sclerotiorum,叶片青萎,Leaf wilt,存在症状,ManifestAs
6278,辣椒菌核病,Sclerotinia sclerotiorum,呈水渍状湿腐,Water-soaked wet rot,存在症状,ManifestAs
6279,辣椒菌核病,Sclerotinia sclerotiorum,白色菌丝团,White mycelium mass,存在症状,ManifestAs
6280,辣椒菌核病,Sclerotinia sclerotiorum,呈水渍状病斑,Water-soaked spots,存在症状,ManifestAs
6281,辣椒菌核病,Sclerotinia sclerotiorum,病斑变浅褐色,The lesions turn light brown,存在症状,ManifestAs
6282,辣椒菌核病,Sclerotinia sclerotiorum,病部呈灰白色,The diseased part is grayish white,存在症状,ManifestAs
6283,辣椒炭疽病,Colletotrichum capsici,病斑近圆形,Nearly circular lesions,存在症状,ManifestAs
6284,辣椒炭疽病,Colletotrichum capsici,中心凹陷,Center depression,存在症状,ManifestAs
6285,辣椒炭疽病,Colletotrichum capsici,轮状排列的小黑点,Small black dots arranged in a wheel,存在症状,ManifestAs
6286,辣椒炭疽病,Colletotrichum capsici,水渍状的长圆形或不规则形,Water-soaked oblong or irregular shape,存在症状,ManifestAs
6287,辣椒炭疽病,Colletotrichum capsici,稍隆起的同心环纹斑,Slightly raised concentric rings,存在症状,ManifestAs
6288,辣椒炭疽病,Colletotrichum capsici,湿润性的变色圈,Moisture color change circle,存在症状,ManifestAs
6289,辣椒炭疽病,Colletotrichum capsici,呈褪绿水渍状斑点,Chlorotic water-soaked spots,存在症状,ManifestAs
6290,辣椒炭疽病,Colletotrichum capsici,稍呈圆形斑,Slightly round spots,存在症状,ManifestAs
6291,辣椒炭疽病,Colletotrichum capsici,褐色病斑,Brown spots,存在症状,ManifestAs
6292,辣椒炭疽病,Colletotrichum capsici,不规则形,Irregular,存在症状,ManifestAs
6293,辣椒炭疽病,Colletotrichum capsici,病斑圆形,Circular lesion,存在症状,ManifestAs
6294,辣椒炭疽病,Colletotrichum capsici,黄褐色,tan,存在症状,ManifestAs
6295,辣椒炭疽病,Colletotrichum capsici,水渍状,Water stain,存在症状,ManifestAs
6296,辣椒炭疽病,Colletotrichum capsici,橙红色小,Orange red small,存在症状,ManifestAs
6297,辣椒炭疽病,Colletotrichum capsici,淡红色黏质物,Light red sticky substance,存在症状,ManifestAs
6298,辣椒黑斑病,Alternaria solani,病斑为淡褐色,The lesions are light brown,存在症状,ManifestAs
6299,辣椒黑斑病,Alternaria solani,不规则形,Irregular,存在症状,ManifestAs
6300,辣椒黑斑病,Alternaria solani,病斑有黑色,The lesions are black,存在症状,ManifestAs
6301,辣椒黄化条斑病毒病,Lycopersicon esculentum virus 2,褪绿或花叶,Chlorotic or mosaic,存在症状,ManifestAs
6302,辣椒黄化条斑病毒病,Lycopersicon esculentum virus 2,不明显的轮纹,Not obvious wheel pattern,存在症状,ManifestAs
6303,辣椒黄化条斑病毒病,Lycopersicon esculentum virus 2,褐色条斑,Brown stripes,存在症状,ManifestAs
6304,辣椒黄化条斑病毒病,Lycopersicon esculentum virus 2,轻微花斑,Slightly spotted,存在症状,ManifestAs
6305,辣椒黄化条斑病毒病,Lycopersicon esculentum virus 2,不规则的褐色坏死斑,Irregular brown necrotic spots,存在症状,ManifestAs
6306,辣椒黄化条斑病毒病,Lycopersicon esculentum virus 2,系统坏死,System failure,存在症状,ManifestAs
6307,辣椒黄化条斑病毒病,Lycopersicon esculentum virus 2,系统花斑或严重变形,Systematic mottled or severely deformed,存在症状,ManifestAs
6308,辣椒苜蓿花叶病毒病,Cucumber mosaic virus,褪绿斑点和环斑,Chlorotic spots and ring spots,存在症状,ManifestAs
6309,辣椒苜蓿花叶病毒病,Cucumber mosaic virus,m暗,mDark,存在症状,ManifestAs
6310,辣椒苜蓿花叶病毒病,Cucumber mosaic virus,产生,produce,存在症状,ManifestAs
6311,辣椒苜蓿花叶病毒病,Cucumber mosaic virus,系统褪绿环斑或黄色,Systematic chlorotic ring spots or yellow,存在症状,ManifestAs
6312,辣椒苜蓿花叶病毒病,Cucumber mosaic virus,展心叶,Spread Heart Leaf,存在症状,ManifestAs
6313,辣椒苜蓿花叶病毒病,Cucumber mosaic virus,产生坏死,Necrosis,存在症状,ManifestAs
6314,辣椒苜蓿花叶病毒病,Cucumber mosaic virus,斑植株稍,Plants with spots,存在症状,ManifestAs
6315,辣椒丛枝病,Phytoplasma capsici,叶色发黄,Yellow leaves,存在症状,ManifestAs
6316,辣椒丛枝病,Phytoplasma capsici,叶窄长,Long narrow leaves,存在症状,ManifestAs
6317,辣椒丛枝病,Phytoplasma capsici,叶片扭曲呈疙瘩节状,The leaves are twisted and knotty,存在症状,ManifestAs
6318,辣椒丛枝病,Phytoplasma capsici,叶色变黄,Leaves turn yellow,存在症状,ManifestAs
6319,辣椒丛枝病,Phytoplasma capsici,叶肉变薄似缺素素症,Thinning of the leaf pulp resembles nutrient deficiency,存在症状,ManifestAs
6320,辣椒丛枝病,Phytoplasma capsici,叶片仅剩叶脉,Only veins left on leaves,存在症状,ManifestAs
6321,辣椒丛枝病,Phytoplasma capsici,呈“扫帚状”,Broom-shaped,存在症状,ManifestAs
6322,辣椒丛枝病,Phytoplasma capsici,茎杆带化,Stem banding,存在症状,ManifestAs
6323,辣椒丛枝病,Phytoplasma capsici,花序聚生,Inflorescence clusters,存在症状,ManifestAs
6324,辣椒丛枝病,Phytoplasma capsici,花器萎落,Flower wilting,存在症状,ManifestAs
6325,辣椒丛枝病,Phytoplasma capsici,叶片狭窄皱缩不平,"Narrow, wrinkled leaves",存在症状,ManifestAs
6326,辣椒丛枝病,Phytoplasma capsici,叶柄伸长,Petiole elongation,存在症状,ManifestAs
6327,辣椒丛枝病,Phytoplasma capsici,果枝短缩,Shortened fruit branches,存在症状,ManifestAs
6328,辣椒脐腐病,Blossom-end rot,水浸状病斑,Water-soaked lesions,存在症状,ManifestAs
6329,辣椒黑霉病,**alternaria solani**,果肉失水,Fruit pulp dehydration,存在症状,ManifestAs
6330,辣椒黑霉病,**alternaria solani**,果面收缩,Fruit surface shrinkage,存在症状,ManifestAs
6331,辣椒黑霉病,**alternaria solani**,绿黑色或黑色绒状霉,Green-black or black velvety mold,存在症状,ManifestAs
6332,辣椒污霉病,Pseudocercospora capsici,污褐色圆形至不规则形霉点,Dirty brown round to irregular mold spots,存在症状,ManifestAs
6333,辣椒污霉病,Pseudocercospora capsici,煤烟状物,Soot,存在症状,ManifestAs
6334,辣椒污霉病,Pseudocercospora capsici,黑色霉层,Black mold layer,存在症状,ManifestAs
6335,辣椒污霉病,Pseudocercospora capsici,病叶提早枯黄或脱落,Diseased leaves turn yellow or fall off prematurely,存在症状,ManifestAs
6336,辣椒叶霉病,Fulvia fulva,不规则形退绿斑块,Irregular chlorotic patches,存在症状,ManifestAs
6337,辣椒叶霉病,Fulvia fulva,浅白色霉层,Light white mold layer,存在症状,ManifestAs
6338,辣椒叶霉病,Fulvia fulva,浅黄色至黄色大斑,Light yellow to yellow spots,存在症状,ManifestAs
6339,辣椒叶霉病,Fulvia fulva,浅灰色至黑褐色绒毛状霉,Light grey to dark brown velvety mold,存在症状,ManifestAs
6340,辣椒叶霉病,Fulvia fulva,变黄干枯,Turn yellow and dry,存在症状,ManifestAs
6341,辣椒白粉病,Leveillula taurica,边缘不明显的黄斑,Blurred macular area,存在症状,ManifestAs
6342,辣椒白粉病,Leveillula taurica,白色的霉层,White mold layer,存在症状,ManifestAs
6343,辣椒白粉病,Leveillula taurica,三角形的白斑,Triangular white spots,存在症状,ManifestAs
6344,辣椒芽枝果腐病,Cladosporium capsici,褐色水浸状小斑点,Small brown water-soaked spots,存在症状,ManifestAs
6345,辣椒芽枝果腐病,Cladosporium capsici,呈湿状,Wet,存在症状,ManifestAs
6346,辣椒芽枝果腐病,Cladosporium capsici,病斑圆形或近圆形,Lesions are round or nearly round,存在症状,ManifestAs
6347,辣椒芽枝果腐病,Cladosporium capsici,至更大淡,To a greater,存在症状,ManifestAs
6348,辣椒芽枝果腐病,Cladosporium capsici,白色绒丝状霉层,White velvety mildew layer,存在症状,ManifestAs
6349,菠菜株腐病,Fusarium oxysporum,子叶开始萎蔫,The cotyledons begin to wilt,存在症状,ManifestAs
6350,菠菜株腐病,Fusarium oxysporum,叶片黄化,Yellowing of leaves,存在症状,ManifestAs
6351,菠菜株腐病,Fusarium oxysporum,椭圆形暗褐色病斑,Oval dark brown spots,存在症状,ManifestAs
6352,菠菜株腐病,Fusarium oxysporum,主根呈黑褐色腐烂,The taproot is dark brown and rotten,存在症状,ManifestAs
6353,菠菜病毒病,Cucumovirus,心叶叶脉退绿,Heart leaf veins turn green,存在症状,ManifestAs
6354,菠菜病毒病,Cucumovirus,黄色斑点,Yellow spots,存在症状,ManifestAs
6355,菠菜病毒病,Cucumovirus,不规则的深绿,Irregular dark green,存在症状,ManifestAs
6356,菠菜病毒病,Cucumovirus,叶片边缘向下卷,Leaf edges curled down,存在症状,ManifestAs
6357,菠菜病毒病,Cucumovirus,瘤状突起,Tumor-like protrusion,存在症状,ManifestAs
6358,菠菜病毒病,Cucumovirus,心叶卷缩,Heart leaf curling,存在症状,ManifestAs
6359,菠菜病毒病,Cucumovirus,坏死斑,Necrotic plaque,存在症状,ManifestAs
6360,菠菜病毒病,Cucumovirus,心叶坏死,Heart leaf necrosis,存在症状,ManifestAs
6361,菠菜矮花叶病,Cucumovirus,深绿与浅绿或黄色相间的花叶,Dark green and light green or yellow leaves,存在症状,ManifestAs
6362,菠菜矮花叶病,Cucumovirus,叶片变小,The leaves become smaller,存在症状,ManifestAs
6363,菠菜低温障碍,Chilling injury,叶缘变白,Whitening of leaf margins,存在症状,ManifestAs
6364,菠菜低温障碍,Chilling injury,呈薄纸状,Thin paper,存在症状,ManifestAs
6365,蝼蛄,Gryllotalpa,根部呈乱麻状,The roots are tangled,存在症状,ManifestAs
6366,蝼蛄,Gryllotalpa,缺苗断垄,Missing seedlings and broken ridges,存在症状,ManifestAs
6367,芹菜斑枯病,Septoria apiicola,淡黄色油浸状斑,Pale yellow oily spots,存在症状,ManifestAs
6368,芹菜斑枯病,Septoria apiicola,淡褐色或褐色,Light brown or brown,存在症状,ManifestAs
6369,芹菜斑枯病,Septoria apiicola,褐色干枯状,Brown dry,存在症状,ManifestAs
6370,芹菜斑枯病,Septoria apiicola,病斑均呈长圆形,The lesions are oblong,存在症状,ManifestAs
6371,芹菜斑枯病,Septoria apiicola,病斑边缘黄色,Yellow edge of lesion,存在症状,ManifestAs
6372,芹菜斑枯病,Septoria apiicola,病斑为褐色,The lesions are brown,存在症状,ManifestAs
6373,芹菜斑枯病,Septoria apiicola,长圆形稍凹陷,Oblong slightly concave,存在症状,ManifestAs
6374,芹菜早疫病,Septoria apiicola,黄绿色水渍状斑点,Yellow-green water-stained spots,存在症状,ManifestAs
6375,芹菜早疫病,Septoria apiicola,褐色或暗褐色,Brown or dark brown,存在症状,ManifestAs
6376,芹菜早疫病,Septoria apiicola,病斑稍圆,Slightly round lesions,存在症状,ManifestAs
6377,芹菜早疫病,Septoria apiicola,周缘黄色,Yellow periphery,存在症状,ManifestAs
6378,芹菜早疫病,Septoria apiicola,水渍状圆斑或条斑,Water-soaked round spots or stripes,存在症状,ManifestAs
6379,芹菜早疫病,Septoria apiicola,白色或紫色霉状物,White or purple mold,存在症状,ManifestAs
6380,芹菜黑斑病,Alternaria tenuissima,水渍状浅褐色色小斑点,Small water-stained light brown spots,存在症状,ManifestAs
6381,芹菜黑斑病,Alternaria tenuissima,近圆形坏死病斑,Nearly circular necrotic lesions,存在症状,ManifestAs
6382,芹菜黑斑病,Alternaria tenuissima,黄褐色至深褐色,Yellowish brown to dark brown,存在症状,ManifestAs
6383,芹菜黑斑病,Alternaria tenuissima,稀疏的黑霉,Sparse black mold,存在症状,ManifestAs
6384,芹菜立枯病,Rhizoctonia solani,茎收缩,Stem shrinkage,存在症状,ManifestAs
6385,芹菜黑腐病,Pseudomonas syringae,暗绿色至黑褐色,Dark green to dark brown,存在症状,ManifestAs
6386,芹菜灰霉病,Botrytis cinerea,病部软化,Softening of the affected area,存在症状,ManifestAs
6387,芹菜灰霉病,Botrytis cinerea,腐烂或萎蔫,Rotting or wilting,存在症状,ManifestAs
6388,芹菜灰霉病,Botrytis cinerea,灰色霉层,Gray mold layer,存在症状,ManifestAs
6389,芹菜菌核病,Sclerotinia sclerotiorum,暗绿色病斑,Dark green spots,存在症状,ManifestAs
6390,芹菜菌核病,Sclerotinia sclerotiorum,褐色水渍状,Brown water stain,存在症状,ManifestAs
6391,芹菜菌核病,Sclerotinia sclerotiorum,软腐或全株溃烂,Soft rot or whole plant rot,存在症状,ManifestAs
6392,芹菜菌核病,Sclerotinia sclerotiorum,鼠粪状菌核,Sclerotium,存在症状,ManifestAs
6393,芹菜软腐病,Pectobacterium carotovorum,水渍状纺锤形或不规则形凹陷病斑,Water-soaked spindle-shaped or irregular sunken lesions,存在症状,ManifestAs
6394,芹菜软腐病,Pectobacterium carotovorum,病斑呈黄褐色,The lesions are yellow-brown,存在症状,ManifestAs
6395,芹菜软腐病,Pectobacterium carotovorum,心叶腐烂坏死,Heart leaf rot and necrosis,存在症状,ManifestAs
6396,芹菜软腐病,Pectobacterium carotovorum,呈“烧心”状,Heartburn,存在症状,ManifestAs
6397,芹菜细菌叶枯病,Pseudomonas syringae,叶缘病斑水渍状,Water-soaked leaf spots,存在症状,ManifestAs
6398,芹菜细菌叶枯病,Pseudomonas syringae,叶片呈褐色枯死,Leaves turn brown and die,存在症状,ManifestAs
6399,芹菜根结线虫病,Meloidogyne,颜色不正常,Abnormal color,存在症状,ManifestAs
6400,芹菜根结线虫病,Meloidogyne,链珠状或葫芦状肿瘤,Bead-like or gourd-shaped tumors,存在症状,ManifestAs
6401,芹菜根结线虫病,Meloidogyne,乳白色至乳黄色,Milky white to creamy yellow,存在症状,ManifestAs
6402,芹菜病毒病,Cucumovirus,黄色花叶,Yellow flower leaves,存在症状,ManifestAs
6403,芹菜病毒病,Cucumovirus,斑驳或呈花叶状,Mottled or mosaic,存在症状,ManifestAs
6404,芹菜病毒病,Cucumovirus,叶柄纤细,Petiole slender,存在症状,ManifestAs
6405,芹菜病毒病,Cucumovirus,植株矮化,Plant dwarfing,存在症状,ManifestAs
6406,芹菜病毒病,Cucumovirus,叶片变色黄化,Leaf discoloration and yellowing,存在症状,ManifestAs
6407,芹菜黄萎病,Verticillium dahliae,时叶色由绿变为黄,The leaves change from green to yellow,存在症状,ManifestAs
6408,芹菜黄萎病,Verticillium dahliae,引起幼苗萎蔫或枯死,Causes seedlings to wilt or die,存在症状,ManifestAs
6409,芹菜黄萎病,Verticillium dahliae,叶片无光泽,Leaves are dull,存在症状,ManifestAs
6410,芹菜黄萎病,Verticillium dahliae,叶色变暗淡,Leaf color becomes dull,存在症状,ManifestAs
6411,芹菜黄萎病,Verticillium dahliae,叶片失绿,Leaf chlorosis,存在症状,ManifestAs
6412,芹菜黄萎病,Verticillium dahliae,黄绿相间斑驳,Yellow-green mottled,存在症状,ManifestAs
6413,芹菜黄萎病,Verticillium dahliae,整株枯死,The whole plant died,存在症状,ManifestAs
6414,芹菜叶斑病,Pseudomonas syringae,黄绿色水渍状小点,Yellow-green water-stained spots,存在症状,ManifestAs
6415,芹菜叶斑病,Pseudomonas syringae,近圆形或不规则灰褐色坏死斑,Nearly circular or irregular gray-brown necrotic spots,存在症状,ManifestAs
6416,芹菜叶斑病,Pseudomonas syringae,呈深褐色,Dark brown,存在症状,ManifestAs
6417,芹菜叶斑病,Pseudomonas syringae,灰白色霉层,Grayish white mold layer,存在症状,ManifestAs
6418,芹菜叶斑病,Pseudomonas syringae,叶片变黄枯死,Leaves turn yellow and die,存在症状,ManifestAs
6419,芹菜叶斑病,Pseudomonas syringae,病斑椭圆形,Lesion oval,存在症状,ManifestAs
6420,芹菜叶斑病,Pseudomonas syringae,灰褐色凹陷,Gray brown depression,存在症状,ManifestAs
6421,芹菜叶斑病,Pseudomonas syringae,茎秆开裂,Stem cracking,存在症状,ManifestAs
6422,胡萝卜微管蚜,Semiaphis heraclei,幼叶卷缩,Young leaves curled,存在症状,ManifestAs
6423,胡萝卜微管蚜,Semiaphis heraclei,卷缩呈乱发状,Curly and messy hair,存在症状,ManifestAs
6424,莴笋霜霉病,Peronospora parasitica,病斑淡黄色,Lesions pale yellow,存在症状,ManifestAs
6425,莴笋霜霉病,Peronospora parasitica,近圆形,Nearly round,存在症状,ManifestAs
6426,莴笋霜霉病,Peronospora parasitica,白色霜霉层,White downy mildew,存在症状,ManifestAs
6427,莴笋霜霉病,Peronospora parasitica,病斑变为黄褐色,The lesions turn yellow-brown,存在症状,ManifestAs
6428,莴笋霜霉病,Peronospora parasitica,叶片发黄枯死,Leaves turn yellow and die,存在症状,ManifestAs
6429,莴笋灰霉病,Botrytis cinerea,呈水渍状腐烂,Water-soaked rot,存在症状,ManifestAs
6430,莴笋灰霉病,Botrytis cinerea,灰色霉层,Gray mold layer,存在症状,ManifestAs
6431,莴笋灰霉病,Botrytis cinerea,呈黄褐色,Yellowish brown,存在症状,ManifestAs
6432,莴笋灰霉病,Botrytis cinerea,灰褐或灰绿色霉层,Gray-brown or gray-green mold layer,存在症状,ManifestAs
6433,莴笋灰霉病,Botrytis cinerea,上部茎叶萎蔫,Upper stems and leaves wilt,存在症状,ManifestAs
6434,莴笋灰霉病,Botrytis cinerea,茎部腐烂,Stem rot,存在症状,ManifestAs
6435,莴笋菌核病,Sclerotinia sclerotiorum,水浸状褪绿斑点,Water-soaked chlorotic spots,存在症状,ManifestAs
6436,莴笋菌核病,Sclerotinia sclerotiorum,不规则圆斑,Irregular round spots,存在症状,ManifestAs
6437,莴笋菌核病,Sclerotinia sclerotiorum,棉絮状的,Cotton-like,存在症状,ManifestAs
6438,莴笋菌核病,Sclerotinia sclerotiorum,白色颗粒,White granules,存在症状,ManifestAs
6439,莴笋菌核病,Sclerotinia sclerotiorum,不规则的鼠粪状菌核,Irregular mouse-dung-like sclerotia,存在症状,ManifestAs
6440,莴笋叶焦病,Cercospora longissima,叶缘变褐坏死,Leaf margins turn brown and necrotize,存在症状,ManifestAs
6441,莴笋叶焦病,Cercospora longissima,叶色淡,Light leaf color,存在症状,ManifestAs
6442,莴笋叶焦病,Cercospora longissima,脉焦,Pulse,存在症状,ManifestAs
6443,莴笋叶焦病,Cercospora longissima,叶脉间坏死,Interveinal necrosis,存在症状,ManifestAs
6444,莴笋叶焦病,Cercospora longissima,叶焦或叶缘烧焦或干枯,Leaves are scorched or have burnt or dry leaf edges,存在症状,ManifestAs
6445,莴笋轮纹病,Mycosphaerella brassicicola,圆形至近圆形褐色斑点,Round to nearly round brown spots,存在症状,ManifestAs
6446,莴笋白粉病,Erysiphe cruciferarum,白色粉状霉斑,White powdery mildew,存在症状,ManifestAs
6447,莴笋白粉病,Erysiphe cruciferarum,浅灰白色粉状霉层,Light gray powdery mildew layer,存在症状,ManifestAs
6448,莴笋白粉病,Erysiphe cruciferarum,叶片呈现白粉,Leaves appear powdery white,存在症状,ManifestAs
6449,莴笋白粉病,Erysiphe cruciferarum,叶片黄化,Yellowing of leaves,存在症状,ManifestAs
6450,莴笋病毒病,Cucumovirus,不规则病斑,Irregular lesions,存在症状,ManifestAs
6451,莴笋病毒病,Cucumovirus,淡绿色,Light green,存在症状,ManifestAs
6452,莴笋病毒病,Cucumovirus,黄绿相间花叶,Yellow-green mosaic,存在症状,ManifestAs
6453,莴笋病毒病,Cucumovirus,不明显的坏死斑点,Inconspicuous necrotic spots,存在症状,ManifestAs
6454,莴笋病毒病,Cucumovirus,细脉变褐,Veins turn brown,存在症状,ManifestAs
6455,莴笋病毒病,Cucumovirus,褐色坏死斑点,Brown necrotic spots,存在症状,ManifestAs
6456,莴笋病毒病,Cucumovirus,叶片皱缩,Leaf shrinkage,存在症状,ManifestAs
6457,莴笋病毒病,Cucumovirus,叶缘下卷成筒状,The leaf margin is rolled into a tube,存在症状,ManifestAs
6458,莴笋病毒病,Cucumovirus,植株矮化,Plant dwarfing,存在症状,ManifestAs
6459,莴笋褐斑病,Mycosphaerella brassicicola,病斑先呈水渍状,The lesions first appear as water stains,存在症状,ManifestAs
6460,莴笋褐斑病,Mycosphaerella brassicicola,圆形或规则形,Round or regular shape,存在症状,ManifestAs
6461,莴笋褐斑病,Mycosphaerella brassicicola,暗灰色,Dark Gray,存在症状,ManifestAs
6462,莴笋褐斑病,Mycosphaerella brassicicola,水渍状晕圈,Water-stained halo,存在症状,ManifestAs
6463,莴笋褐斑病,Mycosphaerella brassicicola,色暗灰色霉状物,Dark grey mold,存在症状,ManifestAs
6464,莴笋褐斑病,Mycosphaerella brassicicola,病叶变褐干枯,Diseased leaves turn brown and dry,存在症状,ManifestAs
6465,莴笋软腐病,Pectobacterium carotovorum,叶片初呈水渍状,Leaves initially appear water-soaked,存在症状,ManifestAs
6466,莴笋软腐病,Pectobacterium carotovorum,污绿色,Dirty Green,存在症状,ManifestAs
6467,莴笋软腐病,Pectobacterium carotovorum,叶片腐烂,Leaf rot,存在症状,ManifestAs
6468,莴笋软腐病,Pectobacterium carotovorum,植株塌陷,Plant collapse,存在症状,ManifestAs
6469,莴笋软腐病,Pectobacterium carotovorum,恶臭气味,Foul odor,存在症状,ManifestAs
6470,莴笋软腐病,Pectobacterium carotovorum,茎部腐烂死亡,Stem rot and death,存在症状,ManifestAs
6471,莴笋轮斑病,Mycosphaerella maculiformis,小的近圆形亮绿色斑,"Small, nearly circular, bright green spots",存在症状,ManifestAs
6472,莴笋轮斑病,Mycosphaerella maculiformis,色具明显,Color is obvious,存在症状,ManifestAs
6473,莴笋轮斑病,Mycosphaerella maculiformis,纹病斑边缘灰,Gray edge of streaks,存在症状,ManifestAs
6474,莴笋黑斑病,Alternaria solani,褐色斑点,Brown spots,存在症状,ManifestAs
6475,莴笋黑斑病,Alternaria solani,圆形或近圆形,Round or nearly round,存在症状,ManifestAs
6476,莴笋黑斑病,Alternaria solani,m褐色或灰,mBrown or gray,存在症状,ManifestAs
6477,莴笋黑斑病,Alternaria solani,上有同心轮纹,Concentric wheel pattern,存在症状,ManifestAs
6478,莴笋锈病,Puccinia lactucae,鲜黄色至桔红色的帽状锈孢子器,Bright yellow to orange cap-shaped rust spores,存在症状,ManifestAs
6479,莴笋锈病,Puccinia lactucae,隆起的小疱,Raised blisters,存在症状,ManifestAs
6480,莴笋锈病,Puccinia lactucae,黑褐色粉末,Dark brown powder,存在症状,ManifestAs
6481,莴笋腐败病,Fusarium oxysporum,病斑纺锤形,Spindle-shaped lesions,存在症状,ManifestAs
6482,莴笋腐败病,Fusarium oxysporum,稍凹陷,Slightly concave,存在症状,ManifestAs
6483,莴笋腐败病,Fusarium oxysporum,浅绿色,Light Green,存在症状,ManifestAs
6484,莴笋腐败病,Fusarium oxysporum,蓝绿色至褐色,Blue green to brown,存在症状,ManifestAs
6485,莴笋腐败病,Fusarium oxysporum,病部软化,Softening of the affected area,存在症状,ManifestAs
6486,莴笋腐败病,Fusarium oxysporum,植株塌陷,Plant collapse,存在症状,ManifestAs
6487,莴笋腐败病,Fusarium oxysporum,淡褐色“V”字形病斑,Light brown "V" shaped lesions,存在症状,ManifestAs
6488,莴笋腐败病,Fusarium oxysporum,叶脉坏死变黑,Leaf vein necrosis and blackening,存在症状,ManifestAs
6489,莴笋腐败病,Fusarium oxysporum,叶片枯黄,Leaves turn yellow,存在症状,ManifestAs
6490,莴笋腐败病,Fusarium oxysporum,病叶变淡褐色干枯呈薄纸状,The diseased leaves turn light brown and dry like thin paper,存在症状,ManifestAs
6491,莴笋叶缘坏死病,Pseudomonas cichorii,病部呈水渍状,The diseased area is water-soaked,存在症状,ManifestAs
6492,莴笋叶缘坏死病,Pseudomonas cichorii,部分现红褐,Partially reddish brown,存在症状,ManifestAs
6493,莴笋褐腐病,Phoma exigua,水渍状,Water stain,存在症状,ManifestAs
6494,莴笋褐腐病,Phoma exigua,植株萎蔫死亡,Plants wilt and die,存在症状,ManifestAs
6495,灰地种蝇,Delia platura,种芽畸形,Seed bud deformity,存在症状,ManifestAs
6496,生菜霜霉病,Bremia lactucae,淡黄色近圆形病斑,Pale yellow nearly circular spots,存在症状,ManifestAs
6497,生菜霜霉病,Bremia lactucae,呈多角形病斑,Polygonal lesions,存在症状,ManifestAs
6498,生菜霜霉病,Bremia lactucae,白色霜霉层,White downy mildew,存在症状,ManifestAs
6499,生菜霜霉病,Bremia lactucae,全叶发黄枯死,All leaves turn yellow and die,存在症状,ManifestAs
6500,生菜霜霉病,Bremia lactucae,病斑呈多角形,The lesions are polygonal,存在症状,ManifestAs
6501,生菜褐斑病,Mycosphaerella brassicicola,病斑先呈水渍状,The lesions first appear as water stains,存在症状,ManifestAs
6502,生菜褐斑病,Mycosphaerella brassicicola,圆形或规则形,Round or regular shape,存在症状,ManifestAs
6503,生菜褐斑病,Mycosphaerella brassicicola,暗灰色,Dark Gray,存在症状,ManifestAs
6504,生菜褐斑病,Mycosphaerella brassicicola,水渍状晕圈,Water-stained halo,存在症状,ManifestAs
6505,生菜褐斑病,Mycosphaerella brassicicola,色暗灰色霉状物,Dark grey mold,存在症状,ManifestAs
6506,生菜褐斑病,Mycosphaerella brassicicola,病叶变褐干枯,Diseased leaves turn brown and dry,存在症状,ManifestAs
6507,生菜轮纹病,Mycosphaerella brassicicola,圆形至近圆形褐色斑点,Round to nearly round brown spots,存在症状,ManifestAs
6508,生菜轮纹病,Mycosphaerella brassicicola,m褐色至灰,mBrown to gray,存在症状,ManifestAs
6509,生菜灰霉病,Botrytis cinerea,全株萎蔫死亡,The whole plant wilts and dies,存在症状,ManifestAs
6510,生菜灰霉病,Botrytis cinerea,红褐色,Reddish brown,存在症状,ManifestAs
6511,生菜灰霉病,Botrytis cinerea,上部叶片萎蔫,Upper leaves wilt,存在症状,ManifestAs
6512,生菜灰霉病,Botrytis cinerea,茎部腐烂,Stem rot,存在症状,ManifestAs
6513,生菜灰霉病,Botrytis cinerea,黄褐色,tan,存在症状,ManifestAs
6514,生菜灰霉病,Botrytis cinerea,灰褐或灰绿色霉层,Gray-brown or gray-green mold layer,存在症状,ManifestAs
6515,生菜菌核病,Sclerotinia sclerotiorum,黄褐色,tan,存在症状,ManifestAs
6516,生菜菌核病,Sclerotinia sclerotiorum,植株烂掉,Plant rot,存在症状,ManifestAs
6517,生菜菌核病,Sclerotinia sclerotiorum,白色絮状的菌丝团,White flocculent mycelium,存在症状,ManifestAs
6518,生菜菌核病,Sclerotinia sclerotiorum,白色颗粒,White granules,存在症状,ManifestAs
6519,生菜菌核病,Sclerotinia sclerotiorum,不规则的鼠粪状菌核,Irregular mouse-dung-like sclerotia,存在症状,ManifestAs
6520,生菜轮斑病,Pseudomonas cichorii,小的近圆形亮绿色斑,"Small, nearly circular, bright green spots",存在症状,ManifestAs
6521,生菜轮斑病,Pseudomonas cichorii,色具明显,Color is obvious,存在症状,ManifestAs
6522,生菜轮斑病,Pseudomonas cichorii,纹病斑边缘灰,Gray edge of streaks,存在症状,ManifestAs
6523,生菜腐败病,Erwinia carotovora,淡褐色“V”字形病斑,Light brown "V" shaped lesions,存在症状,ManifestAs
6524,生菜腐败病,Erwinia carotovora,叶脉坏死变黑,Leaf vein necrosis and blackening,存在症状,ManifestAs
6525,生菜腐败病,Erwinia carotovora,叶片枯黄,Leaves turn yellow,存在症状,ManifestAs
6526,生菜腐败病,Erwinia carotovora,病叶变淡褐色干枯呈薄纸状,The diseased leaves turn light brown and dry like thin paper,存在症状,ManifestAs
6527,生菜软腐病,Pectobacterium carotovorum,叶片初呈水渍状,Leaves initially appear water-soaked,存在症状,ManifestAs
6528,生菜软腐病,Pectobacterium carotovorum,叶片腐烂,Leaf rot,存在症状,ManifestAs
6529,生菜软腐病,Pectobacterium carotovorum,恶臭气味,Foul odor,存在症状,ManifestAs
6530,生菜软腐病,Pectobacterium carotovorum,叶球烂光,Leaf rot,存在症状,ManifestAs
6531,生菜叶焦病,Cercospora longissima,心叶边缘变褐色,The edges of the heart leaves turn brown,存在症状,ManifestAs
6532,生菜叶焦病,Cercospora longissima,叶色淡,Light leaf color,存在症状,ManifestAs
6533,生菜叶焦病,Cercospora longissima,脉焦,Pulse,存在症状,ManifestAs
6534,生菜叶焦病,Cercospora longissima,叶脉间坏死,Interveinal necrosis,存在症状,ManifestAs
6535,生菜叶焦病,Cercospora longissima,叶焦或叶缘烧焦或干枯,Leaves are scorched or have burnt or dry leaf edges,存在症状,ManifestAs
6536,生菜病毒病,Lettuce mosaic virus,不规则病斑,Irregular lesions,存在症状,ManifestAs
6537,生菜病毒病,Lettuce mosaic virus,淡绿色,Light green,存在症状,ManifestAs
6538,生菜病毒病,Lettuce mosaic virus,黄绿相间花叶,Yellow-green mosaic,存在症状,ManifestAs
6539,生菜病毒病,Lettuce mosaic virus,不明显的坏死斑点,Inconspicuous necrotic spots,存在症状,ManifestAs
6540,生菜病毒病,Lettuce mosaic virus,细脉变褐,Veins turn brown,存在症状,ManifestAs
6541,生菜病毒病,Lettuce mosaic virus,褐色坏死斑点,Brown necrotic spots,存在症状,ManifestAs
6542,生菜病毒病,Lettuce mosaic virus,叶片皱缩,Leaf shrinkage,存在症状,ManifestAs
6543,生菜病毒病,Lettuce mosaic virus,叶缘下卷成筒状,The leaf margin is rolled into a tube,存在症状,ManifestAs
6544,生菜病毒病,Lettuce mosaic virus,植株矮化,Plant dwarfing,存在症状,ManifestAs
6545,生菜褐腐病,Sclerotinia sclerotiorum,水渍状,Water stain,存在症状,ManifestAs
6546,生菜褐腐病,Sclerotinia sclerotiorum,外叶发褐腐烂,Outer leaves turn brown and rot,存在症状,ManifestAs
6547,生菜褐腐病,Sclerotinia sclerotiorum,外叶褐色软腐,Brown soft rot on outer leaves,存在症状,ManifestAs
6548,生菜褐腐病,Sclerotinia sclerotiorum,淡淡的灰白色蛛丝状菌丝,Light grayish white spider-like mycelium,存在症状,ManifestAs
6549,生菜褐腐病,Sclerotinia sclerotiorum,浅褐色枯死萎,Light brown withered,存在症状,ManifestAs
6550,生菜褐腐病,Sclerotinia sclerotiorum,植株呈黄萎状,The plant is yellow and wilted,存在症状,ManifestAs
6551,苋菜白锈病,Albugo bliti,点状病斑,Spot-like lesions,存在症状,ManifestAs
6552,苋菜白锈病,Albugo bliti,淡黄绿色至黄色点,Light yellow green to yellow spots,存在症状,ManifestAs
6553,苋菜白锈病,Albugo bliti,凹陷小黄斑,Small sunken macular,存在症状,ManifestAs
6554,苋菜白锈病,Albugo bliti,不规则形,Irregular,存在症状,ManifestAs
6555,苋菜白锈病,Albugo bliti,白色疱状孢子,White blister spores,存在症状,ManifestAs
6556,苋菜白锈病,Albugo bliti,圆形至不定,Round to indefinite,存在症状,ManifestAs
6557,苋菜白锈病,Albugo bliti,叶片凹凸不平,Uneven leaves,存在症状,ManifestAs
6558,苋菜白锈病,Albugo bliti,叶片脱落,Leaf shedding,存在症状,ManifestAs
6559,苋菜白锈病,Albugo bliti,肿胀畸形,Swelling and deformity,存在症状,ManifestAs
6560,苋菜褐斑病,Cercospora amaranthi,病斑圆形或不定形,Lesions are round or irregular,存在症状,ManifestAs
6561,苋菜褐斑病,Cercospora amaranthi,黄褐色,tan,存在症状,ManifestAs
6562,苋菜褐斑病,Cercospora amaranthi,密生小黑点,Dense black spots,存在症状,ManifestAs
6563,苋菜炭疽病,Colletotrichum dematium,点状病斑,Spot-like lesions,存在症状,ManifestAs
6564,苋菜炭疽病,Colletotrichum dematium,暗绿色,Dark green,存在症状,ManifestAs
6565,苋菜炭疽病,Colletotrichum dematium,水渍状,Water stain,存在症状,ManifestAs
6566,苋菜炭疽病,Colletotrichum dematium,呈灰褐色,Grayish brown,存在症状,ManifestAs
6567,苋菜炭疽病,Colletotrichum dematium,边缘褐,Edge Brown,存在症状,ManifestAs
6568,苋菜炭疽病,Colletotrichum dematium,略微隆起,Slightly raised,存在症状,ManifestAs
6569,苋菜炭疽病,Colletotrichum dematium,叶片早枯,Early leaf withering,存在症状,ManifestAs
6570,苋菜炭疽病,Colletotrichum dematium,病斑褐色,Brown spots,存在症状,ManifestAs
6571,苋菜炭疽病,Colletotrichum dematium,长椭圆形,Long oval,存在症状,ManifestAs
6572,苋菜炭疽病,Colletotrichum dematium,略凹陷,Slightly concave,存在症状,ManifestAs
6573,苋菜病毒病,Ageratum yellow vein virus,叶片卷曲或皱缩,Curled or shrunken leaves,存在症状,ManifestAs
6574,苋菜根结线虫病,Meloidogyne,叶色变浅,Lighter leaf color,存在症状,ManifestAs
6575,苋菜根结线虫病,Meloidogyne,萎蔫症状,Wilting symptoms,存在症状,ManifestAs
6576,苋菜斑点病,Cercospora amaranthi,初呈褐色圆形斑,Initially brown circular spots,存在症状,ManifestAs
6577,苋菜斑点病,Cercospora amaranthi,中央淡褐色,Central Hazel,存在症状,ManifestAs
6578,苋菜斑点病,Cercospora amaranthi,病斑边缘褐色,Brown edge of lesion,存在症状,ManifestAs
6579,苋菜黑斑病,Alternaria alternata,水浸状褐色小斑点,Small water-soaked brown spots,存在症状,ManifestAs
6580,苋菜黑斑病,Alternaria alternata,病斑圆形,Circular lesion,存在症状,ManifestAs
6581,苋菜黑斑病,Alternaria alternata,近圆形或不规则形,Nearly round or irregular,存在症状,ManifestAs
6582,苋菜黑斑病,Alternaria alternata,m淡褐色或灰褐色,mLight brown or grayish brown,存在症状,ManifestAs
6583,苋菜黑斑病,Alternaria alternata,不太明显的隐约轮纹,Not very obvious faint wheel pattern,存在症状,ManifestAs
6584,苋菜黑斑病,Alternaria alternata,淡黑色霉状物,Light black mold,存在症状,ManifestAs
6585,苋菜灰霉病,Botrytis cinerea,点状病斑,Spot-like lesions,存在症状,ManifestAs
6586,苋菜灰霉病,Botrytis cinerea,浅褐色,Light brown,存在症状,ManifestAs
6587,苋菜灰霉病,Botrytis cinerea,不规则形,Irregular,存在症状,ManifestAs
6588,苋菜灰霉病,Botrytis cinerea,润湿的大斑,Large wet spots,存在症状,ManifestAs
6589,苋菜灰霉病,Botrytis cinerea,灰色霉层,Gray mold layer,存在症状,ManifestAs
6590,苋菜幼苗猝倒病,Pythium aphanidermatum,烂种烂芽,Rotten seeds and rotten sprouts,存在症状,ManifestAs
6591,苋菜幼苗猝倒病,Pythium aphanidermatum,水渍状黄褐色病变,Water-soaked yellow-brown lesions,存在症状,ManifestAs
6592,蚯蚓,Lumbricus,缺苗断垄或局部毁种,"Missing seedlings, broken ridges or partial seed destruction",存在症状,ManifestAs
6593,落葵紫斑病,Alternaria alternata,褪绿小圆点或不规则形的斑点,Chlorotic small dots or irregular spots,存在症状,ManifestAs
6594,落葵紫斑病,Alternaria alternata,呈圆形或不规则形病斑,Round or irregular lesions,存在症状,ManifestAs
6595,落葵紫斑病,Alternaria alternata,中部凹陷,Central depression,存在症状,ManifestAs
6596,落葵紫斑病,Alternaria alternata,呈灰白色或黄褐色,Grayish white or yellowish brown,存在症状,ManifestAs
6597,落葵紫斑病,Alternaria alternata,病斑边缘呈紫红色,Purple-red edge of lesion,存在症状,ManifestAs
6598,落葵紫斑病,Alternaria alternata,受害重的病叶变黄枯死,Severely affected leaves turn yellow and die,存在症状,ManifestAs
6599,落葵紫斑病,Alternaria alternata,褐色小圆点,Brown dots,存在症状,ManifestAs
6600,落葵紫斑病,Alternaria alternata,椭圆形或条形斑,Oval or stripe spots,存在症状,ManifestAs
6601,落葵紫斑病,Alternaria alternata,呈黄褐色,Yellowish brown,存在症状,ManifestAs
6602,落葵紫斑病,Alternaria alternata,病斑边缘呈深褐色,The edge of the lesion is dark brown,存在症状,ManifestAs
6603,落葵茎腐病,Fusarium oxysporum,红色至红褐色,Red to reddish brown,存在症状,ManifestAs
6604,落葵茎腐病,Fusarium oxysporum,黄褐色的凹陷病斑,Yellow-brown sunken spots,存在症状,ManifestAs
6605,落葵圆斑病,Mycosphaerella sp.,圆形不规则形病斑,Irregular round lesions,存在症状,ManifestAs
6606,落葵圆斑病,Mycosphaerella sp.,紫褐色或红褐色圈,Purple-brown or reddish-brown ring,存在症状,ManifestAs
6607,落葵圆斑病,Mycosphaerella sp.,边缘清晰,Clear edges,存在症状,ManifestAs
6608,落葵圆斑病,Mycosphaerella sp.,叶片枯死,Leaf death,存在症状,ManifestAs
6609,落葵圆斑病,Mycosphaerella sp.,灰黑色霉状物,Gray-black mold,存在症状,ManifestAs
6610,落葵炭疽病,Colletotrichum dematium,病斑褐色,Brown spots,存在症状,ManifestAs
6611,落葵炭疽病,Colletotrichum dematium,浅褐色至黄褐色晕圈,Light brown to yellowish brown halo,存在症状,ManifestAs
6612,落葵叶斑病,Cercospora sp.,病斑黄白色至黄褐色,Lesions yellowish white to yellowish brown,存在症状,ManifestAs
6613,落葵叶斑病,Cercospora sp.,边缘紫褐色至暗紫褐色,Edge purple-brown to dark purple-brown,存在症状,ManifestAs
6614,落葵叶斑病,Cercospora sp.,圆形或近圆形,Round or nearly round,存在症状,ManifestAs
6615,落葵黑斑病,Alternaria sp.,针头大小的紫红色斑,Pinhead-sized purple spots,存在症状,ManifestAs
6616,落葵黑斑病,Alternaria sp.,黄白色小点,Yellowish white dots,存在症状,ManifestAs
6617,落葵黑斑病,Alternaria sp.,圆形或近圆形的病斑,Circular or nearly circular lesions,存在症状,ManifestAs
6618,落葵黑斑病,Alternaria sp.,中央黄白色,Central yellowish white,存在症状,ManifestAs
6619,落葵黑斑病,Alternaria sp.,紫褐色宽环圈,Purple-brown wide ring,存在症状,ManifestAs
6620,落葵灰霉病,Botrytis cinerea,呈水渍状,Water-stained,存在症状,ManifestAs
6621,落葵灰霉病,Botrytis cinerea,叶萎蔫腐烂,Leaf wilt and rot,存在症状,ManifestAs
6622,落葵灰霉病,Botrytis cinerea,灰色霉层,Gray mold layer,存在症状,ManifestAs
6623,落葵苗腐病,Pythium aphanidermatum,病部呈灰黑到青紫色软腐,The diseased part is gray-black to purple soft rot,存在症状,ManifestAs
6624,落葵苗腐病,Pythium aphanidermatum,病部腐烂而萎倒,The diseased part rots and withers,存在症状,ManifestAs
6625,落葵苗腐病,Pythium aphanidermatum,病叶变黑腐烂,Diseased leaves turn black and rot,存在症状,ManifestAs
6626,落葵苗腐病,Pythium aphanidermatum,白色至灰色,White to gray,存在症状,ManifestAs
6627,落葵苗腐病,Pythium aphanidermatum,叶片变黑腐烂,Leaves turn black and rot,存在症状,ManifestAs
6628,落葵蛇眼病,Phoma betae,水渍状的小点,Small water-stained spots,存在症状,ManifestAs
6629,落葵蛇眼病,Phoma betae,白色的圆形小斑,White round spots,存在症状,ManifestAs
6630,落葵蛇眼病,Phoma betae,病斑凹陷,Lesion depression,存在症状,ManifestAs
6631,落葵蛇眼病,Phoma betae,边缘紫红色,Purple edge,存在症状,ManifestAs
6632,落葵蛇眼病,Phoma betae,黑色小点,Black dots,存在症状,ManifestAs
6633,落葵花叶病,Tobamovirus,叶片变小,The leaves become smaller,存在症状,ManifestAs
6634,落葵花叶病,Tobamovirus,叶面呈泡状突起,Bubble-like protrusions on leaves,存在症状,ManifestAs
6635,落葵花叶病,Tobamovirus,变形弯曲,Deformation bending,存在症状,ManifestAs
6636,落葵叶点霉紫斑病,Phyllosticta sp.,叶斑圆形,Leaf spots round,存在症状,ManifestAs
6637,落葵叶点霉紫斑病,Phyllosticta sp.,近圆形或不规则形,Nearly round or irregular,存在症状,ManifestAs
6638,落葵根结线虫病,Meloidogyne,米粒状,Rice grain,存在症状,ManifestAs
6639,落葵根结线虫病,Meloidogyne,褐色或黑色,Brown or black,存在症状,ManifestAs
6640,落葵根结线虫病,Meloidogyne,植株变矮,Plants become shorter,存在症状,ManifestAs
6641,落葵根结线虫病,Meloidogyne,真叶皱缩变小,True leaves shrink and become smaller,存在症状,ManifestAs
6642,落葵根结线虫病,Meloidogyne,色向下卷或向,Color rolls down or,存在症状,ManifestAs
6643,落葵根结线虫病,Meloidogyne,卷中部凸起或,The middle part of the roll is convex or,存在症状,ManifestAs
6644,落葵根结线虫病,Meloidogyne,陷呈汤匙或茶匙状,The filling is in the shape of a spoon or teaspoon,存在症状,ManifestAs
6645,落葵根结线虫病,Meloidogyne,墨绿色,Dark green,存在症状,ManifestAs
6646,落葵根结线虫病,Meloidogyne,叶片萎黄脱落,Leaves turn yellow and fall off,存在症状,ManifestAs
6647,蕹菜轮斑病,Pseudomonas cichorii,点状病斑,Spot-like lesions,存在症状,ManifestAs
6648,蕹菜轮斑病,Pseudomonas cichorii,椭圆形或不规则形的大病斑,Large oval or irregular lesions,存在症状,ManifestAs
6649,蕹菜轮斑病,Pseudomonas cichorii,浅褐至红褐色病斑,Light brown to reddish brown spots,存在症状,ManifestAs
6650,蕹菜轮斑病,Pseudomonas cichorii,椭圆形的凹陷病斑,Oval sunken lesions,存在症状,ManifestAs
6651,蕹菜白锈病,Albugo ipomoeae-panduratae,黄色疱斑,Yellow herpes,存在症状,ManifestAs
6652,蕹菜白锈病,Albugo ipomoeae-panduratae,白色隆起状疱斑,White raised herpes,存在症状,ManifestAs
6653,蕹菜白锈病,Albugo ipomoeae-panduratae,淡黄绿至黄色斑点,Light yellow-green to yellow spots,存在症状,ManifestAs
6654,蕹菜白锈病,Albugo ipomoeae-panduratae,近圆形或椭圆形至不规则形,Nearly round or oval to irregular,存在症状,ManifestAs
6655,蕹菜白锈病,Albugo ipomoeae-panduratae,白色孢子囊,White sporangium,存在症状,ManifestAs
6656,蕹菜白锈病,Albugo ipomoeae-panduratae,皱缩畸形,Shrinkage Deformity,存在症状,ManifestAs
6657,蕹菜白锈病,Albugo ipomoeae-panduratae,叶片脱落,Leaf shedding,存在症状,ManifestAs
6658,蕹菜白锈病,Albugo ipomoeae-panduratae,畸形肿瘤,Abnormal tumor,存在症状,ManifestAs
6659,蕹菜褐斑病,Cercospora leaf spot,褐色圆形叶斑,Brown circular leaf spots,存在症状,ManifestAs
6660,蕹菜褐斑病,Cercospora leaf spot,同心轮纹,Concentric wheel pattern,存在症状,ManifestAs
6661,蕹菜褐斑病,Cercospora leaf spot,黄褐色小点,Yellowish brown dots,存在症状,ManifestAs
6662,蕹菜褐斑病,Cercospora leaf spot,圆形至椭圆形,Round to oval,存在症状,ManifestAs
6663,蕹菜褐斑病,Cercospora leaf spot,不规则形黑褐色病斑,Irregular dark brown spots,存在症状,ManifestAs
6664,蕹菜褐斑病,Cercospora leaf spot,病叶黄枯而死,The diseased leaves turn yellow and die,存在症状,ManifestAs
6665,蕹菜灰霉病,Botrytis cinerea,浅褐色不规则形斑点,Light brown irregular spots,存在症状,ManifestAs
6666,蕹菜灰霉病,Botrytis cinerea,淡褐色水渍状大斑,Large light brown water-soaked spots,存在症状,ManifestAs
6667,蕹菜灰霉病,Botrytis cinerea,灰色霉层,Gray mold layer,存在症状,ManifestAs
6668,蕹菜灰霉病,Botrytis cinerea,病叶变黑褐色腐烂,The diseased leaves turn dark brown and rot,存在症状,ManifestAs
6669,蕹菜灰霉病,Botrytis cinerea,灰色霉状物,Gray mold,存在症状,ManifestAs
6670,蕹菜灰霉病,Botrytis cinerea,植株倒伏,Plant lodging,存在症状,ManifestAs
6671,蕹菜猝倒病,Pythium aphanidermatum,苗基呈浅褐色水渍状,The seedling base is light brown and water-stained,存在症状,ManifestAs
6672,蕹菜柱盘孢叶斑病,Cercospora leaf spot,黄色至黄褐色病斑,Yellow to brown lesions,存在症状,ManifestAs
6673,蕹菜柱盘孢叶斑病,Cercospora leaf spot,病斑圆形或不规则形,Lesions are round or irregular,存在症状,ManifestAs
6674,蕹菜柱盘孢叶斑病,Cercospora leaf spot,浅灰色霉层,Light gray mold layer,存在症状,ManifestAs
6675,蕹菜茄匐柄霉叶斑病,Fulvia fulva,病斑呈圆形或多角形,The lesions are round or polygonal,存在症状,ManifestAs
6676,蕹菜茄匐柄霉叶斑病,Fulvia fulva,灰褐色或灰白色叶斑,Gray-brown or gray-white leaf spots,存在症状,ManifestAs
6677,蕹菜帝纹尾孢叶斑病,Cercospora leaf spot,圆形或近圆形病斑,Circular or nearly circular lesions,存在症状,ManifestAs
6678,蕹菜帝纹尾孢叶斑病,Cercospora leaf spot,呈褐色至深褐色,Brown to dark brown,存在症状,ManifestAs
6679,蕹菜帝纹尾孢叶斑病,Cercospora leaf spot,清晰轮纹,Clear wheel pattern,存在症状,ManifestAs
6680,蕹菜帝纹尾孢叶斑病,Cercospora leaf spot,中央灰白色,Central off-white,存在症状,ManifestAs
6681,蕹菜帝纹尾孢叶斑病,Cercospora leaf spot,大块状焦枯,Large pieces of burnt,存在症状,ManifestAs
6682,蕹菜帝纹尾孢叶斑病,Cercospora leaf spot,稀疏的灰色绒毛状霉,Sparse gray velvety mold,存在症状,ManifestAs
6683,蕹菜球腔菌褐斑病,Mycosphaerella ipomoeae,褐色圆形叶斑,Brown circular leaf spots,存在症状,ManifestAs
6684,蕹菜球腔菌褐斑病,Mycosphaerella ipomoeae,褐色晕圈,Brown halo,存在症状,ManifestAs
6685,蕹菜球腔菌褐斑病,Mycosphaerella ipomoeae,同心轮纹,Concentric wheel pattern,存在症状,ManifestAs
6686,蕹菜菌核病,Sclerotinia sclerotiorum,水渍状褐变,Water-soaked browning,存在症状,ManifestAs
6687,蕹菜菌核病,Sclerotinia sclerotiorum,棉絮状白色菌丝,Cotton-like white hyphae,存在症状,ManifestAs
6688,蕹菜菌核病,Sclerotinia sclerotiorum,病组织腐烂或折倒,Diseased tissue decays or collapses,存在症状,ManifestAs
6689,蕹菜菌核病,Sclerotinia sclerotiorum,黑色鼠粪状菌核,Black mouse-dung sclerotia,存在症状,ManifestAs
6690,西葫芦绵疫病,Phytophthora capsici,黄褐色病斑,Yellow-brown spots,存在症状,ManifestAs
6691,西葫芦绵疫病,Phytophthora capsici,白霉腐烂,White mold rot,存在症状,ManifestAs
6692,西葫芦绵疫病,Phytophthora capsici,湿腐状现绿褐色病斑,Green-brown spots appearing like wet rot,存在症状,ManifestAs
6693,西葫芦绵疫病,Phytophthora capsici,水浸状黄褐色斑,Water-soaked brown spots,存在症状,ManifestAs
6694,西葫芦绵疫病,Phytophthora capsici,白色棉絮状霉,White cottony mildew,存在症状,ManifestAs
6695,西葫芦绵疫病,Phytophthora capsici,病瓜腐烂,Diseased melon rot,存在症状,ManifestAs
6696,西葫芦细菌性叶枯病,Pseudomonas syringae,叶面黄色病斑,Yellow spots on leaves,存在症状,ManifestAs
6697,西葫芦细菌性叶枯病,Pseudomonas syringae,水浸状点状,Water-soaked spots,存在症状,ManifestAs
6698,西葫芦细菌性叶枯病,Pseudomonas syringae,黄色至黄褐色病斑,Yellow to brown lesions,存在症状,ManifestAs
6699,西葫芦细菌性叶枯病,Pseudomonas syringae,黄色晕圈,Yellow halo,存在症状,ManifestAs
6700,西葫芦细菌性叶枯病,Pseudomonas syringae,中间半透明,Translucent in the middle,存在症状,ManifestAs
6701,西葫芦根霉果腐病,Fusarium solani,白色略带粉红色浓密霉层,White with slightly pink dense mildew,存在症状,ManifestAs
6702,西葫芦褐色腐败病,Phytophthora capsici,水渍状不规则坏死斑,Irregular water-soaked necrotic spots,存在症状,ManifestAs
6703,西葫芦褐色腐败病,Phytophthora capsici,不规则大斑,Irregular large spots,存在症状,ManifestAs
6704,西葫芦褐色腐败病,Phytophthora capsici,暗绿色至灰褐色,Dark green to grayish brown,存在症状,ManifestAs
6705,西葫芦褐色腐败病,Phytophthora capsici,水渍状暗绿色大斑,Large water-soaked dark green spots,存在症状,ManifestAs
6706,西葫芦褐色腐败病,Phytophthora capsici,呈水渍状软腐,Water-soaked soft rot,存在症状,ManifestAs
6707,西葫芦褐色腐败病,Phytophthora capsici,稀疏白霉,White mold,存在症状,ManifestAs
6708,西葫芦叶枯病,Pseudoperonospora cubensis,黄褐色坏死小斑点,Small yellow-brown necrotic spots,存在症状,ManifestAs
6709,西葫芦叶枯病,Pseudoperonospora cubensis,黄色晕环,Yellow halo,存在症状,ManifestAs
6710,西葫芦叶枯病,Pseudoperonospora cubensis,圆形小病斑,Small round lesions,存在症状,ManifestAs
6711,西葫芦叶枯病,Pseudoperonospora cubensis,不明显的轮纹,Not obvious wheel pattern,存在症状,ManifestAs
6712,西葫芦叶枯病,Pseudoperonospora cubensis,不规则形的大斑,Irregular shaped spots,存在症状,ManifestAs
6713,西葫芦叶点病,Pseudoperonospora cubensis,病斑近圆形,Nearly circular lesions,存在症状,ManifestAs
6714,西葫芦叶点病,Pseudoperonospora cubensis,大形病斑,Large lesions,存在症状,ManifestAs
6715,西葫芦叶点病,Pseudoperonospora cubensis,呈“V”字大斑,Large "V" shaped spot,存在症状,ManifestAs
6716,西葫芦叶点病,Pseudoperonospora cubensis,灰白色至浅黄色,Off-white to light yellow,存在症状,ManifestAs
6717,西葫芦叶点病,Pseudoperonospora cubensis,黄色晕环,Yellow halo,存在症状,ManifestAs
6718,西葫芦叶点病,Pseudoperonospora cubensis,叶片局部枯死,Partial leaf death,存在症状,ManifestAs
6719,西葫芦叶点病,Pseudoperonospora cubensis,花轴呈黑褐色水渍状,The flower axis is dark brown and water-soaked,存在症状,ManifestAs
6720,西葫芦霜霉病,Pseudoperonospora cubensis,水渍状的小点,Small water-stained spots,存在症状,ManifestAs
6721,西葫芦霜霉病,Pseudoperonospora cubensis,病斑为浅黄色,The lesions are light yellow,存在症状,ManifestAs
6722,西葫芦霜霉病,Pseudoperonospora cubensis,多角形病斑,Polygonal lesions,存在症状,ManifestAs
6723,西葫芦霜霉病,Pseudoperonospora cubensis,病斑呈水渍状,Water-soaked lesions,存在症状,ManifestAs
6724,西葫芦霜霉病,Pseudoperonospora cubensis,浅褐色或黄褐色多角形斑,Light brown or yellowish brown polygonal spots,存在症状,ManifestAs
6725,西葫芦霜霉病,Pseudoperonospora cubensis,叶片上卷或干枯,Leaves curling or drying up,存在症状,ManifestAs
6726,西葫芦霜霉病,Pseudoperonospora cubensis,叶片全部干枯,All leaves are dry,存在症状,ManifestAs
6727,西葫芦银叶病,Bemisia tabaci,株型偏矮,Short plant type,存在症状,ManifestAs
6728,西葫芦银叶病,Bemisia tabaci,叶片下垂,Leaf droop,存在症状,ManifestAs
6729,西葫芦银叶病,Bemisia tabaci,半停,Half stop,存在症状,ManifestAs
6730,西葫芦银叶病,Bemisia tabaci,白色小点,White dots,存在症状,ManifestAs
6731,西葫芦银叶病,Bemisia tabaci,银色亮白色,Silver Bright White,存在症状,ManifestAs
6732,西葫芦银叶病,Bemisia tabaci,银白色膜,Silvery white film,存在症状,ManifestAs
6733,西葫芦银叶病,Bemisia tabaci,叶变薄,Thinning of leaves,存在症状,ManifestAs
6734,西葫芦银叶病,Bemisia tabaci,叶柄变白发亮,The petiole turns white and shiny,存在症状,ManifestAs
6735,西葫芦银叶病,Bemisia tabaci,呈半透明状,Translucent,存在症状,ManifestAs
6736,西葫芦银叶病,Bemisia tabaci,幼瓜变白,Young melon turns white,存在症状,ManifestAs
6737,豌豆锈病,Uromyces fabae,黄白色小点,Yellowish white dots,存在症状,ManifestAs
6738,豌豆锈病,Uromyces fabae,隆起呈小疮疱斑,Raised small blister-like spots,存在症状,ManifestAs
6739,豌豆锈病,Uromyces fabae,黄色晕环,Yellow halo,存在症状,ManifestAs
6740,豌豆锈病,Uromyces fabae,红褐色疱状物,Reddish brown blisters,存在症状,ManifestAs
6741,豌豆锈病,Uromyces fabae,红褐色粉末,Reddish brown powder,存在症状,ManifestAs
6742,豌豆锈病,Uromyces fabae,圆形褐色小斑点,Small round brown spots,存在症状,ManifestAs
6743,豌豆锈病,Uromyces fabae,黑色肿斑,Black swelling spots,存在症状,ManifestAs
6744,豌豆锈病,Uromyces fabae,黑褐色粉末,Dark brown powder,存在症状,ManifestAs
6745,豌豆灰霉病,Botrytis cinerea,病部水渍状,Water-soaked diseased area,存在症状,ManifestAs
6746,豌豆灰霉病,Botrytis cinerea,灰色霉层,Gray mold layer,存在症状,ManifestAs
6747,豌豆菌核病,Sclerotinia sclerotiorum,白色棉絮状菌丝,White cotton-like hyphae,存在症状,ManifestAs
6748,豌豆菌核病,Sclerotinia sclerotiorum,茎蔓萎蔫,Stem wilt,存在症状,ManifestAs
6749,豌豆菌核病,Sclerotinia sclerotiorum,荚果腐烂,Pod rot,存在症状,ManifestAs
6750,豌豆根腐病,Fusarium oxysporum,黑色枯斑,Black spots,存在症状,ManifestAs
6751,豌豆根串珠霉根腐病,Fusarium solani,叶片先发黄,Leaves turn yellow first,存在症状,ManifestAs
6752,豌豆根串珠霉根腐病,Fusarium solani,全株变黄枯萎,The whole plant turns yellow and withers,存在症状,ManifestAs
6753,豌豆根串珠霉根腐病,Fusarium solani,维管束变褐或呈土红色,Vascular bundles turn brown or earthy red,存在症状,ManifestAs
6754,豌豆根串珠霉根腐病,Fusarium solani,植株矮化,Plant dwarfing,存在症状,ManifestAs
6755,豌豆根串珠霉根腐病,Fusarium solani,叶小或叶色淡绿,Small or light green leaves,存在症状,ManifestAs
6756,豌豆根串珠霉根腐病,Fusarium solani,籽粒秕瘦,Thin and empty seeds,存在症状,ManifestAs
6757,豌豆根串珠霉根腐病,Fusarium solani,茎基部缢缩或凹陷变褐,The stem base is constricted or sunken and brown,存在症状,ManifestAs
6758,豌豆根串珠霉根腐病,Fusarium solani,病部皮层腐烂,Cortical rot of diseased part,存在症状,ManifestAs
6759,豌豆黑斑病,Mycosphaerella pinodes,不规则形淡紫色小点,Irregular shaped lavender dots,存在症状,ManifestAs
6760,豌豆黑斑病,Mycosphaerella pinodes,紫红色近圆形斑,Purple-red nearly circular spots,存在症状,ManifestAs
6761,豌豆黑斑病,Mycosphaerella pinodes,颜色深浅相,Color depth,存在症状,ManifestAs
6762,豌豆黑斑病,Mycosphaerella pinodes,黑色小点,Black dots,存在症状,ManifestAs
6763,豌豆黑斑病,Mycosphaerella pinodes,暗褐色近圆形凹陷小点,Dark brown nearly round sunken spots,存在症状,ManifestAs
6764,豌豆黑斑病,Mycosphaerella pinodes,黄褐色坏死下陷斑,Yellow-brown necrotic sunken spots,存在症状,ManifestAs
6765,豌豆尖镰刀孢萎凋病,Fusarium oxysporum,叶片卷曲褪绿,Leaves curl and turn green,存在症状,ManifestAs
6766,豌豆尖镰刀孢萎凋病,Fusarium oxysporum,呈浅褐色至褐色,Light brown to brown,存在症状,ManifestAs
6767,豌豆芽枯病,Fusarium oxysporum,呈湿腐状腐败,Wet rot,存在症状,ManifestAs
6768,豌豆芽枯病,Fusarium oxysporum,茎部折曲,Stem bend,存在症状,ManifestAs
6769,豌豆芽枯病,Fusarium oxysporum,呈灰褐色湿腐状,Grayish brown wet rot,存在症状,ManifestAs
6770,豌豆芽枯病,Fusarium oxysporum,灰白色茸毛状霉层,Grayish white hairy mold layer,存在症状,ManifestAs
6771,葡萄轮斑病,Botryosphaeria dothidea,红褐色不规则形的斑点,Reddish brown irregular spots,存在症状,ManifestAs
6772,葡萄轮斑病,Botryosphaeria dothidea,圆形病斑,Circular lesions,存在症状,ManifestAs
6773,葡萄轮斑病,Botryosphaeria dothidea,深浅色泽相同的同心环纹,Concentric rings of the same light and dark color,存在症状,ManifestAs
6774,葡萄轮斑病,Botryosphaeria dothidea,浅褐色的霉层,Light brown mold layer,存在症状,ManifestAs
6775,葡萄轮斑病,Botryosphaeria dothidea,叶片早枯脱落,Leaves wither and fall off early,存在症状,ManifestAs
6776,葡萄灰斑病,Botrytis cinerea,细小褐色圆点,Tiny brown dots,存在症状,ManifestAs
6777,葡萄灰斑病,Botrytis cinerea,病斑边缘暗褐色,Dark brown edge of lesion,存在症状,ManifestAs
6778,葡萄灰斑病,Botrytis cinerea,中间呈淡褐色或灰褐色,Light brown or grayish brown in the middle,存在症状,ManifestAs
6779,葡萄灰斑病,Botrytis cinerea,病斑呈灰绿色,The lesions are gray-green,存在症状,ManifestAs
6780,葡萄灰斑病,Botrytis cinerea,大型病斑,Large lesions,存在症状,ManifestAs
6781,葡萄根朽病,Armillaria mellea,白色菌层,White fungus layer,存在症状,ManifestAs
6782,葡萄根朽病,Armillaria mellea,呈条纹状,Striped,存在症状,ManifestAs
6783,葡萄根朽病,Armillaria mellea,明显蘑菇气味,Obvious mushroom smell,存在症状,ManifestAs
6784,葡萄根朽病,Armillaria mellea,生长衰弱,Growth failure,存在症状,ManifestAs
6785,葡萄根朽病,Armillaria mellea,叶片小,Small leaves,存在症状,ManifestAs
6786,葡萄白纹羽病,Rosellinia necatrix,树皮变黑,The bark turns black,存在症状,ManifestAs
6787,葡萄白纹羽病,Rosellinia necatrix,黑色的胶状溢出物,Black gelatinous spill,存在症状,ManifestAs
6788,葡萄轮纹病,Botryosphaeria dothidea,圆形病斑,Circular lesions,存在症状,ManifestAs
6789,葡萄轮纹病,Botryosphaeria dothidea,色有黑色与褐色同心斑,Color has black and brown concentric spots,存在症状,ManifestAs
6790,葡萄蔓割病,Eutypa lata,期病斑暗紫褐,Dark purple-brown spots,存在症状,ManifestAs
6791,葡萄蔓割病,Eutypa lata,暗紫色病变组织,Dark purple lesion,存在症状,ManifestAs
6792,葡萄蔓割病,Eutypa lata,呈腐朽状,In a decayed state,存在症状,ManifestAs
6793,葡萄蔓割病,Eutypa lata,叶片色淡而小,Light-colored and small leaves,存在症状,ManifestAs
6794,葡萄蔓割病,Eutypa lata,卷缩变黄,Curl and turn yellow,存在症状,ManifestAs
6795,葡萄蔓割病,Eutypa lata,黄绿叶,Yellow green leaves,存在症状,ManifestAs
6796,葡萄蔓割病,Eutypa lata,叶片枯黄的死蔓,Dead vine with yellow leaves,存在症状,ManifestAs
6797,葡萄蔓割病,Eutypa lata,叶色迅速变黄,Leaves turn yellow quickly,存在症状,ManifestAs
6798,葡萄蔓割病,Eutypa lata,叶缘卷缩,Leaf margin curling,存在症状,ManifestAs
6799,葡萄蔓割病,Eutypa lata,新梢全部萎缩,All new shoots withered,存在症状,ManifestAs
6800,葡萄蔓割病,Eutypa lata,紫黑色条斑,Purple black stripes,存在症状,ManifestAs
6801,葡萄蔓割病,Eutypa lata,浅绿色或褪绿的形状不规则或圆形病斑,Light green or chlorotic irregular or circular lesions,存在症状,ManifestAs
6802,葡萄蔓割病,Eutypa lata,黑色中心,Black Center,存在症状,ManifestAs
6803,葡萄蔓割病,Eutypa lata,灰黑色病斑,Gray-black spots,存在症状,ManifestAs
6804,葡萄叶斑病,Pseudocercospora vitis,红褐色至黑色斑点,Reddish brown to black spots,存在症状,ManifestAs
6805,葡萄叶斑病,Pseudocercospora vitis,呈角状,Angular,存在症状,ManifestAs
6806,葡萄叶斑病,Pseudocercospora vitis,周围变黄色,The surrounding area turns yellow,存在症状,ManifestAs
6807,葡萄小褐斑病,Cercospora vitis,病斑褐色,Brown spots,存在症状,ManifestAs
6808,葡萄小褐斑病,Cercospora vitis,mm边缘,mm edge,存在症状,ManifestAs
6809,葡萄小褐斑病,Cercospora vitis,褐色中,Brown,存在症状,ManifestAs
6810,葡萄小褐斑病,Cercospora vitis,外围有黄绿,Yellow-green on the periphery,存在症状,ManifestAs
6811,葡萄小褐斑病,Cercospora vitis,并且有不明显同心轮,And there are no obvious concentric wheels,存在症状,ManifestAs
6812,葡萄小褐斑病,Cercospora vitis,灰色至褐色霉状物,Gray to brown mold,存在症状,ManifestAs
6813,葡萄褐斑病,Pseudocercospora vitis,褐色小点,Brown dots,存在症状,ManifestAs
6814,葡萄褐斑病,Pseudocercospora vitis,圆形或椭圆形褐色病斑,Round or oval brown spots,存在症状,ManifestAs
6815,葡萄褐斑病,Pseudocercospora vitis,病斑中央褐色至棕褐色,The center of the lesion is brown to tan,存在症状,ManifestAs
6816,葡萄褐斑病,Pseudocercospora vitis,稀疏的同心轮纹,Sparse concentric rings,存在症状,ManifestAs
6817,葡萄褐斑病,Pseudocercospora vitis,病斑边缘暗褐色,Dark brown edge of lesion,存在症状,ManifestAs
6818,葡萄褐斑病,Pseudocercospora vitis,水渍状环,Water stain ring,存在症状,ManifestAs
6819,葡萄褐斑病,Pseudocercospora vitis,灰褐色至黑褐色霉状物,Gray-brown to dark brown mold,存在症状,ManifestAs
6820,葡萄褐斑病,Pseudocercospora vitis,椭圆形至不规则形,Oval to irregular,存在症状,ManifestAs
6821,葡萄褐斑病,Pseudocercospora vitis,叶片部分或全部变黄,Partial or complete yellowing of leaves,存在症状,ManifestAs
6822,角斑古毒蛾,Orgyia gonostigma,花芽枯死,Flower buds die,存在症状,ManifestAs
6823,角斑古毒蛾,Orgyia gonostigma,叶脉或叶柄,Leaf veins or petioles,存在症状,ManifestAs
6824,橘灰象甲,Sympiezomias citri,残缺不全,incomplete,存在症状,ManifestAs
6825,橘灰象甲,Sympiezomias citri,凹陷缺刻或残留疤痕,"Depression, notch or residual scar",存在症状,ManifestAs
6826,栗疫病,Cryphonectria parasitica,干有明显的点状突起,The stem has obvious dot-like protrusions,存在症状,ManifestAs
6827,栗疫病,Cryphonectria parasitica,树皮组织变褐,Browning of bark tissue,存在症状,ManifestAs
6828,栗疫病,Cryphonectria parasitica,发酵臭味,Fermentation odor,存在症状,ManifestAs
6829,栗疫病,Cryphonectria parasitica,而且叶片小,And the leaves are small,存在症状,ManifestAs
6830,龙眼鬼帚病,Fusarium proliferatum,叶缘卷缩,Leaf margin curling,存在症状,ManifestAs
6831,龙眼鬼帚病,Fusarium proliferatum,叶子呈线状,Linear leaves,存在症状,ManifestAs
6832,龙眼鬼帚病,Fusarium proliferatum,叶片凹凸不平,Uneven leaves,存在症状,ManifestAs
6833,龙眼鬼帚病,Fusarium proliferatum,叶脉黄绿色,Leaf veins yellow green,存在症状,ManifestAs
6834,龙眼鬼帚病,Fusarium proliferatum,明脉状,Bright vein,存在症状,ManifestAs
6835,龙眼鬼帚病,Fusarium proliferatum,不规则形黄绿色大小不等的斑纹,Irregular yellow-green spots of varying sizes,存在症状,ManifestAs
6836,龙眼鬼帚病,Fusarium proliferatum,叶缘向叶背卷缩,Leaf margins curled back,存在症状,ManifestAs
6837,龙眼鬼帚病,Fusarium proliferatum,叶尖下弯,Leaf tip bent downward,存在症状,ManifestAs
6838,龙眼鬼帚病,Fusarium proliferatum,小叶柄扁化略变宽,Petiole flattened and slightly broadened,存在症状,ManifestAs
6839,龙眼鬼帚病,Fusarium proliferatum,叶片呈深褐色畸变,Dark brown distorted leaves,存在症状,ManifestAs
6840,龙眼鬼帚病,Fusarium proliferatum,畸形叶干枯脱落,"Deformed leaves, dryness and falling off",存在症状,ManifestAs
6841,龙眼鬼帚病,Fusarium proliferatum,枝梢呈扫帚状,Broom-shaped branches,存在症状,ManifestAs
6842,龙眼鬼帚病,Fusarium proliferatum,果小果肉无味,Small fruit with tasteless flesh,存在症状,ManifestAs
6843,龙眼藻斑病,Cephaleuros virescens,点状病斑,Spot-like lesions,存在症状,ManifestAs
6844,龙眼藻斑病,Cephaleuros virescens,灰白色至黄褐色,Off-white to yellowish brown,存在症状,ManifestAs
6845,龙眼藻斑病,Cephaleuros virescens,圆形稍隆起的毡状物形斑,"Round, slightly raised, felt-like spots",存在症状,ManifestAs
6846,龙眼藻斑病,Cephaleuros virescens,边缘不整齐,Rough edges,存在症状,ManifestAs
6847,龙眼藻斑病,Cephaleuros virescens,灰绿色或暗褐色,Gray green or dark brown,存在症状,ManifestAs
6848,龙眼藻斑病,Cephaleuros virescens,纤维状细纹,Fibrous lines,存在症状,ManifestAs
6849,龙眼藻斑病,Cephaleuros virescens,红褐色毛状小梗,Reddish brown hairy stalks,存在症状,ManifestAs
6850,龙眼藻斑病,Cephaleuros virescens,病斑长椭圆形,Lesions oblong,存在症状,ManifestAs
6851,龙眼藻斑病,Cephaleuros virescens,枝梢干枯死亡,Branches dry up and die,存在症状,ManifestAs
6852,龙眼灰色叶枯病,Pestalotiopsis palmarum,呈倒“V”字形,Inverted "V" shape,存在症状,ManifestAs
6853,龙眼灰色叶枯病,Pestalotiopsis palmarum,病斑深褐色,Dark brown spots,存在症状,ManifestAs
6854,龙眼灰色叶枯病,Pestalotiopsis palmarum,褐色至灰白色,Brown to off-white,存在症状,ManifestAs
6855,龙眼灰色叶枯病,Pestalotiopsis palmarum,边缘暗褐色或紫褐色,Dark brown or purple brown edges,存在症状,ManifestAs
6856,龙眼灰色叶枯病,Pestalotiopsis palmarum,波纹状,Corrugated,存在症状,ManifestAs
6857,龙眼根腐病,Fusarium oxysporum,不规则病斑,Irregular lesions,存在症状,ManifestAs
6858,龙眼根腐病,Fusarium oxysporum,黄白色至黄褐色,Yellowish white to yellowish brown,存在症状,ManifestAs
6859,龙眼根腐病,Fusarium oxysporum,根系变黑腐烂,Roots turn black and rot,存在症状,ManifestAs
6860,龙眼根腐病,Fusarium oxysporum,显褐色,Brown,存在症状,ManifestAs
6861,龙眼根腐病,Fusarium oxysporum,植株萎蔫,Plant wilting,存在症状,ManifestAs
6862,龙眼根腐病,Fusarium oxysporum,叶片黄化,Yellowing of leaves,存在症状,ManifestAs
6863,龙眼根腐病,Fusarium oxysporum,白色霉状物,White mold,存在症状,ManifestAs
6864,龙眼炭疽病,Colletotrichum gloeosporioides,叶片正面暗褐色,Dark brown leaves on the front,存在症状,ManifestAs
6865,龙眼炭疽病,Colletotrichum gloeosporioides,背面灰绿色的圆形斑点,Gray-green circular spots on the back,存在症状,ManifestAs
6866,龙眼炭疽病,Colletotrichum gloeosporioides,边缘红褐色,Reddish brown edge,存在症状,ManifestAs
6867,龙眼炭疽病,Colletotrichum gloeosporioides,叶面皱缩或扭曲,Shrunken or twisted leaves,存在症状,ManifestAs
6868,龙眼炭疽病,Colletotrichum gloeosporioides,叶片脱落,Leaf shedding,存在症状,ManifestAs
6869,龙眼炭疽病,Colletotrichum gloeosporioides,褐色至暗褐色坏死或腐烂,Brown to dark brown necrosis or decay,存在症状,ManifestAs
6870,蕹菜根腐病,Fusarium oxysporum,褐色至黑褐色略凹陷,Brown to dark brown slightly sunken,存在症状,ManifestAs
6871,蕹菜根腐病,Fusarium oxysporum,表皮呈湿腐状,Wet rot on the skin,存在症状,ManifestAs
6872,蕹菜根腐病,Fusarium oxysporum,稍带粉红色的霉状物,Slightly pink mold,存在症状,ManifestAs
6873,大菜粉蝶,Pieris brassicae,仅留叶脉,Only the veins remain,存在症状,ManifestAs
6874,菜叶蜂,Athalia rosae,孔洞或缺刻,Holes or notches,存在症状,ManifestAs
6875,菜潜蝇,Liriomyza brassicae,弯弯曲曲的白色线状食痕,Curved white line-shaped food marks,存在症状,ManifestAs
6876,菜潜蝇,Liriomyza brassicae,叶片黄化或焦枯,Yellowing or scorching of leaves,存在症状,ManifestAs
6877,甘蓝蚜,Brevicoryne brassicae,叶片卷缩变形,Leaf curling and deformation,存在症状,ManifestAs
6878,黄曲条跳甲,Phyllotreta striolata,无数细密孔眼,Countless fine holes,存在症状,ManifestAs
6879,黄曲条跳甲,Phyllotreta striolata,呈百孔千疮,Full of holes,存在症状,ManifestAs
6880,黄曲条跳甲,Phyllotreta striolata,叶片萎缩干枯,Leaves shrink and dry,存在症状,ManifestAs
6881,黄曲条跳甲,Phyllotreta striolata,呈凹凸斑块,Concave and convex patches,存在症状,ManifestAs
6882,黄曲条跳甲,Phyllotreta striolata,黑褐色虫斑,Dark brown worm spots,存在症状,ManifestAs
6883,黄狭条跳甲,Phyllotreta striolata,叶片卷缩枯萎,Leaves curl and wither,存在症状,ManifestAs
6884,黄宽条跳甲,Phyllotreta humilis,无数细密孔眼,Countless fine holes,存在症状,ManifestAs
6885,黄宽条跳甲,Phyllotreta humilis,呈百孔千疮,Full of holes,存在症状,ManifestAs
6886,黄宽条跳甲,Phyllotreta humilis,叶片萎缩干枯,Leaves shrink and dry,存在症状,ManifestAs
6887,黄宽条跳甲,Phyllotreta humilis,呈凹凸斑块,Concave and convex patches,存在症状,ManifestAs
6888,黄宽条跳甲,Phyllotreta humilis,黑褐色虫斑,Dark brown worm spots,存在症状,ManifestAs
6889,油菜蚤跳甲,Psylliodes chrysocephala,油菜青干而死,Rapeseed dies due to dryness,存在症状,ManifestAs
6890,油菜蚤跳甲,Psylliodes chrysocephala,溃疡状小洞,Ulcer-like hole,存在症状,ManifestAs
6891,小猿叶甲,Phaedon brassicae,缺刻或孔洞,Notches or holes,存在症状,ManifestAs
6892,小猿叶甲,Phaedon brassicae,缺苗断垄,Missing seedlings and broken ridges,存在症状,ManifestAs
6893,大猿叶甲,Colaphellus bowringi,缺刻或孔洞,Notches or holes,存在症状,ManifestAs
6894,大猿叶甲,Colaphellus bowringi,缺苗断垄,Missing seedlings and broken ridges,存在症状,ManifestAs
6895,菜蝽,Eurydema dominulus,黄白色至微黑色斑点,Yellowish white to slightly black spots,存在症状,ManifestAs
6896,菜蝽,Eurydema dominulus,籽粒不饱满,The seeds are not full,存在症状,ManifestAs
6897,横纹菜蝽,Eurydema gebleri,黑色坏死斑,Black necrotic spots,存在症状,ManifestAs
6898,二斑叶螨,Tetranychus urticae,失绿斑点,Chlorotic spots,存在症状,ManifestAs
6899,二斑叶螨,Tetranychus urticae,全叶焦,Whole Leaf Char,存在症状,ManifestAs
6900,二斑叶螨,Tetranychus urticae,树势衰弱,Tree weakness,存在症状,ManifestAs
6901,甘蓝黄叶病,Xanthomonas campestris,心叶变矮,Heart leaves become shorter,存在症状,ManifestAs
6902,甘蓝黄叶病,Xanthomonas campestris,叶片由紫红色变为枯黄色,The leaves turn from purple to yellow,存在症状,ManifestAs
6903,甘蓝黄叶病,Xanthomonas campestris,叶基变褐,Browning of leaf base,存在症状,ManifestAs
6904,甘蓝根肿病,Plasmodiophora brassicae,叶片变黄,Yellowing of leaves,存在症状,ManifestAs
6905,甘蓝根肿病,Plasmodiophora brassicae,肿大的根瘤状物,Enlarged root nodules,存在症状,ManifestAs
6906,甘蓝根肿病,Plasmodiophora brassicae,纺锤形或不规则状,Spindle or irregular,存在症状,ManifestAs
6907,甜菜丛根病,Beet necrotic yellow vein virus,主根生育不良,Poor taproot growth,存在症状,ManifestAs
6908,甜菜丛根病,Beet necrotic yellow vein virus,尖端变细,Tapering,存在症状,ManifestAs
6909,甜菜丛根病,Beet necrotic yellow vein virus,变褐色坏死,Brown necrosis,存在症状,ManifestAs
6910,甜菜丛根病,Beet necrotic yellow vein virus,植株矮缩枯死,Plants shrunk and died,存在症状,ManifestAs
6911,甜菜丛根病,Beet necrotic yellow vein virus,叶片褪绿黄化,Leaf chlorosis,存在症状,ManifestAs
6912,甜菜丛根病,Beet necrotic yellow vein virus,呈波状皱缩,Wave-like shrinkage,存在症状,ManifestAs
6913,甜菜丛根病,Beet necrotic yellow vein virus,白色至淡褐色小斑点,White to light brown spots,存在症状,ManifestAs
6914,甜菜丛根病,Beet necrotic yellow vein virus,叶片变薄,Thinning of leaves,存在症状,ManifestAs
6915,甜菜丛根病,Beet necrotic yellow vein virus,植株矮化,Plant dwarfing,存在症状,ManifestAs
6916,甜菜丛根病,Beet necrotic yellow vein virus,同心轮纹状褐色斑点,Concentric ring-shaped brown spots,存在症状,ManifestAs
6917,甜菜丛根病,Beet necrotic yellow vein virus,黄色或黑色斑块,Yellow or black patches,存在症状,ManifestAs
6918,甜菜丛根病,Beet necrotic yellow vein virus,枯叶直立内卷,Dead leaves upright and curled,存在症状,ManifestAs
6919,甜菜丛根病,Beet necrotic yellow vein virus,变褐变黑枯死,"Turn brown, black, and die",存在症状,ManifestAs
6920,甜菜丛根病,Beet necrotic yellow vein virus,侧根变细变褐,Lateral roots become thinner and browner,存在症状,ManifestAs
6921,甜菜根结线虫病,Meloidogyne,外围,Periphery,存在症状,ManifestAs
6922,甜菜根结线虫病,Meloidogyne,叶片萎蔫,Leaf wilting,存在症状,ManifestAs
6923,甜菜根结线虫病,Meloidogyne,呈黄绿色,Yellowish green,存在症状,ManifestAs
6924,甜菜根结线虫病,Meloidogyne,植株瘦小矮化,Plants are thin and dwarfed,存在症状,ManifestAs
6925,甜菜根结线虫病,Meloidogyne,叶柄细短,Short petiole,存在症状,ManifestAs
6926,甜菜根结线虫病,Meloidogyne,叶片狭小,Small leaves,存在症状,ManifestAs
6927,甜菜根结线虫病,Meloidogyne,植株变黄枯萎,Plants turn yellow and wither,存在症状,ManifestAs
6928,甜菜苗腐病,Fusarium oxysporum,水浸状近圆形或不定形斑块,"Water-soaked, nearly circular or irregular plaques",存在症状,ManifestAs
6929,甜菜苗腐病,Fusarium oxysporum,灰褐色至黑色腐烂,Gray brown to black rot,存在症状,ManifestAs
6930,甜菜苗腐病,Fusarium oxysporum,白色至灰白色丝状菌丝,White to off-white filamentous hyphae,存在症状,ManifestAs
6931,甜菜苗腐病,Fusarium oxysporum,暗绿色近圆形或不定形水浸状斑,Dark green nearly circular or amorphous water-soaked spots,存在症状,ManifestAs
6932,甜菜苗腐病,Fusarium oxysporum,呈灰白色或灰褐色,Grayish white or grayish brown,存在症状,ManifestAs
6933,甜菜苗腐病,Fusarium oxysporum,白色棉絮状物,White cotton-like substance,存在症状,ManifestAs
6934,甜菜叶斑病,Cercospora beticola,浅褐色圆形至多角形斑点,Light brown round to polygonal spots,存在症状,ManifestAs
6935,甜菜叶斑病,Cercospora beticola,病斑边缘褐色至暗褐色,The edge of the lesion is brown to dark brown,存在症状,ManifestAs
6936,甜菜细菌性斑枯病,Pseudomonas syringae,黄褐色水渍状小斑点,Small brown water-stained spots,存在症状,ManifestAs
6937,甜菜细菌性斑枯病,Pseudomonas syringae,圆形或不规则形条状病斑,Round or irregular stripe lesions,存在症状,ManifestAs
6938,甜菜细菌性斑枯病,Pseudomonas syringae,中间浅黄褐色,Light brown in the middle,存在症状,ManifestAs
6939,甜菜细菌性斑枯病,Pseudomonas syringae,边缘深褐色或黑褐色,Dark brown or dark brown edges,存在症状,ManifestAs
6940,甜菜细菌性斑枯病,Pseudomonas syringae,叶缘呈波状,Wavy leaf margins,存在症状,ManifestAs
6941,甜菜细菌性斑枯病,Pseudomonas syringae,生黑褐色条,Raw dark brown strips,存在症状,ManifestAs
6942,甜菜细菌性斑枯病,Pseudomonas syringae,时呈水渍状腐烂,Water-soaked rot,存在症状,ManifestAs
6943,甜菜细菌性斑枯病,Pseudomonas syringae,黑褐色条状斑,Dark brown stripes,存在症状,ManifestAs
6944,甜菜细菌性斑枯病,Pseudomonas syringae,病茎弯曲,Diseased stem bending,存在症状,ManifestAs
6945,甜菜象甲,Bothynoderes punctiventris,缺苗断垄,Missing seedlings and broken ridges,存在症状,ManifestAs
6946,甜菜跳甲,Chaetocnema concinna,浅色斑点,Light spots,存在症状,ManifestAs
6947,甜菜跳甲,Chaetocnema concinna,全株枯萎,The whole plant withers,存在症状,ManifestAs
6948,甜菜潜叶蝇,Liriomyza trifolii,泡状虫道,Bubble tunnel,存在症状,ManifestAs
6949,亚洲玉米螟,Ostrinia furnacalis,呈褐色干枯,Brown and dry,存在症状,ManifestAs
6950,黄草地螟,Loxostege sticticalis,缺刻或孔洞,Notches or holes,存在症状,ManifestAs
6951,黄草地螟,Loxostege sticticalis,缺苗断垄,Missing seedlings and broken ridges,存在症状,ManifestAs
6952,茶饼病,Exobasidium vexans,淡黄色水演状小点,Light yellow water-like spots,存在症状,ManifestAs
6953,茶饼病,Exobasidium vexans,平滑而光亮,Smooth and shiny,存在症状,ManifestAs
6954,茶饼病,Exobasidium vexans,淡黄揭色,Light yellow,存在症状,ManifestAs
6955,茶饼病,Exobasidium vexans,背面突起,Back protrusion,存在症状,ManifestAs
6956,茶饼病,Exobasidium vexans,呈馒头状,Bun-shaped,存在症状,ManifestAs
6957,茶饼病,Exobasidium vexans,灰白色或粉红色粉末,Off-white or pink powder,存在症状,ManifestAs
6958,茶饼病,Exobasidium vexans,淡褐色枯斑,Light brown spots,存在症状,ManifestAs
6959,茶饼病,Exobasidium vexans,形似饼状,Pie-shaped,存在症状,ManifestAs
6960,茶饼病,Exobasidium vexans,病部肿胀,Swelling of the affected area,存在症状,ManifestAs
6961,茶饼病,Exobasidium vexans,卷曲畸形,Curl Deformity,存在症状,ManifestAs
6962,茶饼病,Exobasidium vexans,暗褐色溃疡斑,Dark brown ulcers,存在症状,ManifestAs
6963,茶饼病,Exobasidium vexans,上部芽梢枯死,Upper shoot dieback,存在症状,ManifestAs
6964,茶网饼病,Exobasidium vexans,初呈黄绿色,Initially yellow-green,存在症状,ManifestAs
6965,茶网饼病,Exobasidium vexans,油渍状,Oily,存在症状,ManifestAs
6966,茶网饼病,Exobasidium vexans,透明的网状纹理,Transparent mesh texture,存在症状,ManifestAs
6967,茶网饼病,Exobasidium vexans,颜色渐变暗褐色,Color gradient dark brown,存在症状,ManifestAs
6968,茶网饼病,Exobasidium vexans,背面网纹隆起,Back reticulated ridges,存在症状,ManifestAs
6969,茶网饼病,Exobasidium vexans,白色粉末状物,White powder,存在症状,ManifestAs
6970,茶网饼病,Exobasidium vexans,叶片变褐枯死,Leaves turn brown and die,存在症状,ManifestAs
6971,茶芽枯病,Pestalotiopsis theae,褐色或黄褐色的斑点,Brown or tan spots,存在症状,ManifestAs
6972,茶芽枯病,Pestalotiopsis theae,芽叶扭曲,Buds and leaves twisted,存在症状,ManifestAs
6973,茶芽枯病,Pestalotiopsis theae,叶缘破碎,Leaf edge broken,存在症状,ManifestAs
6974,茶圆赤星病,Cercospora theae,初生赤褐色小点,Newborn reddish brown spots,存在症状,ManifestAs
6975,茶圆赤星病,Cercospora theae,圆形小斑,Small round spots,存在症状,ManifestAs
6976,茶圆赤星病,Cercospora theae,中央凹陷呈淡褐色,The central depression is light brown,存在症状,ManifestAs
6977,茶圆赤星病,Cercospora theae,暗褐色隆起线,Dark brown raised lines,存在症状,ManifestAs
6978,茶圆赤星病,Cercospora theae,黑色小点,Black dots,存在症状,ManifestAs
6979,茶圆赤星病,Cercospora theae,灰色霉层,Gray mold layer,存在症状,ManifestAs
6980,茶圆赤星病,Cercospora theae,成灰色霉,Gray mold,存在症状,ManifestAs
6981,茶圆赤星病,Cercospora theae,成稀疏的小黑粒点,Sparse black dots,存在症状,ManifestAs
6982,茶煤病,Capnodium theae,烟煤状黑霉,Sooty black mold,存在症状,ManifestAs
6983,茶煤病,Capnodium theae,黑色圆形或不规则形的小斑,Black round or irregular spots,存在症状,ManifestAs
6984,茶煤病,Capnodium theae,黑色煤粉状物,Black coal powder,存在症状,ManifestAs
6985,茶煤病,Capnodium theae,黑色短绒毛状物,Black short fuzz,存在症状,ManifestAs
6986,茶红锈藻病,Cephaleuros virescens,灰黑色圆形或椭圆形斑块,Grayish black round or oval plaques,存在症状,ManifestAs
6987,茶红锈藻病,Cephaleuros virescens,呈紫黑色,Purple black,存在症状,ManifestAs
6988,茶红锈藻病,Cephaleuros virescens,芽叶生长缓慢,Slow growth of buds and leaves,存在症状,ManifestAs
6989,茶红锈藻病,Cephaleuros virescens,叶片变褐,Browning of leaves,存在症状,ManifestAs
6990,茶红锈藻病,Cephaleuros virescens,全叶干枯脱落,All leaves dry and fall off,存在症状,ManifestAs
6991,茶红锈藻病,Cephaleuros virescens,枝干呈紫黑色,Purple-black branches,存在症状,ManifestAs
6992,茶红锈藻病,Cephaleuros virescens,叶片稀疏,Leaves are sparse,存在症状,ManifestAs
6993,茶红锈藻病,Cephaleuros virescens,病斑圆形或近圆形,Lesions are round or nearly round,存在症状,ManifestAs
6994,茶红锈藻病,Cephaleuros virescens,橙红色毛状子实体,Orange-red hairy fruiting body,存在症状,ManifestAs
6995,茶膏药病,Pseudocercospora theae,圆形,Round,存在症状,ManifestAs
6996,茶膏药病,Pseudocercospora theae,椭圆形或不规则形的厚膜,Oval or irregular thick film,存在症状,ManifestAs
6997,茶膏药病,Pseudocercospora theae,白色绵毛状物,White wooly substance,存在症状,ManifestAs
6998,茶膏药病,Pseudocercospora theae,中央暗褐色,Central dark brown,存在症状,ManifestAs
6999,茶膏药病,Pseudocercospora theae,有光泽的丝状物,Shiny filaments,存在症状,ManifestAs
7000,茶膏药病,Pseudocercospora theae,厚膜呈栗褐色,Thick film chestnut brown,存在症状,ManifestAs
7001,茶膏药病,Pseudocercospora theae,极狭的灰白色带,Very narrow grayish white band,存在症状,ManifestAs
7002,茶白星病,Pestalotiopsis theae,淡褐色湿润状小,Light brown moist small,存在症状,ManifestAs
7003,茶白星病,Pestalotiopsis theae,斑病斑,Spot,存在症状,ManifestAs
7004,茶白星病,Pestalotiopsis theae,陷呈灰,Gray,存在症状,ManifestAs
7005,茶白星病,Pestalotiopsis theae,不规则的大斑,Irregular large spots,存在症状,ManifestAs
7006,茶云纹叶枯病,Guignardia camelliae,水渍状病斑,Water-soaked spots,存在症状,ManifestAs
7007,茶云纹叶枯病,Guignardia camelliae,灰白相间的云纹状,Gray and white cloud pattern,存在症状,ManifestAs
7008,茶云纹叶枯病,Guignardia camelliae,半圆形,Semicircular,存在症状,ManifestAs
7009,茶云纹叶枯病,Guignardia camelliae,近圆形或不规则形病斑,Nearly circular or irregular lesions,存在症状,ManifestAs
7010,茶云纹叶枯病,Guignardia camelliae,边缘褐色,Edge brown,存在症状,ManifestAs
7011,茶云纹叶枯病,Guignardia camelliae,不明显轮纹,No obvious wheel pattern,存在症状,ManifestAs
7012,茶云纹叶枯病,Guignardia camelliae,褐色病斑,Brown spots,存在症状,ManifestAs
7013,茶云纹叶枯病,Guignardia camelliae,叶片卷曲,Leaf curling,存在症状,ManifestAs
7014,茶云纹叶枯病,Guignardia camelliae,灰色斑块,Gray patches,存在症状,ManifestAs
7015,茶云纹叶枯病,Guignardia camelliae,病斑初为黄褐色,The lesions are initially yellow-brown,存在症状,ManifestAs
7016,茶云纹叶枯病,Guignardia camelliae,病斑开裂,Lesion cracking,存在症状,ManifestAs
7017,茶轮斑病,Pestalotiopsis theae,边缘不明显的斑块,Plaques with unclear edges,存在症状,ManifestAs
7018,茶轮斑病,Pestalotiopsis theae,呈圆形或半圆形或不规则的病斑,"Circular, semicircular or irregular lesions",存在症状,ManifestAs
7019,茶轮斑病,Pestalotiopsis theae,颜色呈灰,Gray color,存在症状,ManifestAs
7020,茶轮斑病,Pestalotiopsis theae,同心轮纹,Concentric wheel pattern,存在症状,ManifestAs
7021,茶轮斑病,Pestalotiopsis theae,边缘有褐色线,Brown lines on the edge,存在症状,ManifestAs
7022,茶轮斑病,Pestalotiopsis theae,一块褐斑,A brown spot,存在症状,ManifestAs
7023,茶轮斑病,Pestalotiopsis theae,煤污状黑色小点,Soot-like black spots,存在症状,ManifestAs
7024,茶炭疽病,Gloeosporium theae-sinensis,水渍状浅绿色病斑,Water-soaked light green spots,存在症状,ManifestAs
7025,茶炭疽病,Gloeosporium theae-sinensis,黄褐色的病斑,Yellow-brown spots,存在症状,ManifestAs
7026,茶炭疽病,Gloeosporium theae-sinensis,黑色小粒点,Black small dots,存在症状,ManifestAs
7027,茶赤叶斑病,Pestalotiopsis theae,水渍状,Water stain,存在症状,ManifestAs
7028,茶赤叶斑病,Pestalotiopsis theae,深红褐色转赤褐色,Dark reddish brown to auburn,存在症状,ManifestAs
7029,茶赤叶斑病,Pestalotiopsis theae,浓褐色隆起线,Dark brown raised lines,存在症状,ManifestAs
7030,茶赤叶斑病,Pestalotiopsis theae,微突起的黑色粒点,Slightly raised black dots,存在症状,ManifestAs
7031,茶赤叶斑病,Pestalotiopsis theae,淡黄褐色隆起线,Light yellowish brown raised lines,存在症状,ManifestAs
7032,茶赤叶斑病,Pestalotiopsis theae,呈紫褐色枯焦状,Purple brown burnt,存在症状,ManifestAs
7033,茶褐色叶斑病,Pseudocercospora,褐色小斑块,Small brown spots,存在症状,ManifestAs
7034,茶褐色叶斑病,Pseudocercospora,病斑半圆形或不规则形,The lesions are semicircular or irregular,存在症状,ManifestAs
7035,茶褐色叶斑病,Pseudocercospora,灰黑色霉层,Gray-black mold layer,存在症状,ManifestAs
7036,茶藻斑病,Cephaleuros virescens,黄褐色小点,Yellowish brown dots,存在症状,ManifestAs
7037,茶藻斑病,Cephaleuros virescens,灰绿色毛毡状物,Gray green felt,存在症状,ManifestAs
7038,茶藻斑病,Cephaleuros virescens,呈圆形或近圆形,Round or nearly round,存在症状,ManifestAs
7039,茶藻斑病,Cephaleuros virescens,纤维状纹理,Fibrous texture,存在症状,ManifestAs
7040,茶藻斑病,Cephaleuros virescens,边缘不整齐,Rough edges,存在症状,ManifestAs
7041,茶藻斑病,Cephaleuros virescens,连成不规则形大斑,Irregular large spots,存在症状,ManifestAs
7042,茶枝梢黑点病,Phomopsis theae,不规则形的灰色病斑,Irregular gray spots,存在症状,ManifestAs
7043,茶枝梢黑点病,Phomopsis theae,病斑呈现灰白色,The lesions are grayish white,存在症状,ManifestAs
7044,茶枝梢黑点病,Phomopsis theae,黑色带有光泽的小粒点,Black shiny small dots,存在症状,ManifestAs
7045,茶枝梢黑点病,Phomopsis theae,圆形或椭圆形,Round or oval,存在症状,ManifestAs
7046,茶枝梢黑点病,Phomopsis theae,枝梢芽叶稀疏,Sparse buds and leaves on branches,存在症状,ManifestAs
7047,茶枝梢黑点病,Phomopsis theae,叶片大量脱落,Large amount of leaves falling off,存在症状,ManifestAs
7048,茶枝梢黑点病,Phomopsis theae,全梢枯死,All branches die back,存在症状,ManifestAs
7049,茶苗白绢病,Sclerotium rolfsii,紫褐色条点或条斑,Purple-brown spots or stripes,存在症状,ManifestAs
7050,茶苗白绢病,Sclerotium rolfsii,白色绢丝状体,White silky body,存在症状,ManifestAs
7051,茶苗白绢病,Sclerotium rolfsii,白色绢丝状膜层,White silky film,存在症状,ManifestAs
7052,茶苗白绢病,Sclerotium rolfsii,油菜籽状的菌核,Rapeseed-like sclerotia,存在症状,ManifestAs
7053,茶苗白绢病,Sclerotium rolfsii,菌核初白色,Sclerotium initial white,存在症状,ManifestAs
7054,茶苗白绢病,Sclerotium rolfsii,黄褐色或褐色,Tan or brown,存在症状,ManifestAs
7055,茶苗白绢病,Sclerotium rolfsii,皮层腐烂凹陷,Cortical rot and depression,存在症状,ManifestAs
7056,茶苗白绢病,Sclerotium rolfsii,植株枯萎,Plant withering,存在症状,ManifestAs
7057,茶苗白绢病,Sclerotium rolfsii,叶片变黄,Yellowing of leaves,存在症状,ManifestAs
7058,茶紫纹羽病,Helicobasidium mompa,黑褐色或黄褐色,Dark brown or yellowish brown,存在症状,ManifestAs
7059,茶紫纹羽病,Helicobasidium mompa,紫红色丝状物,Purple-red filaments,存在症状,ManifestAs
7060,茶紫纹羽病,Helicobasidium mompa,半球形,Hemispherical,存在症状,ManifestAs
7061,茶紫纹羽病,Helicobasidium mompa,枝叶略呈黄绿色,Slightly yellowish green leaves,存在症状,ManifestAs
7062,茶发毛病,Exobasidium vexans,漆黑色毛发状物,Black hair-like substance,存在症状,ManifestAs
7063,茶线腐病,Pestalotiopsis theae,扇形菌膜,Fan-shaped biofilm,存在症状,ManifestAs
7064,茶树苔藓、地衣,Camellia sinensis,黄绿色青苔状或毛发状物,Yellow-green moss-like or hair-like substance,存在症状,ManifestAs
7065,茶树苔藓、地衣,Camellia sinensis,青灰色叶状体,Blue-gray fronds,存在症状,ManifestAs
7066,茶树苔藓、地衣,Camellia sinensis,边缘反卷,Edge curling,存在症状,ManifestAs
7067,茶树苔藓、地衣,Camellia sinensis,呈树枝状,Dendritic,存在症状,ManifestAs
7068,茶根癌病,Agrobacterium tumefaciens,浅褐色球形膨大,Light brown spherical swelling,存在症状,ManifestAs
7069,茶根癌病,Agrobacterium tumefaciens,瘤褐色,Tumor Brown,存在症状,ManifestAs
7070,茶根癌病,Agrobacterium tumefaciens,内部木质化,Internal lignification,存在症状,ManifestAs
7071,茶根癌病,Agrobacterium tumefaciens,叶片发黄脱落,Yellowing and falling leaves,存在症状,ManifestAs
7072,茶根癌病,Agrobacterium tumefaciens,不规则的瘤状物,Irregular nodules,存在症状,ManifestAs
7073,茶苗根结线虫病,Meloidogyne,表面粗糙呈褐色或深褐色,"Rough surface, brown or dark brown",存在症状,ManifestAs
7074,茶苗根结线虫病,Meloidogyne,病根畸形,Root deformity,存在症状,ManifestAs
7075,茶苗根结线虫病,Meloidogyne,根结表皮破裂,Root epidermis rupture,存在症状,ManifestAs
7076,茶苗根结线虫病,Meloidogyne,全根腐朽,Whole root rot,存在症状,ManifestAs
7077,茶苗根结线虫病,Meloidogyne,叶片发黄,Yellowing leaves,存在症状,ManifestAs
7078,茶苗根结线虫病,Meloidogyne,大量落叶,A lot of fallen leaves,存在症状,ManifestAs
7079,茶苗根结线虫病,Meloidogyne,整株枯死,The whole plant died,存在症状,ManifestAs
7080,茶胴枯病,Pestalotiopsis theae,浅褐色至褐色长椭圆形病斑,Light brown to brown oblong lesions,存在症状,ManifestAs
7081,茶枝黑痣病,Phyllachora camelliae,灰色小病斑,Small gray spots,存在症状,ManifestAs
7082,茶枝黑痣病,Phyllachora camelliae,病斑边缘略呈褐色,The edge of the lesion is slightly brown,存在症状,ManifestAs
7083,茶枝黑痣病,Phyllachora camelliae,形状不规则的病斑,Irregularly shaped lesions,存在症状,ManifestAs
7084,桑寄生,Taxillus chinensis,树皮肿胀,Swelling of bark,存在症状,ManifestAs
7085,茶红根腐病,Phellinus noxius,白色至红色革质分枝状菌膜,White to red leathery branched pellicle,存在症状,ManifestAs
7086,茶红根腐病,Phellinus noxius,暗红色至紫红色,Dark red to purple,存在症状,ManifestAs
7087,茶红根腐病,Phellinus noxius,木质部无条纹,Wood without striations,存在症状,ManifestAs
7088,茶红根腐病,Phellinus noxius,叶片稀疏,Leaves are sparse,存在症状,ManifestAs
7089,茶尺蠖,Ectropis obliqua,褐色点状凹斑,Brown dot-like concave spots,存在症状,ManifestAs
7090,茶尺蠖,Ectropis obliqua,树势衰弱,Tree weakness,存在症状,ManifestAs
7091,茶尺蠖,Ectropis obliqua,枝梗光秃,Bare branches,存在症状,ManifestAs
7092,茶尺蠖,Ectropis obliqua,状如火烧,Burning,存在症状,ManifestAs
7093,茶毛虫,Euproctis pseudoconspersa,叶片呈缺刻状,The leaves are notched,存在症状,ManifestAs
7094,茶长卷叶蛾,Homona magnanima,残留下表皮,Remaining epidermis,存在症状,ManifestAs
7095,茶长卷叶蛾,Homona magnanima,卷叶呈枯黄薄膜斑,The leaves are curled and yellow and thin filmy,存在症状,ManifestAs
7096,茶蓑蛾,Clania minuscula,局部茶丛光秃,Some tea bushes are bare,存在症状,ManifestAs
7097,茶褐蓑蛾,Cryptothelea minuscula,透明斑点,Transparent spots,存在症状,ManifestAs
7098,茶褐蓑蛾,Cryptothelea minuscula,缺刻和孔洞,Nicks and holes,存在症状,ManifestAs
7099,茶褐蓑蛾,Cryptothelea minuscula,叶片吃光,Eat all the leaves,存在症状,ManifestAs
7100,大蓑蛾,Cryptothelea variegata,不规则半透明斑,Irregular translucent spots,存在症状,ManifestAs
7101,大蓑蛾,Cryptothelea variegata,不规则孔洞,Irregular holes,存在症状,ManifestAs
7102,大蓑蛾,Cryptothelea variegata,千疮百孔,Full of holes,存在症状,ManifestAs
7103,大蓑蛾,Cryptothelea variegata,茶树死亡,Tea Tree Death,存在症状,ManifestAs
7104,茶小蓑蛾,Acanthopsyche sapporensis,斑驳破烂,Mottled and tattered,存在症状,ManifestAs
7105,茶小蓑蛾,Acanthopsyche sapporensis,叶呈不规则形枯斑,Irregular leaf spots,存在症状,ManifestAs
7106,丽绿刺蛾,Parasa lepida,叶片呈半透明枯黄色斑块,The leaves are translucent yellow spots,存在症状,ManifestAs
7107,奕刺蛾,Thosea sinensis,残留上表皮,Remaining upper epidermis,存在症状,ManifestAs
7108,奕刺蛾,Thosea sinensis,呈半透明枯斑,Translucent spots,存在症状,ManifestAs
7109,台湾黄毒蛾,Euproctis taiwana,集食叶成,Gathering leaves,存在症状,ManifestAs
7110,茶斑蛾,Eterusia aedea,半透明枯黄薄,Translucent yellowish thin,存在症状,ManifestAs
7111,云尺蠖,Buzura thibetaria,缺刻或孔洞,Notches or holes,存在症状,ManifestAs
7112,云尺蠖,Buzura thibetaria,余留主脉,The remaining main vein,存在症状,ManifestAs
7113,木橑尺蠖,Culcula panterinaria,只留叶脉,Only the leaf veins remain,存在症状,ManifestAs
7114,木橑尺蠖,Culcula panterinaria,树势衰弱,Tree weakness,存在症状,ManifestAs
7115,茶蚕,Andraca bipunctata,光杆枝秃,Bare branches,存在症状,ManifestAs
7116,茶银尺蠖,Scopula subpunctaria,蚕食叶缘成,Erosion of leaf margins,存在症状,ManifestAs
7117,假眼小绿叶蝉,Empoasca vitis,叶脉变红,Leaf veins turn red,存在症状,ManifestAs
7118,假眼小绿叶蝉,Empoasca vitis,叶尖叶缘变红,Leaf tips and edges turn red,存在症状,ManifestAs
7119,假眼小绿叶蝉,Empoasca vitis,节间短缩,Internode shortening,存在症状,ManifestAs
7120,棉叶蝉,Empoasca biguttula,叶片的尖端及边缘变黄,Yellowing of leaf tips and edges,存在症状,ManifestAs
7121,棉叶蝉,Empoasca biguttula,叶片向背面皱缩,Leaves wrinkled to the back,存在症状,ManifestAs
7122,棉叶蝉,Empoasca biguttula,叶片卷缩畸形,Leaf curling deformity,存在症状,ManifestAs
7123,棉叶蝉,Empoasca biguttula,枯焦脱落,Burnt and Falling,存在症状,ManifestAs
7124,棉叶蝉,Empoasca biguttula,蕾铃大量脱落,The buds fall off in large numbers,存在症状,ManifestAs
7125,碧蛾蜡蝉,Geisha distinctissima,树势锐减,Tree vigor has declined sharply,存在症状,ManifestAs
7126,茶网蝽,Stephanitis chinensis,密集的白色细小斑点,Dense white spots,存在症状,ManifestAs
7127,茶网蝽,Stephanitis chinensis,黑色黏液状排泄物,Black mucus discharge,存在症状,ManifestAs
7128,茶网蝽,Stephanitis chinensis,叶片脱落,Leaf shedding,存在症状,ManifestAs
7129,茶网蝽,Stephanitis chinensis,树势衰弱,Tree weakness,存在症状,ManifestAs
7130,绿盲蝽,Apolygus lucorum,许多红点,Many red dots,存在症状,ManifestAs
7131,绿盲蝽,Apolygus lucorum,黑褐色枯死斑点,Dark brown dead spots,存在症状,ManifestAs
7132,绿盲蝽,Apolygus lucorum,不规则孔洞,Irregular holes,存在症状,ManifestAs
7133,绿盲蝽,Apolygus lucorum,叶缘残缺破烂,Broken leaf edges,存在症状,ManifestAs
7134,绿盲蝽,Apolygus lucorum,叶质粗老,Coarse and old leaves,存在症状,ManifestAs
7135,绿盲蝽,Apolygus lucorum,芽梢细瘦缩短,Thin and shortened shoots,存在症状,ManifestAs
7136,绿盲蝽,Apolygus lucorum,叶片对夹,Blade clamp,存在症状,ManifestAs
7137,绿盲蝽,Apolygus lucorum,味淡且涩,Light and astringent taste,存在症状,ManifestAs
7138,茶角盲蝽,Helopeltis theivora,黑褐色的坏死斑纹,Dark brown necrotic markings,存在症状,ManifestAs
7139,茶角盲蝽,Helopeltis theivora,叶片畸形,Leaf deformity,存在症状,ManifestAs
7140,茶角盲蝽,Helopeltis theivora,芽叶坏死干枯,Bud and leaf necrosis and drying,存在症状,ManifestAs
7141,油茶宽盾蝽,Poecilocoris latus,叶片畸形,Leaf deformity,存在症状,ManifestAs
7142,茶二叉蚜,Toxoptera aurantii,叶多皱缩卷曲,Leaves are mostly wrinkled and curled,存在症状,ManifestAs
7143,桔黄粉虱,Dialeurodes citri,树势衰弱,Tree weakness,存在症状,ManifestAs
7144,长白蚧,Diaspidiotus japonicus,树势衰弱,Tree weakness,存在症状,ManifestAs
7145,长白蚧,Diaspidiotus japonicus,叶片瘦小,Small leaves,存在症状,ManifestAs
7146,长白蚧,Diaspidiotus japonicus,严重落叶,Severe leaf drop,存在症状,ManifestAs
7147,椰圆蚧,Aspidiotus destructor,叶片早落,Early leaf fall,存在症状,ManifestAs
7148,椰圆蚧,Aspidiotus destructor,树势衰弱,Tree weakness,存在症状,ManifestAs
7149,角蜡蚧,Ceroplastes ceriferus,枝叶变黑,Leaves turn black,存在症状,ManifestAs
7150,角蜡蚧,Ceroplastes ceriferus,小枝枯死,Twigs die back,存在症状,ManifestAs
7151,茶梨蚧,Pinnaspis theae,树势衰弱,Tree weakness,存在症状,ManifestAs
7152,茶牡蛎蚧,Lepidosaphes tubulorum,茶芽叶瘦小,Tea buds and leaves are thin,存在症状,ManifestAs
7153,红蜡蚧,Ceroplastes rubens,树冠萎缩,Crown shrinkage,存在症状,ManifestAs
7154,红蜡蚧,Ceroplastes rubens,全株发黑,The whole plant turns black,存在症状,ManifestAs
7155,红蜡蚧,Ceroplastes rubens,植物整株枯死,The whole plant dies,存在症状,ManifestAs
7156,蛇眼蚧,Aulacaspis yasumatsui,枝干稀疏,Sparse branches,存在症状,ManifestAs
7157,蛇眼蚧,Aulacaspis yasumatsui,茶丛矮小,Tea bush short,存在症状,ManifestAs
7158,蛇眼蚧,Aulacaspis yasumatsui,树势衰弱,Tree weakness,存在症状,ManifestAs
7159,蛇眼蚧,Aulacaspis yasumatsui,叶片大量脱落,Large amount of leaves falling off,存在症状,ManifestAs
7160,蛇眼蚧,Aulacaspis yasumatsui,枝干枯死,Dead branches,存在症状,ManifestAs
7161,吹绵蚧,Icerya purchasi,叶片发黄,Yellowing leaves,存在症状,ManifestAs
7162,吹绵蚧,Icerya purchasi,枝捎枯萎,Branches wither,存在症状,ManifestAs
7163,吹绵蚧,Icerya purchasi,树势衰退,Tree decline,存在症状,ManifestAs
7164,茶枝镰蛾,Casmara patrona,上有许多近圆,There are many nearly circular,存在症状,ManifestAs
7165,茶枝镰蛾,Casmara patrona,虫排泄的粪便,Feces excreted by insects,存在症状,ManifestAs
7166,茶枝镰蛾,Casmara patrona,虫排泄的棕黄色粪便,Brown-yellow feces excreted by worms,存在症状,ManifestAs
7167,茶天牛,Aeolesthes induta,树势衰弱,Tree weakness,存在症状,ManifestAs
7168,茶天牛,Aeolesthes induta,叶片枯黄,Leaves turn yellow,存在症状,ManifestAs
7169,茶天牛,Aeolesthes induta,芽细瘦稀少,Buds are thin and sparse,存在症状,ManifestAs
7170,茶红颈天牛,Aromia bungii,疣状结节,Verrucous nodules,存在症状,ManifestAs
7171,茶红颈天牛,Aromia bungii,芽叶瘦小,Small buds and leaves,存在症状,ManifestAs
7172,茶红颈天牛,Aromia bungii,叶色黄化,Yellowing of leaves,存在症状,ManifestAs
7173,茶红颈天牛,Aromia bungii,主脉呈黄褐色纵条状痕迹,The main vein is yellow-brown vertical stripe marks,存在症状,ManifestAs
7174,茶红颈天牛,Aromia bungii,叶片枯黄脱落,Leaves turn yellow and fall off,存在症状,ManifestAs
7175,茶角胸叶甲,Basf02101201,不规则大洞,Irregular large hole,存在症状,ManifestAs
7176,茶丽纹象甲,Myllocerinus aurolineatus,不规则缺刻,Irregular notch,存在症状,ManifestAs
7177,大灰象甲,Sympiezomias velatus,缺刻或孔洞,Notches or holes,存在症状,ManifestAs
7178,大灰象甲,Sympiezomias velatus,缺苗断垄,Missing seedlings and broken ridges,存在症状,ManifestAs
7179,茶橙瘿螨,Acaphylla theae,叶背呈红褐色锈斑,Reddish brown rust spots on the back of leaves,存在症状,ManifestAs
7180,茶橙瘿螨,Acaphylla theae,叶脉变红,Leaf veins turn red,存在症状,ManifestAs
7181,茶橙瘿螨,Acaphylla theae,叶片卷曲,Leaf curling,存在症状,ManifestAs
7182,茶橙瘿螨,Acaphylla theae,芽叶萎缩,Bud and leaf shrinkage,存在症状,ManifestAs
7183,茶橙瘿螨,Acaphylla theae,枝叶干枯,Dry branches and leaves,存在症状,ManifestAs
7184,茶橙瘿螨,Acaphylla theae,铜红色,Copper red,存在症状,ManifestAs
7185,茶橙瘿螨,Acaphylla theae,状如火烧,Burning,存在症状,ManifestAs
7186,茶橙瘿螨,Acaphylla theae,枯竭脱落,Drying off,存在症状,ManifestAs
7187,茶叶瘿螨,Calacarus carinatus,叶面色暗淡且无光泽,The leaves are dull and lack luster,存在症状,ManifestAs
7188,茶叶瘿螨,Calacarus carinatus,灰白色蜕皮壳,Grayish white molting shell,存在症状,ManifestAs
7189,茶叶瘿螨,Calacarus carinatus,叶质变脆易裂,The leaves become brittle and easy to crack,存在症状,ManifestAs
7190,茶叶瘿螨,Calacarus carinatus,两侧略向上卷曲,Slightly curled up on both sides,存在症状,ManifestAs
7191,侧多食附线螨,Polyphagotarsonemus,叶子硬化,Leaf hardening,存在症状,ManifestAs
7192,茶红螨,Calacarus carinatus,叶片变红色,Leaves turn red,存在症状,ManifestAs
7193,茶红螨,Calacarus carinatus,或暗红色,or dark red,存在症状,ManifestAs
7194,茶红螨,Calacarus carinatus,白色尘状物,White dust,存在症状,ManifestAs
7195,茶红螨,Calacarus carinatus,叶片硬化,Hardening of leaves,存在症状,ManifestAs
7196,神泽氏叶螨,Tetranychus kanzawai,小斑点,Small Spot,存在症状,ManifestAs
7197,神泽氏叶螨,Tetranychus kanzawai,叶片失绿,Leaf chlorosis,存在症状,ManifestAs
7198,神泽氏叶螨,Tetranychus kanzawai,叶片变黄,Yellowing of leaves,存在症状,ManifestAs
7199,茶短须螨,Brevipalpus lewisi,叶柄褐变,Browning of petiole,存在症状,ManifestAs
7200,茶短须螨,Brevipalpus lewisi,叶背现,Back of leaves,存在症状,ManifestAs
7201,茶短须螨,Brevipalpus lewisi,紫褐色突起斑,Purple-brown raised spots,存在症状,ManifestAs
7202,茶短须螨,Brevipalpus lewisi,叶片失去光泽,Leaves lose their luster,存在症状,ManifestAs
7203,茶短须螨,Brevipalpus lewisi,叶柄霉烂,Petiole rot,存在症状,ManifestAs
7204,茶短须螨,Brevipalpus lewisi,严重落叶,Severe leaf drop,存在症状,ManifestAs
7205,茶黄蓟马,Scirtothrips dorsalis,平行的红褐色条痕,Parallel reddish brown streaks,存在症状,ManifestAs
7206,茶黄蓟马,Scirtothrips dorsalis,叶色暗淡,Pale leaf color,存在症状,ManifestAs
7207,咖啡小爪螨,Oligonychus coffeae,叶片变红色,Leaves turn red,存在症状,ManifestAs
7208,咖啡小爪螨,Oligonychus coffeae,或暗红色,or dark red,存在症状,ManifestAs
7209,咖啡小爪螨,Oligonychus coffeae,白色尘状物,White dust,存在症状,ManifestAs
7210,咖啡小爪螨,Oligonychus coffeae,叶片硬化,Hardening of leaves,存在症状,ManifestAs
7211,烟草炭疽病,Colletotrichum destructivum,水渍状暗绿色小点,Water-stained dark green spots,存在症状,ManifestAs
7212,烟草炭疽病,Colletotrichum destructivum,病斑呈黄褐色,The lesions are yellow-brown,存在症状,ManifestAs
7213,烟草炭疽病,Colletotrichum destructivum,白色或灰白色,White or off-white,存在症状,ManifestAs
7214,烟草炭疽病,Colletotrichum destructivum,烟叶扭缩或枯,Tobacco leaves shrunken or withered,存在症状,ManifestAs
7215,烟草炭疽病,Colletotrichum destructivum,病斑梭形,Spindle-shaped lesions,存在症状,ManifestAs
7216,烟草炭疽病,Colletotrichum destructivum,凹陷纵裂,Depression fracture,存在症状,ManifestAs
7217,烟草炭疽病,Colletotrichum destructivum,幼苗折倒,Seedlings fall down,存在症状,ManifestAs
7218,烟草炭疽病,Colletotrichum destructivum,叶柄折断,Broken petiole,存在症状,ManifestAs
7219,烟草炭疽病,Colletotrichum destructivum,纵裂网状条斑,Longitudinal reticular streaks,存在症状,ManifestAs
7220,烟草炭疽病,Colletotrichum destructivum,褐色圆形或不规则形小斑,Brown round or irregular spots,存在症状,ManifestAs
7221,烟草猝倒病,Pythium aphanidermatum,茎基部呈湿腐,Wet rot at the stem base,存在症状,ManifestAs
7222,烟草猝倒病,Pythium aphanidermatum,为褐色水渍状腐,Brown water-stained rot,存在症状,ManifestAs
7223,烟草猝倒病,Pythium aphanidermatum,持暂时暗绿色,Temporary dark green,存在症状,ManifestAs
7224,烟草猝倒病,Pythium aphanidermatum,白色絮状物,White floc,存在症状,ManifestAs
7225,烟草猝倒病,Pythium aphanidermatum,叶片凋萎变,Leaf wilting,存在症状,ManifestAs
7226,烟草猝倒病,Pythium aphanidermatum,地上部倒折,Above-ground part folded,存在症状,ManifestAs
7227,烟草猝倒病,Pythium aphanidermatum,根部不变褐色,The roots do not turn brown,存在症状,ManifestAs
7228,烟草猝倒病,Pythium aphanidermatum,褐色或黑色水渍状斑块,Brown or black water-soaked patches,存在症状,ManifestAs
7229,烟草猝倒病,Pythium aphanidermatum,皱缩下陷,Shrinkage,存在症状,ManifestAs
7230,烟草猝倒病,Pythium aphanidermatum,木质部呈褐色,Brown wood,存在症状,ManifestAs
7231,烟草猝倒病,Pythium aphanidermatum,髓部呈褐色或黑色,The pith is brown or black,存在症状,ManifestAs
7232,烟草赤星病,Alternaria alternata,生黄褐色圆形小斑,Small yellowish brown round spots,存在症状,ManifestAs
7233,烟草赤星病,Alternaria alternata,病斑圆形或不规则圆形,Lesions are round or irregular,存在症状,ManifestAs
7234,烟草赤星病,Alternaria alternata,明显的同心轮纹,Obvious concentric ring pattern,存在症状,ManifestAs
7235,烟草赤星病,Alternaria alternata,鲜黄色晕环,Bright yellow halo,存在症状,ManifestAs
7236,烟草赤星病,Alternaria alternata,深褐色或黑色霉状物,Dark brown or black mold,存在症状,ManifestAs
7237,烟草赤星病,Alternaria alternata,叶片枯焦脱落,Leaves scorch and fall off,存在症状,ManifestAs
7238,烟草赤星病,Alternaria alternata,深褐色或黑褐色圆形或长圆形凹陷病斑,Dark brown or black brown round or oblong sunken lesions,存在症状,ManifestAs
7239,烟草蛙眼病,Cercospora nicotianae,病斑圆形,Circular lesion,存在症状,ManifestAs
7240,烟草蛙眼病,Cercospora nicotianae,色中央呈灰白色羊皮,Sheepskin with off-white center,存在症状,ManifestAs
7241,烟草蛙眼病,Cercospora nicotianae,具深褐色狭窄,Dark brown narrow,存在症状,ManifestAs
7242,烟草蛙眼病,Cercospora nicotianae,灰色霉层,Gray mold layer,存在症状,ManifestAs
7243,烟草蛙眼病,Cercospora nicotianae,整叶枯死,Whole leaf dead,存在症状,ManifestAs
7244,烟草蛙眼病,Cercospora nicotianae,形成绿斑或,Green spots or,存在症状,ManifestAs
7245,烟草白粉病,Erysiphe cichoracearum,叶色变黄,Leaves turn yellow,存在症状,ManifestAs
7246,烟草白粉病,Erysiphe cichoracearum,近圆形淡黄褐色斑块,Nearly circular light yellow-brown patches,存在症状,ManifestAs
7247,烟草白粉病,Erysiphe cichoracearum,全叶呈灰白色,The whole leaf is grayish white,存在症状,ManifestAs
7248,烟草白粉病,Erysiphe cichoracearum,变褐枯死,Turn brown and die,存在症状,ManifestAs
7249,烟草根黑腐病,Thielaviopsis basicola,使根部呈特异的黑色,Makes the roots appear uniquely black,存在症状,ManifestAs
7250,烟草根黑腐病,Thielaviopsis basicola,子叶腐烂,Cotyledon rot,存在症状,ManifestAs
7251,烟草根黑腐病,Thielaviopsis basicola,根尖变黑,Blackening of the root tip,存在症状,ManifestAs
7252,烟草根黑腐病,Thielaviopsis basicola,常呈黄色,Often yellow,存在症状,ManifestAs
7253,烟草根黑腐病,Thielaviopsis basicola,黑色腐烂根,Black rotten root,存在症状,ManifestAs
7254,烟草破烂叶斑病,Pseudomonas syringae,病斑圆形至不规则形,Lesions are round to irregular,存在症状,ManifestAs
7255,烟草破烂叶斑病,Pseudomonas syringae,中心部灰色至褐色,Gray to brown in the center,存在症状,ManifestAs
7256,烟草破烂叶斑病,Pseudomonas syringae,边缘明显隆起,The edge is obviously raised,存在症状,ManifestAs
7257,烟草破烂叶斑病,Pseudomonas syringae,叶片背面呈暗棕,Dark brown underside of leaves,存在症状,ManifestAs
7258,烟草破烂叶斑病,Pseudomonas syringae,浅黑色圆形小颗粒,Light black round small particles,存在症状,ManifestAs
7259,烟草破烂叶斑病,Pseudomonas syringae,中脉断裂,Midrib fracture,存在症状,ManifestAs
7260,烟草破烂叶斑病,Pseudomonas syringae,叶尖部悬垂而枯死,The leaf tips are drooping and dead,存在症状,ManifestAs
7261,烟草破烂叶斑病,Pseudomonas syringae,叶片下垂枯死,Leaves droop and die,存在症状,ManifestAs
7262,烟草破烂叶斑病,Pseudomonas syringae,褐色长形病斑,Brown long spots,存在症状,ManifestAs
7263,烟草白绢病,Sclerotium rolfsii,褐色稍凹陷病斑,Brown slightly sunken spots,存在症状,ManifestAs
7264,烟草白绢病,Sclerotium rolfsii,油菜籽状菌核,Rapeseed sclerotium,存在症状,ManifestAs
7265,烟草白绢病,Sclerotium rolfsii,黄色至茶褐色,Yellow to brown,存在症状,ManifestAs
7266,烟草白绢病,Sclerotium rolfsii,叶片变黄萎蔫至枯死,Leaves turn yellow and wilt until they die,存在症状,ManifestAs
7267,烟草菌核病,Sclerotinia sclerotiorum,褐色病斑,Brown spots,存在症状,ManifestAs
7268,烟草菌核病,Sclerotinia sclerotiorum,湿润状并软腐,Moist and soft,存在症状,ManifestAs
7269,烟草菌核病,Sclerotinia sclerotiorum,茎部病斑略凹陷,The stem lesions are slightly sunken,存在症状,ManifestAs
7270,烟草菌核病,Sclerotinia sclerotiorum,近圆形黄白色病斑,Nearly circular yellow-white spots,存在症状,ManifestAs
7271,烟草菌核病,Sclerotinia sclerotiorum,可见白色絮状霉层,Visible white flocculent mold layer,存在症状,ManifestAs
7272,烟草菌核病,Sclerotinia sclerotiorum,浅褐色病斑,Light brown spots,存在症状,ManifestAs
7273,烟草菌核病,Sclerotinia sclerotiorum,较深色褐纹,Darker brown streaks,存在症状,ManifestAs
7274,烟草菌核病,Sclerotinia sclerotiorum,黑色鼠粪状菌核,Black mouse-dung sclerotia,存在症状,ManifestAs
7275,烟草煤污病,Capnodium tabacina,煤灰色霉层,Coal gray mold layer,存在症状,ManifestAs
7276,烟草煤污病,Capnodium tabacina,呈不规则形或圆形,Irregular or round shape,存在症状,ManifestAs
7277,烟草煤污病,Capnodium tabacina,病叶变黄,Diseased leaves turn yellow,存在症状,ManifestAs
7278,烟草煤污病,Capnodium tabacina,黄色斑块,Yellow patches,存在症状,ManifestAs
7279,烟草煤污病,Capnodium tabacina,叶片变薄,Thinning of leaves,存在症状,ManifestAs
7280,烟草低头黑病,Gloeosporium nicotianae,圆形或椭圆形小黑点,Small round or oval black spots,存在症状,ManifestAs
7281,烟草低头黑病,Gloeosporium nicotianae,顶芽弯曲,Terminal bud bending,存在症状,ManifestAs
7282,烟草低头黑病,Gloeosporium nicotianae,“偏枯,"""Partial withering",存在症状,ManifestAs
7283,烟草灰霉病,Botrytis cinerea,病斑近圆形,Nearly circular lesions,存在症状,ManifestAs
7284,烟草灰霉病,Botrytis cinerea,不清晰的淡色边缘,Unclear light edges,存在症状,ManifestAs
7285,烟草灰霉病,Botrytis cinerea,上病斑呈湿,The upper lesion is wet,存在症状,ManifestAs
7286,烟草灰霉病,Botrytis cinerea,布满灰色,Full of gray,存在症状,ManifestAs
7287,烟草灰霉病,Botrytis cinerea,整叶萎缩,Whole leaf atrophy,存在症状,ManifestAs
7288,烟草灰霉病,Botrytis cinerea,病斑黑色,Black spots,存在症状,ManifestAs
7289,烟草灰霉病,Botrytis cinerea,长条形,Long strip,存在症状,ManifestAs
7290,烟草灰霉病,Botrytis cinerea,灰色霉层,Gray mold layer,存在症状,ManifestAs
7291,烟草灰霉病,Botrytis cinerea,茎基部腐烂,Stem base rot,存在症状,ManifestAs
7292,烟草灰霉病,Botrytis cinerea,病斑褐色,Brown spots,存在症状,ManifestAs
7293,烟草枯萎病,Fusarium oxysporum,叶片小或主脉弯曲,Small leaves or curved main veins,存在症状,ManifestAs
7294,烟草枯萎病,Fusarium oxysporum,全株变黄,The whole plant turns yellow,存在症状,ManifestAs
7295,烟草枯萎病,Fusarium oxysporum,木质部褐变,Xylem browning,存在症状,ManifestAs
7296,烟草斑点病,Pseudomonas syringae,不规则的浅褐色病斑,Irregular light brown spots,存在症状,ManifestAs
7297,烟草斑点病,Pseudomonas syringae,中心深褐色,Center dark brown,存在症状,ManifestAs
7298,烟草斑点病,Pseudomonas syringae,褐色边缘的白色小斑点,Small white spots with brown edges,存在症状,ManifestAs
7299,烟草斑点病,Pseudomonas syringae,深褐色坏死中心,Dark brown necrotic center,存在症状,ManifestAs
7300,烟草斑点病,Pseudomonas syringae,浅褐色的边缘,Light brown edges,存在症状,ManifestAs
7301,烟草斑点病,Pseudomonas syringae,黄绿色的晕圈,Yellow-green halo,存在症状,ManifestAs
7302,烟草斑点病,Pseudomonas syringae,浅褐色至灰白色,Light brown to off-white,存在症状,ManifestAs
7303,烟草斑点病,Pseudomonas syringae,灰黑色颗粒,Gray black particles,存在症状,ManifestAs
7304,烟草霜霉病,Peronospora tabacina,黄色圆形病斑,Yellow circular spots,存在症状,ManifestAs
7305,烟草霜霉病,Peronospora tabacina,蓝灰色霜霉层,Blue-gray downy mildew,存在症状,ManifestAs
7306,烟草霜霉病,Peronospora tabacina,斑块变为褐色,The patches turn brown,存在症状,ManifestAs
7307,烟草霜霉病,Peronospora tabacina,黄色条纹,Yellow Stripes,存在症状,ManifestAs
7308,烟草霜霉病,Peronospora tabacina,黄色圆斑,Yellow round spots,存在症状,ManifestAs
7309,烟草霜霉病,Peronospora tabacina,淡棕黄色或浅褐色坏死区,Light brown or light brown necrotic area,存在症状,ManifestAs
7310,烟草霜霉病,Peronospora tabacina,叶片皱缩,Leaf shrinkage,存在症状,ManifestAs
7311,烟草霜霉病,Peronospora tabacina,蓝灰色霉状物,Blue-gray mold,存在症状,ManifestAs
7312,烟草霜霉病,Peronospora tabacina,略带蓝色,Slightly blue,存在症状,ManifestAs
7313,烟草青枯病,Ralstonia solanacearum,是植株枯萎,The plant withers,存在症状,ManifestAs
7314,烟草青枯病,Ralstonia solanacearum,黑色条斑,Black streaks,存在症状,ManifestAs
7315,烟草青枯病,Ralstonia solanacearum,黄褐或黑褐色,Yellowish brown or dark brown,存在症状,ManifestAs
7316,烟草青枯病,Ralstonia solanacearum,黑色纵长条斑,Black vertical stripes,存在症状,ManifestAs
7317,烟草青枯病,Ralstonia solanacearum,叶片萎蔫,Leaf wilting,存在症状,ManifestAs
7318,烟草青枯病,Ralstonia solanacearum,乳白色的粘液,Milky white mucus,存在症状,ManifestAs
7319,烟草青枯病,Ralstonia solanacearum,髓部呈蜂窝状,Honeycomb-like medulla,存在症状,ManifestAs
7320,烟草野火病,Pseudomonas syringae,黑褐色水渍状小圆点,Dark brown water stains,存在症状,ManifestAs
7321,烟草野火病,Pseudomonas syringae,呈不规则的大斑,Large irregular spots,存在症状,ManifestAs
7322,烟草野火病,Pseudomonas syringae,叶片被毁,Blades destroyed,存在症状,ManifestAs
7323,烟草野火病,Pseudomonas syringae,幼苗腐烂倒伏,Seedling rot and lodging,存在症状,ManifestAs
7324,烟草野火病,Pseudomonas syringae,苍白柔弱,Pale and weak,存在症状,ManifestAs
7325,烟草野火病,Pseudomonas syringae,不规则小斑,Irregular small spots,存在症状,ManifestAs
7326,烟草野火病,Pseudomonas syringae,初呈水渍状,Initially water-stained,存在症状,ManifestAs
7327,烟草野火病,Pseudomonas syringae,茎上病斑下陷,The lesions on the stems are sunken,存在症状,ManifestAs
7328,烟草野火病,Pseudomonas syringae,黄晕不明显,The yellow halo is not obvious,存在症状,ManifestAs
7329,烟草角斑病,Pseudomonas syringae,不规则角状斑,Irregular angular spots,存在症状,ManifestAs
7330,烟草角斑病,Pseudomonas syringae,大片坏死,Large necrosis,存在症状,ManifestAs
7331,烟草角斑病,Pseudomonas syringae,叶片腐烂,Leaf rot,存在症状,ManifestAs
7332,烟草角斑病,Pseudomonas syringae,幼苗倒伏,Seedling lodging,存在症状,ManifestAs
7333,烟草角斑病,Pseudomonas syringae,呈多角状或不规则形,Polygonal or irregular shape,存在症状,ManifestAs
7334,烟草角斑病,Pseudomonas syringae,深褐色,Dark Brown,存在症状,ManifestAs
7335,烟草角斑病,Pseudomonas syringae,污白色,Dirty white,存在症状,ManifestAs
7336,烟草角斑病,Pseudomonas syringae,颜色深浅不同的云状轮纹,Cloud-like wheel patterns of different shades of color,存在症状,ManifestAs
7337,烟草角斑病,Pseudomonas syringae,不规则大斑,Irregular large spots,存在症状,ManifestAs
7338,烟草角斑病,Pseudomonas syringae,病斑呈水浸状,The lesions are water-soaked,存在症状,ManifestAs
7339,烟草角斑病,Pseudomonas syringae,不规则褐斑,Irregular brown spots,存在症状,ManifestAs
7340,烟草空胫病,Erwinia carotovora,茎基部变黑腐烂,Blackening and rotting of the stem base,存在症状,ManifestAs
7341,烟草空胫病,Erwinia carotovora,烟苗倒伏,Tobacco seedlings fall,存在症状,ManifestAs
7342,烟草空胫病,Erwinia carotovora,根部腐烂,Root rot,存在症状,ManifestAs
7343,烟草空胫病,Erwinia carotovora,髓部腐烂,Pith rot,存在症状,ManifestAs
7344,烟草空胫病,Erwinia carotovora,顶叶凋萎,Terminal leaf wilt,存在症状,ManifestAs
7345,烟草空胫病,Erwinia carotovora,叶片下垂或脱落,Leaves droop or fall off,存在症状,ManifestAs
7346,烟草空胫病,Erwinia carotovora,茎部变空,The stem becomes hollow,存在症状,ManifestAs
7347,烟草空胫病,Erwinia carotovora,暗绿色斑点,Dark green spots,存在症状,ManifestAs
7348,烟草马铃薯Y病毒病,Potato virus y,系统斑驳,System mottled,存在症状,ManifestAs
7349,烟草马铃薯Y病毒病,Potato virus y,小叶脉间颜色变淡,The color between the leaf veins becomes lighter,存在症状,ManifestAs
7350,烟草马铃薯Y病毒病,Potato virus y,呈绿色带状斑,Green banded spots,存在症状,ManifestAs
7351,烟草马铃薯Y病毒病,Potato virus y,根系坏死,Root necrosis,存在症状,ManifestAs
7352,烟草马铃薯Y病毒病,Potato virus y,白色至褐色小斑点,White to brown spots,存在症状,ManifestAs
7353,烟草马铃薯Y病毒病,Potato virus y,叶脉坏死,Vein necrosis,存在症状,ManifestAs
7354,烟草马铃薯Y病毒病,Potato virus y,闪电状蚀纹,Lightning Etching,存在症状,ManifestAs
7355,烟草蚀纹病毒病,Tobacco etch virus,呈褐白色线状蚀刻状,Brownish white linear etching,存在症状,ManifestAs
7356,烟草蚀纹病毒病,Tobacco etch virus,干枯条纹或坏死,Dry streaks or necrosis,存在症状,ManifestAs
7357,烟草蚀纹病毒病,Tobacco etch virus,隐症或轻微褪绿脉明,Hidden or mild chlorosis with clear veins,存在症状,ManifestAs
7358,烟草蚀纹病毒病,Tobacco etch virus,叶柄拉长,Petiole elongated,存在症状,ManifestAs
7359,烟草蚀纹病毒病,Tobacco etch virus,叶片变窄,Narrowing of the blades,存在症状,ManifestAs
7360,烟草环斑病毒病,Tobacco ringspot virus,褪绿斑,Chlorotic spots,存在症状,ManifestAs
7361,烟草环斑病毒病,Tobacco ringspot virus,同心坏,Same heart bad,存在症状,ManifestAs
7362,烟草环斑病毒病,Tobacco ringspot virus,周围有失,Lost around,存在症状,ManifestAs
7363,烟草环斑病毒病,Tobacco ringspot virus,叶脉上病斑,Vein spots,存在症状,ManifestAs
7364,烟草环斑病毒病,Tobacco ringspot virus,造成叶片断裂枯,Causes leaf breakage,存在症状,ManifestAs
7365,烟草环斑病毒病,Tobacco ringspot virus,病斑褐色条状,Brown streaks,存在症状,ManifestAs
7366,烟草环斑病毒病,Tobacco ringspot virus,下陷溃烂,Sinking and ulceration,存在症状,ManifestAs
7367,烟草环斑病毒病,Tobacco ringspot virus,同心可坏死环斑,Concentric necrotic ring spots,存在症状,ManifestAs
7368,烟草环斑病毒病,Tobacco ringspot virus,叶片变小变轻,The leaves become smaller and lighter,存在症状,ManifestAs
7369,烟草环斑病毒病,Tobacco ringspot virus,结实少或不结实,Little or no fruiting,存在症状,ManifestAs
7370,烟草普通花叶病毒病,Tobacco mosaic virus,成局部斑,Localized spots,存在症状,ManifestAs
7371,烟草普通花叶病毒病,Tobacco mosaic virus,枯死或失绿的环,Dead or chlorotic rings,存在症状,ManifestAs
7372,烟草普通花叶病毒病,Tobacco mosaic virus,叶片厚薄不均,Uneven leaf thickness,存在症状,ManifestAs
7373,烟草普通花叶病毒病,Tobacco mosaic virus,皱缩扭曲,Shrinkage and distortion,存在症状,ManifestAs
7374,烟草普通花叶病毒病,Tobacco mosaic virus,蒴果小而皱缩,Capsules are small and shrunken,存在症状,ManifestAs
7375,烟草普通花叶病毒病,Tobacco mosaic virus,即花叶灼,Huayezhu,存在症状,ManifestAs
7376,烟草黄瓜花叶病毒病,Cucumber mosaic virus,“脉明”,"""Mushroom""",存在症状,ManifestAs
7377,烟草黄瓜花叶病毒病,Cucumber mosaic virus,病叶变窄,Diseased leaves become narrower,存在症状,ManifestAs
7378,烟草黄瓜花叶病毒病,Cucumber mosaic virus,伸直呈拉紧状,Straighten and tighten,存在症状,ManifestAs
7379,烟草黄瓜花叶病毒病,Cucumber mosaic virus,叶表面茸毛稀少,Leaf surface hairs are sparse,存在症状,ManifestAs
7380,烟草黄瓜花叶病毒病,Cucumber mosaic virus,病叶粗糙,Diseased leaves are rough,存在症状,ManifestAs
7381,烟草黄瓜花叶病毒病,Cucumber mosaic virus,黄绿相间的斑驳或深黄色疱斑,Yellow-green mottled or dark yellow blisters,存在症状,ManifestAs
7382,烟草黄瓜花叶病毒病,Cucumber mosaic virus,对称的,Symmetrical,存在症状,ManifestAs
7383,烟草黄瓜花叶病毒病,Cucumber mosaic virus,深褐色的闪电状坏死斑纹,Dark brown lightning-shaped necrotic markings,存在症状,ManifestAs
7384,烟草黄瓜花叶病毒病,Cucumber mosaic virus,花叶灼斑,Leaf burn spot,存在症状,ManifestAs
7385,烟草甜菜曲顶病毒病,Geminivirus,叶缘向外反,Leaf margins turned outward,存在症状,ManifestAs
7386,烟草甜菜曲顶病毒病,Geminivirus,叶片浓,Leaf Concentrate,存在症状,ManifestAs
7387,烟草甜菜曲顶病毒病,Geminivirus,部叶片皱,Wrinkled leaves,存在症状,ManifestAs
7388,烟草甜菜曲顶病毒病,Geminivirus,叶脉生长受,Leaf vein growth,存在症状,ManifestAs
7389,烟草甜菜曲顶病毒病,Geminivirus,叶肉突起呈泡,Leaf flesh protrusions and bubbles,存在症状,ManifestAs
7390,烟草甜菜曲顶病毒病,Geminivirus,个叶片反卷呈钩状,The leaves are curled back into a hook shape,存在症状,ManifestAs
7391,烟草甜菜曲顶病毒病,Geminivirus,顶芽呈僵顶,The terminal bud is stiff,存在症状,ManifestAs
7392,烟草甜菜曲顶病毒病,Geminivirus,顶叶卷曲呈“菊花顶”状,The top leaves are curled up like a "chrysanthemum top",存在症状,ManifestAs
7393,烟草马铃薯X病毒病,Pvx,褪绿斑驳,Chlorotic mottled,存在症状,ManifestAs
7394,烟草马铃薯X病毒病,Pvx,上部叶畸形,Upper lobe deformity,存在症状,ManifestAs
7395,烟草马铃薯X病毒病,Pvx,叶缘呈锯齿,Serrated leaf margins,存在症状,ManifestAs
7396,烟草坏死病毒病,Tobacco necrosis virus,出现坏死,Necrosis,存在症状,ManifestAs
7397,烟草坏死病毒病,Tobacco necrosis virus,不规则形或圆形深褐色病斑,Irregular or round dark brown spots,存在症状,ManifestAs
7398,烟草坏死病毒病,Tobacco necrosis virus,形成较大枯死斑,Large dead spots,存在症状,ManifestAs
7399,烟草曲叶病毒病,Mollicutes phytoplasma,叶片向下卷曲,Leaves curl downward,存在症状,ManifestAs
7400,烟草曲叶病毒病,Mollicutes phytoplasma,叶背面叶脉增生,Hyperplasia of veins on the underside of leaves,存在症状,ManifestAs
7401,烟草曲叶病毒病,Mollicutes phytoplasma,耳状或杯状增生物,Ear-shaped or cup-shaped growths,存在症状,ManifestAs
7402,烟草曲叶病毒病,Mollicutes phytoplasma,叶脉呈墨绿色,Dark green veins,存在症状,ManifestAs
7403,烟草曲叶病毒病,Mollicutes phytoplasma,萼片皱缩,Sepals shrink,存在症状,ManifestAs
7404,烟草曲叶病毒病,Mollicutes phytoplasma,种子干瘪不实,Seeds are dry and unripe,存在症状,ManifestAs
7405,烟草曲叶病毒病,Mollicutes phytoplasma,曲叶症状,Leaf Curl Symptoms,存在症状,ManifestAs
7406,烟草立枯病,Rhizoctonia solani,茎基部缢缩或腐烂,Constriction or rot at the stem base,存在症状,ManifestAs
7407,烟草立枯病,Rhizoctonia solani,茎基部呈显著缢缩状,The base of the stem is constricted,存在症状,ManifestAs
7408,烟草立枯病,Rhizoctonia solani,黄褐色或黑褐色菌核,Yellow-brown or dark-brown sclerotia,存在症状,ManifestAs
7409,烟草黑胫病,Phytophthora parasitica,黑斑或褐斑,Dark or brown spots,存在症状,ManifestAs
7410,烟草黑胫病,Phytophthora parasitica,浓绿线条的暗绿色大斑纹,Large dark green stripes with thick green lines,存在症状,ManifestAs
7411,烟草黑胫病,Phytophthora parasitica,浓绿相间轮纹,Dark green wheel pattern,存在症状,ManifestAs
7412,烟草番茄斑萎病毒病,Tomato spotted wilt virus,坏死斑点,Necrotic spots,存在症状,ManifestAs
7413,烟草番茄斑萎病毒病,Tomato spotted wilt virus,黑色坏死和空洞,Black necrosis and cavitation,存在症状,ManifestAs
7414,烟草番茄斑萎病毒病,Tomato spotted wilt virus,顶芽萎垂或下弯,The terminal bud droops or bends downward,存在症状,ManifestAs
7415,烟草番茄斑萎病毒病,Tomato spotted wilt virus,不对称生长,Asymmetric growth,存在症状,ManifestAs
7416,烟草番茄斑萎病毒病,Tomato spotted wilt virus,叶片扭曲,Twisted blades,存在症状,ManifestAs
7417,烟草番茄斑萎病毒病,Tomato spotted wilt virus,皱折或萎蔫,Wrinkled or wilted,存在症状,ManifestAs
7418,烟草丛枝病,Mlo,烟叶失绿褪色成黄绿或淡黄色,Tobacco leaves lose their green color and fade to yellow-green or light yellow,存在症状,ManifestAs
7419,烟草丛枝病,Mlo,细小斑点或斑纹,Small spots or streaks,存在症状,ManifestAs
7420,烟草丛枝病,Mlo,叶色黄化,Yellowing of leaves,存在症状,ManifestAs
7421,烟草丛枝病,Mlo,皱缩畸形,Shrinkage Deformity,存在症状,ManifestAs
7422,烟草丛枝病,Mlo,叶柄变脆易断,Petioles become brittle and break easily,存在症状,ManifestAs
7423,烟草丛枝病,Mlo,叶片窄小下垂,Narrow and drooping leaves,存在症状,ManifestAs
7424,烟草丛枝病,Mlo,叶片多而小,Many small leaves,存在症状,ManifestAs
7425,烟草根结线虫病,Meloidogyne incognita,大小不等的瘤状突起,Tumor-like protrusions of varying sizes,存在症状,ManifestAs
7426,烟草根结线虫病,Meloidogyne incognita,乳白色透明小粒,Milky white transparent small particles,存在症状,ManifestAs
7427,烟草胞囊线虫病,Globodera tabacum,叶片皱缩,Leaf shrinkage,存在症状,ManifestAs
7428,烟草胞囊线虫病,Globodera tabacum,焦尖焦边,Focus tip and focus edge,存在症状,ManifestAs
7429,烟草胞囊线虫病,Globodera tabacum,叶片颜色深绿,Dark green leaf color,存在症状,ManifestAs
7430,烟草胞囊线虫病,Globodera tabacum,叶肉黄绿相间,Leaf flesh yellow and green,存在症状,ManifestAs
7431,烟草胞囊线虫病,Globodera tabacum,叶片发皱似老化,Leaves wrinkled and aging,存在症状,ManifestAs
7432,烟草胞囊线虫病,Globodera tabacum,枯斑圆形,Dry spots round,存在症状,ManifestAs
7433,烟草气候斑点病,Mycosphaerella tabacina,不定形的水渍状小斑,Irregular water-soaked spots,存在症状,ManifestAs
7434,烟草气候斑点病,Mycosphaerella tabacina,变为灰白或,Turns gray or,存在症状,ManifestAs
7435,烟草气候斑点病,Mycosphaerella tabacina,死边缘组织失绿,Chlorosis of dead edge tissue,存在症状,ManifestAs
7436,烟草气候斑点病,Mycosphaerella tabacina,叶片大面积枯死,Large area of leaf dieback,存在症状,ManifestAs
7437,烟草气候斑点病,Mycosphaerella tabacina,叶片脱落,Leaf shedding,存在症状,ManifestAs
7438,烟草气候斑点病,Mycosphaerella tabacina,黑点或灰色霉状物,Black spots or gray mold,存在症状,ManifestAs
7439,烟草剑叶病,Ralstonia solanacearum,幼叶边缘褪绿黄化,Young leaves turn chlorotic and yellow at the edges,存在症状,ManifestAs
7440,烟草剑叶病,Ralstonia solanacearum,叶脉都变为黄色,The leaf veins turn yellow,存在症状,ManifestAs
7441,烟草剑叶病,Ralstonia solanacearum,侧脉保持深绿色,The side veins remain dark green,存在症状,ManifestAs
7442,烟草剑叶病,Ralstonia solanacearum,呈网纹状,Reticulated,存在症状,ManifestAs
7443,烟草剑叶病,Ralstonia solanacearum,剑状或带状叶片,Sword-shaped or ribbon-shaped leaves,存在症状,ManifestAs
7444,烟草剑叶病,Ralstonia solanacearum,植株矮化,Plant dwarfing,存在症状,ManifestAs
7445,烟草剑叶病,Ralstonia solanacearum,叶片变黄化,Yellowing of leaves,存在症状,ManifestAs
7446,烟草剑叶病,Ralstonia solanacearum,根部略粗短,Slightly short roots,存在症状,ManifestAs
7447,烟草根褐腐线虫病,Meloidogyne incognita,无色水渍状,Colorless water stain,存在症状,ManifestAs
7448,菟丝子,Cuscuta,害株茎变细或弯,The stems of the affected plants become thinner or bent,存在症状,ManifestAs
7449,菟丝子,Cuscuta,植株低,Low plant,存在症状,ManifestAs
7450,菟丝子,Cuscuta,叶片小而,Small leaves,存在症状,ManifestAs
7451,烟粉虱,Bemisia tabaci,褪绿斑,Chlorotic spots,存在症状,ManifestAs
7452,烟粉虱,Bemisia tabaci,煤污病,Soil pollution,存在症状,ManifestAs
7453,烟实夜蛾,Helicoverpa assulta,成小孔洞或缺,Small holes or missing,存在症状,ManifestAs
7454,烟实夜蛾,Helicoverpa assulta,成上部幼,Upper part,存在症状,ManifestAs
7455,烟实夜蛾,Helicoverpa assulta,嫩叶枯死,Young leaves die,存在症状,ManifestAs
7456,烟草潜叶蛾,Phthorimaea operculella,成白色丝状弯曲的隧道,"A white, silky, curved tunnel",存在症状,ManifestAs
7457,烟草潜叶蛾,Phthorimaea operculella,透亮的大斑,Large translucent spots,存在症状,ManifestAs
7458,烟草蛀茎蛾,Scrobipalpa heliopa,顶叶簇生,Top leaf clusters,存在症状,ManifestAs
7459,烟草蛀茎蛾,Scrobipalpa heliopa,叶厚小,Thick leaves,存在症状,ManifestAs
7460,野蛞蝓,Deroceras reticulatum,成缺苗断垄,Missing seedlings and broken ridges,存在症状,ManifestAs
7461,棉铃虫,Helicoverpa armigera,成缺刻或孔,Notch or hole,存在症状,ManifestAs
7462,棉铃虫,Helicoverpa armigera,后苞叶张开变,After the bracts open,存在症状,ManifestAs
7463,棉铃虫,Helicoverpa armigera,近圆形,Nearly round,存在症状,ManifestAs
7464,棉铃虫,Helicoverpa armigera,赤褐色,Auburn,存在症状,ManifestAs
7465,甜菜夜蛾,Spodoptera exigua,成缺刻或孔,Notch or hole,存在症状,ManifestAs
7466,红棕灰夜蛾,Polia illoba,成缺刻或孔,Notch or hole,存在症状,ManifestAs
7467,棉小造桥虫,Anomis flava,成缺刻或孔,Notch or hole,存在症状,ManifestAs
7468,棉小造桥虫,Anomis flava,将叶片吃,Eat the leaves,存在症状,ManifestAs
7469,棉小造桥虫,Anomis flava,仅剩叶脉,Only leaf veins left,存在症状,ManifestAs
7470,棉小造桥虫,Anomis flava,表皮似筛孔状,Sieve-like epidermis,存在症状,ManifestAs
7471,棉小造桥虫,Anomis flava,缺刻或空洞,Notch or hole,存在症状,ManifestAs
7472,棉小造桥虫,Anomis flava,残缺不全的叶脉,Incomplete leaf veins,存在症状,ManifestAs
7473,棉褐带卷蛾,Adoxophyes orana,卷叶不呈喇叭状,The leaves are not trumpet-shaped,存在症状,ManifestAs
7474,棉褐带卷蛾,Adoxophyes orana,花蕾脱落,Buds falling off,存在症状,ManifestAs
7475,人纹污灯蛾,Spilarctia subcarnea,成缺刻或孔,Notch or hole,存在症状,ManifestAs
7476,烟草粉螟,Ephestia elutella,成不规则的孔,Irregular holes,存在症状,ManifestAs
7477,茄二十八星瓢虫,Henosepilachna vigintioctopunctata,害叶片仅留叶,Damage leaves only leaves left,存在症状,ManifestAs
7478,茄二十八星瓢虫,Henosepilachna vigintioctopunctata,多不规则透明的凹,Irregular transparent concave,存在症状,ManifestAs
7479,茄二十八星瓢虫,Henosepilachna vigintioctopunctata,为褐色斑,Brown spots,存在症状,ManifestAs
7480,茄二十八星瓢虫,Henosepilachna vigintioctopunctata,致叶片枯,Causes leaf blight,存在症状,ManifestAs
7481,茄二十八星瓢虫,Henosepilachna vigintioctopunctata,成许多凹,Into many concave,存在症状,ManifestAs
7482,烟青虫,Helicoverpa assulta,成小孔洞或缺,Small holes or missing,存在症状,ManifestAs
7483,烟青虫,Helicoverpa assulta,成上部幼,Upper part,存在症状,ManifestAs
7484,烟青虫,Helicoverpa assulta,嫩叶枯死,Young leaves die,存在症状,ManifestAs
7485,红缘灯蛾,Amsacta lactinea,成缺刻和孔,Notches and holes,存在症状,ManifestAs
7486,黄曲条跳甲,Phyllotreta striolata,成缺苗毁种,Lack of seedlings and destruction of seeds,存在症状,ManifestAs
7487,中华稻蝗,Oxya chinensis,白穗和秕谷,White ears and chaff,存在症状,ManifestAs
7488,花生黑斑病,Cercospora arachidicola,形暗褐色至黑,Dark brown to black,存在症状,ManifestAs
7489,花生黑斑病,Cercospora arachidicola,黄色晕圈,Yellow halo,存在症状,ManifestAs
7490,花生黑斑病,Cercospora arachidicola,不明显的淡黄色晕圈,Inconspicuous pale yellow halo,存在症状,ManifestAs
7491,花生黑斑病,Cercospora arachidicola,呈同心轮纹状,Concentric wheel pattern,存在症状,ManifestAs
7492,花生黑斑病,Cercospora arachidicola,灰褐色霉状物,Gray-brown mold,存在症状,ManifestAs
7493,花生黑斑病,Cercospora arachidicola,大量病斑,Lots of lesions,存在症状,ManifestAs
7494,花生黑斑病,Cercospora arachidicola,叶片干枯脱落,Leaves dry and fall off,存在症状,ManifestAs
7495,花生黑斑病,Cercospora arachidicola,病斑椭圆形,Lesion oval,存在症状,ManifestAs
7496,花生黑斑病,Cercospora arachidicola,黑褐色,Dark brown,存在症状,ManifestAs
7497,花生黑斑病,Cercospora arachidicola,不规则大斑,Irregular large spots,存在症状,ManifestAs
7498,花生黑斑病,Cercospora arachidicola,黑斑病病斑小,Black spot disease small spots,存在症状,ManifestAs
7499,花生锈病,Puccinia arachidis,针尖大小的疹状白斑,Pinpoint-sized rash,存在症状,ManifestAs
7500,花生锈病,Puccinia arachidis,叶背病斑变淡黄色,The spots on the back of the leaves turn light yellow,存在症状,ManifestAs
7501,花生锈病,Puccinia arachidis,铁锈色的粉末,Rusty powder,存在症状,ManifestAs
7502,花生锈病,Puccinia arachidis,狭窄的黄晕,Narrow yellow halo,存在症状,ManifestAs
7503,花生锈病,Puccinia arachidis,似火烧状,Burning,存在症状,ManifestAs
7504,花生锈病,Puccinia arachidis,果柄易断,Fruit stalks break easily,存在症状,ManifestAs
7505,花生疮痂病,Sphaceloma arachidis,木栓化疮痂状,corky scab,存在症状,ManifestAs
7506,花生疮痂病,Sphaceloma arachidis,橄榄色的薄霉层,Olive-colored thin mold layer,存在症状,ManifestAs
7507,花生疮痂病,Sphaceloma arachidis,疮痂状病斑,Scabies,存在症状,ManifestAs
7508,花生疮痂病,Sphaceloma arachidis,出的叶片扭曲畸形,The leaves are twisted and deformed,存在症状,ManifestAs
7509,花生疮痂病,Sphaceloma arachidis,褪绿色小斑点,Small green spots,存在症状,ManifestAs
7510,花生疮痂病,Sphaceloma arachidis,近圆形小斑点,Small nearly round spots,存在症状,ManifestAs
7511,花生疮痂病,Sphaceloma arachidis,淡黄褐,Light yellow brown,存在症状,ManifestAs
7512,花生疮痂病,Sphaceloma arachidis,边缘红褐,Reddish brown edge,存在症状,ManifestAs
7513,花生疮痂病,Sphaceloma arachidis,锈褐色,Rust brown,存在症状,ManifestAs
7514,花生疮痂病,Sphaceloma arachidis,表面呈木栓化粗糙,The surface is corky and rough,存在症状,ManifestAs
7515,花生疮痂病,Sphaceloma arachidis,全叶皱缩,Whole leaf shrinkage,存在症状,ManifestAs
7516,花生疮痂病,Sphaceloma arachidis,病斑卵圆形至短,Lesions oval to short,存在症状,ManifestAs
7517,花生疮痂病,Sphaceloma arachidis,中部下陷边,Middle sunken edge,存在症状,ManifestAs
7518,花生疮痂病,Sphaceloma arachidis,斑面龟裂,Surface cracking,存在症状,ManifestAs
7519,花生冠腐病,Aspergillus niger,果仁腐烂,Kernel rot,存在症状,ManifestAs
7520,花生冠腐病,Aspergillus niger,黑色霉状物,Black mold,存在症状,ManifestAs
7521,花生冠腐病,Aspergillus niger,呈黄褐至黑褐色,Yellowish brown to dark brown,存在症状,ManifestAs
7522,花生冠腐病,Aspergillus niger,表皮纵裂,Epidermal longitudinal fissure,存在症状,ManifestAs
7523,花生冠腐病,Aspergillus niger,呈干腐状,Dry rot,存在症状,ManifestAs
7524,花生冠腐病,Aspergillus niger,维管束变紫褐色,Vascular bundles turn purple-brown,存在症状,ManifestAs
7525,花生冠腐病,Aspergillus niger,黑色的霉状物,Black mold,存在症状,ManifestAs
7526,花生立枯病,Rhizoctonia solani,产生褐色凹陷,Produces brown depression,存在症状,ManifestAs
7527,花生立枯病,Rhizoctonia solani,根系腐烂,Root rot,存在症状,ManifestAs
7528,花生立枯病,Rhizoctonia solani,暗揭色病一斑,Secretly revealing a color disease,存在症状,ManifestAs
7529,花生立枯病,Rhizoctonia solani,叶片变黑褐色干枯卷缩,"Leaves turn dark brown, dry and curl up",存在症状,ManifestAs
7530,花生立枯病,Rhizoctonia solani,灰白色棉絮状菌,Grayish white cotton-like fungus,存在症状,ManifestAs
7531,花生立枯病,Rhizoctonia solani,灰褐色或黑褐色小颗粒菌核,Gray-brown or dark-brown small granular sclerotia,存在症状,ManifestAs
7532,花生立枯病,Rhizoctonia solani,底叶腐烂,Bottom leaf rot,存在症状,ManifestAs
7533,花生立枯病,Rhizoctonia solani,植株干枯死亡,Plants dry up and die,存在症状,ManifestAs
7534,花生炭疽病,Colletotrichum truncatum,褐色或暗褐色,Brown or dark brown,存在症状,ManifestAs
7535,花生炭疽病,Colletotrichum truncatum,长椭圆形或不规则形,Long oval or irregular shape,存在症状,ManifestAs
7536,花生炭疽病,Colletotrichum truncatum,不明显轮纹,No obvious wheel pattern,存在症状,ManifestAs
7537,花生炭疽病,Colletotrichum truncatum,边缘浅黄褐色,Edge light brown,存在症状,ManifestAs
7538,花生焦斑病,Cercospora arachidicola,病斑呈楔形或半圆形,Lesions are wedge-shaped or semicircular,存在症状,ManifestAs
7539,花生焦斑病,Cercospora arachidicola,褪绿渐变黄,Fading green to yellow,存在症状,ManifestAs
7540,花生焦斑病,Cercospora arachidicola,边缘深褐色,Dark brown edge,存在症状,ManifestAs
7541,花生焦斑病,Cercospora arachidicola,黄色晕圈,Yellow halo,存在症状,ManifestAs
7542,花生焦斑病,Cercospora arachidicola,枯死破裂,Dead and cracked,存在症状,ManifestAs
7543,花生焦斑病,Cercospora arachidicola,近圆形褐斑,Nearly circular brown spots,存在症状,ManifestAs
7544,花生焦斑病,Cercospora arachidicola,明显胡麻斑状,Obvious sesame spots,存在症状,ManifestAs
7545,花生焦斑病,Cercospora arachidicola,黑斑,Dark spots,存在症状,ManifestAs
7546,花生焦斑病,Cercospora arachidicola,圆形或不定形黑褐色小渍状大斑块,Round or irregular dark brown spots,存在症状,ManifestAs
7547,花生焦斑病,Cercospora arachidicola,全叶枯死,All leaves die,存在症状,ManifestAs
7548,花生焦斑病,Cercospora arachidicola,变黑褐色,Turn dark brown,存在症状,ManifestAs
7549,花生焦斑病,Cercospora arachidicola,病斑呈不规则形,Irregular lesions,存在症状,ManifestAs
7550,花生焦斑病,Cercospora arachidicola,浅褐色,Light brown,存在症状,ManifestAs
7551,花生焦斑病,Cercospora arachidicola,水渍状,Water stain,存在症状,ManifestAs
7552,花生焦斑病,Cercospora arachidicola,上生小黑点,Black spots on the upper,存在症状,ManifestAs
7553,花生茎腐病,Sclerotium rolfsii,子叶变黑腐烂,Cotyledons turn black and rot,存在症状,ManifestAs
7554,花生茎腐病,Sclerotium rolfsii,黄褐色水债状,Brown water debt,存在症状,ManifestAs
7555,花生茎腐病,Sclerotium rolfsii,黑褐色病斑,Dark brown spots,存在症状,ManifestAs
7556,花生茎腐病,Sclerotium rolfsii,地上部萎蔫枯死,The aboveground part wilts and dies,存在症状,ManifestAs
7557,花生茎腐病,Sclerotium rolfsii,髓部干枯中空,Dry and hollow pith,存在症状,ManifestAs
7558,花生茎腐病,Sclerotium rolfsii,黄褐色水渍状略凹陷的病斑,"Yellowish brown water-soaked, slightly sunken spots",存在症状,ManifestAs
7559,花生茎腐病,Sclerotium rolfsii,髓呈褐色干腐状,The pith is brown and dry,存在症状,ManifestAs
7560,花生根腐病,Fusarium proliferatum,主根变褐色,Taproot turns brown,存在症状,ManifestAs
7561,花生根腐病,Fusarium proliferatum,植株矮小枯萎,Plants are stunted and withered,存在症状,ManifestAs
7562,花生根腐病,Fusarium proliferatum,暂时萎蔫,Temporary wilting,存在症状,ManifestAs
7563,花生根腐病,Fusarium proliferatum,叶片失水褪绿,Leaves lose water and turn green,存在症状,ManifestAs
7564,花生根腐病,Fusarium proliferatum,叶柄下垂,Petiole drooping,存在症状,ManifestAs
7565,花生根腐病,Fusarium proliferatum,稍凹陷的长条形褐色病斑,"Slightly sunken, long, brown spots",存在症状,ManifestAs
7566,花生根腐病,Fusarium proliferatum,根端呈湿腐状,Wet rot at the root end,存在症状,ManifestAs
7567,花生根腐病,Fusarium proliferatum,皮层变褐腐烂,The cortex turns brown and rots,存在症状,ManifestAs
7568,花生根腐病,Fusarium proliferatum,叶片变黄,Yellowing of leaves,存在症状,ManifestAs
7569,花生根腐病,Fusarium proliferatum,开花结果少,Few flowers and fruits,存在症状,ManifestAs
7570,花生根腐病,Fusarium proliferatum,荚果腐烂,Pod rot,存在症状,ManifestAs
7571,花生灰霉病,Botrytis cinerea,水渍状病斑,Water-soaked spots,存在症状,ManifestAs
7572,花生菌核病,Sclerotinia sclerotiorum,病斑暗褐色,Lesions dark brown,存在症状,ManifestAs
7573,花生菌核病,Sclerotinia sclerotiorum,近圆形,Nearly round,存在症状,ManifestAs
7574,花生菌核病,Sclerotinia sclerotiorum,病斑呈水渍状软化腐烂,"The lesions are water-soaked, softened and rotten",存在症状,ManifestAs
7575,花生菌核病,Sclerotinia sclerotiorum,病斑初为褐色,The lesions are initially brown,存在症状,ManifestAs
7576,花生菌核病,Sclerotinia sclerotiorum,茎秆软腐,Stem soft rot,存在症状,ManifestAs
7577,花生菌核病,Sclerotinia sclerotiorum,植株萎蔫枯死,Plants wilt and die,存在症状,ManifestAs
7578,花生菌核病,Sclerotinia sclerotiorum,灰褐色绒毛状霉状物,Gray-brown fuzzy mold,存在症状,ManifestAs
7579,花生菌核病,Sclerotinia sclerotiorum,灰白色粉状物,Off-white powder,存在症状,ManifestAs
7580,花生菌核病,Sclerotinia sclerotiorum,白色菌丝体,White mycelium,存在症状,ManifestAs
7581,花生菌核病,Sclerotinia sclerotiorum,子粒腐败或干缩,Seed rot or shrinkage,存在症状,ManifestAs
7582,花生白绢病,Sclerotium rolfsii,茎基部变褐软腐,The base of the stem turns brown and soft,存在症状,ManifestAs
7583,花生白绢病,Sclerotium rolfsii,云纹状病斑,Moire-like lesions,存在症状,ManifestAs
7584,花生白绢病,Sclerotium rolfsii,白色绢丝状的菌丝体,White silky mycelium,存在症状,ManifestAs
7585,花生白绢病,Sclerotium rolfsii,茎基部变褐,Browning of stem base,存在症状,ManifestAs
7586,花生白绢病,Sclerotium rolfsii,白色绢丝状菌丝,White silky hyphae,存在症状,ManifestAs
7587,花生白绢病,Sclerotium rolfsii,叶片变黄,Yellowing of leaves,存在症状,ManifestAs
7588,花生白绢病,Sclerotium rolfsii,边缘焦枯,Edge burn,存在症状,ManifestAs
7589,花生白绢病,Sclerotium rolfsii,皮层脱落,Skin shedding,存在症状,ManifestAs
7590,花生白绢病,Sclerotium rolfsii,呈湿腐状腐烂,Wet rot,存在症状,ManifestAs
7591,花生紫纹羽病,Helicobasidium mompa,白色根状菌索,White rhizomes,存在症状,ManifestAs
7592,花生紫纹羽病,Helicobasidium mompa,紫红色的绒状子实体,Purple-red velvety fruiting body,存在症状,ManifestAs
7593,花生紫纹羽病,Helicobasidium mompa,全株枯死,The whole plant died,存在症状,ManifestAs
7594,花生网斑病,Phoma arachidicola,黑褐色病斑,Dark brown spots,存在症状,ManifestAs
7595,花生网斑病,Phoma arachidicola,不规则,irregular,存在症状,ManifestAs
7596,花生网斑病,Phoma arachidicola,边缘不清楚,The edge is not clear,存在症状,ManifestAs
7597,花生网斑病,Phoma arachidicola,呈白色放射状,White radiant,存在症状,ManifestAs
7598,花生网斑病,Phoma arachidicola,针状褐色小点,Needle-shaped brown spots,存在症状,ManifestAs
7599,花生网斑病,Phoma arachidicola,深褐色污斑,Dark brown stains,存在症状,ManifestAs
7600,花生网斑病,Phoma arachidicola,明显的褪绿斑,Obvious chlorosis,存在症状,ManifestAs
7601,花生网斑病,Phoma arachidicola,黑色小粒点,Black small dots,存在症状,ManifestAs
7602,花生网斑病,Phoma arachidicola,初生褐色小点,Newborn brown spots,存在症状,ManifestAs
7603,花生网斑病,Phoma arachidicola,长条形或椭圆形病斑,Long or oval lesions,存在症状,ManifestAs
7604,花生网斑病,Phoma arachidicola,中央稍凹陷,Slightly concave in the center,存在症状,ManifestAs
7605,花生网斑病,Phoma arachidicola,茎叶枯死,Stem and leaf death,存在症状,ManifestAs
7606,花生网斑病,Phoma arachidicola,不明显的褐色小点,Inconspicuous brown spots,存在症状,ManifestAs
7607,花生青枯病,Ralstonia solanacearum,主根根尖变褐软腐,The taproot tip turns brown and becomes soft,存在症状,ManifestAs
7608,花生青枯病,Ralstonia solanacearum,根瘤墨绿色,Nodule dark green,存在症状,ManifestAs
7609,花生青枯病,Ralstonia solanacearum,导管变浅褐色,The tube turns light brown,存在症状,ManifestAs
7610,花生青枯病,Ralstonia solanacearum,浑浊的白色细菌脓液,Turbid white bacterial pus,存在症状,ManifestAs
7611,花生青枯病,Ralstonia solanacearum,荚果呈黑褐色湿腐状,The pods are dark brown and wet and rotten,存在症状,ManifestAs
7612,花生青枯病,Ralstonia solanacearum,萎叶色,Betel color,存在症状,ManifestAs
7613,花生青枯病,Ralstonia solanacearum,淡呈,Light,存在症状,ManifestAs
7614,花生丛枝病,Mlo (mycoplasma-like organism),节间短缩,Internode shortening,存在症状,ManifestAs
7615,花生丛枝病,Mlo (mycoplasma-like organism),叶片变小变厚,The leaves become smaller and thicker,存在症状,ManifestAs
7616,花生丛枝病,Mlo (mycoplasma-like organism),色深质脆,Deep color and crisp texture,存在症状,ManifestAs
7617,花生丛枝病,Mlo (mycoplasma-like organism),秤钩状,Scale hook,存在症状,ManifestAs
7618,花生丛枝病,Mlo (mycoplasma-like organism),根部萎缩,Root shrinkage,存在症状,ManifestAs
7619,花生条纹病毒病,Cucumber mosaic virus,清晰的褪绿斑和环斑,Clear chlorotic spots and ring spots,存在症状,ManifestAs
7620,花生条纹病毒病,Cucumber mosaic virus,浅绿与绿色相间的轻斑驳状,Light green and green mottled,存在症状,ManifestAs
7621,花生条纹病毒病,Cucumber mosaic virus,断续的绿色条纹,Intermittent green stripes,存在症状,ManifestAs
7622,花生条纹病毒病,Cucumber mosaic virus,叶片不明显变小,The leaves are not noticeably smaller,存在症状,ManifestAs
7623,花生黄花叶病毒病,Cmv,褪绿黄斑,Chlorocyanosis,存在症状,ManifestAs
7624,花生黄花叶病毒病,Cmv,叶片卷曲,Leaf curling,存在症状,ManifestAs
7625,花生黄花叶病毒病,Cmv,黄绿相间的黄花叶,Yellow and green leaves,存在症状,ManifestAs
7626,花生黄花叶病毒病,Cmv,网状明脉,Reticular veins,存在症状,ManifestAs
7627,花生普通花叶病,Cucumber mosaic virus,侧脉明显变淡,The lateral veins are obviously weakened,存在症状,ManifestAs
7628,花生普通花叶病,Cucumber mosaic virus,变宽或褪绿斑,Widening or chlorotic spots,存在症状,ManifestAs
7629,花生普通花叶病,Cucumber mosaic virus,浅绿与绿色相间普通花,Light green and green common flowers,存在症状,ManifestAs
7630,花生普通花叶病,Cucumber mosaic virus,辐射状绿色小条纹和斑点,Radiating green stripes and spots,存在症状,ManifestAs
7631,花生普通花叶病,Cucumber mosaic virus,叶片变窄变小,The leaves become narrower and smaller,存在症状,ManifestAs
7632,花生普通花叶病,Cucumber mosaic virus,叶缘波状扭曲,Wavy and twisted leaf edges,存在症状,ManifestAs
7633,花生芽枯病毒病,Cmv,坏死的褪绿黄斑或环斑,Necrotic chlorotic yellow spots or ring spots,存在症状,ManifestAs
7634,花生芽枯病毒病,Cmv,叶片坏死,Leaf necrosis,存在症状,ManifestAs
7635,花生根结线虫病,Meloidogyne arenaria,不规则形根结,Irregular root knot,存在症状,ManifestAs
7636,花生根结线虫病,Meloidogyne arenaria,纺锤状或不规则的虫瘿,Spindle-shaped or irregular galls,存在症状,ManifestAs
7637,花生根结线虫病,Meloidogyne arenaria,乱发似的须根团,Messy hair-like root mass,存在症状,ManifestAs
7638,花生根结线虫病,Meloidogyne arenaria,呈褐色疮痂状突起,Brown scab-like protrusions,存在症状,ManifestAs
7639,花生根结线虫病,Meloidogyne arenaria,乳白色略带透明状,Milky white slightly transparent,存在症状,ManifestAs
7640,花生根结线虫病,Meloidogyne arenaria,叶片黄化瘦小,Yellowing and thin leaves,存在症状,ManifestAs
7641,花生根结线虫病,Meloidogyne arenaria,叶片焦灼,Leaf Scorch,存在症状,ManifestAs
7642,花生根结线虫病,Meloidogyne arenaria,萎黄不长,Yellowing and not growing,存在症状,ManifestAs
7643,花生根结线虫病,Meloidogyne arenaria,呈不规则状,Irregular,存在症状,ManifestAs
7644,花生根结线虫病,Meloidogyne arenaria,圆形或椭圆形,Round or oval,存在症状,ManifestAs
7645,花生根结线虫病,Meloidogyne arenaria,红色或绿色汁液,Red or green juice,存在症状,ManifestAs
7646,花生缺素症,Peanut nutrient deficiency syndrome,叶片浅黄且狭小,Light yellow and small leaves,存在症状,ManifestAs
7647,花生缺素症,Peanut nutrient deficiency syndrome,茎部发红,Redness of the stem,存在症状,ManifestAs
7648,花生缺素症,Peanut nutrient deficiency syndrome,根瘤少,Less nodules,存在症状,ManifestAs
7649,花生缺素症,Peanut nutrient deficiency syndrome,叶色暗绿,Dark green leaves,存在症状,ManifestAs
7650,花生缺素症,Peanut nutrient deficiency syndrome,茎秆细瘦,Thin stems,存在症状,ManifestAs
7651,花生缺素症,Peanut nutrient deficiency syndrome,颜色发紫,Purple color,存在症状,ManifestAs
7652,花生缺素症,Peanut nutrient deficiency syndrome,荚果发育不良,Poor pod development,存在症状,ManifestAs
7653,花生缺素症,Peanut nutrient deficiency syndrome,叶尖现黄斑,Yellow spots on leaf tips,存在症状,ManifestAs
7654,花生缺素症,Peanut nutrient deficiency syndrome,浅棕色黑斑,Light brown spots,存在症状,ManifestAs
7655,花生缺素症,Peanut nutrient deficiency syndrome,叶缘组织焦枯,Leaf margin tissue scorch,存在症状,ManifestAs
7656,花生缺素症,Peanut nutrient deficiency syndrome,叶脉仍保持绿色,The veins remain green,存在症状,ManifestAs
7657,花生缺素症,Peanut nutrient deficiency syndrome,叶片易失水卷曲,Leaves are prone to water loss and curling,存在症状,ManifestAs
7658,花生缺素症,Peanut nutrient deficiency syndrome,荚果少或畸形,Few or deformed pods,存在症状,ManifestAs
7659,花生缺素症,Peanut nutrient deficiency syndrome,叶肉失绿,Chlorosis,存在症状,ManifestAs
7660,花生缺素症,Peanut nutrient deficiency syndrome,叶脉也褪绿,The leaf veins also turn green,存在症状,ManifestAs
7661,花生缺素症,Peanut nutrient deficiency syndrome,叶脉间呈灰黄色,Grayish yellow between leaf veins,存在症状,ManifestAs
7662,花生缺素症,Peanut nutrient deficiency syndrome,叶面失绿,Chlorosis of leaves,存在症状,ManifestAs
7663,花生缺素症,Peanut nutrient deficiency syndrome,叶柄断落,Petiole breakage,存在症状,ManifestAs
7664,花生缺素症,Peanut nutrient deficiency syndrome,生长点萎蔫死亡,The growing point wilts and dies,存在症状,ManifestAs
7665,花生缺素症,Peanut nutrient deficiency syndrome,根不分化,Undifferentiated roots,存在症状,ManifestAs
7666,花生缺素症,Peanut nutrient deficiency syndrome,叶脉间失绿,Interveinal chlorosis,存在症状,ManifestAs
7667,花生缺素症,Peanut nutrient deficiency syndrome,茎秆矮化,Stem dwarfing,存在症状,ManifestAs
7668,花生缺素症,Peanut nutrient deficiency syndrome,叶片先黄化,Leaves turn yellow first,存在症状,ManifestAs
7669,花生缺素症,Peanut nutrient deficiency syndrome,籽仁“空心”,Hollow kernel,存在症状,ManifestAs
7670,花生蚜,Aphis craccivora,叶片严重卷缩,Severe leaf curling,存在症状,ManifestAs
7671,花生蚜,Aphis craccivora,植株矮小,Short plant,存在症状,ManifestAs
7672,花生蚜,Aphis craccivora,花生茎叶变黑,Peanut stems and leaves turn black,存在症状,ManifestAs
7673,稀点雪灯蛾,Operophtera brumata,残留表皮和叶脉,Remaining epidermis and leaf veins,存在症状,ManifestAs
7674,花生蚀叶野螟,Spodoptera litura,只剩叶脉,Only the leaf veins remain,存在症状,ManifestAs
7675,短额负蝗,Atractomorpha sinensis,缺刻和孔洞,Nicks and holes,存在症状,ManifestAs
7676,朱砂叶螨,Tetranychus cinnabarinus,叶片干枯脱落,Leaves dry and fall off,存在症状,ManifestAs
7677,灰地种蝇,Delia platura,腐烂死亡,Decay and death,存在症状,ManifestAs
7678,油菜黑胫病,Phoma lingam,灰白色枯斑,Grayish white spots,存在症状,ManifestAs
7679,油菜黑胫病,Phoma lingam,不规则形淡褐色斑,Irregular light brown spots,存在症状,ManifestAs
7680,油菜黑胫病,Phoma lingam,须根腐朽,Root decay,存在症状,ManifestAs
7681,油菜黑胫病,Phoma lingam,根颈折断而死,Death due to broken root neck,存在症状,ManifestAs
7682,油菜黑胫病,Phoma lingam,病斑圆形或不规则形,Lesions are round or irregular,存在症状,ManifestAs
7683,油菜黑胫病,Phoma lingam,中部灰白色,Middle grayish white,存在症状,ManifestAs
7684,油菜黑胫病,Phoma lingam,病斑初呈灰白色,The lesions are initially grayish white,存在症状,ManifestAs
7685,油菜黑胫病,Phoma lingam,变白皱缩,Whitening and shrinking,存在症状,ManifestAs
7686,油菜猝倒病,Pythium aphanidermatum,水渍状病斑,Water-soaked spots,存在症状,ManifestAs
7687,油菜猝倒病,Pythium aphanidermatum,褐色斑点,Brown spots,存在症状,ManifestAs
7688,油菜猝倒病,Pythium aphanidermatum,白色棉絮状物,White cotton-like substance,存在症状,ManifestAs
7689,油菜立枯病,Rhizoctonia solani,黑色凹陷病斑,Black sunken spots,存在症状,ManifestAs
7690,油菜立枯病,Rhizoctonia solani,淡褐色蛛丝状菌丝,Light brown spider-like hyphae,存在症状,ManifestAs
7691,油菜立枯病,Rhizoctonia solani,病叶萎垂发黄,Diseased leaves wilt and turn yellow,存在症状,ManifestAs
7692,油菜立枯病,Rhizoctonia solani,褐色病斑,Brown spots,存在症状,ManifestAs
7693,油菜立枯病,Rhizoctonia solani,根茎部细缢,Root and rhizome constriction,存在症状,ManifestAs
7694,油菜立枯病,Rhizoctonia solani,病苗折倒,Diseased seedlings fall down,存在症状,ManifestAs
7695,油菜立枯病,Rhizoctonia solani,均有灰黑色凹,There are gray-black concave,存在症状,ManifestAs
7696,油菜菌核病,Sclerotinia sclerotiorum,红褐色斑点,Reddish brown spots,存在症状,ManifestAs
7697,油菜菌核病,Sclerotinia sclerotiorum,白色菌丝,White mycelium,存在症状,ManifestAs
7698,油菜菌核病,Sclerotinia sclerotiorum,黑色菌核,Black Sclerotium,存在症状,ManifestAs
7699,油菜菌核病,Sclerotinia sclerotiorum,水渍状暗色斑块,Dark water-stained patches,存在症状,ManifestAs
7700,油菜菌核病,Sclerotinia sclerotiorum,圆形或不规则形大斑,Round or irregular shaped spots,存在症状,ManifestAs
7701,油菜菌核病,Sclerotinia sclerotiorum,病斑灰褐色或黄褐色,Lesions are gray-brown or yellow-brown,存在症状,ManifestAs
7702,油菜菌核病,Sclerotinia sclerotiorum,具同心轮纹,Concentric wheel pattern,存在症状,ManifestAs
7703,油菜菌核病,Sclerotinia sclerotiorum,边缘暗青色,Dark cyan edge,存在症状,ManifestAs
7704,油菜菌核病,Sclerotinia sclerotiorum,外缘具黄晕,Yellow halo on outer edge,存在症状,ManifestAs
7705,油菜菌核病,Sclerotinia sclerotiorum,全叶腐烂,Whole leaf rot,存在症状,ManifestAs
7706,油菜菌核病,Sclerotinia sclerotiorum,淡褐色椭圆形水渍状病斑,Light brown oval water-soaked spots,存在症状,ManifestAs
7707,油菜菌核病,Sclerotinia sclerotiorum,长椭圆形,Long oval,存在症状,ManifestAs
7708,油菜菌核病,Sclerotinia sclerotiorum,病斑略凹陷,The lesion is slightly sunken,存在症状,ManifestAs
7709,油菜菌核病,Sclerotinia sclerotiorum,中部白色,Central white,存在症状,ManifestAs
7710,油菜菌核病,Sclerotinia sclerotiorum,边缘褐色,Edge brown,存在症状,ManifestAs
7711,油菜菌核病,Sclerotinia sclerotiorum,同心轮纹,Concentric wheel pattern,存在症状,ManifestAs
7712,油菜菌核病,Sclerotinia sclerotiorum,白色絮状菌丝,White flocculent hyphae,存在症状,ManifestAs
7713,油菜菌核病,Sclerotinia sclerotiorum,黑色鼠粪状的菌核,Black rat droppings-like sclerotia,存在症状,ManifestAs
7714,油菜菌核病,Sclerotinia sclerotiorum,不规则形白色病斑,Irregular white spots,存在症状,ManifestAs
7715,油菜菌核病,Sclerotinia sclerotiorum,表面粗糙,Rough surface,存在症状,ManifestAs
7716,油菜菌核病,Sclerotinia sclerotiorum,灰白色无光泽,"Grayish white, dull",存在症状,ManifestAs
7717,油菜菌核病,Sclerotinia sclerotiorum,不规则形秕粒,Irregular grains,存在症状,ManifestAs
7718,油菜霜霉病,Peronospora parasitica,浅绿色小斑点,Light green spots,存在症状,ManifestAs
7719,油菜霜霉病,Peronospora parasitica,黄色斑块,Yellow patches,存在症状,ManifestAs
7720,油菜霜霉病,Peronospora parasitica,呈不规则形,Irregular shape,存在症状,ManifestAs
7721,油菜霜霉病,Peronospora parasitica,白色霜状霉层,White frost mildew,存在症状,ManifestAs
7722,油菜霜霉病,Peronospora parasitica,全叶变褐枯死,The leaves turn brown and die,存在症状,ManifestAs
7723,油菜霜霉病,Peronospora parasitica,褪绿斑点,Chlorotic spots,存在症状,ManifestAs
7724,油菜霜霉病,Peronospora parasitica,呈不规则形黄褐色斑块,Irregular yellow-brown patches,存在症状,ManifestAs
7725,油菜霜霉病,Peronospora parasitica,花色变深,Flower color darkens,存在症状,ManifestAs
7726,油菜霜霉病,Peronospora parasitica,顶部肿大弯曲,Top swelling and curvature,存在症状,ManifestAs
7727,油菜霜霉病,Peronospora parasitica,呈“龙头拐”状,It is shaped like a dragon head.,存在症状,ManifestAs
7728,油菜霜霉病,Peronospora parasitica,花瓣肥厚变绿,Petals become thick and green,存在症状,ManifestAs
7729,油菜霜霉病,Peronospora parasitica,白色霜霉状物,White downy mildew,存在症状,ManifestAs
7730,油菜霜霉病,Peronospora parasitica,变褐萎缩,Browning and shrinking,存在症状,ManifestAs
7731,油菜霜霉病,Peronospora parasitica,密布霜状霉层,Frosty mildew layer,存在症状,ManifestAs
7732,油菜霜霉病,Peronospora parasitica,整株呈褐色枯死状,The whole plant is brown and dead,存在症状,ManifestAs
7733,油菜霜霉病,Peronospora parasitica,满布霜霉,Downy mildew,存在症状,ManifestAs
7734,油菜白锈病,Albugo candida,面生淡绿色小,Small pale green,存在症状,ManifestAs
7735,油菜白锈病,Albugo candida,后渐变黄呈圆形,Later it gradually turns yellow and becomes round,存在症状,ManifestAs
7736,油菜白锈病,Albugo candida,长出白色漆状疱,White lacquer blisters,存在症状,ManifestAs
7737,油菜白锈病,Albugo candida,白色疱斑,White herpes,存在症状,ManifestAs
7738,油菜白锈病,Albugo candida,叶片枯黄脱落,Leaves turn yellow and fall off,存在症状,ManifestAs
7739,油菜白锈病,Albugo candida,梗：花梗受害后,Peduncle: After the peduncle is damaged,存在症状,ManifestAs
7740,油菜白锈病,Albugo candida,大、弯曲呈“龙头”状,"Large, curved and shaped like a dragon head",存在症状,ManifestAs
7741,油菜白锈病,Albugo candida,后花瓣肥厚,Thick petals at the back,存在症状,ManifestAs
7742,油菜白锈病,Albugo candida,且多呈长条形或短条状,And mostly in long or short strips,存在症状,ManifestAs
7743,油菜白斑病,Cercosporella brassicae,灰褐色或黄白色圆形小斑点,Gray-brown or yellow-white round spots,存在症状,ManifestAs
7744,油菜白斑病,Cercosporella brassicae,多角形或不规则形大斑,Polygonal or irregular large spots,存在症状,ManifestAs
7745,油菜白斑病,Cercosporella brassicae,黄色周围浓绿,Yellow surrounded by dark green,存在症状,ManifestAs
7746,油菜白斑病,Cercosporella brassicae,病斑白色,White spots,存在症状,ManifestAs
7747,油菜白斑病,Cercosporella brassicae,病部稍凹陷变薄,The affected area is slightly sunken and thinned,存在症状,ManifestAs
7748,油菜白斑病,Cercosporella brassicae,浅灰色霉状物,Light gray mold,存在症状,ManifestAs
7749,油菜白斑病,Cercosporella brassicae,叶片枯死,Leaf death,存在症状,ManifestAs
7750,油菜炭疽病,Colletotrichum destructivum,苍白色或褪绿水浸状小斑点,Pale or chlorotic water-soaked spots,存在症状,ManifestAs
7751,油菜炭疽病,Colletotrichum destructivum,大小的圆形至长圆形病,Round to oblong in size,存在症状,ManifestAs
7752,油菜炭疽病,Colletotrichum destructivum,边缘紫褐色,Edge purple brown,存在症状,ManifestAs
7753,油菜炭疽病,Colletotrichum destructivum,斑点呈长椭圆形或纺锤形,The spots are oblong or spindle-shaped,存在症状,ManifestAs
7754,油菜炭疽病,Colletotrichum destructivum,淡褐色至灰褐色,Light brown to grayish brown,存在症状,ManifestAs
7755,油菜炭疽病,Colletotrichum destructivum,红色粘质物,Red slime,存在症状,ManifestAs
7756,油菜黑斑病,Alternaria brassicae,黑褐色小斑点,Dark brown spots,存在症状,ManifestAs
7757,油菜黑斑病,Alternaria brassicae,灰褐色或黑褐色隆起小斑,Gray-brown or dark-brown raised spots,存在症状,ManifestAs
7758,油菜黑斑病,Alternaria brassicae,有明显的同心,There is obvious concentricity,存在症状,ManifestAs
7759,油菜黑斑病,Alternaria brassicae,围有黄白色晕圈,Surrounded by a yellow-white halo,存在症状,ManifestAs
7760,油菜黑斑病,Alternaria brassicae,黑色霉状物,Black mold,存在症状,ManifestAs
7761,油菜黑斑病,Alternaria brassicae,病斑椭圆形至梭形,Lesions are oval to spindle-shaped,存在症状,ManifestAs
7762,油菜黑斑病,Alternaria brassicae,黑褐色,Dark brown,存在症状,ManifestAs
7763,油菜白粉病,Erysiphe cruciferarum,白粉状霉斑,White powdery mildew,存在症状,ManifestAs
7764,油菜白粉病,Erysiphe cruciferarum,叶片褪绿黄化早枯,"Leaves turn green, yellow and wither early",存在症状,ManifestAs
7765,油菜白粉病,Erysiphe cruciferarum,植株畸形,Plant deformity,存在症状,ManifestAs
7766,油菜白粉病,Erysiphe cruciferarum,花器异常,Abnormal flower,存在症状,ManifestAs
7767,油菜枯萎病,Fusarium oxysporum,褐色或黄褐色病斑,Brown or yellowish brown spots,存在症状,ManifestAs
7768,油菜枯萎病,Fusarium oxysporum,卷曲至枯死,Curl to death,存在症状,ManifestAs
7769,油菜枯萎病,Fusarium oxysporum,隆起的和沟状的长斑,Raised and grooved spots,存在症状,ManifestAs
7770,油菜枯萎病,Fusarium oxysporum,植株矮化,Plant dwarfing,存在症状,ManifestAs
7771,油菜根肿病,Plasmodiophora brassicae,根部肿大,Root swelling,存在症状,ManifestAs
7772,油菜根肿病,Plasmodiophora brassicae,植株矮化,Plant dwarfing,存在症状,ManifestAs
7773,油菜根肿病,Plasmodiophora brassicae,呈纺锤形或不规则畸形,Spindle-shaped or irregular,存在症状,ManifestAs
7774,油菜根肿病,Plasmodiophora brassicae,表面光滑,Smooth surface,存在症状,ManifestAs
7775,油菜根肿病,Plasmodiophora brassicae,颜色变褐,Color turns brown,存在症状,ManifestAs
7776,油菜根肿病,Plasmodiophora brassicae,叶片无光泽,Leaves are dull,存在症状,ManifestAs
7777,油菜根肿病,Plasmodiophora brassicae,叶色灰绿或黄色,Gray-green or yellow leaves,存在症状,ManifestAs
7778,油菜黑腐病,Xanthomonas campestris,黄色“V”字型斑,Yellow "V" shaped spots,存在症状,ManifestAs
7779,油菜黑腐病,Xanthomonas campestris,叶脉变为灰褐色,Leaf veins turn gray-brown,存在症状,ManifestAs
7780,油菜黑腐病,Xanthomonas campestris,黑色网状,Black mesh,存在症状,ManifestAs
7781,油菜黑腐病,Xanthomonas campestris,病斑呈暗绿色水渍状,The lesions are dark green and water-soaked,存在症状,ManifestAs
7782,油菜黑腐病,Xanthomonas campestris,黄色菌脓溢出,Yellow pus discharge,存在症状,ManifestAs
7783,油菜黑腐病,Xanthomonas campestris,叶片干枯,Dry leaves,存在症状,ManifestAs
7784,油菜黑腐病,Xanthomonas campestris,暗绿色油浸状长条斑,Dark green oily long stripes,存在症状,ManifestAs
7785,油菜黑腐病,Xanthomonas campestris,黑褐色病斑并腐烂,Dark brown spots and rot,存在症状,ManifestAs
7786,油菜黑腐病,Xanthomonas campestris,乳黄色菌脓,Milky yellow pus,存在症状,ManifestAs
7787,油菜黑腐病,Xanthomonas campestris,呈黄色透明粘液状,Yellow transparent mucus,存在症状,ManifestAs
7788,油菜黑腐病,Xanthomonas campestris,萎缩卷曲,Shrinking and curling,存在症状,ManifestAs
7789,油菜黑腐病,Xanthomonas campestris,病斑褐色至黑褐色斑,Brown to dark brown spots,存在症状,ManifestAs
7790,油菜黑腐病,Xanthomonas campestris,油浸状褐色斑,Oily brown spots,存在症状,ManifestAs
7791,油菜软腐病,Pectobacterium carotovorum,不规则水渍状病斑,Irregular water-soaked spots,存在症状,ManifestAs
7792,油菜软腐病,Pectobacterium carotovorum,表皮稍皱缩,Slightly wrinkled skin,存在症状,ManifestAs
7793,油菜软腐病,Pectobacterium carotovorum,软腐呈空洞,Soft rot with hollow,存在症状,ManifestAs
7794,油菜软腐病,Pectobacterium carotovorum,灰白色或污白色粘液,Gray or dirty white mucus,存在症状,ManifestAs
7795,油菜细菌性黑斑病,Pseudomonas syringae,油渍状小斑点,Small oily spots,存在症状,ManifestAs
7796,油菜细菌性黑斑病,Pseudomonas syringae,暗绿色,Dark green,存在症状,ManifestAs
7797,油菜细菌性黑斑病,Pseudomonas syringae,浅黑至黑褐色,Light black to dark brown,存在症状,ManifestAs
7798,油菜细菌性黑斑病,Pseudomonas syringae,病斑椭圆形或多角形,Lesions are oval or polygonal,存在症状,ManifestAs
7799,油菜细菌性黑斑病,Pseudomonas syringae,不规则坏死大斑,Irregular necrotic plaques,存在症状,ManifestAs
7800,油菜细菌性黑斑病,Pseudomonas syringae,叶脉变褐,Leaf veins turn brown,存在症状,ManifestAs
7801,油菜细菌性黑斑病,Pseudomonas syringae,叶片变黄脱落或扭曲变形,"Leaves turn yellow, fall off, or become twisted and deformed",存在症状,ManifestAs
7802,油菜细菌性黑斑病,Pseudomonas syringae,果：病斑椭圆形至不规则形条斑,Fruit: Lesions are oval to irregular streaks,存在症状,ManifestAs
7803,油菜细菌性黑斑病,Pseudomonas syringae,水渍状,Water stain,存在症状,ManifestAs
7804,油菜细菌性黑斑病,Pseudomonas syringae,褐色或黑褐色,Brown or dark brown,存在症状,ManifestAs
7805,油菜病毒病,Turnip mosaic virus,黑色透明小点,Black transparent dots,存在症状,ManifestAs
7806,油菜病毒病,Turnip mosaic virus,者成2～5mm淡黄色,The color becomes 2～5mm light yellow,存在症状,ManifestAs
7807,油菜病毒病,Turnip mosaic virus,棕黄色圆形或不规,Brownish yellow round or irregular,存在症状,ManifestAs
7808,油菜病毒病,Turnip mosaic virus,黄绿相,Yellow-green phase,存在症状,ManifestAs
7809,油菜病毒病,Turnip mosaic virus,叶片皱缩,Leaf shrinkage,存在症状,ManifestAs
7810,油菜病毒病,Turnip mosaic virus,黑褐色长条斑,Dark brown stripes,存在症状,ManifestAs
7811,油菜病毒病,Turnip mosaic virus,轮纹斑,Ring pattern,存在症状,ManifestAs
7812,油菜病毒病,Turnip mosaic virus,植株矮化,Plant dwarfing,存在症状,ManifestAs
7813,油菜病毒病,Turnip mosaic virus,茎秆短缩,Stem shortening,存在症状,ManifestAs
7814,油菜病毒病,Turnip mosaic virus,豆荚短小扭曲,The pods are short and twisted,存在症状,ManifestAs
7815,油菜病毒病,Turnip mosaic virus,细小的黑褐色斑点,Tiny dark brown spots,存在症状,ManifestAs
7816,油菜病毒病,Turnip mosaic virus,心叶叶脉呈半透明状,The veins of the heart leaves are translucent,存在症状,ManifestAs
7817,油菜病毒病,Turnip mosaic virus,叶片皱缩不平,Wrinkled leaves,存在症状,ManifestAs
7818,油菜病毒病,Turnip mosaic virus,心叶卷缩,Heart leaf curling,存在症状,ManifestAs
7819,油菜萎缩不实病,Plasmodiophora brassicae,须根不长,No long roots,存在症状,ManifestAs
7820,油菜萎缩不实病,Plasmodiophora brassicae,表皮褐色,Brown skin,存在症状,ManifestAs
7821,油菜萎缩不实病,Plasmodiophora brassicae,皮层龟裂,Skin cracking,存在症状,ManifestAs
7822,油菜萎缩不实病,Plasmodiophora brassicae,紫红色或紫色,Purple or purple,存在症状,ManifestAs
7823,油菜萎缩不实病,Plasmodiophora brassicae,叶缘枯焦,Leaf edges burn,存在症状,ManifestAs
7824,油菜萎缩不实病,Plasmodiophora brassicae,叶片变黄脱落,Leaves turn yellow and fall off,存在症状,ManifestAs
7825,油菜萎缩不实病,Plasmodiophora brassicae,叶形变小,Smaller leaves,存在症状,ManifestAs
7826,油菜萎缩不实病,Plasmodiophora brassicae,叶质增厚,Thickening of leaves,存在症状,ManifestAs
7827,油菜萎缩不实病,Plasmodiophora brassicae,叶端向下方倒卷或呈皱缩状,The leaf tip curls downward or becomes wrinkled,存在症状,ManifestAs
7828,油菜萎缩不实病,Plasmodiophora brassicae,花蕾褪绿成黄白色,Buds fade green to yellowish white,存在症状,ManifestAs
7829,油菜萎缩不实病,Plasmodiophora brassicae,紫红色或蓝紫色,Purple or blue-purple,存在症状,ManifestAs
7830,油菜冻害,Frost injury,水渍状变色,Water stain discoloration,存在症状,ManifestAs
7831,油菜冻害,Frost injury,叶面皱缩凹凸不平,Wrinkled and uneven leaves,存在症状,ManifestAs
7832,油菜冻害,Frost injury,叶片发紫,Purple leaves,存在症状,ManifestAs
7833,油菜冻害,Frost injury,水渍状斑块,Water-soaked patches,存在症状,ManifestAs
7834,油菜冻害,Frost injury,全叶变白干枯,The leaves turn white and dry,存在症状,ManifestAs
7835,油菜冻害,Frost injury,叶片脱落,Leaf shedding,存在症状,ManifestAs
7836,油菜冻害,Frost injury,环状深褐色,Ring dark brown,存在症状,ManifestAs
7837,油菜冻害,Frost injury,花朵变黄脱落,Flowers turn yellow and fall off,存在症状,ManifestAs
7838,油菜蚤跳甲,Psylliodes chrysocephala,根部呈乱麻状,The roots are tangled,存在症状,ManifestAs
7839,油菜蚤跳甲,Psylliodes chrysocephala,缺苗断垄,Missing seedlings and broken ridges,存在症状,ManifestAs
7840,东方菜粉蝶,Pieris canidia,残留表皮,Residual epidermis,存在症状,ManifestAs
7841,东方菜粉蝶,Pieris canidia,孔洞或缺刻,Holes or notches,存在症状,ManifestAs
7842,东方菜粉蝶,Pieris canidia,仅留叶脉,Only the veins remain,存在症状,ManifestAs
7843,萝卜蚜,Lipaphis erysimi,花梗畸形,Pedicel deformity,存在症状,ManifestAs
7844,萝卜蚜,Lipaphis erysimi,“焦蜡棒”,"""Corn wax stick""",存在症状,ManifestAs
7845,萝卜蚜,Lipaphis erysimi,嫩头枯焦,Tender head burnt,存在症状,ManifestAs
7846,桃蚜,Myzus persicae,叶片受害卷曲,Damaged leaves curling,存在症状,ManifestAs
7847,桃蚜,Myzus persicae,植株矮缩,Plant dwarfing,存在症状,ManifestAs
7848,桃蚜,Myzus persicae,叶片枯死,Leaf death,存在症状,ManifestAs
7849,桃蚜,Myzus persicae,花梗畸形,Pedicel deformity,存在症状,ManifestAs
7850,桃蚜,Myzus persicae,“焦蜡棒”,"""Corn wax stick""",存在症状,ManifestAs
7851,桃蚜,Myzus persicae,嫩头枯焦,Tender head burnt,存在症状,ManifestAs
7852,桃蚜,Myzus persicae,叶片变薄,Thinning of leaves,存在症状,ManifestAs
7853,菜蝽,Eurydema dominulus,子叶萎蔫幼苗枯死,Cotyledons wilt and seedlings die,存在症状,ManifestAs
7854,菜蝽,Eurydema dominulus,不结荚,No pods,存在症状,ManifestAs
7855,豌豆彩潜蝇,Chromatomyia horticola,灰白色的蛇形,Gray snake,存在症状,ManifestAs
7856,豌豆彩潜蝇,Chromatomyia horticola,叶片枯死,Leaf death,存在症状,ManifestAs
7857,黑缝油菜叶甲,Entomoscelis suturalis,缺刻或孔洞,Notches or holes,存在症状,ManifestAs
7858,黑缝油菜叶甲,Entomoscelis suturalis,缺苗断垄,Missing seedlings and broken ridges,存在症状,ManifestAs
7859,黄宽条跳甲,Phyllotreta humilis,缺苗毁种,Lack of seedlings and destruction of seeds,存在症状,ManifestAs
7860,黄宽条跳甲,Phyllotreta humilis,叶片变黄而萎蔫枯死,Leaves turn yellow and wilt and die,存在症状,ManifestAs
7861,甘蓝蚜,Brevicoryne brassicae,植株矮小,Short plant,存在症状,ManifestAs
7862,芝麻立枯病,Rhizoctonia solani,呈黄色至黄褐色条斑,Yellow to brown stripes,存在症状,ManifestAs
7863,芝麻立枯病,Rhizoctonia solani,茎部缢缩成线状,The stem is constricted into a thread,存在症状,ManifestAs
7864,芝麻茎点枯病,Phomopsis sesami,烂种死苗,Rotten seeds and dead seedlings,存在症状,ManifestAs
7865,芝麻茎点枯病,Phomopsis sesami,幼苗根部变褐,Browning of seedling roots,存在症状,ManifestAs
7866,芝麻茎点枯病,Phomopsis sesami,地上部萎蔫枯死,The aboveground part wilts and dies,存在症状,ManifestAs
7867,芝麻茎点枯病,Phomopsis sesami,绕茎大斑,Large spot around stem,存在症状,ManifestAs
7868,芝麻茎点枯病,Phomopsis sesami,病斑呈黑褐色,The lesions are dark brown,存在症状,ManifestAs
7869,芝麻茎点枯病,Phomopsis sesami,中部银灰色,Silver gray in the middle,存在症状,ManifestAs
7870,芝麻茎点枯病,Phomopsis sesami,黑褐色,Dark brown,存在症状,ManifestAs
7871,芝麻茎点枯病,Phomopsis sesami,呈黑揭色枯死状,Black and dead,存在症状,ManifestAs
7872,芝麻茎点枯病,Phomopsis sesami,髓部被蚀中空,The pith is hollow due to corrosion,存在症状,ManifestAs
7873,芝麻疫病,Phytophthora nicotianae,褐色水浸状病斑,Brown water-soaked lesions,存在症状,ManifestAs
7874,芝麻疫病,Phytophthora nicotianae,形状不规则,Irregular shape,存在症状,ManifestAs
7875,芝麻疫病,Phytophthora nicotianae,呈黑色湿腐状,Black wet rot,存在症状,ManifestAs
7876,芝麻疫病,Phytophthora nicotianae,白色霜状霉,White downy mildew,存在症状,ManifestAs
7877,芝麻疫病,Phytophthora nicotianae,病斑呈黄褐色,The lesions are yellow-brown,存在症状,ManifestAs
7878,芝麻疫病,Phytophthora nicotianae,大型的轮纹状病斑,Large ring-shaped lesions,存在症状,ManifestAs
7879,芝麻疫病,Phytophthora nicotianae,皮层松软,Soft skin,存在症状,ManifestAs
7880,芝麻疫病,Phytophthora nicotianae,边缘不明显,The edge is not obvious,存在症状,ManifestAs
7881,芝麻疫病,Phytophthora nicotianae,病斑墨绿色,Dark green spots,存在症状,ManifestAs
7882,芝麻疫病,Phytophthora nicotianae,水渍状,Water stain,存在症状,ManifestAs
7883,芝麻疫病,Phytophthora nicotianae,缢缩凹陷,Constriction,存在症状,ManifestAs
7884,芝麻枯萎病,Fusarium oxysporum,猝倒或枯死,Damping off or dying,存在症状,ManifestAs
7885,芝麻枯萎病,Fusarium oxysporum,叶片自下而上变黄萎蔫,Leaves turn yellow and wilt from bottom to top,存在症状,ManifestAs
7886,芝麻枯萎病,Fusarium oxysporum,叶缘内卷,Leaf margin incurling,存在症状,ManifestAs
7887,芝麻枯萎病,Fusarium oxysporum,基部呈红褐色,Reddish brown at base,存在症状,ManifestAs
7888,芝麻枯萎病,Fusarium oxysporum,根部褐色,Root brown,存在症状,ManifestAs
7889,芝麻枯萎病,Fusarium oxysporum,全株枯死,The whole plant died,存在症状,ManifestAs
7890,芝麻枯萎病,Fusarium oxysporum,红褐色干枯条斑,Reddish brown dry streaks,存在症状,ManifestAs
7891,芝麻枯萎病,Fusarium oxysporum,叶片变黄,Yellowing of leaves,存在症状,ManifestAs
7892,芝麻枯萎病,Fusarium oxysporum,萎蔫枯死,Wilting and dying,存在症状,ManifestAs
7893,芝麻枯萎病,Fusarium oxysporum,粉红色粘质粉状物,Pink sticky powder,存在症状,ManifestAs
7894,芝麻叶枯病,Phomopsis sesami,病斑近圆形,Nearly circular lesions,存在症状,ManifestAs
7895,芝麻叶枯病,Phomopsis sesami,暗褐色,Dark brown,存在症状,ManifestAs
7896,芝麻叶枯病,Phomopsis sesami,不明显的轮纹,Not obvious wheel pattern,存在症状,ManifestAs
7897,芝麻叶枯病,Phomopsis sesami,生有黑色霉,Black mold,存在症状,ManifestAs
7898,芝麻叶枯病,Phomopsis sesami,重时病叶枯死脱落,"In severe cases, the diseased leaves wither and fall off",存在症状,ManifestAs
7899,芝麻叶枯病,Phomopsis sesami,病斑梭形,Spindle-shaped lesions,存在症状,ManifestAs
7900,芝麻叶枯病,Phomopsis sesami,红褐色条斑,Reddish brown stripes,存在症状,ManifestAs
7901,芝麻叶枯病,Phomopsis sesami,病斑圆形,Circular lesion,存在症状,ManifestAs
7902,芝麻叶枯病,Phomopsis sesami,红褐色,Reddish brown,存在症状,ManifestAs
7903,芝麻叶枯病,Phomopsis sesami,籽粒不饱满,The seeds are not full,存在症状,ManifestAs
7904,芝麻叶斑病,Phoma sesami,斑中间灰,Spotted middle gray,存在症状,ManifestAs
7905,芝麻叶斑病,Phoma sesami,色边缘紫,Color edge purple,存在症状,ManifestAs
7906,芝麻叶斑病,Phoma sesami,生有灰色霉,Gray mold,存在症状,ManifestAs
7907,芝麻叶斑病,Phoma sesami,蛇眼状病斑,Snake eye lesions,存在症状,ManifestAs
7908,芝麻叶斑病,Phoma sesami,灰白色小点,Grayish white dots,存在症状,ManifestAs
7909,芝麻叶斑病,Phoma sesami,周围浅灰色,Light gray around,存在症状,ManifestAs
7910,芝麻叶斑病,Phoma sesami,外围黄褐色,Yellowish brown,存在症状,ManifestAs
7911,芝麻叶斑病,Phoma sesami,圆形至不正形,Round to irregular,存在症状,ManifestAs
7912,芝麻叶斑病,Phoma sesami,病斑褐色,Brown spots,存在症状,ManifestAs
7913,芝麻叶斑病,Phoma sesami,形状不规则,Irregular shape,存在症状,ManifestAs
7914,芝麻叶斑病,Phoma sesami,病斑圆形,Circular lesion,存在症状,ManifestAs
7915,芝麻叶斑病,Phoma sesami,淡褐色至黑褐色,Light brown to dark brown,存在症状,ManifestAs
7916,芝麻白粉病,Erysiphe polygoni,病部苍白色,Pale diseased area,存在症状,ManifestAs
7917,芝麻白粉病,Erysiphe polygoni,叶片枯死脱落,Leaves die and fall off,存在症状,ManifestAs
7918,芝麻白粉病,Erysiphe polygoni,种子瘦瘪,Seeds are shriveled,存在症状,ManifestAs
7919,芝麻黑斑病,Alternaria sesami,圆形或不规则形病斑,Round or irregular lesions,存在症状,ManifestAs
7920,芝麻黑斑病,Alternaria sesami,具有同心轮,With concentric wheels,存在症状,ManifestAs
7921,芝麻黑斑病,Alternaria sesami,一种小病斑,A small lesion,存在症状,ManifestAs
7922,芝麻黑斑病,Alternaria sesami,圆形或近圆形,Round or nearly round,存在症状,ManifestAs
7923,芝麻黑斑病,Alternaria sesami,m轮纹不,m wheel pattern,存在症状,ManifestAs
7924,芝麻黑斑病,Alternaria sesami,显边缘暗,Dark edge,存在症状,ManifestAs
7925,芝麻黑斑病,Alternaria sesami,起内部淡褐色,Light brown inside,存在症状,ManifestAs
7926,芝麻轮纹病,Mycosphaerella sesami,病斑为圆形,The lesions are circular,存在症状,ManifestAs
7927,芝麻轮纹病,Mycosphaerella sesami,褐色边缘,Brown edge,存在症状,ManifestAs
7928,芝麻轮纹病,Mycosphaerella sesami,上生有黑褐色小,There are dark brown small,存在症状,ManifestAs
7929,芝麻褐斑病,Phoma sesami,病斑暗褐色,Lesions dark brown,存在症状,ManifestAs
7930,芝麻褐斑病,Phoma sesami,不规则多角形状,Irregular polygonal shape,存在症状,ManifestAs
7931,芝麻青枯病,Ralstonia solanacearum,暗绿色斑块,Dark green patches,存在症状,ManifestAs
7932,芝麻青枯病,Ralstonia solanacearum,呈黑褐色条斑,Dark brown stripes,存在症状,ManifestAs
7933,芝麻青枯病,Ralstonia solanacearum,3个梭形溃疡状裂缝,3 fusiform ulcer-like fissures,存在症状,ManifestAs
7934,芝麻青枯病,Ralstonia solanacearum,叶片萎凋,Leaf wilting,存在症状,ManifestAs
7935,芝麻青枯病,Ralstonia solanacearum,呈失水状,Dehydrated,存在症状,ManifestAs
7936,芝麻青枯病,Ralstonia solanacearum,白色的菌脓溢出,White pus discharge,存在症状,ManifestAs
7937,芝麻青枯病,Ralstonia solanacearum,病根变褐,Diseased roots turn brown,存在症状,ManifestAs
7938,芝麻青枯病,Ralstonia solanacearum,细根腐烂,Root rot,存在症状,ManifestAs
7939,芝麻青枯病,Ralstonia solanacearum,叶脉呈墨绿色条斑,Dark green veins,存在症状,ManifestAs
7940,芝麻青枯病,Ralstonia solanacearum,呈透明油渍状,Transparent oily stain,存在症状,ManifestAs
7941,芝麻青枯病,Ralstonia solanacearum,脉纹呈黄色波浪形扭曲突起,"The veins are yellow, wavy, twisted and protruding",存在症状,ManifestAs
7942,芝麻青枯病,Ralstonia solanacearum,病叶褶皱或变褐枯死,Diseased leaves wrinkle or turn brown and die,存在症状,ManifestAs
7943,芝麻青枯病,Ralstonia solanacearum,水浸状病斑,Water-soaked lesions,存在症状,ManifestAs
7944,芝麻青枯病,Ralstonia solanacearum,深褐色粗细不匀的条斑,Dark brown uneven streaks,存在症状,ManifestAs
7945,芝麻青枯病,Ralstonia solanacearum,种子瘦瘪呈污褐色,Seeds are thin and dirty brown,存在症状,ManifestAs
7946,芝麻荚野螟,Etiella zinckenella,蒴果变黑脱落,The capsule turns black and falls off,存在症状,ManifestAs
7947,芝麻荚野螟,Etiella zinckenella,植株黄枯,Plant yellowing and withering,存在症状,ManifestAs
7948,芝麻细菌性角斑病,Pseudomonas syringae,叶柄基部变黑,The base of the petiole turns black,存在症状,ManifestAs
7949,芝麻细菌性角斑病,Pseudomonas syringae,病斑圆形或多角形,Lesions are round or polygonal,存在症状,ManifestAs
7950,芝麻细菌性角斑病,Pseudomonas syringae,水渍状,Water stain,存在症状,ManifestAs
7951,芝麻细菌性角斑病,Pseudomonas syringae,黑褐色,Dark brown,存在症状,ManifestAs
7952,芝麻细菌性角斑病,Pseudomonas syringae,黄色晕圈,Yellow halo,存在症状,ManifestAs
7953,芝麻细菌性角斑病,Pseudomonas syringae,病叶变形,Diseased leaves are deformed,存在症状,ManifestAs
7954,芝麻细菌性角斑病,Pseudomonas syringae,早期落叶,Early leaf drop,存在症状,ManifestAs
7955,芝麻细菌性角斑病,Pseudomonas syringae,病斑黑褐色,Lesions dark brown,存在症状,ManifestAs
7956,芝麻细菌性角斑病,Pseudomonas syringae,长条状,Long strip,存在症状,ManifestAs
7957,芝麻细菌性角斑病,Pseudomonas syringae,病斑褐色,Brown spots,存在症状,ManifestAs
7958,芝麻黄花叶病,Sclerotium rolfsii,黄色与绿,Yellow and Green,存在症状,ManifestAs
7959,芝麻黄花叶病,Sclerotium rolfsii,典型黄花叶症状,Typical yellow leaf symptoms,存在症状,ManifestAs
7960,芝麻黄花叶病,Sclerotium rolfsii,叶缘向下卷曲,Leaf margins curl downward,存在症状,ManifestAs
7961,芝麻黄花叶病,Sclerotium rolfsii,蒴果小而畸形,Small and misshapen capsule,存在症状,ManifestAs
7962,芝麻黄花叶病,Sclerotium rolfsii,病叶黄化,Yellowing of diseased leaves,存在症状,ManifestAs
7963,芝麻黄花叶病,Sclerotium rolfsii,卷曲或扭曲,Curly or twisted,存在症状,ManifestAs
7964,芝麻黄花叶病,Sclerotium rolfsii,茎杆变细,Thinning of stems,存在症状,ManifestAs
7965,芝麻黄花叶病,Sclerotium rolfsii,蒴果小或畸形,Small or misshapen capsules,存在症状,ManifestAs
7966,芝麻变叶病,Cercospora sesami,绿色的小叶,Green small leaves,存在症状,ManifestAs
7967,芝麻变叶病,Cercospora sesami,花柄拉长,Elongated flower stalk,存在症状,ManifestAs
7968,芝麻变叶病,Cercospora sesami,花瓣转绿,Petals turn green,存在症状,ManifestAs
7969,芝麻变叶病,Cercospora sesami,柱头伸长,Stigma elongation,存在症状,ManifestAs
7970,芝麻变叶病,Cercospora sesami,叶子变小,The leaves become smaller,存在症状,ManifestAs
7971,芝麻变叶病,Cercospora sesami,籽粒干皱,Dry and wrinkled seeds,存在症状,ManifestAs
7972,芝麻普通花叶病,Sesamum indicum,叶片稍皱缩,Leaves slightly wrinkled,存在症状,ManifestAs
7973,芝麻普通花叶病,Sesamum indicum,斑黄斑,Macular,存在症状,ManifestAs
7974,芝麻普通花叶病,Sesamum indicum,连叶脉变黄或褐色坏死,Even the veins turn yellow or brown and become necrotic,存在症状,ManifestAs
7975,芝麻普通花叶病,Sesamum indicum,叶片变小,The leaves become smaller,存在症状,ManifestAs
7976,芝麻普通花叶病,Sesamum indicum,褐色坏死斑或条斑,Brown necrotic spots or streaks,存在症状,ManifestAs
7977,向日葵菌核病,Sclerotinia sclerotiorum,水浸状褐色斑,Water-soaked brown spots,存在症状,ManifestAs
7978,向日葵菌核病,Sclerotinia sclerotiorum,褐色病斑,Brown spots,存在症状,ManifestAs
7979,向日葵菌核病,Sclerotinia sclerotiorum,病斑稍凹陷,The lesion is slightly sunken,存在症状,ManifestAs
7980,向日葵菌核病,Sclerotinia sclerotiorum,同心轮纹,Concentric wheel pattern,存在症状,ManifestAs
7981,向日葵菌核病,Sclerotinia sclerotiorum,鼠粪状黑色菌核,Rat droppings black sclerotium,存在症状,ManifestAs
7982,向日葵菌核病,Sclerotinia sclerotiorum,病斑中央呈黄白色,The center of the lesion is yellowish white,存在症状,ManifestAs
7983,向日葵菌核病,Sclerotinia sclerotiorum,黑色粒状菌核,Black granular sclerotia,存在症状,ManifestAs
7984,向日葵菌核病,Sclerotinia sclerotiorum,病斑椭圆形,Lesion oval,存在症状,ManifestAs
7985,向日葵菌核病,Sclerotinia sclerotiorum,叶片萎蔫,Leaf wilting,存在症状,ManifestAs
7986,向日葵菌核病,Sclerotinia sclerotiorum,植株萎蔫死亡,Plants wilt and die,存在症状,ManifestAs
7987,向日葵菌核病,Sclerotinia sclerotiorum,水渍状病斑,Water-soaked spots,存在症状,ManifestAs
7988,向日葵菌核病,Sclerotinia sclerotiorum,褐色圆形或椭圆形病斑,Brown round or oval lesions,存在症状,ManifestAs
7989,向日葵菌核病,Sclerotinia sclerotiorum,褐色水渍状圆形斑,Brown water-soaked circular spots,存在症状,ManifestAs
7990,向日葵菌核病,Sclerotinia sclerotiorum,组织变软腐烂,Tissue softening and decay,存在症状,ManifestAs
7991,向日葵菌核病,Sclerotinia sclerotiorum,白色菌丝,White mycelium,存在症状,ManifestAs
7992,向日葵菌核病,Sclerotinia sclerotiorum,黑色菌核,Black Sclerotium,存在症状,ManifestAs
7993,向日葵菌核病,Sclerotinia sclerotiorum,“井”形黑色菌核,"""Well"" shaped black sclerotia",存在症状,ManifestAs
7994,向日葵菌核病,Sclerotinia sclerotiorum,果皮白色,White peel,存在症状,ManifestAs
7995,向日葵菌核病,Sclerotinia sclerotiorum,籽仁褐色,Kernel brown,存在症状,ManifestAs
7996,向日葵锈病,Puccinia helianthi,褐色小疱斑,Brown blister spots,存在症状,ManifestAs
7997,向日葵锈病,Puccinia helianthi,褐色粉末,Brown powder,存在症状,ManifestAs
7998,向日葵锈病,Puccinia helianthi,全叶呈铁锈色,The whole leaf is rusty,存在症状,ManifestAs
7999,向日葵锈病,Puccinia helianthi,黑色裸露的小疱斑,Black naked blisters,存在症状,ManifestAs
8000,向日葵叶枯病,Phoma macdonaldii,病斑圆形或近圆形,Lesions are round or nearly round,存在症状,ManifestAs
8001,向日葵叶枯病,Phoma macdonaldii,中央灰白,Central gray,存在症状,ManifestAs
8002,向日葵叶枯病,Phoma macdonaldii,边缘褐色,Edge brown,存在症状,ManifestAs
8003,向日葵叶枯病,Phoma macdonaldii,上生灰褐色,Gray brown,存在症状,ManifestAs
8004,向日葵叶枯病,Phoma macdonaldii,中央灰白色,Central off-white,存在症状,ManifestAs
8005,向日葵叶枯病,Phoma macdonaldii,病斑圆形,Circular lesion,存在症状,ManifestAs
8006,向日葵黑斑病,Alternaria helianthi,深褐色圆形或近圆形病斑,Dark brown round or nearly round spots,存在症状,ManifestAs
8007,向日葵黑斑病,Alternaria helianthi,灰白色小点,Grayish white dots,存在症状,ManifestAs
8008,向日葵黑斑病,Alternaria helianthi,不明显的同心轮纹,Unnoticeable concentric ring pattern,存在症状,ManifestAs
8009,向日葵黑斑病,Alternaria helianthi,黄褐色晕圈,Yellowish brown halo,存在症状,ManifestAs
8010,向日葵黑斑病,Alternaria helianthi,病斑黑褐色,Lesions dark brown,存在症状,ManifestAs
8011,向日葵黑斑病,Alternaria helianthi,椭圆形或梭形,Oval or fusiform,存在症状,ManifestAs
8012,向日葵黑斑病,Alternaria helianthi,叶柄干枯,Dry petiole,存在症状,ManifestAs
8013,向日葵黑斑病,Alternaria helianthi,椭圆形至梭形,Oval to fusiform,存在症状,ManifestAs
8014,向日葵黑斑病,Alternaria helianthi,长形病斑,Long lesions,存在症状,ManifestAs
8015,向日葵黑斑病,Alternaria helianthi,灰褐色的霉状物,Gray-brown mold,存在症状,ManifestAs
8016,向日葵斑螟,Homoeosoma nebulella,空壳或蛀花盘,Empty shell or flower disk,存在症状,ManifestAs
8017,蒙古灰象甲,Xylinophorus mongolicus,缺刻或孔洞,Notches or holes,存在症状,ManifestAs
8018,蒙古灰象甲,Xylinophorus mongolicus,缺苗断垄,Missing seedlings and broken ridges,存在症状,ManifestAs
8019,红缘灯蛾,Amsacta lactinea,缺刻和孔洞,Nicks and holes,存在症状,ManifestAs
8020,蓖麻炭疽病,Colletotrichum ricini,暗褐色病斑,Dark brown spots,存在症状,ManifestAs
8021,蓖麻炭疽病,Colletotrichum ricini,椭圆形至不规则形褐色病斑,Oval to irregular brown spots,存在症状,ManifestAs
8022,蓖麻炭疽病,Colletotrichum ricini,病斑中间变淡褐色,The middle of the lesion turns light brown,存在症状,ManifestAs
8023,蓖麻炭疽病,Colletotrichum ricini,周围深褐色,Dark brown around,存在症状,ManifestAs
8024,蓖麻锈病,Phakopsora ricinella,桔黄色圆形小点,Orange round dots,存在症状,ManifestAs
8025,蓖麻锈病,Phakopsora ricinella,枯黄色粉末,Withered yellow powder,存在症状,ManifestAs
8026,蓖麻锈病,Phakopsora ricinella,叶片发黄枯死,Leaves turn yellow and die,存在症状,ManifestAs
8027,蓖麻灰斑病,Cercospora ricinella,黑褐色或茶褐色小斑,Dark brown or dark brown spots,存在症状,ManifestAs
8028,蓖麻灰斑病,Cercospora ricinella,圆形至不规则形病斑,Round to irregular lesions,存在症状,ManifestAs
8029,蓖麻灰斑病,Cercospora ricinella,白色边缘褐色至红褐,White with brown to reddish brown edges,存在症状,ManifestAs
8030,蓖麻灰斑病,Cercospora ricinella,灰黑色霉状物,Gray-black mold,存在症状,ManifestAs
8031,蓖麻白绢病,Sclerotium rolfsii,暗褐色稍凹陷的病斑,Dark brown slightly sunken spots,存在症状,ManifestAs
8032,蓖麻白绢病,Sclerotium rolfsii,白色绢丝状的菌丝,White silky hyphae,存在症状,ManifestAs
8033,蓖麻白绢病,Sclerotium rolfsii,木质变褐,Wood browning,存在症状,ManifestAs
8034,蓖麻白绢病,Sclerotium rolfsii,白色绢丝状菌丝,White silky hyphae,存在症状,ManifestAs
8035,蓖麻白绢病,Sclerotium rolfsii,叶片发黄,Yellowing leaves,存在症状,ManifestAs
8036,蓖麻黑斑病,Cercospora ricinella,不规则灰绿色小斑,Irregular gray-green spots,存在症状,ManifestAs
8037,蓖麻黑斑病,Cercospora ricinella,水分呈苍白色,Pale white moisture,存在症状,ManifestAs
8038,蓖麻黑斑病,Cercospora ricinella,不规则形大斑,Irregular large spots,存在症状,ManifestAs
8039,蓖麻黑斑病,Cercospora ricinella,病斑周围褐色,Brown around the lesion,存在症状,ManifestAs
8040,蓖麻黑斑病,Cercospora ricinella,苍白色晕圈,Pale halo,存在症状,ManifestAs
8041,蓖麻黑斑病,Cercospora ricinella,黑色霉状物,Black mold,存在症状,ManifestAs
8042,蓖麻枯萎病,Fusarium oxysporum,暗褐色或黑褐色长条形病斑,Dark brown or black brown long stripe lesions,存在症状,ManifestAs
8043,蓖麻枯萎病,Fusarium oxysporum,不规则形,Irregular,存在症状,ManifestAs
8044,蓖麻枯萎病,Fusarium oxysporum,粉红色毒状物,Pink poison,存在症状,ManifestAs
8045,蓖麻枯萎病,Fusarium oxysporum,根系变褐,Roots turning brown,存在症状,ManifestAs
8046,蓖麻枯萎病,Fusarium oxysporum,根系变黑腐烂,Roots turn black and rot,存在症状,ManifestAs
8047,蓖麻枯萎病,Fusarium oxysporum,叶片变成暗绿色,Leaves turn dark green,存在症状,ManifestAs
8048,蓖麻枯萎病,Fusarium oxysporum,心叶暗红色,Heart leaves dark red,存在症状,ManifestAs
8049,蓖麻枯萎病,Fusarium oxysporum,后变黄绿色萎蔫,Then it turns yellow-green and wilts,存在症状,ManifestAs
8050,蓖麻枯萎病,Fusarium oxysporum,半边茎变黑,Half of the stem turns black,存在症状,ManifestAs
8051,蓖麻枯萎病,Fusarium oxysporum,半边枯萎状,Half withered,存在症状,ManifestAs
8052,蓖麻枯萎病,Fusarium oxysporum,维管束变黑褐色,Vascular bundles turn dark brown,存在症状,ManifestAs
8053,蓖麻疫病,Phytophthora palmivora,水浸状病斑,Water-soaked lesions,存在症状,ManifestAs
8054,蓖麻疫病,Phytophthora palmivora,白絮状霉层,White flocculent layer,存在症状,ManifestAs
8055,蓖麻疫病,Phytophthora palmivora,水浸状褪绿斑,Water-soaked chlorotic spots,存在症状,ManifestAs
8056,蓖麻疫病,Phytophthora palmivora,圆形暗绿色斑,Round dark green spots,存在症状,ManifestAs
8057,蓖麻疫病,Phytophthora palmivora,淡黄色大块病斑,Large pale yellow spots,存在症状,ManifestAs
8058,蓖麻疫病,Phytophthora palmivora,白色稀疏的白色霉层,White sparse white mold layer,存在症状,ManifestAs
8059,蓖麻斑点病,Cercospora ricinella,黑褐色或茶褐色病斑,Dark brown or dark brown spots,存在症状,ManifestAs
8060,蓖麻斑点病,Cercospora ricinella,圆形至不规则形,Round to irregular,存在症状,ManifestAs
8061,蓖麻斑点病,Cercospora ricinella,mm中间,mm middle,存在症状,ManifestAs
8062,蓖麻斑点病,Cercospora ricinella,白色边级褐色至,White edge brown to,存在症状,ManifestAs
8063,蓖麻斑点病,Cercospora ricinella,叶背生灰黑色,Grayish black on the back of leaves,存在症状,ManifestAs
8064,蓖麻细菌性叶斑病,Xanthomonas campestris,水浸状暗绿色圆形斑点,Water-soaked dark green circular spots,存在症状,ManifestAs
8065,蓖麻细菌性叶斑病,Xanthomonas campestris,不规则多角形病斑,Irregular polygonal spots,存在症状,ManifestAs
8066,蓖麻细菌性叶斑病,Xanthomonas campestris,内部暗褐色,Dark brown inside,存在症状,ManifestAs
8067,蓖麻细菌性叶斑病,Xanthomonas campestris,边缘水浸状,Edge waterlogging,存在症状,ManifestAs
8068,蓖麻细菌性叶斑病,Xanthomonas campestris,整叶脱落,Whole leaf falling off,存在症状,ManifestAs
8069,蓖麻四星尺蛾,Ophthalmitis albosignaria,缺刻或孔洞,Notches or holes,存在症状,ManifestAs
8070,甘蔗赤腐病,Gloeosporium sacchari,白色圆形或长圆形的斑块,White round or oblong patches,存在症状,ManifestAs
8071,甘蔗赤腐病,Gloeosporium sacchari,白斑小,White spot small,存在症状,ManifestAs
8072,甘蔗赤腐病,Gloeosporium sacchari,蔗皮皱缩,Sugarcane skin shrinkage,存在症状,ManifestAs
8073,甘蔗赤腐病,Gloeosporium sacchari,茎内组织腐败干枯,Stem tissue decay and dryness,存在症状,ManifestAs
8074,甘蔗赤腐病,Gloeosporium sacchari,叶片失水凋萎,Leaves wilt due to water loss,存在症状,ManifestAs
8075,甘蔗赤腐病,Gloeosporium sacchari,发酸气味,Sour smell,存在症状,ManifestAs
8076,甘蔗赤腐病,Gloeosporium sacchari,初生红色小斑,Newborn red spots,存在症状,ManifestAs
8077,甘蔗赤腐病,Gloeosporium sacchari,纺锤形或长条病斑,Spindle-shaped or long lesions,存在症状,ManifestAs
8078,甘蔗凤梨病,Thielaviopsis paradoxa,凤梨般的香味,Pineapple-like scent,存在症状,ManifestAs
8079,甘蔗凤梨病,Thielaviopsis paradoxa,黑色的煤粉状物,Black coal powder,存在症状,ManifestAs
8080,甘蔗黑穗病,Sporisorium scitamineum,黑色鞭状物,Black Whip,存在症状,ManifestAs
8081,甘蔗黑穗病,Sporisorium scitamineum,银灰色的薄膜,Silver-gray film,存在症状,ManifestAs
8082,甘蔗黄斑病,Mycovellosiella koepkei,黄色点状病斑,Yellow dot-like spots,存在症状,ManifestAs
8083,甘蔗黄斑病,Mycovellosiella koepkei,不规则形,Irregular,存在症状,ManifestAs
8084,甘蔗黄斑病,Mycovellosiella koepkei,不规则大病斑,Irregular large lesions,存在症状,ManifestAs
8085,甘蔗黄斑病,Mycovellosiella koepkei,赤红色小点,Red dots,存在症状,ManifestAs
8086,甘蔗黄斑病,Mycovellosiella koepkei,全叶变赤黄色,The whole leaves turn reddish yellow,存在症状,ManifestAs
8087,甘蔗黄斑病,Mycovellosiella koepkei,灰白色霉状物,Grayish white mold,存在症状,ManifestAs
8088,甘蔗眼斑病,Helminthosporium sacchari,水渍状小点,Water stains,存在症状,ManifestAs
8089,甘蔗眼斑病,Helminthosporium sacchari,～12的长,Length of ～12,存在症状,ManifestAs
8090,甘蔗眼斑病,Helminthosporium sacchari,脉平行病斑中,Parallel veins in lesions,存在症状,ManifestAs
8091,甘蔗眼斑病,Helminthosporium sacchari,周围具一草黄色,Surrounded by a straw yellow,存在症状,ManifestAs
8092,甘蔗眼斑病,Helminthosporium sacchari,显著的褐色,Significant brown,存在症状,ManifestAs
8093,甘蔗眼斑病,Helminthosporium sacchari,长条形红褐色病斑,Long reddish brown spots,存在症状,ManifestAs
8094,甘蔗梢腐病,Gibberella moniliformis,褪绿黄化的斑块,Chlorotic patches,存在症状,ManifestAs
8095,甘蔗梢腐病,Gibberella moniliformis,红褐色的小点或条纹,Reddish brown spots or streaks,存在症状,ManifestAs
8096,甘蔗梢腐病,Gibberella moniliformis,呈纺锤形裂口,Spindle-shaped cleft,存在症状,ManifestAs
8097,甘蔗梢腐病,Gibberella moniliformis,略成扭曲状,Slightly twisted,存在症状,ManifestAs
8098,甘蔗梢腐病,Gibberella moniliformis,黑褐色横向如刀,Dark brown horizontally like a knife,存在症状,ManifestAs
8099,甘蔗锈病,Puccinia kuehnii,淡黄色小斑点,Light yellow spots,存在症状,ManifestAs
8100,甘蔗锈病,Puccinia kuehnii,褐色长形病斑,Brown long spots,存在症状,ManifestAs
8101,甘蔗锈病,Puccinia kuehnii,黄色晕环,Yellow halo,存在症状,ManifestAs
8102,甘蔗锈病,Puccinia kuehnii,略凸起疤点,Slightly raised scar,存在症状,ManifestAs
8103,甘蔗锈病,Puccinia kuehnii,锈色粉状物,Rusty powder,存在症状,ManifestAs
8104,甘蔗锈病,Puccinia kuehnii,叶片呈锈褐色干枯,Rusty brown dry leaves,存在症状,ManifestAs
8105,甘蔗虎斑病,Xanthomonas axonopodis,病斑红褐色,Reddish brown lesions,存在症状,ManifestAs
8106,甘蔗虎斑病,Xanthomonas axonopodis,不规则形,Irregular,存在症状,ManifestAs
8107,甘蔗虎斑病,Xanthomonas axonopodis,边缘颜色紫褐色,Edge color purple brown,存在症状,ManifestAs
8108,甘蔗虎斑病,Xanthomonas axonopodis,外观呈虎皮斑状,Tiger-skin appearance,存在症状,ManifestAs
8109,甘蔗虎斑病,Xanthomonas axonopodis,油菜籽,Rapeseed,存在症状,ManifestAs
8110,甘蔗轮斑病,Mycosphaerella taiwanensis,稍呈长形的斑点,Slightly elongated spots,存在症状,ManifestAs
8111,甘蔗轮斑病,Mycosphaerella taiwanensis,狭窄的黄晕,Narrow yellow halo,存在症状,ManifestAs
8112,甘蔗轮斑病,Mycosphaerella taiwanensis,呈不规则形,Irregular shape,存在症状,ManifestAs
8113,甘蔗轮斑病,Mycosphaerella taiwanensis,红褐色斑块,Reddish brown patches,存在症状,ManifestAs
8114,甘蔗轮斑病,Mycosphaerella taiwanensis,明显的淡红色边缘,Distinct reddish edge,存在症状,ManifestAs
8115,甘蔗霜霉病,Peronosclerospora sacchari,条状病斑,Stripe lesions,存在症状,ManifestAs
8116,甘蔗霜霉病,Peronosclerospora sacchari,间断的红褐色条纹,Intermittent reddish brown stripes,存在症状,ManifestAs
8117,甘蔗霜霉病,Peronosclerospora sacchari,白色霉状物,White mold,存在症状,ManifestAs
8118,甘蔗褐条病,Mycosphaerella taiwanensis,细小的水渍状小点,Tiny water stain-like spots,存在症状,ManifestAs
8119,甘蔗褐条病,Mycosphaerella taiwanensis,黄色晕圈,Yellow halo,存在症状,ManifestAs
8120,甘蔗白条病,Xanthomonas axonopodis,病斑乳黄色,Lesions creamy yellow,存在症状,ManifestAs
8121,甘蔗白条病,Xanthomonas axonopodis,节间变短,Shortened internodes,存在症状,ManifestAs
8122,甘蔗白条病,Xanthomonas axonopodis,叶片短直,Short straight leaves,存在症状,ManifestAs
8123,甘蔗白条病,Xanthomonas axonopodis,全田甘蔗枯死,The whole field of sugarcane died,存在症状,ManifestAs
8124,甘蔗花叶病,Sugarcane mosaic virus,不规则的黄绿色或浅黄色的纵短条纹,Irregular yellow-green or light yellow short vertical stripes,存在症状,ManifestAs
8125,甘蔗花叶病,Sugarcane mosaic virus,长圆形,Oblong,存在症状,ManifestAs
8126,甘蔗花叶病,Sugarcane mosaic virus,卵圆形或条形,Oval or strip,存在症状,ManifestAs
8127,甘蔗宿根矮化病,Leifsonia xyli,叶尖顺缘干枯,Leaf tip drying up,存在症状,ManifestAs
8128,甘蔗褪绿条纹病,Cucumber mosaic virus,形状相,Shape,存在症状,ManifestAs
8129,甘蔗褪绿条纹病,Cucumber mosaic virus,淡黄色褪绿条纹,Light yellow faded green stripes,存在症状,ManifestAs
8130,甘蔗褪绿条纹病,Cucumber mosaic virus,明显的波浪状边缘,Distinct wavy edges,存在症状,ManifestAs
8131,甘蔗褪绿条纹病,Cucumber mosaic virus,呈淡褐色或灰白色,Light brown or off-white,存在症状,ManifestAs
8132,甘蔗褪绿条纹病,Cucumber mosaic virus,叶片枯死,Leaf death,存在症状,ManifestAs
8133,甘蔗线虫病,Sugarcane nematode disease,细小黑褐色斑点,Tiny dark brown spots,存在症状,ManifestAs
8134,甘蔗线虫病,Sugarcane nematode disease,呈白色或淡黄色的瘤状,White or yellowish tumors,存在症状,ManifestAs
8135,甘蔗线虫病,Sugarcane nematode disease,叶鞘短窄,Short and narrow leaf sheath,存在症状,ManifestAs
8136,甘蔗叶萎病,Xanthomonas axonopodis,浅红色小斑点,Light red spots,存在症状,ManifestAs
8137,甘蔗叶萎病,Xanthomonas axonopodis,纺锤形斑,Spindle-shaped spots,存在症状,ManifestAs
8138,甘蔗叶萎病,Xanthomonas axonopodis,红褐色侵入小点,Reddish brown intrusive spots,存在症状,ManifestAs
8139,甘蔗叶萎病,Xanthomonas axonopodis,病叶呈红褐色枯死,The diseased leaves turn reddish brown and die,存在症状,ManifestAs
8140,甘蔗叶萎病,Xanthomonas axonopodis,黑色小点,Black dots,存在症状,ManifestAs
8141,甘蔗白叶病,Xanthomonas axonopodis,病株矮缩,Diseased plants stunted,存在症状,ManifestAs
8142,甘蔗白叶病,Xanthomonas axonopodis,节间短缩,Internode shortening,存在症状,ManifestAs
8143,甘蔗白叶病,Xanthomonas axonopodis,白色或乳黄色或浅绿色条纹,White or creamy yellow or light green stripes,存在症状,ManifestAs
8144,甘蔗白叶病,Xanthomonas axonopodis,绿色小斑块,Small green patches,存在症状,ManifestAs
8145,甘蔗白叶病,Xanthomonas axonopodis,斑驳状,Mottled,存在症状,ManifestAs
8146,甘蔗白螟,Scirpophaga excerptalis,横列孔洞,Horizontal holes,存在症状,ManifestAs
8147,甘蔗白螟,Scirpophaga excerptalis,扫帚,broom,存在症状,ManifestAs
8148,条螟,Chilo suppressalis,呈“窗户纸”状,"""Window paper""",存在症状,ManifestAs
8149,条螟,Chilo suppressalis,不规则的小孔,Irregular small holes,存在症状,ManifestAs
8150,亚洲玉米螟,Ostrinia furnacalis,枯心或蛀节,Dead heart or borer,存在症状,ManifestAs
8151,甘蔗蓟马,Melanotus saccobranchium,叶片呈黄白色褪绿斑痕,Yellow-white chlorotic spots on leaves,存在症状,ManifestAs
8152,甘蔗蓟马,Melanotus saccobranchium,叶片变成黄褐色,Leaves turn yellow-brown,存在症状,ManifestAs
8153,甘蔗蓟马,Melanotus saccobranchium,叶尖卷缩干枯,Leaf tips curled and dried,存在症状,ManifestAs
8154,高粱蚜,Melanaphis sacchari,油亮发光,Shiny,存在症状,ManifestAs
8155,高粱蚜,Melanaphis sacchari,叶色变红,Leaves turn red,存在症状,ManifestAs
8156,高粱蚜,Melanaphis sacchari,茎秆酥软早枯或弯倒,The stems become soft and wither or bend early,存在症状,ManifestAs
8157,甘蔗长蝽,Ischnodemus,叶片黄枯而死,Leaves turn yellow and die,存在症状,ManifestAs
8158,甘蔗扁角飞虱,Perkinsiella saccharicida,甘蔗流糖,Cane Sugar,存在症状,ManifestAs
8159,甘蔗扁角飞虱,Perkinsiella saccharicida,叶片生长不良,Poor leaf growth,存在症状,ManifestAs
8160,突背蔗龟,Alissonotum impressicolle,半球形缺口,Hemispherical notch,存在症状,ManifestAs
8161,黑翅土白蚁,Odontotermes formosanus,叶色变黄,Leaves turn yellow,存在症状,ManifestAs
8162,黑翅土白蚁,Odontotermes formosanus,全株枯死,The whole plant died,存在症状,ManifestAs
8163,甘蔗绵蚜,Pseudococcus saccharicola,叶片变黄,Yellowing of leaves,存在症状,ManifestAs
8164,甘蔗绵蚜,Pseudococcus saccharicola,生长停滞,Growth arrest,存在症状,ManifestAs
8165,甘蔗绵蚜,Pseudococcus saccharicola,蔗株矮小,Short sugarcane plants,存在症状,ManifestAs
8166,甜菜立枯病,Rhizoctonia solani,幼芽变黑死亡,Young shoots turn black and die,存在症状,ManifestAs
8167,甜菜立枯病,Rhizoctonia solani,缺苗断垄,Missing seedlings and broken ridges,存在症状,ManifestAs
8168,甜菜立枯病,Rhizoctonia solani,水渍状浅褐色病痕,Water-soaked light brown lesions,存在症状,ManifestAs
8169,甜菜立枯病,Rhizoctonia solani,深褐色至黑色,Dark brown to black,存在症状,ManifestAs
8170,甜菜立枯病,Rhizoctonia solani,根部腐烂变黑,Root rot and blackening,存在症状,ManifestAs
8171,甜菜立枯病,Rhizoctonia solani,叉根或畸形根,Forked or deformed roots,存在症状,ManifestAs
8172,甜菜褐斑病,Cercospora beticola,褐色圆形小斑,Small brown round spots,存在症状,ManifestAs
8173,甜菜褐斑病,Cercospora beticola,中央呈黑褐色或灰色,Dark brown or gray in the center,存在症状,ManifestAs
8174,甜菜褐斑病,Cercospora beticola,边缘呈紫褐色或红褐色,Purple-brown or reddish-brown edges,存在症状,ManifestAs
8175,甜菜褐斑病,Cercospora beticola,灰色霉状物,Gray mold,存在症状,ManifestAs
8176,甜菜褐斑病,Cercospora beticola,病斑多呈褐色长圆形,The lesions are mostly brown and oblong,存在症状,ManifestAs
8177,甜菜褐斑病,Cercospora beticola,叶片枯死脱落,Leaves die and fall off,存在症状,ManifestAs
8178,甜菜霜霉病,Peronospora schachtii,叶片向下弯曲,The leaves are bent downwards,存在症状,ManifestAs
8179,甜菜霜霉病,Peronospora schachtii,颇色变浅,The color becomes lighter,存在症状,ManifestAs
8180,甜菜霜霉病,Peronospora schachtii,叶片增厚变脆,Thickening and brittle leaves,存在症状,ManifestAs
8181,甜菜霜霉病,Peronospora schachtii,反卷或皱缩,Curl or shrink,存在症状,ManifestAs
8182,甜菜霜霉病,Peronospora schachtii,灰紫色霉层,Gray purple mold layer,存在症状,ManifestAs
8183,甜菜白粉病,Erysiphe betae,白色放射状菌丝,White radial hyphae,存在症状,ManifestAs
8184,甜菜白粉病,Erysiphe betae,白色粉状物,White powder,存在症状,ManifestAs
8185,甜菜白粉病,Erysiphe betae,叶片发黄脱落,Yellowing and falling leaves,存在症状,ManifestAs
8186,棉花肾形线虫病,Rotylenchulus reniformis,叶色褪绿,Leaf color fades,存在症状,ManifestAs
8187,棉花肾形线虫病,Rotylenchulus reniformis,茎杆发紫,Purple stems,存在症状,ManifestAs
8188,棉花肾形线虫病,Rotylenchulus reniformis,生长僵滞,Growth arrest,存在症状,ManifestAs
8189,棉花肾形线虫病,Rotylenchulus reniformis,茎叶焦枯死苗,Seedlings with scorched stems and leaves,存在症状,ManifestAs
8190,棉花肾形线虫病,Rotylenchulus reniformis,黄褐色,tan,存在症状,ManifestAs
8191,棉花肾形线虫病,Rotylenchulus reniformis,多坏死斑,Multiple necrotic plaques,存在症状,ManifestAs
8192,棉花肾形线虫病,Rotylenchulus reniformis,根腐早衰,Root rot and premature aging,存在症状,ManifestAs
8193,棉花纽带线虫病,Globodera pallida,叶色褪绿,Leaf color fades,存在症状,ManifestAs
8194,棉花纽带线虫病,Globodera pallida,多坏死斑,Multiple necrotic plaques,存在症状,ManifestAs
8195,棉花红黄叶枯病,Verticillium dahliae,叶缘褪绿变黄,Leaf margins turn green and yellow,存在症状,ManifestAs
8196,棉花红黄叶枯病,Verticillium dahliae,黄色斑块,Yellow patches,存在症状,ManifestAs
8197,棉花红黄叶枯病,Verticillium dahliae,叶质增厚变脆,The leaves become thicker and more brittle,存在症状,ManifestAs
8198,棉花红黄叶枯病,Verticillium dahliae,叶缘下垂,Leaf margin drooping,存在症状,ManifestAs
8199,棉花红黄叶枯病,Verticillium dahliae,叶片上凸,Leaf blade convex,存在症状,ManifestAs
8200,棉花红黄叶枯病,Verticillium dahliae,红色斑点,Red spots,存在症状,ManifestAs
8201,棉花红黄叶枯病,Verticillium dahliae,全叶变红,The whole leaf turns red,存在症状,ManifestAs
8202,棉花红黄叶枯病,Verticillium dahliae,叶柄基部变软或失水干缩,The base of the petiole becomes soft or shrunken due to water loss,存在症状,ManifestAs
8203,棉花红黄叶枯病,Verticillium dahliae,大量落叶,A lot of fallen leaves,存在症状,ManifestAs
8204,棉花红黄叶枯病,Verticillium dahliae,全株枯死,The whole plant died,存在症状,ManifestAs
8205,棉花红黄叶枯病,Verticillium dahliae,干缩的褐斑,Dry brown spots,存在症状,ManifestAs
8206,棉铃虫,Helicoverpa armigera,苞叶张开变黄,Bracts open and turn yellow,存在症状,ManifestAs
8207,棉红铃虫,Pectinophora gossypiella,似针尖状黑褐色,Needle-like dark brown,存在症状,ManifestAs
8208,棉红铃虫,Pectinophora gossypiella,绿色细屑状粪便,Green crumbly stool,存在症状,ManifestAs
8209,棉红铃虫,Pectinophora gossypiella,花冠扭曲,Distorted crown,存在症状,ManifestAs
8210,棉红铃虫,Pectinophora gossypiella,黑褐色,Dark brown,存在症状,ManifestAs
8211,棉红铃虫,Pectinophora gossypiella,黄褐色至水青色虫道,Yellow-brown to aquamarine wormholes,存在症状,ManifestAs
8212,棉红铃虫,Pectinophora gossypiella,空壳或双连籽,Empty shell or double seed,存在症状,ManifestAs
8213,棉红铃虫,Pectinophora gossypiella,小铃脱落,The bell fell off,存在症状,ManifestAs
8214,烟青虫,Helicoverpa assulta,小孔洞或缺刻,Small holes or notches,存在症状,ManifestAs
8215,烟青虫,Helicoverpa assulta,上部幼芽,Upper buds,存在症状,ManifestAs
8216,棉小造桥虫,Anomis flava,缺刻或孔洞,Notches or holes,存在症状,ManifestAs
8217,棉小造桥虫,Anomis flava,叶片吃光,Eat all the leaves,存在症状,ManifestAs
8218,长额负蝗,Atractomorpha lata,只留表皮,Only the skin remains,存在症状,ManifestAs
8219,赤须盲蝽,Trigonotylus ruficornis,叶片,blade,存在症状,ManifestAs
8220,赤须盲蝽,Trigonotylus ruficornis,初呈淡黄色小点,Initially appear as light yellow spots,存在症状,ManifestAs
8221,赤须盲蝽,Trigonotylus ruficornis,呈白色雪花斑,White snowflakes,存在症状,ManifestAs
8222,赤须盲蝽,Trigonotylus ruficornis,叶片呈现失水状,Leaves appear dehydrated,存在症状,ManifestAs
8223,赤须盲蝽,Trigonotylus ruficornis,孔洞或破叶,Holes or broken leaves,存在症状,ManifestAs
8224,棉大卷叶螟,Sylepta derogata,缺刻或孔洞,Notches or holes,存在症状,ManifestAs
8225,粉纹夜蛾,Trichoplusia ni,缺刻或孔洞,Notches or holes,存在症状,ManifestAs
8226,鼎点金刚钻,Earias cupreoviridis,圆形蛀孔,Round borehole,存在症状,ManifestAs
8227,鼎点金刚钻,Earias cupreoviridis,苞叶张开而脱落,The bracts open and fall off,存在症状,ManifestAs
8228,翠纹金刚钻,Earias fabia,圆形蛀孔,Round borehole,存在症状,ManifestAs
8229,翠纹金刚钻,Earias fabia,苞叶张开而脱落,The bracts open and fall off,存在症状,ManifestAs
8230,大青叶蝉,Cicadella viridis,许多小角斑,Many small spots,存在症状,ManifestAs
8231,大青叶蝉,Cicadella viridis,叶质变劣,Deterioration of leaf quality,存在症状,ManifestAs
8232,大青叶蝉,Cicadella viridis,提前硬化,Early hardening,存在症状,ManifestAs
8233,大青叶蝉,Cicadella viridis,新月形产卵痕,Crescent shaped spawning mark,存在症状,ManifestAs
8234,棉盲蝽,Adelphocoris suturalis,许多红点,Many red dots,存在症状,ManifestAs
8235,棉盲蝽,Adelphocoris suturalis,黑褐色枯死斑点,Dark brown dead spots,存在症状,ManifestAs
8236,棉盲蝽,Adelphocoris suturalis,不规则孔洞,Irregular holes,存在症状,ManifestAs
8237,棉盲蝽,Adelphocoris suturalis,叶缘残缺破烂,Broken leaf edges,存在症状,ManifestAs
8238,棉盲蝽,Adelphocoris suturalis,叶质粗老,Coarse and old leaves,存在症状,ManifestAs
8239,棉盲蝽,Adelphocoris suturalis,芽梢细瘦缩短,Thin and shortened shoots,存在症状,ManifestAs
8240,棉盲蝽,Adelphocoris suturalis,叶片对夹,Blade clamp,存在症状,ManifestAs
8241,棉红蝽,Dysdercus cingulatus,棉絮变成硬块,Cotton wool turns into hard lumps,存在症状,ManifestAs
8242,棉红蝽,Dysdercus cingulatus,棉铃干缩脱落,Cotton bolls shrink and fall off,存在症状,ManifestAs
8243,棉蚜,Aphis gossypii,棉叶卷缩,Cotton leaf curling,存在症状,ManifestAs
8244,棉蚜,Aphis gossypii,“油光”叶,"""Glossy"" leaves",存在症状,ManifestAs
8245,棉长管蚜,Acyrthosiphon gossypii,棉叶卷缩,Cotton leaf curling,存在症状,ManifestAs
8246,棉长管蚜,Acyrthosiphon gossypii,上部叶片卷缩,Upper leaves curled,存在症状,ManifestAs
8247,棉长管蚜,Acyrthosiphon gossypii,叶片现出油光,Leaves appear shiny,存在症状,ManifestAs
8248,棉长管蚜,Acyrthosiphon gossypii,叶片枯黄脱落,Leaves turn yellow and fall off,存在症状,ManifestAs
8249,棉黑蚜,Aphis gossypii,幼叶弯曲皱缩,Young leaves are bent and wrinkled,存在症状,ManifestAs
8250,棉根蚜,Aphis gossypii,须根变细或枯萎,Thinning or withering of fibrous roots,存在症状,ManifestAs
8251,棉根蚜,Aphis gossypii,变黑或腐烂,Blackening or rotting,存在症状,ManifestAs
8252,棉根蚜,Aphis gossypii,棉苗生长缓慢,Cotton seedlings grow slowly,存在症状,ManifestAs
8253,棉根蚜,Aphis gossypii,叶色变暗,Darkening of leaves,存在症状,ManifestAs
8254,棉根蚜,Aphis gossypii,叶片变薄或枯萎下垂,Leaves become thin or droopy,存在症状,ManifestAs
8255,棉根蚜,Aphis gossypii,棉茎变红或嫩顶枯萎,Cotton stems turn red or tender tips wither,存在症状,ManifestAs
8256,棉根蚜,Aphis gossypii,叶片萎蔫,Leaf wilting,存在症状,ManifestAs
8257,黄蓟马,Thrips flavus,节间缩短,Shortened internodes,存在症状,ManifestAs
8258,黄蓟马,Thrips flavus,叶片发黄枯萎,Yellowing and withering of leaves,存在症状,ManifestAs
8259,朱砂叶螨,Tetranychus cinnabarinus,黄白斑点,Yellow and white spots,存在症状,ManifestAs
8260,朱砂叶螨,Tetranychus cinnabarinus,红色斑块,Red patches,存在症状,ManifestAs
8261,朱砂叶螨,Tetranychus cinnabarinus,叶片变红,Leaves turn red,存在症状,ManifestAs
8262,朱砂叶螨,Tetranychus cinnabarinus,状似火烧,Burning,存在症状,ManifestAs
8263,朱砂叶螨,Tetranychus cinnabarinus,玉米籽粒批瘦,Corn kernels,存在症状,ManifestAs
8264,棉尖象,Anthonomus grandis,缺刻或孔洞,Notches or holes,存在症状,ManifestAs
8265,棉尖象,Anthonomus grandis,花蕾脱落,Buds falling off,存在症状,ManifestAs
8266,棉蝗,Chondracris rosea,缺刻和孔洞,Nicks and holes,存在症状,ManifestAs
8267,星白灯蛾,Spilosoma lubricipeda,缺刻或孔洞,Notches or holes,存在症状,ManifestAs
8268,星白灯蛾,Spilosoma lubricipeda,仅存叶脉,Only leaf veins remain,存在症状,ManifestAs
8269,人纹污灯蛾,Spilarctia subcarnea,缺刻或孔洞,Notches or holes,存在症状,ManifestAs
8270,中华蚱蜢,Acrida chinensis,叶片成缺刻,Leaves notched,存在症状,ManifestAs
8271,棉四点叶甲,Diabrotica undecimpunctata,缺刻和孔洞,Nicks and holes,存在症状,ManifestAs
8272,牧草盲蝽,Lygus pratensis,黑褐色小点,Dark brown dots,存在症状,ManifestAs
8273,牧草盲蝽,Lygus pratensis,顶芽皱缩,Terminal bud shrinkage,存在症状,ManifestAs
8274,牧草盲蝽,Lygus pratensis,皱缩变黄,Shrinking and yellowing,存在症状,ManifestAs
8275,牧草盲蝽,Lygus pratensis,枯焦破裂脱落,"Burnt, cracked and falling off",存在症状,ManifestAs
8276,牧草盲蝽,Lygus pratensis,削弱树势,Weakening the tree,存在症状,ManifestAs
8277,三点盲蝽,Adelphocoris fasciaticollis,呈现黑褐色刺斑,Dark brown spots,存在症状,ManifestAs
8278,三点盲蝽,Adelphocoris fasciaticollis,黑心僵瓣,Black Heart,存在症状,ManifestAs
8279,中黑盲蝽,Adelphocoris suturalis,呈现黑褐色刺斑,Dark brown spots,存在症状,ManifestAs
8280,中黑盲蝽,Adelphocoris suturalis,黑心僵瓣,Black Heart,存在症状,ManifestAs
8281,稻绿蝽,Nezara viridula,空粒或秕粒,Empty or barren kernels,存在症状,ManifestAs
8282,二斑叶螨,Tetranychus urticae,黄白斑点,Yellow and white spots,存在症状,ManifestAs
8283,二斑叶螨,Tetranychus urticae,红色斑块,Red patches,存在症状,ManifestAs
8284,二斑叶螨,Tetranychus urticae,叶片变红,Leaves turn red,存在症状,ManifestAs
8285,二斑叶螨,Tetranychus urticae,状似火烧,Burning,存在症状,ManifestAs
8286,二斑叶螨,Tetranychus urticae,叶片干枯脱落,Leaves dry and fall off,存在症状,ManifestAs
8287,二斑叶螨,Tetranychus urticae,玉米籽粒批瘦,Corn kernels,存在症状,ManifestAs
8288,沟金针虫,Pleonomus canaliculatus,造成缺苗,Cause lack of seedlings,存在症状,ManifestAs
8289,沟金针虫,Pleonomus canaliculatus,甚至全田毁种,Even the entire field is destroyed,存在症状,ManifestAs
8290,亚麻假黑斑病,Ascochyta linicola,根变褐死亡,Roots turn brown and die,存在症状,ManifestAs
8291,亚麻假黑斑病,Ascochyta linicola,幼苗叶尖呈褐色,Brown leaf tips on seedlings,存在症状,ManifestAs
8292,亚麻假黑斑病,Ascochyta linicola,顶端枯萎,Top withering,存在症状,ManifestAs
8293,亚麻假黑斑病,Ascochyta linicola,叶尖变褐枯死,Leaf tips turn brown and die,存在症状,ManifestAs
8294,亚麻斑点病,Mycosphaerella linorum,叶片病斑圆形,Circular leaf spots,存在症状,ManifestAs
8295,亚麻斑点病,Mycosphaerella linorum,黄绿至淡绿色,Yellow green to light green,存在症状,ManifestAs
8296,亚麻斑点病,Mycosphaerella linorum,健部绿色,Health Green,存在症状,ManifestAs
8297,亚麻斑点病,Mycosphaerella linorum,病部黑色,Diseased part black,存在症状,ManifestAs
8298,亚麻斑点病,Mycosphaerella linorum,呈黑绿交错的条斑,Black and green streaks,存在症状,ManifestAs
8299,亚麻炭疽病,Colletotrichum lini,暗褐色病斑,Dark brown spots,存在症状,ManifestAs
8300,亚麻炭疽病,Colletotrichum lini,微有同心轮纹,Slightly concentric ring pattern,存在症状,ManifestAs
8301,亚麻炭疽病,Colletotrichum lini,淡黄绿色的窄环,Light yellow-green narrow ring,存在症状,ManifestAs
8302,亚麻炭疽病,Colletotrichum lini,中央呈灰褐色,Grayish brown in the center,存在症状,ManifestAs
8303,亚麻炭疽病,Colletotrichum lini,病斑小,Small lesion,存在症状,ManifestAs
8304,亚麻炭疽病,Colletotrichum lini,水渍状,Water stain,存在症状,ManifestAs
8305,亚麻炭疽病,Colletotrichum lini,暗褐色,Dark brown,存在症状,ManifestAs
8306,亚麻炭疽病,Colletotrichum lini,病斑褐色,Brown spots,存在症状,ManifestAs
8307,亚麻炭疽病,Colletotrichum lini,橙红色点状黏质物,Orange-red sticky substance,存在症状,ManifestAs
8308,亚麻菌核病,Sclerotinia sclerotiorum,白色绒毛状菌丝,White fuzzy hyphae,存在症状,ManifestAs
8309,亚麻菌核病,Sclerotinia sclerotiorum,黑色鼠粪状菌核,Black mouse-dung sclerotia,存在症状,ManifestAs
8310,亚麻、胡麻白粉病,Erysiphe polygoni,零星的灰白色粉状斑,Scattered grayish white powdery spots,存在症状,ManifestAs
8311,亚麻、胡麻白粉病,Erysiphe polygoni,灰白色粉状物,Off-white powder,存在症状,ManifestAs
8312,亚麻、胡麻白粉病,Erysiphe polygoni,植株失绿或枯死,Plants lose green color or die,存在症状,ManifestAs
8313,亚麻、胡麻锈病,Linum usitatissimum,鲜黄色至橙黄色凸起的小圆点,Bright yellow to orange raised dots,存在症状,ManifestAs
8314,亚麻、胡麻锈病,Linum usitatissimum,不规则形黑褐色冬孢子堆,Irregular dark brown teliospore pile,存在症状,ManifestAs
8315,亚麻、胡麻立枯病,Linum usitatissimum,淡黄色病斑,Pale yellow spots,存在症状,ManifestAs
8316,亚麻、胡麻立枯病,Linum usitatissimum,不规则褐色稍凹陷的病痕,"Irregular brown, slightly sunken lesions",存在症状,ManifestAs
8317,亚麻、胡麻立枯病,Linum usitatissimum,褐色小菌核,Small brown sclerotia,存在症状,ManifestAs
8318,亚麻、胡麻枯萎病,Fusarium oxysporum,根部变为灰褐色,The roots turn gray-brown,存在症状,ManifestAs
8319,亚麻、胡麻枯萎病,Fusarium oxysporum,幼苗萎蔫枯黄,Seedlings wilt and turn yellow,存在症状,ManifestAs
8320,亚麻、胡麻枯萎病,Fusarium oxysporum,病株矮小黄化,Diseased plants are dwarfed and yellow,存在症状,ManifestAs
8321,亚麻、胡麻枯萎病,Fusarium oxysporum,顶梢垂萎,Top drooping,存在症状,ManifestAs
8322,亚麻、胡麻枯萎病,Fusarium oxysporum,全株萎蔫枯死,The whole plant wilts and dies,存在症状,ManifestAs
8323,亚麻、胡麻枯萎病,Fusarium oxysporum,粉红色霉状物,Pink mold,存在症状,ManifestAs
8324,红麻、黄麻立枯病,Rhizoctonia solani,中部,Central,存在症状,ManifestAs
8325,红麻、黄麻立枯病,Rhizoctonia solani,呈棕褐色不规则病斑,Brown irregular spots,存在症状,ManifestAs
8326,红麻、黄麻立枯病,Rhizoctonia solani,呈黑褐色腐烂,Dark brown rot,存在症状,ManifestAs
8327,红麻、黄麻立枯病,Rhizoctonia solani,病斑处缢缩,Constriction of lesion,存在症状,ManifestAs
8328,红麻、黄麻立枯病,Rhizoctonia solani,茎基部病斑黑褐色,Dark brown spots at stem base,存在症状,ManifestAs
8329,红麻、黄麻立枯病,Rhizoctonia solani,粗糙圆疤,Rough round scar,存在症状,ManifestAs
8330,红麻炭疽病,Colletotrichum hibisci,淡黄褐色水渍状病斑,Light yellow-brown water-soaked spots,存在症状,ManifestAs
8331,红麻炭疽病,Colletotrichum hibisci,子叶病斑边缘红色,Red edges of cotyledon lesions,存在症状,ManifestAs
8332,红麻炭疽病,Colletotrichum hibisci,中央呈黄褐色,Yellowish brown in the center,存在症状,ManifestAs
8333,红麻炭疽病,Colletotrichum hibisci,变黄褐色枯死,Turns yellow-brown and dies,存在症状,ManifestAs
8334,红麻炭疽病,Colletotrichum hibisci,子叶脱落而呈光杆,The cotyledons fall off and the stem becomes bare,存在症状,ManifestAs
8335,红麻炭疽病,Colletotrichum hibisci,水渍状小斑点,Small water-stained spots,存在症状,ManifestAs
8336,红麻炭疽病,Colletotrichum hibisci,呈紫红色圆斑,Purple round spots,存在症状,ManifestAs
8337,红麻炭疽病,Colletotrichum hibisci,中央呈浅灰色,Light grey in the center,存在症状,ManifestAs
8338,红麻炭疽病,Colletotrichum hibisci,叶片皱缩变形,Leaf shrinkage and deformation,存在症状,ManifestAs
8339,红麻炭疽病,Colletotrichum hibisci,叶柄病斑梭形,Petiole lesions spindle-shaped,存在症状,ManifestAs
8340,红麻炭疽病,Colletotrichum hibisci,中部稍凹陷,Slightly concave in the middle,存在症状,ManifestAs
8341,红麻炭疽病,Colletotrichum hibisci,叶片垂萎,Leaf drooping,存在症状,ManifestAs
8342,红麻炭疽病,Colletotrichum hibisci,病斑梭形,Spindle-shaped lesions,存在症状,ManifestAs
8343,红麻炭疽病,Colletotrichum hibisci,黄褐色,tan,存在症状,ManifestAs
8344,红麻炭疽病,Colletotrichum hibisci,边缘紫红色,Purple edge,存在症状,ManifestAs
8345,红麻炭疽病,Colletotrichum hibisci,茎折或烂头,Stem breakage or rot,存在症状,ManifestAs
8346,红麻炭疽病,Colletotrichum hibisci,呈圆形或椭圆形暗红色斑点,Round or oval dark red spots,存在症状,ManifestAs
8347,红麻炭疽病,Colletotrichum hibisci,中央浅红色,Central light red,存在症状,ManifestAs
8348,红麻炭疽病,Colletotrichum hibisci,污白色菌丝,Dirty white mycelium,存在症状,ManifestAs
8349,红麻炭疽病,Colletotrichum hibisci,桔红色胶质物,Orange-red colloid,存在症状,ManifestAs
8350,红麻斑点病,Cercospora henningsii,病斑近圆形,Nearly circular lesions,存在症状,ManifestAs
8351,红麻斑点病,Cercospora henningsii,中央灰白色,Central off-white,存在症状,ManifestAs
8352,红麻斑点病,Cercospora henningsii,边缘暗红色,Dark red edge,存在症状,ManifestAs
8353,红麻斑点病,Cercospora henningsii,子叶脱落,Cotyledon shedding,存在症状,ManifestAs
8354,红麻斑点病,Cercospora henningsii,暗红色斑点,Dark red spots,存在症状,ManifestAs
8355,红麻斑点病,Cercospora henningsii,近圆形的病斑,Nearly circular lesions,存在症状,ManifestAs
8356,红麻斑点病,Cercospora henningsii,病斑中央黄褐色,The center of the lesion is yellow-brown,存在症状,ManifestAs
8357,红麻斑点病,Cercospora henningsii,边缘暗褐色,Dark brown edge,存在症状,ManifestAs
8358,红麻斑点病,Cercospora henningsii,围有水渍状晕圈,Surrounded by a water-stained halo,存在症状,ManifestAs
8359,红麻斑点病,Cercospora henningsii,叶片发黄脱落,Yellowing and falling leaves,存在症状,ManifestAs
8360,红麻斑点病,Cercospora henningsii,暗红色小斑,Dark red spots,存在症状,ManifestAs
8361,红麻斑点病,Cercospora henningsii,近圆形或棱形病斑,Nearly round or prismatic lesions,存在症状,ManifestAs
8362,红麻斑点病,Cercospora henningsii,中央黄褐色,Central brown,存在症状,ManifestAs
8363,红麻斑点病,Cercospora henningsii,边缘深褐色,Dark brown edge,存在症状,ManifestAs
8364,红麻斑点病,Cercospora henningsii,稀疏的灰色霉状物,Sparse gray mold,存在症状,ManifestAs
8365,红麻根结线虫病,Meloidogyne incognita,全根或侧根肿胀扭曲变形,The whole root or lateral root is swollen and twisted,存在症状,ManifestAs
8366,红麻根结线虫病,Meloidogyne incognita,叶色变黄或株枯,Leaves turn yellow or the plant withers,存在症状,ManifestAs
8367,红麻叶霉病,Curvularia lunata,不清晰的,Unclear,存在症状,ManifestAs
8368,红麻叶霉病,Curvularia lunata,浅黄色至褐色不规则形病斑,Light yellow to brown irregular lesions,存在症状,ManifestAs
8369,红麻叶霉病,Curvularia lunata,烟霉状霉层,Fume mold layer,存在症状,ManifestAs
8370,红麻叶霉病,Curvularia lunata,叶片卷缩,Leaf curling,存在症状,ManifestAs
8371,红麻叶霉病,Curvularia lunata,干枯或脱落,Dry or falling off,存在症状,ManifestAs
8372,红麻灰霉病,Botrytis cinerea,水渍状小斑,Small water-soaked spots,存在症状,ManifestAs
8373,红麻灰霉病,Botrytis cinerea,叶片早落,Early leaf fall,存在症状,ManifestAs
8374,红麻灰霉病,Botrytis cinerea,呈褪绿不规则形病斑,Chlorotic irregular lesions,存在症状,ManifestAs
8375,红麻灰霉病,Botrytis cinerea,灰褐色大斑,Gray brown spots,存在症状,ManifestAs
8376,红麻灰霉病,Botrytis cinerea,变褐脱落,Browning and falling off,存在症状,ManifestAs
8377,红麻灰霉病,Botrytis cinerea,种子霉烂,Seed rot,存在症状,ManifestAs
8378,红麻灰霉病,Botrytis cinerea,灰色霉状物,Gray mold,存在症状,ManifestAs
8379,红麻灰霉病,Botrytis cinerea,黑色菌核,Black Sclerotium,存在症状,ManifestAs
8380,红麻腰折病,Xanthomonas campestris,黑褐色长椭圆形大斑,Dark brown oblong large spots,存在症状,ManifestAs
8381,红麻腰折病,Xanthomonas campestris,轮纹状的黑褐色霉状物,Black-brown moldy substance,存在症状,ManifestAs
8382,黄麻根腐病,Fusarium oxysporum,呈黄褐色水渍状软腐,Yellow-brown water-soaked soft rot,存在症状,ManifestAs
8383,黄麻根腐病,Fusarium oxysporum,黑褐色小斑,Dark brown spots,存在症状,ManifestAs
8384,黄麻根腐病,Fusarium oxysporum,根系呈黑褐色而败坏,The roots are dark brown and rotten,存在症状,ManifestAs
8385,黄麻根腐病,Fusarium oxysporum,病部呈湿腐状,The diseased part is wet and rotten,存在症状,ManifestAs
8386,黄麻根腐病,Fusarium oxysporum,下病斑褐色至黑褐色,Lower lesion brown to dark brown,存在症状,ManifestAs
8387,黄麻根腐病,Fusarium oxysporum,椭圆形或近圆形扁平的黑色小菌核,Small oval or nearly round flat black sclerotia,存在症状,ManifestAs
8388,黄麻细菌性斑点病,Xanthomonas campestris,水渍状褐色小点,Water-stained brown spots,存在症状,ManifestAs
8389,黄麻细菌性斑点病,Xanthomonas campestris,多角形或近圆形油渍状黑褐色小斑,Polygonal or nearly circular oily dark brown spots,存在症状,ManifestAs
8390,黄麻细菌性斑点病,Xanthomonas campestris,较大病斑,Larger lesions,存在症状,ManifestAs
8391,黄麻细菌性斑点病,Xanthomonas campestris,病叶发黄早落,Diseased leaves turn yellow and fall early,存在症状,ManifestAs
8392,黄麻根结线虫病,Meloidogyne incognita,全根或侧根肿胀扭曲变形,The whole root or lateral root is swollen and twisted,存在症状,ManifestAs
8393,黄麻根结线虫病,Meloidogyne incognita,叶色变黄或株枯,Leaves turn yellow or the plant withers,存在症状,ManifestAs
8394,大麻白斑病,Pseudoperonospora cannabina,褐色圆形病斑,Brown circular spots,存在症状,ManifestAs
8395,大麻白斑病,Pseudoperonospora cannabina,中心白色,Center White,存在症状,ManifestAs
8396,大麻霜霉病,Pseudoperonospora cannabina,不规则形病斑,Irregular lesions,存在症状,ManifestAs
8397,大麻霜霉病,Pseudoperonospora cannabina,灰黑色霉状物,Gray-black mold,存在症状,ManifestAs
8398,大麻霉斑病,Passalora cannabina,暗褐色小点,Dark brown dots,存在症状,ManifestAs
8399,大麻霉斑病,Passalora cannabina,近圆形至不规则形病斑,Nearly circular to irregular lesions,存在症状,ManifestAs
8400,大麻霉斑病,Passalora cannabina,mm中央,mm center,存在症状,ManifestAs
8401,大麻霉斑病,Passalora cannabina,褐色四周枯黄,Brown with yellowing around,存在症状,ManifestAs
8402,大麻霉斑病,Passalora cannabina,叶片干枯早落,Leaves dry up and fall off early,存在症状,ManifestAs
8403,大麻白星病,Pseudoperonospora cannabina,椭圆形至不规则形病斑,Oval to irregular lesions,存在症状,ManifestAs
8404,大麻白星病,Pseudoperonospora cannabina,黄白色至灰褐色,Yellowish white to grayish brown,存在症状,ManifestAs
8405,大麻白星病,Pseudoperonospora cannabina,黄褐色晕圈,Yellowish brown halo,存在症状,ManifestAs
8406,大麻白星病,Pseudoperonospora cannabina,叶片早落,Early leaf fall,存在症状,ManifestAs
8407,大麻跳甲,Psylliodes attenuata,麻叶枯萎,Hemp leaves wither,存在症状,ManifestAs
8408,麻天牛,Anoplophora glabripennis,麻株枯死,Hemp plant withered and died,存在症状,ManifestAs
8409,苎麻炭疽病,Colletotrichum gloeosporioides,多个圆形病斑,Multiple circular lesions,存在症状,ManifestAs
8410,苎麻炭疽病,Colletotrichum gloeosporioides,中间灰色,Middle Gray,存在症状,ManifestAs
8411,苎麻炭疽病,Colletotrichum gloeosporioides,边缘褐色,Edge brown,存在症状,ManifestAs
8412,苎麻炭疽病,Colletotrichum gloeosporioides,病斑灰色梭形,Gray spindle-shaped lesions,存在症状,ManifestAs
8413,苎麻炭疽病,Colletotrichum gloeosporioides,中间凹陷,Middle depression,存在症状,ManifestAs
8414,苎麻褐斑病,Cercospora boehmeriae,暗绿色斑点,Dark green spots,存在症状,ManifestAs
8415,苎麻褐斑病,Cercospora boehmeriae,圆形至不规则形褐色病斑,Round to irregular brown spots,存在症状,ManifestAs
8416,苎麻褐斑病,Cercospora boehmeriae,中部灰褐色,Middle grayish brown,存在症状,ManifestAs
8417,苎麻褐斑病,Cercospora boehmeriae,不明显轮纹,No obvious wheel pattern,存在症状,ManifestAs
8418,苎麻褐斑病,Cercospora boehmeriae,四周黑灰褐色,Dark brown all around,存在症状,ManifestAs
8419,苎麻褐斑病,Cercospora boehmeriae,叶脉处暗褐色,Dark brown veins,存在症状,ManifestAs
8420,苎麻褐斑病,Cercospora boehmeriae,病斑浅褐色,Lesions light brown,存在症状,ManifestAs
8421,苎麻褐斑病,Cercospora boehmeriae,病斑褐色,Brown spots,存在症状,ManifestAs
8422,苎麻褐斑病,Cercospora boehmeriae,纵条状或纺锤形,Vertical stripe or spindle shape,存在症状,ManifestAs
8423,苎麻角斑病,Cercospora boehmeriae,圆形或不规则小斑点,Round or irregular small spots,存在症状,ManifestAs
8424,苎麻角斑病,Cercospora boehmeriae,mm的深褐色病,mm's dark brown disease,存在症状,ManifestAs
8425,苎麻疫病,Phytophthora boehmeriae,褐色小点,Brown dots,存在症状,ManifestAs
8426,苎麻疫病,Phytophthora boehmeriae,近圆形或不规则形灰白色大斑,Nearly round or irregular gray-white spots,存在症状,ManifestAs
8427,苎麻疫病,Phytophthora boehmeriae,边缘黑褐色,Dark brown edge,存在症状,ManifestAs
8428,苎麻疫病,Phytophthora boehmeriae,呈深褐色,Dark brown,存在症状,ManifestAs
8429,苎麻疫病,Phytophthora boehmeriae,背面灰紫色,Back gray purple,存在症状,ManifestAs
8430,苎麻疫病,Phytophthora boehmeriae,叶脉呈褐色,Brown leaf veins,存在症状,ManifestAs
8431,苎麻疫病,Phytophthora boehmeriae,不明显轮晕,Not obvious halo,存在症状,ManifestAs
8432,苎麻茎腐病,Fusarium oxysporum,黑褐色病斑,Dark brown spots,存在症状,ManifestAs
8433,苎麻茎腐病,Fusarium oxysporum,暗褐色长条斑,Dark brown stripes,存在症状,ManifestAs
8434,苎麻茎腐病,Fusarium oxysporum,凋萎枯死,Wither and die,存在症状,ManifestAs
8435,苎麻茎腐病,Fusarium oxysporum,呈暗褐色长条斑,Dark brown stripes,存在症状,ManifestAs
8436,苎麻茎腐病,Fusarium oxysporum,叶片凋萎,Leaf wilting,存在症状,ManifestAs
8437,苎麻茎腐病,Fusarium oxysporum,麻叶早落,Hemp leaves fall early,存在症状,ManifestAs
8438,苎麻白纹羽病,Rosellinia necatrix,白色毛状菌,White hairy fungus,存在症状,ManifestAs
8439,苎麻白纹羽病,Rosellinia necatrix,灰白色至灰褐色菌丝,Grayish white to grayish brown hyphae,存在症状,ManifestAs
8440,苎麻白纹羽病,Rosellinia necatrix,皮层变黑,Blackening of the skin,存在症状,ManifestAs
8441,苎麻白纹羽病,Rosellinia necatrix,肉质变红色,The flesh turns red,存在症状,ManifestAs
8442,苎麻白纹羽病,Rosellinia necatrix,呈糠心状腐烂,Heart-shaped rot,存在症状,ManifestAs
8443,苎麻白纹羽病,Rosellinia necatrix,白色羽纹状菌丝体,White feathery mycelium,存在症状,ManifestAs
8444,苎麻白纹羽病,Rosellinia necatrix,矮小细弱,Short and thin,存在症状,ManifestAs
8445,苎麻白纹羽病,Rosellinia necatrix,叶片凹凸不平,Uneven leaves,存在症状,ManifestAs
8446,苎麻白纹羽病,Rosellinia necatrix,黄绿色至黑褐色,Yellow green to dark brown,存在症状,ManifestAs
8447,苎麻白纹羽病,Rosellinia necatrix,麻株呈灰褐色枯死,The hemp plants are gray-brown and dead.,存在症状,ManifestAs
8448,苎麻青枯病,Ralstonia solanacearum,叶片呈失水状萎蔫,Leaves wilt due to water loss,存在症状,ManifestAs
8449,苎麻青枯病,Ralstonia solanacearum,萎干枯而死,Withered and died,存在症状,ManifestAs
8450,苎麻青枯病,Ralstonia solanacearum,木质部呈褐色,Brown wood,存在症状,ManifestAs
8451,苎麻青枯病,Ralstonia solanacearum,粘稠状灰白色的菌脓溢出,Sticky grayish white pus discharge,存在症状,ManifestAs
8452,苎麻花叶病,Cucumber mosaic virus,黄绿斑驳花叶,Yellow-green mottled leaves,存在症状,ManifestAs
8453,苎麻花叶病,Cucumber mosaic virus,皱缩畸形,Shrinkage Deformity,存在症状,ManifestAs
8454,苎麻花叶病,Cucumber mosaic virus,变窄变小,Narrower and smaller,存在症状,ManifestAs
8455,苎麻花叶病,Cucumber mosaic virus,叶缘上卷,Leaf margin curling up,存在症状,ManifestAs
8456,苎麻花叶病,Cucumber mosaic virus,不规则黄色小斑,Irregular yellow spots,存在症状,ManifestAs
8457,苎麻花叶病,Cucumber mosaic virus,绿色疤斑,Green scars,存在症状,ManifestAs
8458,苎麻花叶病,Cucumber mosaic virus,叶脉弯曲,Leaf veins are bent,存在症状,ManifestAs
8459,苎麻花叶病,Cucumber mosaic virus,沿脉变黄,Yellowing along veins,存在症状,ManifestAs
8460,苎麻花叶病,Cucumber mosaic virus,整片叶发黄,The whole leaf turns yellow,存在症状,ManifestAs
8461,苎麻根腐线虫病,Pratylenchus coffeae,黑褐色大病斑,Large dark brown spots,存在症状,ManifestAs
8462,苎麻根腐线虫病,Pratylenchus coffeae,变黑褐色呈海绵状朽腐,Turns dark brown and becomes spongy and rotten,存在症状,ManifestAs
8463,苎麻根腐线虫病,Pratylenchus coffeae,麻株矮小,Hemp plant is short,存在症状,ManifestAs
8464,苎麻根腐线虫病,Pratylenchus coffeae,叶片变黄,Yellowing of leaves,存在症状,ManifestAs
8465,苎麻根腐线虫病,Pratylenchus coffeae,麻株枯死,Hemp plant withered and died,存在症状,ManifestAs
8466,苎麻赤蛱蝶,Pyrameis indica,网状叶脉,Reticulate veins,存在症状,ManifestAs
8467,大豆霜霉病,Peronospora manshurica,霜霉状物,Downy mildew,存在症状,ManifestAs
8468,大豆霜霉病,Peronospora manshurica,褪绿斑块,Chlorotic patches,存在症状,ManifestAs
8469,大豆霜霉病,Peronospora manshurica,淡黄色的大斑块,Large pale yellow patches,存在症状,ManifestAs
8470,大豆霜霉病,Peronospora manshurica,灰白色霉状物,Grayish white mold,存在症状,ManifestAs
8471,大豆霜霉病,Peronospora manshurica,植株萎缩矮化,Plant shrinkage and dwarfing,存在症状,ManifestAs
8472,大豆霜霉病,Peronospora manshurica,叶片凋萎早落,Leaves wilt and fall early,存在症状,ManifestAs
8473,大豆霜霉病,Peronospora manshurica,圆形或不正规形的黄绿色小斑点,Small round or irregular yellow-green spots,存在症状,ManifestAs
8474,大豆霜霉病,Peronospora manshurica,周围呈深褐色,Dark brown around,存在症状,ManifestAs
8475,大豆霜霉病,Peronospora manshurica,灰色或淡紫色,Gray or lavender,存在症状,ManifestAs
8476,苎麻黄蛱蝶,Pareba vesta,呈半透明网状,Translucent mesh,存在症状,ManifestAs
8477,苎麻夜蛾,Cocytodes caerulea,缺刻或孔洞,Notches or holes,存在症状,ManifestAs
8478,苎麻夜蛾,Cocytodes caerulea,仅留叶脉,Only the veins remain,存在症状,ManifestAs
8479,苎麻夜蛾,Cocytodes caerulea,植株矮小,Short plant,存在症状,ManifestAs
8480,苎麻天牛,Paraglenea fortunei,黄褐色斑点,Brown spots,存在症状,ManifestAs
8481,大豆锈病,Phakopsora pachyrhizi,褐色小点,Brown dots,存在症状,ManifestAs
8482,大豆锈病,Phakopsora pachyrhizi,呈黄褐色,Yellowish brown,存在症状,ManifestAs
8483,大豆锈病,Phakopsora pachyrhizi,红褐色,Reddish brown,存在症状,ManifestAs
8484,大豆锈病,Phakopsora pachyrhizi,紫褐色或黑褐色小斑,Purple-brown or dark-brown spots,存在症状,ManifestAs
8485,大豆锈病,Phakopsora pachyrhizi,病斑表皮破,Lesion epidermis broken,存在症状,ManifestAs
8486,大豆锈病,Phakopsora pachyrhizi,黑褐色多角形稍,Dark brown polygonal,存在症状,ManifestAs
8487,大豆锈病,Phakopsora pachyrhizi,表皮不破裂,No rupture of the epidermis,存在症状,ManifestAs
8488,大豆锈病,Phakopsora pachyrhizi,叶片迅速发黄,Leaves turn yellow quickly,存在症状,ManifestAs
8489,大豆锈病,Phakopsora pachyrhizi,叶片变黄干枯,Leaves turn yellow and dry,存在症状,ManifestAs
8490,大豆锈病,Phakopsora pachyrhizi,早期落叶,Early leaf drop,存在症状,ManifestAs
8491,大豆锈病,Phakopsora pachyrhizi,籽粒不饱满,The seeds are not full,存在症状,ManifestAs
8492,大豆枯萎病,Fusarium oxysporum,茎软化,Stem softening,存在症状,ManifestAs
8493,大豆枯萎病,Fusarium oxysporum,叶片褪绿或卷缩,Leaves turn green or curl up,存在症状,ManifestAs
8494,大豆枯萎病,Fusarium oxysporum,呈青枯状,Withered,存在症状,ManifestAs
8495,大豆枯萎病,Fusarium oxysporum,呈褐色,Brown,存在症状,ManifestAs
8496,大豆枯萎病,Fusarium oxysporum,褐色至深褐色,Brown to dark brown,存在症状,ManifestAs
8497,大豆枯萎病,Fusarium oxysporum,维管束变褐,Browning of vascular bundles,存在症状,ManifestAs
8498,大豆枯萎病,Fusarium oxysporum,褐色坏死斑,Brown necrotic spots,存在症状,ManifestAs
8499,大豆枯萎病,Fusarium oxysporum,上部水渍状变褐色,The upper part is water-stained and brown,存在症状,ManifestAs
8500,大豆枯萎病,Fusarium oxysporum,白色絮状菌丝,White flocculent hyphae,存在症状,ManifestAs
8501,大豆枯萎病,Fusarium oxysporum,粉红色胶状物,Pink jelly,存在症状,ManifestAs
8502,大豆疫霉根腐病,Phytophthora sojae,引起种子,Causes seeds,存在症状,ManifestAs
8503,大豆疫霉根腐病,Phytophthora sojae,根及下胚轴呈棕褐色,Roots and hypocotyls are brown,存在症状,ManifestAs
8504,大豆疫霉根腐病,Phytophthora sojae,水浸状病斑,Water-soaked lesions,存在症状,ManifestAs
8505,大豆疫霉根腐病,Phytophthora sojae,根变褐,Roots turning brown,存在症状,ManifestAs
8506,大豆疫霉根腐病,Phytophthora sojae,下部叶片,Lower leaves,存在症状,ManifestAs
8507,大豆疫霉根腐病,Phytophthora sojae,上部叶,Upper leaves,存在症状,ManifestAs
8508,大豆疫霉根腐病,Phytophthora sojae,基有黑褐色凹陷条状,Base has dark brown sunken stripes,存在症状,ManifestAs
8509,大豆疫霉根腐病,Phytophthora sojae,籽粒皱缩,Kernel shrinkage,存在症状,ManifestAs
8510,大豆疫霉根腐病,Phytophthora sojae,植株不倒伏,Plants do not fall over,存在症状,ManifestAs
8511,大豆疫霉根腐病,Phytophthora sojae,叶片不脱落,Leaves do not fall off,存在症状,ManifestAs
8512,大豆疫霉根腐病,Phytophthora sojae,维管束变褐色,Vascular bundles turn brown,存在症状,ManifestAs
8513,大豆疫霉根腐病,Phytophthora sojae,水浸状斑,Water-soaked spots,存在症状,ManifestAs
8514,大豆疫霉根腐病,Phytophthora sojae,豆荚变枯呈黄褐色,The pods turn brown and dry,存在症状,ManifestAs
8515,大豆疫霉根腐病,Phytophthora sojae,种子失水干瘪,Seeds lose water and become shrunken,存在症状,ManifestAs
8516,大豆紫斑病,Cercospora kikuchii,不规则褐色斑点,Irregular brown spots,存在症状,ManifestAs
8517,大豆紫斑病,Cercospora kikuchii,圆形紫红色小斑点,Small round purple spots,存在症状,ManifestAs
8518,大豆紫斑病,Cercospora kikuchii,不规则形或多角形,Irregular or polygonal,存在症状,ManifestAs
8519,大豆紫斑病,Cercospora kikuchii,不规则形大斑,Irregular large spots,存在症状,ManifestAs
8520,大豆紫斑病,Cercospora kikuchii,病斑紫褐色,Purple-brown lesions,存在症状,ManifestAs
8521,大豆紫斑病,Cercospora kikuchii,叶片发黄,Yellowing leaves,存在症状,ManifestAs
8522,大豆紫斑病,Cercospora kikuchii,紫黑霉状物,Purple black mold,存在症状,ManifestAs
8523,大豆紫斑病,Cercospora kikuchii,病斑呈长条状或梭形,The lesions are long or spindle-shaped,存在症状,ManifestAs
8524,大豆紫斑病,Cercospora kikuchii,红褐色,Reddish brown,存在症状,ManifestAs
8525,大豆紫斑病,Cercospora kikuchii,灰黑色霉层,Gray-black mold layer,存在症状,ManifestAs
8526,大豆紫斑病,Cercospora kikuchii,病斑近圆形至不规则形,The lesions are nearly round to irregular in shape,存在症状,ManifestAs
8527,大豆紫斑病,Cercospora kikuchii,病斑灰黑色,Grayish black spots,存在症状,ManifestAs
8528,大豆紫斑病,Cercospora kikuchii,紫黑色霉状物,Purple black mold,存在症状,ManifestAs
8529,大豆紫斑病,Cercospora kikuchii,病斑不规则,Irregular lesions,存在症状,ManifestAs
8530,大豆紫斑病,Cercospora kikuchii,多呈紫色,Mostly purple,存在症状,ManifestAs
8531,大豆紫斑病,Cercospora kikuchii,浅紫色斑块,Light purple patches,存在症状,ManifestAs
8532,大豆灰斑病,Cercospora sojina,稍凹陷的圆形或半圆形病斑,Slightly sunken round or semicircular lesions,存在症状,ManifestAs
8533,大豆灰斑病,Cercospora sojina,深褐色,Dark Brown,存在症状,ManifestAs
8534,大豆灰斑病,Cercospora sojina,顶芽变褐枯死,The terminal bud turns brown and dies,存在症状,ManifestAs
8535,大豆灰斑病,Cercospora sojina,红褐色小圆斑,Small reddish brown spots,存在症状,ManifestAs
8536,大豆灰斑病,Cercospora sojina,圆形成不规则形,Round irregular shape,存在症状,ManifestAs
8537,大豆灰斑病,Cercospora sojina,m中间灰色至灰,mMiddle grey to grey,存在症状,ManifestAs
8538,大豆灰斑病,Cercospora sojina,色边缘红,Color edge red,存在症状,ManifestAs
8539,大豆灰斑病,Cercospora sojina,深红色纺锤形病斑,Deep red spindle-shaped lesions,存在症状,ManifestAs
8540,大豆灰斑病,Cercospora sojina,中央部分淡灰色,Light gray in the center,存在症状,ManifestAs
8541,大豆灰斑病,Cercospora sojina,边缘深褐色或黑色,Dark brown or black edges,存在症状,ManifestAs
8542,大豆灰斑病,Cercospora sojina,病斑圆形至椭圆形,Lesions are round to oval,存在症状,ManifestAs
8543,大豆灰斑病,Cercospora sojina,中央灰褐色,Central Taupe,存在症状,ManifestAs
8544,大豆灰斑病,Cercospora sojina,边缘红褐色,Reddish brown edge,存在症状,ManifestAs
8545,大豆灰斑病,Cercospora sojina,病斑圆形至不规则形,Lesions are round to irregular,存在症状,ManifestAs
8546,大豆灰斑病,Cercospora sojina,中央灰白,Central gray,存在症状,ManifestAs
8547,大豆灰斑病,Cercospora sojina,边缘褐色,Edge brown,存在症状,ManifestAs
8548,大豆耙点病,Cercospora sojina,初生圆形至不规则形,Initially round to irregular shape,存在症状,ManifestAs
8549,大豆耙点病,Cercospora sojina,斑浅红,Spot light red,存在症状,ManifestAs
8550,大豆耙点病,Cercospora sojina,斑四周多具浅,The spots are surrounded by shallow,存在症状,ManifestAs
8551,大豆耙点病,Cercospora sojina,轮纹造成叶,Ring pattern leaves,存在症状,ManifestAs
8552,大豆耙点病,Cercospora sojina,病病斑,Disease spots,存在症状,ManifestAs
8553,大豆耙点病,Cercospora sojina,形稍,Shape,存在症状,ManifestAs
8554,大豆耙点病,Cercospora sojina,陷中间暗,Dark in the middle,存在症状,ManifestAs
8555,大豆耙点病,Cercospora sojina,色四周,Color around,存在症状,ManifestAs
8556,大豆耙点病,Cercospora sojina,密生黑色霉状物,Dense black mold,存在症状,ManifestAs
8557,大豆褐斑病,Cercospora sojina,不规则褐色大斑,Irregular brown spots,存在症状,ManifestAs
8558,大豆褐斑病,Cercospora sojina,病斑棕褐色,Lesions brown,存在症状,ManifestAs
8559,大豆褐斑病,Cercospora sojina,呈多角形或不规则形,Polygonal or irregular shape,存在症状,ManifestAs
8560,大豆褐斑病,Cercospora sojina,病斑干枯,The lesions dried up,存在症状,ManifestAs
8561,大豆褐斑病,Cercospora sojina,叶片变黄脱落,Leaves turn yellow and fall off,存在症状,ManifestAs
8562,大豆褐斑病,Cercospora sojina,病斑暗褐色,Lesions dark brown,存在症状,ManifestAs
8563,大豆褐斑病,Cercospora sojina,短条状,Short strip,存在症状,ManifestAs
8564,大豆褐斑病,Cercospora sojina,边缘不清晰,The edge is not clear,存在症状,ManifestAs
8565,大豆褐斑病,Cercospora sojina,不规则棕褐色斑点,Irregular brown spots,存在症状,ManifestAs
8566,大豆褐斑病,Cercospora sojina,不明显小黑点,Not obvious black spots,存在症状,ManifestAs
8567,大豆立枯病,Rhizoctonia solani,红褐色略显凹陷的病斑,Reddish brown slightly sunken lesions,存在症状,ManifestAs
8568,大豆立枯病,Rhizoctonia solani,皮层开裂呈溃疡状,Ulceration of the skin layer,存在症状,ManifestAs
8569,大豆立枯病,Rhizoctonia solani,基部变褐,Browning at base,存在症状,ManifestAs
8570,大豆立枯病,Rhizoctonia solani,幼苗折倒死亡,Seedlings fall over and die,存在症状,ManifestAs
8571,大豆立枯病,Rhizoctonia solani,地上部矮黄,Dwarf yellow aboveground part,存在症状,ManifestAs
8572,大豆纹枯病,Rhizoctonia solani,茎叶变黄逐渐枯死,The stems and leaves turn yellow and gradually die,存在症状,ManifestAs
8573,大豆纹枯病,Rhizoctonia solani,呈水渍状不规则形云纹斑块,Irregular water-stained moire patches,存在症状,ManifestAs
8574,大豆纹枯病,Rhizoctonia solani,病斑呈褐色,Brown spots,存在症状,ManifestAs
8575,大豆纹枯病,Rhizoctonia solani,病斑呈不规则形云纹状,The lesions are irregularly shaped and cloud-like,存在症状,ManifestAs
8576,大豆纹枯病,Rhizoctonia solani,边缘不明显,The edge is not obvious,存在症状,ManifestAs
8577,大豆纹枯病,Rhizoctonia solani,水渍状病斑,Water-soaked spots,存在症状,ManifestAs
8578,大豆纹枯病,Rhizoctonia solani,褐色菌核,Brown sclerotium,存在症状,ManifestAs
8579,大豆羞萎病,Fusarium oxysporum,植株矮小,Short plant,存在症状,ManifestAs
8580,大豆羞萎病,Fusarium oxysporum,幼叶凋萎下垂早期枯死,"Young leaves wilt and droop, and die early",存在症状,ManifestAs
8581,大豆羞萎病,Fusarium oxysporum,产生褐色细,Produces brown fine,存在症状,ManifestAs
8582,大豆羞萎病,Fusarium oxysporum,有时一侧纵裂或凹陷或,Sometimes one side is cracked or sunken or,存在症状,ManifestAs
8583,大豆羞萎病,Fusarium oxysporum,致叶柄,To petiole,存在症状,ManifestAs
8584,大豆羞萎病,Fusarium oxysporum,曲或叶片反转,Bending or blade reversal,存在症状,ManifestAs
8585,大豆羞萎病,Fusarium oxysporum,垂基部细缢,Fine constriction at the base of the vertebra,存在症状,ManifestAs
8586,大豆羞萎病,Fusarium oxysporum,造成叶片凋萎,Causes leaf wilt,存在症状,ManifestAs
8587,大豆羞萎病,Fusarium oxysporum,上病斑,Upper lesion,存在症状,ManifestAs
8588,大豆羞萎病,Fusarium oxysporum,白色至红色霉层,White to red mold,存在症状,ManifestAs
8589,大豆羞萎病,Fusarium oxysporum,多从边缘或荚梗处,Mostly from the edge or pod stalk,存在症状,ManifestAs
8590,大豆羞萎病,Fusarium oxysporum,变扭曲,Distorted,存在症状,ManifestAs
8591,大豆羞萎病,Fusarium oxysporum,轻者脐部,Mild cases: navel,存在症状,ManifestAs
8592,大豆羞萎病,Fusarium oxysporum,重者全粒变褐而皱缩,"In severe cases, the whole grain turns brown and shrinks.",存在症状,ManifestAs
8593,大豆黑痘病,Xanthomonas campestris,病斑圆形疮痂状,"Lesions are round, scab-like",存在症状,ManifestAs
8594,大豆黑痘病,Xanthomonas campestris,灰白色,Off-white,存在症状,ManifestAs
8595,大豆黑痘病,Xanthomonas campestris,不明显小黑点,Not obvious black spots,存在症状,ManifestAs
8596,大豆轮纹病,Mycosphaerella sojae,褐色小斑点,Small brown spots,存在症状,ManifestAs
8597,大豆轮纹病,Mycosphaerella sojae,近圆形,Nearly round,存在症状,ManifestAs
8598,大豆轮纹病,Mycosphaerella sojae,褐色或黄褐色,Brown or yellowish brown,存在症状,ManifestAs
8599,大豆轮纹病,Mycosphaerella sojae,明显同心轮纹,Obvious concentric ring pattern,存在症状,ManifestAs
8600,大豆轮纹病,Mycosphaerella sojae,褐色小点,Brown dots,存在症状,ManifestAs
8601,大豆轮纹病,Mycosphaerella sojae,呈圆形或近圆形,Round or nearly round,存在症状,ManifestAs
8602,大豆轮纹病,Mycosphaerella sojae,中央褐色,Central brown,存在症状,ManifestAs
8603,大豆轮纹病,Mycosphaerella sojae,周缘暗褐色,Dark brown around,存在症状,ManifestAs
8604,大豆轮纹病,Mycosphaerella sojae,同心轮纹,Concentric wheel pattern,存在症状,ManifestAs
8605,大豆轮纹病,Mycosphaerella sojae,早期落叶,Early leaf drop,存在症状,ManifestAs
8606,大豆轮纹病,Mycosphaerella sojae,近梭形,Nearly fusiform,存在症状,ManifestAs
8607,大豆轮纹病,Mycosphaerella sojae,初为灰褐色,Initially grayish brown,存在症状,ManifestAs
8608,大豆轮纹病,Mycosphaerella sojae,病斑近圆形或不规则形,The lesions are nearly round or irregular in shape.,存在症状,ManifestAs
8609,大豆轮纹病,Mycosphaerella sojae,灰白色或灰黑色,Grayish white or grayish black,存在症状,ManifestAs
8610,大豆轮纹病,Mycosphaerella sojae,不规则或轮状排列,Irregular or wheel-like arrangement,存在症状,ManifestAs
8611,大豆轮纹病,Mycosphaerella sojae,荚内空瘪不结实,The pods are hollow and not firm,存在症状,ManifestAs
8612,大豆轮纹病,Mycosphaerella sojae,灰褐色皱缩干瘪,"Gray brown, wrinkled and shrunken",存在症状,ManifestAs
8613,大豆轮纹病,Mycosphaerella sojae,灰褐色,Taupe,存在症状,ManifestAs
8614,大豆荚枯病,Phomopsis sojae,病斑褐色,Brown spots,存在症状,ManifestAs
8615,大豆荚枯病,Phomopsis sojae,不规则形,Irregular,存在症状,ManifestAs
8616,大豆荚枯病,Phomopsis sojae,轮状排列的小黑点,Small black dots arranged in a wheel,存在症状,ManifestAs
8617,大豆荚枯病,Phomopsis sojae,豆粒瘪皱,Beans are wrinkled,存在症状,ManifestAs
8618,大豆荚枯病,Phomopsis sojae,灰黑色无光泽,Gray black matte,存在症状,ManifestAs
8619,大豆荚枯病,Phomopsis sojae,白色菌丝层,White mycelium layer,存在症状,ManifestAs
8620,大豆荚枯病,Phomopsis sojae,灰褐色不规则形病斑,Gray-brown irregular lesions,存在症状,ManifestAs
8621,大豆根结线虫病,Meloidogyne sojae,不规则形或串珠状根结,Irregular or beaded root knots,存在症状,ManifestAs
8622,大豆根结线虫病,Meloidogyne sojae,根系过度分叉,Excessive root branching,存在症状,ManifestAs
8623,大豆根结线虫病,Meloidogyne sojae,叶色淡,Light leaf color,存在症状,ManifestAs
8624,大豆根结线虫病,Meloidogyne sojae,萎黄不长,Yellowing and not growing,存在症状,ManifestAs
8625,大豆根结线虫病,Meloidogyne sojae,成片黄黄绿绿,Yellow and green,存在症状,ManifestAs
8626,大豆棕色叶斑病,Cercospora kikuchii,黄褐色小点,Yellowish brown dots,存在症状,ManifestAs
8627,大豆棕色叶斑病,Cercospora kikuchii,圆形至近圆形棕褐色斑,Round to nearly round brown spots,存在症状,ManifestAs
8628,大豆棕色叶斑病,Cercospora kikuchii,病叶黄化枯死,Diseased leaves turn yellow and die,存在症状,ManifestAs
8629,大豆疫病,Phytophthora sojae,种子腐烂,Seed rot,存在症状,ManifestAs
8630,大豆疫病,Phytophthora sojae,下胚轴呈棕褐色,Hypocotyl is brown,存在症状,ManifestAs
8631,大豆疫病,Phytophthora sojae,水浸状病斑,Water-soaked lesions,存在症状,ManifestAs
8632,大豆疫病,Phytophthora sojae,根变褐,Roots turning brown,存在症状,ManifestAs
8633,大豆疫病,Phytophthora sojae,叶片先变黄,Leaves turn yellow first,存在症状,ManifestAs
8634,大豆疫病,Phytophthora sojae,叶片逐,Leaves,存在症状,ManifestAs
8635,大豆疫病,Phytophthora sojae,黑褐色凹陷条状病斑,Dark brown sunken stripe lesions,存在症状,ManifestAs
8636,大豆疫病,Phytophthora sojae,籽粒皱缩,Kernel shrinkage,存在症状,ManifestAs
8637,大豆疫病,Phytophthora sojae,植株不倒伏,Plants do not fall over,存在症状,ManifestAs
8638,大豆疫病,Phytophthora sojae,叶片不脱落,Leaves do not fall off,存在症状,ManifestAs
8639,大豆疫病,Phytophthora sojae,维管束变褐色,Vascular bundles turn brown,存在症状,ManifestAs
8640,大豆疫病,Phytophthora sojae,水浸状斑,Water-soaked spots,存在症状,ManifestAs
8641,大豆疫病,Phytophthora sojae,豆荚变枯呈黄褐色,The pods turn brown and dry,存在症状,ManifestAs
8642,大豆疫病,Phytophthora sojae,种子失水干瘪,Seeds lose water and become shrunken,存在症状,ManifestAs
8643,大豆炭疽病,Colletotrichum truncatum,病斑黑褐色,Lesions dark brown,存在症状,ManifestAs
8644,大豆炭疽病,Colletotrichum truncatum,开裂或凹陷,Cracks or dents,存在症状,ManifestAs
8645,大豆炭疽病,Colletotrichum truncatum,子叶呈水浸状,Cotyledons are water-soaked,存在症状,ManifestAs
8646,大豆炭疽病,Colletotrichum truncatum,病斑呈不规则形,Irregular lesions,存在症状,ManifestAs
8647,大豆炭疽病,Colletotrichum truncatum,边缘深褐色,Dark brown edge,存在症状,ManifestAs
8648,大豆炭疽病,Colletotrichum truncatum,内部浅褐色,Light brown inside,存在症状,ManifestAs
8649,大豆炭疽病,Colletotrichum truncatum,粗糙刺毛状黑点,Rough black spots,存在症状,ManifestAs
8650,大豆炭疽病,Colletotrichum truncatum,红褐色不规则形病斑,Reddish brown irregular lesions,存在症状,ManifestAs
8651,大豆炭疽病,Colletotrichum truncatum,呈不规则排列的小黑点,Irregularly arranged small black spots,存在症状,ManifestAs
8652,大豆炭疽病,Colletotrichum truncatum,病斑圆形或不规则形,Lesions are round or irregular,存在症状,ManifestAs
8653,大豆炭疽病,Colletotrichum truncatum,轮纹状排列的小黑点,Small black dots arranged in a ring pattern,存在症状,ManifestAs
8654,大豆炭疽病,Colletotrichum truncatum,呈暗褐色皱缩,Dark brown wrinkled,存在症状,ManifestAs
8655,大豆菌核病,Sclerotinia sclerotiorum,叶片萎蔫变褐枯死,"Leaves wilt, turn brown and die",存在症状,ManifestAs
8656,大豆菌核病,Sclerotinia sclerotiorum,褐色病斑,Brown spots,存在症状,ManifestAs
8657,大豆菌核病,Sclerotinia sclerotiorum,白色棉絮状菌丝体,White cotton-like mycelium,存在症状,ManifestAs
8658,大豆菌核病,Sclerotinia sclerotiorum,白色颗粒状物,White granular substance,存在症状,ManifestAs
8659,大豆菌核病,Sclerotinia sclerotiorum,黑色鼠粪状或圆柱状的菌核,Black rat droppings or cylindrical sclerotia,存在症状,ManifestAs
8660,大豆菌核病,Sclerotinia sclerotiorum,皮层腐烂呈麻丝关,The cortex rots and becomes hemp-like,存在症状,ManifestAs
8661,大豆菌核病,Sclerotinia sclerotiorum,荚上病斑褐色,Brown spots on pods,存在症状,ManifestAs
8662,大豆菌核病,Sclerotinia sclerotiorum,全荚呈苍白色,The whole pod is pale white,存在症状,ManifestAs
8663,大豆菌核病,Sclerotinia sclerotiorum,腐烂或干缩皱瘪,Rotten or shrunken,存在症状,ManifestAs
8664,大豆茎枯病,Phomopsis sojae,长椭圆形病斑,Long oval lesions,存在症状,ManifestAs
8665,大豆茎枯病,Phomopsis sojae,灰褐色,Taupe,存在症状,ManifestAs
8666,大豆茎枯病,Phomopsis sojae,黑色长条斑,Black long stripes,存在症状,ManifestAs
8667,大豆黑点病,Phomopsis sojae,灰褐色病斑,Gray-brown spots,存在症状,ManifestAs
8668,大豆黑点病,Phomopsis sojae,边缘红褐色,Reddish brown edge,存在症状,ManifestAs
8669,大豆黑点病,Phomopsis sojae,略凹陷的红褐色条维,Slightly concave reddish brown stripes,存在症状,ManifestAs
8670,大豆黑点病,Phomopsis sojae,长条形或椭圆形,Long or oval,存在症状,ManifestAs
8671,大豆黑点病,Phomopsis sojae,近圆形褐色病斑,Nearly circular brown spots,存在症状,ManifestAs
8672,大豆黑点病,Phomopsis sojae,灰白色干枯而死,"Gray, dry and dead",存在症状,ManifestAs
8673,大豆黑点病,Phomopsis sojae,豆粒呈苍白色萎缩僵化,"The beans are pale, shrunken and rigid",存在症状,ManifestAs
8674,大豆细菌性斑点病,Pseudomonas syringae,半圆或近圆形病斑,Semicircular or nearly circular lesions,存在症状,ManifestAs
8675,大豆细菌性斑点病,Pseudomonas syringae,褐色至黑色,Brown to black,存在症状,ManifestAs
8676,大豆细菌性斑点病,Pseudomonas syringae,半透明水渍状褪绿小点,Translucent water-stained chlorotic spots,存在症状,ManifestAs
8677,大豆细菌性斑点病,Pseudomonas syringae,黄色至深褐色多角形病斑,Yellow to dark brown polygonal lesions,存在症状,ManifestAs
8678,大豆细菌性斑点病,Pseudomonas syringae,周围有黄绿色晕,Surrounded by a yellow-green halo,存在症状,ManifestAs
8679,大豆细菌性斑点病,Pseudomonas syringae,白色菌脓,White pus,存在症状,ManifestAs
8680,大豆细菌性斑点病,Pseudomonas syringae,有光泽的膜,Glossy film,存在症状,ManifestAs
8681,大豆细菌性斑点病,Pseudomonas syringae,不规则枯死大斑,Irregular dead spots,存在症状,ManifestAs
8682,大豆细菌性斑点病,Pseudomonas syringae,病叶呈破碎状,The diseased leaves are broken,存在症状,ManifestAs
8683,大豆细菌性斑点病,Pseudomonas syringae,水渍状褐色至黑色长条形病斑,Water-soaked brown to black stripe-shaped lesions,存在症状,ManifestAs
8684,大豆细菌性斑点病,Pseudomonas syringae,红褐色小斑点,Small reddish brown spots,存在症状,ManifestAs
8685,大豆细菌性斑点病,Pseudomonas syringae,黑褐色不规则形病斑,Dark brown irregular lesions,存在症状,ManifestAs
8686,大豆细菌性斑点病,Pseudomonas syringae,病斑不规则,Irregular lesions,存在症状,ManifestAs
8687,大豆细菌性斑疹病,Pseudomonas savastanoi,浅绿色小点,Light green dots,存在症状,ManifestAs
8688,大豆细菌性斑疹病,Pseudomonas savastanoi,多角形红褐色病斑,Polygonal reddish brown spots,存在症状,ManifestAs
8689,大豆细菌性斑疹病,Pseudomonas savastanoi,形成小,Form a small,存在症状,ManifestAs
8690,大豆细菌性斑疹病,Pseudomonas savastanoi,口状形,Mouth-shaped,存在症状,ManifestAs
8691,大豆细菌性斑疹病,Pseudomonas savastanoi,组织变褐,Browning of tissue,存在症状,ManifestAs
8692,大豆细菌性斑疹病,Pseudomonas savastanoi,似火烧状,Burning,存在症状,ManifestAs
8693,大豆细菌性斑疹病,Pseudomonas savastanoi,红褐色圆形小点,Reddish brown round dots,存在症状,ManifestAs
8694,大豆细菌性斑疹病,Pseudomonas savastanoi,黑褐色枯斑,Dark brown spots,存在症状,ManifestAs
8695,大豆花叶病毒病,Soybean mosaic virus,型：病叶呈黄绿,Type: Diseased leaves are yellow-green,存在症状,ManifestAs
8696,大豆花叶病毒病,Soybean mosaic virus,间的轻微淡黄色,Slight yellowish,存在症状,ManifestAs
8697,大豆花叶病毒病,Soybean mosaic virus,重叶脉褐色,Heavy vein brown,存在症状,ManifestAs
8698,大豆花叶病毒病,Soybean mosaic virus,曲叶肉呈泡状,Curved leaf flesh is bubble-shaped,存在症状,ManifestAs
8699,大豆花叶病毒病,Soybean mosaic virus,起暗,Dark,存在症状,ManifestAs
8700,大豆花叶病毒病,Soybean mosaic virus,整个叶缘向,The entire leaf margin,存在症状,ManifestAs
8701,大豆花叶病毒病,Soybean mosaic virus,后期叶脉,Late leaf veins,存在症状,ManifestAs
8702,大豆花叶病毒病,Soybean mosaic virus,死植株矮化,Dead plant dwarfing,存在症状,ManifestAs
8703,大豆花叶病毒病,Soybean mosaic virus,植株叶片,Plant leaves,存在症状,ManifestAs
8704,大豆花叶病毒病,Soybean mosaic virus,色叶缘向下,Color leaf margin downward,存在症状,ManifestAs
8705,大豆花叶病毒病,Soybean mosaic virus,曲叶片,Curved blades,存在症状,ManifestAs
8706,大豆花叶病毒病,Soybean mosaic virus,扭植株节间,Twisting plant internodes,存在症状,ManifestAs
8707,大豆花叶病毒病,Soybean mosaic virus,化结荚少或不结荚,Few or no pods,存在症状,ManifestAs
8708,大豆花叶病毒病,Soybean mosaic virus,产生褐色或黑色的,Produces brown or black,存在症状,ManifestAs
8709,大豆花叶病毒病,Soybean mosaic virus,呈现放射状或带状,Radiate or band,存在症状,ManifestAs
8710,大豆顶枯病,Fusarium oxysporum,叶脉坏死,Vein necrosis,存在症状,ManifestAs
8711,大豆顶枯病,Fusarium oxysporum,无风轮状内,No wind wheel,存在症状,ManifestAs
8712,大豆胞囊线虫病,Heterodera glycines,植株明显矮小,The plant is noticeably short,存在症状,ManifestAs
8713,大豆胞囊线虫病,Heterodera glycines,叶片发黄早落,Leaves turn yellow and fall early,存在症状,ManifestAs
8714,大豆胞囊线虫病,Heterodera glycines,花芽少,Few flower buds,存在症状,ManifestAs
8715,大豆胞囊线虫病,Heterodera glycines,花芽枯萎,Flower buds wither,存在症状,ManifestAs
8716,大豆胞囊线虫病,Heterodera glycines,白色亮晶微如,White and shiny,存在症状,ManifestAs
8717,大豆胞囊线虫病,Heterodera glycines,呈点片发黄,Yellow spots,存在症状,ManifestAs
8718,大豆菟丝子,Cuscuta chinensis,大豆茎叶变黄,Soybean stems and leaves turn yellow,存在症状,ManifestAs
8719,大豆菟丝子,Cuscuta chinensis,全株黄枯而死,The whole plant turned yellow and died,存在症状,ManifestAs
8720,大豆叶斑病,Cercospora sojina,病斑不规则形,Irregular lesion shape,存在症状,ManifestAs
8721,大豆叶斑病,Cercospora sojina,褐色至灰白色,Brown to off-white,存在症状,ManifestAs
8722,大豆叶斑病,Cercospora sojina,中间浅褐色,Middle light brown,存在症状,ManifestAs
8723,大豆叶斑病,Cercospora sojina,四周深褐色,Dark brown all around,存在症状,ManifestAs
8724,大豆叶斑病,Cercospora sojina,叶片枯死脱落,Leaves die and fall off,存在症状,ManifestAs
8725,大豆褐纹病,Phomopsis sojae,病斑棕褐色,Lesions brown,存在症状,ManifestAs
8726,大豆褐纹病,Phomopsis sojae,呈多角形或不规则形,Polygonal or irregular shape,存在症状,ManifestAs
8727,大豆褐纹病,Phomopsis sojae,病斑干枯,The lesions dried up,存在症状,ManifestAs
8728,大豆褐纹病,Phomopsis sojae,叶片变黄脱落,Leaves turn yellow and fall off,存在症状,ManifestAs
8729,大豆褐纹病,Phomopsis sojae,病斑暗褐色,Lesions dark brown,存在症状,ManifestAs
8730,大豆褐纹病,Phomopsis sojae,短条状,Short strip,存在症状,ManifestAs
8731,大豆褐纹病,Phomopsis sojae,边缘不清晰,The edge is not clear,存在症状,ManifestAs
8732,大豆褐纹病,Phomopsis sojae,不规则棕褐色斑点,Irregular brown spots,存在症状,ManifestAs
8733,大豆赤霉病,Fusarium oxysporum,近圆形至不整形,Nearly round to irregular,存在症状,ManifestAs
8734,大豆赤霉病,Fusarium oxysporum,呈半圆形略凹陷,Semicircular and slightly concave,存在症状,ManifestAs
8735,大豆赤霉病,Fusarium oxysporum,粉红色或粉白色霉状物,Pink or white mold,存在症状,ManifestAs
8736,大豆赤霉病,Fusarium oxysporum,粉红色霉状物,Pink mold,存在症状,ManifestAs
8737,大豆白粉病,Erysiphe glycines,似霉状的斑点,Mildew-like spots,存在症状,ManifestAs
8738,大豆根腐病,Fusarium solani,水渍状病斑,Water-soaked spots,存在症状,ManifestAs
8739,大豆根腐病,Fusarium solani,褐色至赤褐色,Brown to auburn,存在症状,ManifestAs
8740,大豆根腐病,Fusarium solani,呈椭圆形,Oval,存在症状,ManifestAs
8741,大豆根腐病,Fusarium solani,长条形,Long strip,存在症状,ManifestAs
8742,大豆根腐病,Fusarium solani,凹陷或不凹陷,Concave or not concave,存在症状,ManifestAs
8743,大豆根腐病,Fusarium solani,白色至粉红色霉状物,White to pink mold,存在症状,ManifestAs
8744,大豆黑斑病,Cercospora sojina,病斑圆形至不规则形,Lesions are round to irregular,存在症状,ManifestAs
8745,大豆黑斑病,Cercospora sojina,暗褐色,Dark brown,存在症状,ManifestAs
8746,大豆黑斑病,Cercospora sojina,黑色霉层,Black mold layer,存在症状,ManifestAs
8747,大豆黑斑病,Cercospora sojina,反卷干枯,Curl and dry,存在症状,ManifestAs
8748,大豆黑斑病,Cercospora sojina,破裂脱落,Crack and fall off,存在症状,ManifestAs
8749,大豆灰星病,Fusarium oxysporum,病斑圆形至椭圆形或不规则形,The lesions are round to oval or irregular in shape.,存在症状,ManifestAs
8750,大豆灰星病,Fusarium oxysporum,“V”字形病斑,"""V"" shaped lesions",存在症状,ManifestAs
8751,大豆灰星病,Fusarium oxysporum,病斑浅绿色,Lesions light green,存在症状,ManifestAs
8752,大豆灰星病,Fusarium oxysporum,浅灰至浅褐色,Light gray to light brown,存在症状,ManifestAs
8753,大豆灰星病,Fusarium oxysporum,较窄的暗褐色或紫色带,Narrow dark brown or purple band,存在症状,ManifestAs
8754,大豆灰星病,Fusarium oxysporum,病斑条状,Stripe-like lesions,存在症状,ManifestAs
8755,大豆灰星病,Fusarium oxysporum,浅灰色或浅褐色,Light grey or light brown,存在症状,ManifestAs
8756,大豆灰星病,Fusarium oxysporum,边缘褐色,Edge brown,存在症状,ManifestAs
8757,大豆灰星病,Fusarium oxysporum,荚上病斑圆形,Circular lesions on pods,存在症状,ManifestAs
8758,大豆灰星病,Fusarium oxysporum,边缘红色,Edge red,存在症状,ManifestAs
8759,大豆菌核疫病,Sclerotinia sclerotiorum,淡褐色病斑,Light brown spots,存在症状,ManifestAs
8760,大豆菌核疫病,Sclerotinia sclerotiorum,植株突然黄化或萎蔫,Sudden yellowing or wilting of plants,存在症状,ManifestAs
8761,大豆菌核疫病,Sclerotinia sclerotiorum,叶片变褐,Browning of leaves,存在症状,ManifestAs
8762,大豆菌核疫病,Sclerotinia sclerotiorum,叶部病斑圆形,Circular leaf spots,存在症状,ManifestAs
8763,大豆菌核疫病,Sclerotinia sclerotiorum,棕色至褐色,Brown to brown,存在症状,ManifestAs
8764,大豆煤斑病,Fusicladium glycines,浅褐色小点,Light brown dots,存在症状,ManifestAs
8765,大豆煤斑病,Fusicladium glycines,不规则红褐至灰褐色病斑,Irregular reddish brown to grayish brown spots,存在症状,ManifestAs
8766,大豆煤斑病,Fusicladium glycines,浅褐色霉层,Light brown mold layer,存在症状,ManifestAs
8767,大豆煤斑病,Fusicladium glycines,病斑密布,Disease spots,存在症状,ManifestAs
8768,大豆煤斑病,Fusicladium glycines,叶片枯死脱落,Leaves die and fall off,存在症状,ManifestAs
8769,大豆缺钾,Klebsiella pneumoniae,黄叶边缘枯焦,Yellow leaves with scorched edges,存在症状,ManifestAs
8770,大豆缺钾,Klebsiella pneumoniae,向下卷曲,Curl down,存在症状,ManifestAs
8771,大豆缺钾,Klebsiella pneumoniae,子粒皱缩,Kernel shrinkage,存在症状,ManifestAs
8772,大豆缺钾,Klebsiella pneumoniae,呈畸形,Deformed,存在症状,ManifestAs
8773,豆荚野螟,Maruca vitrata,腐烂状的绿色粪便,Rotten green feces,存在症状,ManifestAs
8774,豆天蛾,Clanis bilineata,缺刻或孔洞,Notches or holes,存在症状,ManifestAs
8775,焰夜蛾,Pyrrhia umbra,呈缺刻或孔洞,Notches or holes,存在症状,ManifestAs
8776,大豆蚜,Aphis glycines,枯黄斑,Yellow spots,存在症状,ManifestAs
8777,大豆蚜,Aphis glycines,叶片卷缩,Leaf curling,存在症状,ManifestAs
8778,豆突眼长蝽,Chauliops fallax,结荚减少,Reduced pod setting,存在症状,ManifestAs
8779,豆突眼长蝽,Chauliops fallax,籽粒干瘪,Shriveled kernels,存在症状,ManifestAs
8780,红背安缘蝽,Anoplocnemis phasiana,豆粒萎缩,Bean shrinkage,存在症状,ManifestAs
8781,红背安缘蝽,Anoplocnemis phasiana,嫩芽枯萎,Buds wither,存在症状,ManifestAs
8782,豆秆黑潜蝇,Melanagromyza sojae,叶柄表面褐色,Brown petiole surface,存在症状,ManifestAs
8783,豆秆黑潜蝇,Melanagromyza sojae,全株铁锈色,The whole plant is rust-colored,存在症状,ManifestAs
8784,豆秆黑潜蝇,Melanagromyza sojae,叶脱落,Leaf shedding,存在症状,ManifestAs
8785,豆秆黑潜蝇,Melanagromyza sojae,白色小点,White dots,存在症状,ManifestAs
8786,豆根蛇潜蝇,Ophiomyia phaseoli,褐色蛇形蛆痕,Brown snake-shaped maggot scars,存在症状,ManifestAs
8787,豆根蛇潜蝇,Ophiomyia phaseoli,根皮层腐烂,Root cortex rot,存在症状,ManifestAs
8788,豆根蛇潜蝇,Ophiomyia phaseoli,“破肚”,"""Broken Belly""",存在症状,ManifestAs
8789,豆根蛇潜蝇,Ophiomyia phaseoli,植株矮小,Short plant,存在症状,ManifestAs
8790,豆根蛇潜蝇,Ophiomyia phaseoli,叶片变成黄色,Leaves turn yellow,存在症状,ManifestAs
8791,豆根蛇潜蝇,Ophiomyia phaseoli,透明的小孔或枯斑,Transparent holes or spots,存在症状,ManifestAs
8792,二条叶甲,Paropsisterna variicollis,空壳或腐烂,Empty or rotten,存在症状,ManifestAs
8793,斑背安缘蝽,Anoplocnemis phasiana,叶片变黑,Leaves turn black,存在症状,ManifestAs
8794,斑背安缘蝽,Anoplocnemis phasiana,嫩芽枯萎,Buds wither,存在症状,ManifestAs
8795,斑背安缘蝽,Anoplocnemis phasiana,豆粒萎缩,Bean shrinkage,存在症状,ManifestAs
8796,豆叶螨,Tetranychus urticae,白色斑痕,White spots,存在症状,ManifestAs
8797,豆叶螨,Tetranychus urticae,叶片干枯或呈火烧状,Leaves dry or burnt,存在症状,ManifestAs
8798,花生褐斑病,Cercospora arachidicola,黄褐色或铁锈色,Brown or rust color,存在症状,ManifestAs
8799,花生褐斑病,Cercospora arachidicola,针头状小斑点,Pin-shaped spots,存在症状,ManifestAs
8800,花生褐斑病,Cercospora arachidicola,圆形或不规则形病斑,Round or irregular lesions,存在症状,ManifestAs
8801,花生褐斑病,Cercospora arachidicola,病斑暗褐色,Lesions dark brown,存在症状,ManifestAs
8802,花生褐斑病,Cercospora arachidicola,呈淡褐色或褐色,Light brown or brown,存在症状,ManifestAs
8803,花生褐斑病,Cercospora arachidicola,黄色晕圈,Yellow halo,存在症状,ManifestAs
8804,花生褐斑病,Cercospora arachidicola,灰色霉状物,Gray mold,存在症状,ManifestAs
8805,花生褐斑病,Cercospora arachidicola,大量病斑,Lots of lesions,存在症状,ManifestAs
8806,花生褐斑病,Cercospora arachidicola,叶片干枯脱落,Leaves dry and fall off,存在症状,ManifestAs
8807,粟负泥甲,Oulema tristis,白色条纹,White Stripes,存在症状,ManifestAs
8808,粟负泥甲,Oulema tristis,白色条斑,White streaks,存在症状,ManifestAs
8809,粟负泥甲,Oulema tristis,烂叶或整株枯死,Rotten leaves or whole plant death,存在症状,ManifestAs
8810,玉米异跗萤叶甲,Diorhabda elongata,幼苗枯萎或,Seedlings wither or,存在症状,ManifestAs
8811,柳蓝叶甲,Plagiodera versicolora,缺刻或孔洞,Notches or holes,存在症状,ManifestAs
8812,玉米铁甲,Ostrinia furnacalis,白色枯斑,White spots,存在症状,ManifestAs
8813,玉米蚜,Rhopalosiphum maidis,明显的少行缺粒,Obvious lack of rows and grains,存在症状,ManifestAs
8814,玉米蚜,Rhopalosiphum maidis,无棒“空株”,No stick "empty plant",存在症状,ManifestAs
8815,玉米黄呆蓟马,Frankliniella williamsi,断续的银白色条斑,Intermittent silvery white stripes,存在症状,ManifestAs
8816,玉米黄呆蓟马,Frankliniella williamsi,端半部变黄枯干,The end turns yellow and dries up,存在症状,ManifestAs
8817,禾蓟马,Frankliniella tenuicornis,成片的银灰色斑,Silver-gray patches,存在症状,ManifestAs
8818,白星花金龟,Protaetia brevitarsis,花丝脱落,Filament falling off,存在症状,ManifestAs
8819,白星花金龟,Protaetia brevitarsis,白色稀粥状粪,White porridge-like stool,存在症状,ManifestAs
8820,高粱大斑病,Bipolaris sorokiniana,病斑长条形,Long strip lesion,存在症状,ManifestAs
8821,高粱大斑病,Bipolaris sorokiniana,中央淡褐色至褐色,Central light brown to brown,存在症状,ManifestAs
8822,高粱大斑病,Bipolaris sorokiniana,边缘紫红色,Purple edge,存在症状,ManifestAs
8823,高粱大斑病,Bipolaris sorokiniana,不规则的轮纹,Irregular wheel pattern,存在症状,ManifestAs
8824,高粱大斑病,Bipolaris sorokiniana,黑色霉状物,Black mold,存在症状,ManifestAs
8825,高粱大斑病,Bipolaris sorokiniana,叶片干枯,Dry leaves,存在症状,ManifestAs
8826,高粱锈病,Puccinia sorghi,红色或紫色至浅褐色小斑点,Red or purple to light brown spots,存在症状,ManifestAs
8827,高粱锈病,Puccinia sorghi,椭圆形隆起的夏孢子堆,Oval-shaped raised summer spore pile,存在症状,ManifestAs
8828,高粱锈病,Puccinia sorghi,米褐色粉末,Beige powder,存在症状,ManifestAs
8829,高粱叶点病,Bipolaris sorokiniana,黄褐色至灰褐色,Yellowish brown to grayish brown,存在症状,ManifestAs
8830,高粱叶点病,Bipolaris sorokiniana,边缘红紫色,Reddish purple edge,存在症状,ManifestAs
8831,高粱豹纹病,Helminthosporium turcicum,紫红色近圆形或椭圆形病斑,Purple-red nearly circular or oval lesions,存在症状,ManifestAs
8832,高粱豹纹病,Helminthosporium turcicum,病斑成半椭圆形,The lesion is semi-elliptical,存在症状,ManifestAs
8833,高粱豹纹病,Helminthosporium turcicum,纤细的橙红色粘质物,Thin orange-red goo,存在症状,ManifestAs
8834,高粱豹纹病,Helminthosporium turcicum,叶片枯死,Leaf death,存在症状,ManifestAs
8835,高粱豹纹病,Helminthosporium turcicum,深紫色斑块,Dark purple patches,存在症状,ManifestAs
8836,高粱豹纹病,Helminthosporium turcicum,形状不规则,Irregular shape,存在症状,ManifestAs
8837,高粱炭疽病,Colletotrichum graminicola,植株细弱,Thin and weak plants,存在症状,ManifestAs
8838,高粱炭疽病,Colletotrichum graminicola,紫褐色小点,Purple brown dots,存在症状,ManifestAs
8839,高粱炭疽病,Colletotrichum graminicola,呈椭圆形,Oval,存在症状,ManifestAs
8840,高粱炭疽病,Colletotrichum graminicola,较大的病斑,Larger lesions,存在症状,ManifestAs
8841,高粱炭疽病,Colletotrichum graminicola,病穗倒折,Diseased ear bends,存在症状,ManifestAs
8842,高粱煤纹病,Sphacelotheca cruenta,病斑梭形至长椭圆形,Lesions spindle-shaped to oblong,存在症状,ManifestAs
8843,高粱煤纹病,Sphacelotheca cruenta,中央淡褐色至红黄色,Central light brown to reddish yellow,存在症状,ManifestAs
8844,高粱煤纹病,Sphacelotheca cruenta,边缘紫红色,Purple edge,存在症状,ManifestAs
8845,高粱煤纹病,Sphacelotheca cruenta,黄色晕圈,Yellow halo,存在症状,ManifestAs
8846,高粱煤纹病,Sphacelotheca cruenta,黑色的小颗粒,Small black particles,存在症状,ManifestAs
8847,高粱煤纹病,Sphacelotheca cruenta,不规则形,Irregular,存在症状,ManifestAs
8848,高粱煤纹病,Sphacelotheca cruenta,高粱叶片早枯,Early leaf wilting in sorghum,存在症状,ManifestAs
8849,高粱立枯病,Rhizoctonia solani,病根部红,Red root of diseased area,存在症状,ManifestAs
8850,高粱立枯病,Rhizoctonia solani,幼苗枯萎死亡,Seedlings wither and die,存在症状,ManifestAs
8851,高粱丝黑穗病,Sporisorium reilianum,大量黑粉状物,A lot of black powder,存在症状,ManifestAs
8852,高粱丝黑穗病,Sporisorium reilianum,黑色的乱丝状维,Black tangled fibers,存在症状,ManifestAs
8853,高粱散黑穗病,Sphacelotheca cruenta,大量黑粉,A lot of black powder,存在症状,ManifestAs
8854,高粱柱黑粉病,Sphacelotheca reiliana,隆起的条斑,Raised streaks,存在症状,ManifestAs
8855,高粱柱黑粉病,Sphacelotheca reiliana,柱状黑穗,Columnar black stigma,存在症状,ManifestAs
8856,高粱柱黑粉病,Sphacelotheca reiliana,瘤节状孢子堆,Tuberous spore mass,存在症状,ManifestAs
8857,高粱镰刀菌穗腐病,Fusarium proliferatum,白色至粉红色菌丝,White to pink mycelium,存在症状,ManifestAs
8858,高粱镰刀菌穗腐病,Fusarium proliferatum,粉状物,Powder,存在症状,ManifestAs
8859,高粱镰刀菌穗腐病,Fusarium proliferatum,褐色至紫红色,Brown to purple,存在症状,ManifestAs
8860,高粱镰刀菌穗腐病,Fusarium proliferatum,叶片萎蔫,Leaf wilting,存在症状,ManifestAs
8861,高粱镰刀菌穗腐病,Fusarium proliferatum,粉红色霉层,Pink mildew layer,存在症状,ManifestAs
8862,高粱镰刀菌穗腐病,Fusarium proliferatum,起植株萎蔫,Plant wilting,存在症状,ManifestAs
8863,高粱紫斑病,Cercospora sorghi,病斑紫红色,Purple-red lesions,存在症状,ManifestAs
8864,高粱紫斑病,Cercospora sorghi,椭圆形或长圆形,Oval or oblong,存在症状,ManifestAs
8865,高粱紫斑病,Cercospora sorghi,边缘不明显,The edge is not obvious,存在症状,ManifestAs
8866,高粱紫斑病,Cercospora sorghi,淡紫色晕圈,Lilac Halo,存在症状,ManifestAs
8867,高粱紫斑病,Cercospora sorghi,灰色霉层,Gray mold layer,存在症状,ManifestAs
8868,高粱紫斑病,Cercospora sorghi,叶片提前枯死,Premature leaf death,存在症状,ManifestAs
8869,高粱紫斑病,Cercospora sorghi,m有时也,Sometimes,存在症状,ManifestAs
8870,高粱纹枯病,Rhizoctonia solani,水浸状病变,Water-soaked lesions,存在症状,ManifestAs
8871,高粱纹枯病,Rhizoctonia solani,紫红色与灰白色相间的病斑,Purple-red and gray-white spots,存在症状,ManifestAs
8872,高粱纹枯病,Rhizoctonia solani,褐色菌核,Brown sclerotium,存在症状,ManifestAs
8873,高粱纹枯病,Rhizoctonia solani,白绿色水浸状小病斑,Small white-green water-soaked spots,存在症状,ManifestAs
8874,高粱纹枯病,Rhizoctonia solani,四周褐色,Brown all around,存在症状,ManifestAs
8875,高粱纹枯病,Rhizoctonia solani,呈灰绿色至灰白色云状斑,Gray-green to gray-white cloud-like spots,存在症状,ManifestAs
8876,高粱纹枯病,Rhizoctonia solani,全叶枯死,All leaves die,存在症状,ManifestAs
8877,高粱纹枯病,Rhizoctonia solani,白色菌丝,White mycelium,存在症状,ManifestAs
8878,高粱纹枯病,Rhizoctonia solani,黑褐色小菌核,Dark brown small sclerotia,存在症状,ManifestAs
8879,高粱紫轮病,Cercospora sorghi,椭圆形病斑,Oval lesions,存在症状,ManifestAs
8880,高粱紫轮病,Cercospora sorghi,中央淡紫色,Central lavender,存在症状,ManifestAs
8881,高粱紫轮病,Cercospora sorghi,边缘紫红色,Purple edge,存在症状,ManifestAs
8882,高粱紫轮病,Cercospora sorghi,淡紫色晕环,Lilac Halo,存在症状,ManifestAs
8883,高粱紫轮病,Cercospora sorghi,灰色霉层,Gray mold layer,存在症状,ManifestAs
8884,高粱紫轮病,Cercospora sorghi,叶片早枯,Early leaf withering,存在症状,ManifestAs
8885,高粱苗枯病,Fusarium moniliforme,紫红色条斑,Purple stripes,存在症状,ManifestAs
8886,高粱根腐病,Fusarium moniliforme,种子腐烂或根腐,Seed rot or root rot,存在症状,ManifestAs
8887,高粱根腐病,Fusarium moniliforme,幼苗叶色变黄,Seedling leaves turn yellow,存在症状,ManifestAs
8888,高粱根腐病,Fusarium moniliforme,病部色暗,Dark color of diseased part,存在症状,ManifestAs
8889,高粱根腐病,Fusarium moniliforme,亡侧根呈水,Dead lateral roots are water,存在症状,ManifestAs
8890,高粱根腐病,Fusarium moniliforme,织植株萎蔫或枯死,Plants wilt or die,存在症状,ManifestAs
8891,高粱黑束病,Xanthomonas campestris,褐色条斑,Brown stripes,存在症状,ManifestAs
8892,高粱黑束病,Xanthomonas campestris,大的坏死斑,Large necrotic plaque,存在症状,ManifestAs
8893,高粱黑束病,Xanthomonas campestris,叶鞘变为紫色或褐色,Leaf sheaths turn purple or brown,存在症状,ManifestAs
8894,高粱黑束病,Xanthomonas campestris,叶片干枯,Dry leaves,存在症状,ManifestAs
8895,高粱黑束病,Xanthomonas campestris,红褐色或黑褐色,Reddish brown or dark brown,存在症状,ManifestAs
8896,高粱炭腐病,Macrophomina phaseolina,皮层腐烂,Cortical rot,存在症状,ManifestAs
8897,高粱炭腐病,Macrophomina phaseolina,穗小粒秕,Small ears and barren grains,存在症状,ManifestAs
8898,高粱颖枯病,Phoma sorghina,胚轴变灰  变暗,Hypocotyl turns gray and dark,存在症状,ManifestAs
8899,高粱颖枯病,Phoma sorghina,红色至暗红色,Red to dark red,存在症状,ManifestAs
8900,高粱颖枯病,Phoma sorghina,籽粒秕瘦变小,The grains are thin and small,存在症状,ManifestAs
8901,高粱颖枯病,Phoma sorghina,色泽暗,Dark color,存在症状,ManifestAs
8902,高粱颖枯病,Phoma sorghina,不规则红色斑,Irregular red spots,存在症状,ManifestAs
8903,高粱长粒黑穗病,Sporisorium reilianum,长圆形稍弯曲角状孢子堆,Oblong slightly curved angular spore mass,存在症状,ManifestAs
8904,高粱长粒黑穗病,Sporisorium reilianum,浅黄色外膜,Light yellow outer membrane,存在症状,ManifestAs
8905,高粱长粒黑穗病,Sporisorium reilianum,黑褐色粉状物,Dark brown powder,存在症状,ManifestAs
8906,高粱花黑穗病,Sphacelotheca sorghi,黑褐色病粒,Dark brown lesions,存在症状,ManifestAs
8907,高粱花黑穗病,Sphacelotheca sorghi,灰褐色被膜,Gray brown film,存在症状,ManifestAs
8908,高粱花黑穗病,Sphacelotheca sorghi,黑褐色粉状的孢子,Dark brown powdery spores,存在症状,ManifestAs
8909,高粱细菌性条纹病,Xanthomonas campestris,浅红色至浅紫红色条状纹,Light red to light purple stripes,存在症状,ManifestAs
8910,高粱细菌性条纹病,Xanthomonas campestris,病斑发亮,Shiny lesions,存在症状,ManifestAs
8911,高粱细菌性条纹病,Xanthomonas campestris,不呈水浸状,Not waterlogged,存在症状,ManifestAs
8912,高粱细菌性条纹病,Xanthomonas campestris,红色大斑,Big red spot,存在症状,ManifestAs
8913,高粱细菌性条纹病,Xanthomonas campestris,病叶变红干枯,Diseased leaves turn red and dry,存在症状,ManifestAs
8914,高粱细菌性红条病,Xanthomonas campestris,呈水渍状窄细的小条斑,Small narrow water-stained spots,存在症状,ManifestAs
8915,高粱细菌性红条病,Xanthomonas campestris,浅红褐色,Light reddish brown,存在症状,ManifestAs
8916,高粱细菌性红条病,Xanthomonas campestris,边缘红色,Edge red,存在症状,ManifestAs
8917,高粱细菌性红条病,Xanthomonas campestris,宽的长卵形病斑,Wide oval lesions,存在症状,ManifestAs
8918,高粱细菌性红条病,Xanthomonas campestris,小粒状细菌苗,Small granular bacterial seedlings,存在症状,ManifestAs
8919,高粱细菌性红条病,Xanthomonas campestris,鳞片状薄层,Scaly thin layer,存在症状,ManifestAs
8920,高粱细菌性斑点病,Xanthomonas campestris,病斑圆形至椭圆形,Lesions are round to oval,存在症状,ManifestAs
8921,高粱细菌性斑点病,Xanthomonas campestris,水浸状,Waterlogged,存在症状,ManifestAs
8922,高粱细菌性斑点病,Xanthomonas campestris,初呈暗绿色,Initially dark green,存在症状,ManifestAs
8923,高粱细菌性斑点病,Xanthomonas campestris,边缘红色,Edge red,存在症状,ManifestAs
8924,高粱细菌性斑点病,Xanthomonas campestris,黄色晕圈,Yellow halo,存在症状,ManifestAs
8925,高粱矮花叶病,Sorghum mosaic virus,叶呈条状褪色,Leaves fade in stripes,存在症状,ManifestAs
8926,高粱矮花叶病,Sorghum mosaic virus,褪绿的小条点,Small spots of faded green,存在症状,ManifestAs
8927,高粱矮花叶病,Sorghum mosaic virus,断续的虚线条状,Intermittent dotted lines,存在症状,ManifestAs
8928,高粱矮花叶病,Sorghum mosaic virus,病叶呈淡绿色,The diseased leaves are light green,存在症状,ManifestAs
8929,高粱矮花叶病,Sorghum mosaic virus,深绿色的条点或斑块,Dark green streaks or patches,存在症状,ManifestAs
8930,高粱矮花叶病,Sorghum mosaic virus,斑驳花叶,Mottled leaves,存在症状,ManifestAs
8931,高粱矮花叶病,Sorghum mosaic virus,心叶变黄,Heart leaves turn yellow,存在症状,ManifestAs
8932,高粱矮花叶病,Sorghum mosaic virus,紫红色或红色卷曲,Purple or red curls,存在症状,ManifestAs
8933,高粱矮花叶病,Sorghum mosaic virus,叶片先变紫色,Leaves turn purple first,存在症状,ManifestAs
8934,高粱矮花叶病,Sorghum mosaic virus,平行的紫红色条纹,Parallel purple stripes,存在症状,ManifestAs
8935,高粱矮花叶病,Sorghum mosaic virus,呈红条状,Red stripe,存在症状,ManifestAs
8936,高粱矮花叶病,Sorghum mosaic virus,红色枯死条斑,Red dead streaks,存在症状,ManifestAs
8937,高粱花叶病,Sorghum mosaic virus,不规则卵圆形至长圆形斑,Irregular oval to oblong spots,存在症状,ManifestAs
8938,高粱花叶病,Sorghum mosaic virus,浅绿色,Light Green,存在症状,ManifestAs
8939,高粱花叶病,Sorghum mosaic virus,坏死斑,Necrotic plaque,存在症状,ManifestAs
8940,高粱花叶病,Sorghum mosaic virus,韧皮部坏死,Phloem necrosis,存在症状,ManifestAs
8941,高粱花叶病,Sorghum mosaic virus,叶片扭曲,Twisted blades,存在症状,ManifestAs
8942,条螟,Chilo suppressalis,不规则的,Irregular,存在症状,ManifestAs
8943,亚洲玉米螟,Ostrinia furnacalis,籽粒残缺不全,Incomplete kernels,存在症状,ManifestAs
8944,高粱舟蛾,Sesamia inferens,缺刻或孔洞,Notches or holes,存在症状,ManifestAs
8945,粟凹胫跳甲,Chaetocnema ingenua,白色纵条,White vertical stripes,存在症状,ManifestAs
8946,粟凹胫跳甲,Chaetocnema ingenua,缺苗断垄,Missing seedlings and broken ridges,存在症状,ManifestAs
8947,粟鳞斑叶甲,Gastrophysa atrocyanea,缺苗断垄,Missing seedlings and broken ridges,存在症状,ManifestAs
8948,粟鳞斑叶甲,Gastrophysa atrocyanea,残缺不全,incomplete,存在症状,ManifestAs
8949,高粱根蚜,Aphis sacchari,红色袋状,Red bag,存在症状,ManifestAs
8950,高粱蚜,Melanaphis sacchari,油光发亮,Shiny,存在症状,ManifestAs
8951,高粱蚜,Melanaphis sacchari,叶片变红,Leaves turn red,存在症状,ManifestAs
8952,高粱蚜,Melanaphis sacchari,叶片枯黄,Leaves turn yellow,存在症状,ManifestAs
8953,高粱蚜,Melanaphis sacchari,茎秆组织疏松,Loose stem tissue,存在症状,ManifestAs
8954,高粱蚜,Melanaphis sacchari,穗莠不实,Ear weeds,存在症状,ManifestAs
8955,高粱长蝽象,Blissus leucopterus,叶片枯黄,Leaves turn yellow,存在症状,ManifestAs
8956,粟白发病,Sclerospora graminicola,浅绿到淡黄色条纹,Light green to light yellow stripes,存在症状,ManifestAs
8957,粟白发病,Sclerospora graminicola,灰白色霉,Grayish white mold,存在症状,ManifestAs
8958,粟白发病,Sclerospora graminicola,长圆形或不规则形病斑,Oblong or irregular lesions,存在症状,ManifestAs
8959,粟白发病,Sclerospora graminicola,中央黄色,Central yellow,存在症状,ManifestAs
8960,粟白发病,Sclerospora graminicola,边缘颜色略深的条斑,Darker stripes on the edges,存在症状,ManifestAs
8961,粟白发病,Sclerospora graminicola,黄白色条纹的顶叶,Yellow-white striped parietal leaves,存在症状,ManifestAs
8962,粟白发病,Sclerospora graminicola,黄褐色粉末,Brown powder,存在症状,ManifestAs
8963,粟白发病,Sclerospora graminicola,黄白色叶脉,Yellow-white leaf veins,存在症状,ManifestAs
8964,粟白发病,Sclerospora graminicola,病穗短缩,Diseased ear shortening,存在症状,ManifestAs
8965,粟白发病,Sclerospora graminicola,呈小卷叶状,Small curly leaves,存在症状,ManifestAs
8966,粟白发病,Sclerospora graminicola,全穗蓬松,Full ear fluffy,存在症状,ManifestAs
8967,粟白发病,Sclerospora graminicola,红色或绿色,Red or green,存在症状,ManifestAs
8968,粟瘟病,Pyricularia oryzae,椭圆形,Oval,存在症状,ManifestAs
8969,粟瘟病,Pyricularia oryzae,淡绿色水渍状的小斑点,Light green water-like spots,存在症状,ManifestAs
8970,粟瘟病,Pyricularia oryzae,纺锤形病斑,Spindle-shaped lesions,存在症状,ManifestAs
8971,粟瘟病,Pyricularia oryzae,深褐色,Dark Brown,存在症状,ManifestAs
8972,粟瘟病,Pyricularia oryzae,中部灰白色至灰褐色,Grayish white to grayish brown in the middle,存在症状,ManifestAs
8973,粟瘟病,Pyricularia oryzae,边缘紫褐色有黄色晕圈,Purple-brown edge with yellow halo,存在症状,ManifestAs
8974,粟瘟病,Pyricularia oryzae,针头大的暗黑色斑点,Pinhead-sized dark spots,存在症状,ManifestAs
8975,粟瘟病,Pyricularia oryzae,黄褐色或黑褐色小斑,Small yellow-brown or dark brown spots,存在症状,ManifestAs
8976,粟瘟病,Pyricularia oryzae,病斑椭圆形,Lesion oval,存在症状,ManifestAs
8977,粟瘟病,Pyricularia oryzae,黑褐色,Dark brown,存在症状,ManifestAs
8978,粟瘟病,Pyricularia oryzae,不规则形的大病斑,Large irregular lesions,存在症状,ManifestAs
8979,粟瘟病,Pyricularia oryzae,叶鞘早枯,Early withering of leaf sheaths,存在症状,ManifestAs
8980,粟瘟病,Pyricularia oryzae,褐色小点,Brown dots,存在症状,ManifestAs
8981,粟瘟病,Pyricularia oryzae,黑褐色病斑,Dark brown spots,存在症状,ManifestAs
8982,粟瘟病,Pyricularia oryzae,全穗枯死,Whole ear dead,存在症状,ManifestAs
8983,粟瘟病,Pyricularia oryzae,穗梗变褐,The spike turns brown,存在症状,ManifestAs
8984,粟瘟病,Pyricularia oryzae,谷粒变成黑灰色,The grains turn black and gray,存在症状,ManifestAs
8985,粟黑鞘病,Gaeumannomyces graminis,病斑椭圆形,Lesion oval,存在症状,ManifestAs
8986,粟黑鞘病,Gaeumannomyces graminis,长圆形或不规则形,Oblong or irregular,存在症状,ManifestAs
8987,粟黑鞘病,Gaeumannomyces graminis,病斑浅褐色至深褐色,Lesions light brown to dark brown,存在症状,ManifestAs
8988,粟黑鞘病,Gaeumannomyces graminis,椭圆形至长圆形,Oval to oblong,存在症状,ManifestAs
8989,粟黑鞘病,Gaeumannomyces graminis,橄榄色至黑色的霉状物,Olive to black mold,存在症状,ManifestAs
8990,粟锈病,Puccinia graminis,深红褐色斑点,Dark reddish brown spots,存在症状,ManifestAs
8991,粟锈病,Puccinia graminis,长椭圆形或椭圆形,Oblong or oval,存在症状,ManifestAs
8992,粟锈病,Puccinia graminis,黄褐色粉末,Brown powder,存在症状,ManifestAs
8993,粟纹枯病,Rhizoctonia solani,水浸状暗绿色病斑,Water-soaked dark green spots,存在症状,ManifestAs
8994,粟纹枯病,Rhizoctonia solani,形状不规则,Irregular shape,存在症状,ManifestAs
8995,粟纹枯病,Rhizoctonia solani,长椭圆形或不规则形云纹状的大病斑,Large lesions with oblong or irregular moire-like shapes,存在症状,ManifestAs
8996,粟纹枯病,Rhizoctonia solani,边缘暗褐色,Dark brown edge,存在症状,ManifestAs
8997,粟纹枯病,Rhizoctonia solani,中间浅褐色,Middle light brown,存在症状,ManifestAs
8998,粟纹枯病,Rhizoctonia solani,病斑中央呈黄白色枯死,The center of the lesion is yellow-white and dead,存在症状,ManifestAs
8999,粟纹枯病,Rhizoctonia solani,褐色的小菌核,Small brown sclerotia,存在症状,ManifestAs
9000,粟粒黑穗病,Tilletia tritici,黄白色薄膜,Yellow-white film,存在症状,ManifestAs
9001,粟细菌性褐斑条斑病,Xanthomonas oryzae,水浸状条斑,Water-soaked streaks,存在症状,ManifestAs
9002,粟细菌性褐斑条斑病,Xanthomonas oryzae,暗绿至绿褐或丁香色,Dark green to green-brown or lilac,存在症状,ManifestAs
9003,粟细菌性褐斑条斑病,Xanthomonas oryzae,呈深褐至黑褐色,Dark brown to dark brown,存在症状,ManifestAs
9004,粟细菌性褐斑条斑病,Xanthomonas oryzae,黄绿色晕环,Yellow-green halo,存在症状,ManifestAs
9005,粟细菌性褐斑条斑病,Xanthomonas oryzae,褐色斑点或条纹,Brown spots or streaks,存在症状,ManifestAs
9006,粟细菌性褐斑条斑病,Xanthomonas oryzae,嫩叶枯萎,Withering of young leaves,存在症状,ManifestAs
9007,粟红叶病,Xanthomonas oryzae,叶片全部红化,All leaves turn red,存在症状,ManifestAs
9008,粟红叶病,Xanthomonas oryzae,叶面干枯,Dry leaves,存在症状,ManifestAs
9009,粟红叶病,Xanthomonas oryzae,植株矮小,Short plant,存在症状,ManifestAs
9010,粟红叶病,Xanthomonas oryzae,叶面皱缩,Leaf wrinkles,存在症状,ManifestAs
9011,粟红叶病,Xanthomonas oryzae,籽粒秕瘦,Thin and empty seeds,存在症状,ManifestAs
9012,粟红叶病,Xanthomonas oryzae,叶鞘不红化而黄化,Leaf sheaths turn yellow instead of red,存在症状,ManifestAs
9013,粟粒线虫病,Anguina tritici,叶叶直立,Leaves upright,存在症状,ManifestAs
9014,粟粒线虫病,Anguina tritici,色暗发脆,Dark and brittle,存在症状,ManifestAs
9015,粟粒线虫病,Anguina tritici,穗色黑绿,Spike color black green,存在症状,ManifestAs
9016,粟苗枯病,Pythium aphanidermatum,病苗变黄色或深紫色,Diseased seedlings turn yellow or dark purple,存在症状,ManifestAs
9017,粟苗枯病,Pythium aphanidermatum,根部变褐,Roots turning brown,存在症状,ManifestAs
9018,粟苗枯病,Pythium aphanidermatum,缺苗断垄,Missing seedlings and broken ridges,存在症状,ManifestAs
9019,粟胡麻斑病,Bipolaris setariae,椭圆形或梭形小点,Oval or spindle-shaped dots,存在症状,ManifestAs
9020,粟胡麻斑病,Bipolaris setariae,黄褐色至浅褐色,Yellowish brown to light brown,存在症状,ManifestAs
9021,粟胡麻斑病,Bipolaris setariae,边缘不明显,The edge is not obvious,存在症状,ManifestAs
9022,粟胡麻斑病,Bipolaris setariae,褐色至黑褐色,Brown to dark brown,存在症状,ManifestAs
9023,粟胡麻斑病,Bipolaris setariae,中央灰白色,Central off-white,存在症状,ManifestAs
9024,粟胡麻斑病,Bipolaris setariae,黑色丝绒状霉层,Black velvety mildew,存在症状,ManifestAs
9025,粟胡麻斑病,Bipolaris setariae,叶片枯死,Leaf death,存在症状,ManifestAs
9026,粟胡麻斑病,Bipolaris setariae,病斑黄褐色至褐色,Lesions yellowish brown to brown,存在症状,ManifestAs
9027,粟胡麻斑病,Bipolaris setariae,椭圆形至梭形,Oval to fusiform,存在症状,ManifestAs
9028,粟胡麻斑病,Bipolaris setariae,黑色或深褐色的小斑点,Small black or dark brown spots,存在症状,ManifestAs
9029,粟胡麻斑病,Bipolaris setariae,墨绿色至黑色的绒状菌块丝,Dark green to black velvety mushroom filaments,存在症状,ManifestAs
9030,粟灰斑病,Pyricularia grisea,椭圆形病斑,Oval lesions,存在症状,ManifestAs
9031,粟灰斑病,Pyricularia grisea,长梭形,Long spindle,存在症状,ManifestAs
9032,粟灰斑病,Pyricularia grisea,深草黄色至棕色,Dark straw yellow to brown,存在症状,ManifestAs
9033,粟灰斑病,Pyricularia grisea,灰褐色的霉状物,Gray-brown mold,存在症状,ManifestAs
9034,粟叶斑病,Pyricularia grisea,病斑扁圆形至长圆形或不规则形,The lesions are oblate to oblong or irregular in shape.,存在症状,ManifestAs
9035,粟叶斑病,Pyricularia grisea,中部灰褐色,Middle grayish brown,存在症状,ManifestAs
9036,粟叶斑病,Pyricularia grisea,边缘褐色至红褐色,Brown to reddish brown edges,存在症状,ManifestAs
9037,粟假黑斑病,Pseudomonas syringae,病斑长椭圆形,Lesions oblong,存在症状,ManifestAs
9038,粟假黑斑病,Pseudomonas syringae,中间草黄色,Middle grass yellow,存在症状,ManifestAs
9039,粟假黑斑病,Pseudomonas syringae,背生褐色霉层,Brown mold layer on the back,存在症状,ManifestAs
9040,粟条点病,Pyricularia oryzae,狭长的条斑,Narrow stripes,存在症状,ManifestAs
9041,粟条点病,Pyricularia oryzae,中部灰白色至淡褐色,Grayish white to light brown in the middle,存在症状,ManifestAs
9042,粟条点病,Pyricularia oryzae,边缘褐色,Edge brown,存在症状,ManifestAs
9043,粟条点病,Pyricularia oryzae,病斑纵裂,Lesions cracked vertically,存在症状,ManifestAs
9044,粟墨黑粉病,Ustilago crameri,绿色至深绿色,Green to dark green,存在症状,ManifestAs
9045,粟墨黑粉病,Ustilago crameri,黑色厚垣孢子,Black thick walled spores,存在症状,ManifestAs
9046,粟细菌性条斑病,Xanthomonas oryzae,深褐色短条状有光泽的病斑,"Dark brown, short, shiny spots",存在症状,ManifestAs
9047,粟细菌性条斑病,Xanthomonas oryzae,黄色晕圈,Yellow halo,存在症状,ManifestAs
9048,甘薯疮痂病,Streptomyces,呈木栓化疣斑,Corky warts,存在症状,ManifestAs
9049,甘薯疮痂病,Streptomyces,表面粗糙,Rough surface,存在症状,ManifestAs
9050,甘薯疮痂病,Streptomyces,病叶卷缩畸形,The leaves are curled and deformed,存在症状,ManifestAs
9051,甘薯疮痂病,Streptomyces,“牛痘”状圆形至椭圆形疮痂斑,"""Cowpox"" round to oval scabs",存在症状,ManifestAs
9052,甘薯疮痂病,Streptomyces,叶柄弯曲,Petiole bending,存在症状,ManifestAs
9053,甘薯疮痂病,Streptomyces,受害呈畸形,The victim is deformed,存在症状,ManifestAs
9054,甘薯疮痂病,Streptomyces,暗褐色至灰褐色小点或干斑,Dark brown to grayish brown spots or dry patches,存在症状,ManifestAs
9055,甘薯疮痂病,Streptomyces,残留疹状斑或疤痕,Residual rash-like spots or scars,存在症状,ManifestAs
9056,甘薯疮痂病,Streptomyces,灰白色薄霉层,Grayish white thin mold layer,存在症状,ManifestAs
9057,甘薯黑斑病,Ceratocystis fimbriata,黑褐色梭形或椭圆形病斑,Dark brown spindle-shaped or oval lesions,存在症状,ManifestAs
9058,甘薯黑斑病,Ceratocystis fimbriata,灰色霉层,Gray mold layer,存在症状,ManifestAs
9059,甘薯黑斑病,Ceratocystis fimbriata,黑色刺状物或黑色粉状物,Black thorns or black powder,存在症状,ManifestAs
9060,甘薯黑斑病,Ceratocystis fimbriata,缺苗断垄,Missing seedlings and broken ridges,存在症状,ManifestAs
9061,甘薯黑斑病,Ceratocystis fimbriata,呈黑色小圆斑,Small black round spots,存在症状,ManifestAs
9062,甘薯黑斑病,Ceratocystis fimbriata,呈不规则形轮,Irregular wheel,存在症状,ManifestAs
9063,甘薯黑斑病,Ceratocystis fimbriata,黑绿色病疤,Dark green scars,存在症状,ManifestAs
9064,甘薯黑斑病,Ceratocystis fimbriata,灰色霉状物,Gray mold,存在症状,ManifestAs
9065,甘薯黑斑病,Ceratocystis fimbriata,黑色刺毛状物,Black thorny substance,存在症状,ManifestAs
9066,甘薯黑斑病,Ceratocystis fimbriata,全薯变苦,Whole potatoes become bitter,存在症状,ManifestAs
9067,甘薯软腐病,Pectobacterium carotovorum,淡黄色汁液,Light yellow juice,存在症状,ManifestAs
9068,甘薯软腐病,Pectobacterium carotovorum,薯肉淡黄白色,Potato flesh yellowish white,存在症状,ManifestAs
9069,甘薯软腐病,Pectobacterium carotovorum,芳香酒味,Aromatic wine,存在症状,ManifestAs
9070,甘薯软腐病,Pectobacterium carotovorum,灰白色霉状物,Grayish white mold,存在症状,ManifestAs
9071,甘薯枯萎病,Fusarium oxysporum,叶片先发黄变质,The leaves turn yellow first,存在症状,ManifestAs
9072,甘薯枯萎病,Fusarium oxysporum,茎基部膨大,Swelling at the base of the stem,存在症状,ManifestAs
9073,甘薯枯萎病,Fusarium oxysporum,纵向破裂,Longitudinal rupture,存在症状,ManifestAs
9074,甘薯枯萎病,Fusarium oxysporum,呈褐色斑点,Brown spots,存在症状,ManifestAs
9075,甘薯瘟病,Ralstonia solanacearum,凋萎苗基部呈,The base of the wilted seedlings,存在症状,ManifestAs
9076,甘薯瘟病,Ralstonia solanacearum,渐变成黄褐色乃至,Gradually turns yellowish brown,存在症状,ManifestAs
9077,甘薯瘟病,Ralstonia solanacearum,脱皮而腐烂,Peeling and rotting,存在症状,ManifestAs
9078,甘薯瘟病,Ralstonia solanacearum,变黑腐烂脱皮,"Blackening, rotting and peeling",存在症状,ManifestAs
9079,甘薯瘟病,Ralstonia solanacearum,茎变中空,Stem becomes hollow,存在症状,ManifestAs
9080,甘薯瘟病,Ralstonia solanacearum,侵入叶片暗,Dark leaf invasion,存在症状,ManifestAs
9081,甘薯瘟病,Ralstonia solanacearum,无光中,In the dark,存在症状,ManifestAs
9082,甘薯瘟病,Ralstonia solanacearum,地方呈黄褐色或黑褐色,The area is yellowish brown or dark brown,存在症状,ManifestAs
9083,甘薯瘟病,Ralstonia solanacearum,有时有乳白色的浆,Sometimes there is milky white pulp,存在症状,ManifestAs
9084,甘薯瘟病,Ralstonia solanacearum,叶片不萎蔫,Leaves do not wilt,存在症状,ManifestAs
9085,甘薯瘟病,Ralstonia solanacearum,水渍状,Water stain,存在症状,ManifestAs
9086,甘薯瘟病,Ralstonia solanacearum,维管束变淡黄色或褐色到黑色,Vascular bundles turn pale yellow or brown to black,存在症状,ManifestAs
9087,甘薯瘟病,Ralstonia solanacearum,淡黄色或褐色的小斑点,Small yellowish or brown spots,存在症状,ManifestAs
9088,甘薯瘟病,Ralstonia solanacearum,刺鼻臭辣味,Pungent and spicy taste,存在症状,ManifestAs
9089,甘薯瘟病,Ralstonia solanacearum,薯块软腐,Potato tuber soft rot,存在症状,ManifestAs
9090,甘薯瘟病,Ralstonia solanacearum,脓液状白色或淡黄色菌液,Purulent white or light yellow bacterial fluid,存在症状,ManifestAs
9091,甘薯瘟病,Ralstonia solanacearum,刺鼻臭味,Pungent odor,存在症状,ManifestAs
9092,甘薯根腐病,Fusarium oxysporum,局部变黑坏死,Local blackening and necrosis,存在症状,ManifestAs
9093,甘薯根腐病,Fusarium oxysporum,全根变黑腐烂,The whole root turns black and rots,存在症状,ManifestAs
9094,甘薯根腐病,Fusarium oxysporum,褐色凹陷纵裂的病斑,Brown sunken and fissured lesions,存在症状,ManifestAs
9095,甘薯根腐病,Fusarium oxysporum,叶片发黄,Yellowing leaves,存在症状,ManifestAs
9096,甘薯根腐病,Fusarium oxysporum,全株枯死,The whole plant died,存在症状,ManifestAs
9097,甘薯紫纹羽病,Helicobasidium mompa,绵白色的根状菌索,White rhizomes,存在症状,ManifestAs
9098,甘薯紫纹羽病,Helicobasidium mompa,粉红色或褐色,Pink or brown,存在症状,ManifestAs
9099,甘薯紫纹羽病,Helicobasidium mompa,酒糟气味,Wine lees smell,存在症状,ManifestAs
9100,甘薯紫纹羽病,Helicobasidium mompa,空心僵壳,Hollow Shell,存在症状,ManifestAs
9101,甘薯病毒病,Sweet potato feathery mottle virus,明脉或轻微褪绿半透明斑,Bright veins or slightly chlorotic translucent spots,存在症状,ManifestAs
9102,甘薯病毒病,Sweet potato feathery mottle virus,紫色羽状纹,Purple feather pattern,存在症状,ManifestAs
9103,甘薯病毒病,Sweet potato feathery mottle virus,黄绿相间的不规则花叶斑纹,Irregular yellow-green mosaic pattern,存在症状,ManifestAs
9104,甘薯病毒病,Sweet potato feathery mottle virus,叶缘上卷,Leaf margin curling up,存在症状,ManifestAs
9105,甘薯病毒病,Sweet potato feathery mottle virus,扭曲或不整齐,Distorted or uneven,存在症状,ManifestAs
9106,甘薯病毒病,Sweet potato feathery mottle virus,叶脉变黄,Yellowing of leaf veins,存在症状,ManifestAs
9107,甘薯病毒病,Sweet potato feathery mottle virus,整个叶片变黄,The entire leaf turns yellow,存在症状,ManifestAs
9108,甘薯病毒病,Sweet potato feathery mottle virus,黑褐色或黄褐色龟裂纹,Dark brown or yellowish brown cracks,存在症状,ManifestAs
9109,甘薯病毒病,Sweet potato feathery mottle virus,肉质部具黄褐色斑块,Flesh with yellow-brown spots,存在症状,ManifestAs
9110,甘薯丛枝病,Phytoplasma solani,病叶变小发黄,Diseased leaves become smaller and yellow,存在症状,ManifestAs
9111,甘薯丛枝病,Phytoplasma solani,多缺刻,Many notches,存在症状,ManifestAs
9112,甘薯丛枝病,Phytoplasma solani,顶端叶皱缩而细小,The top leaves are wrinkled and small,存在症状,ManifestAs
9113,甘薯丛枝病,Phytoplasma solani,薯皮粗糙有突起,Potato skin is rough and has bumps,存在症状,ManifestAs
9114,甘薯丛枝病,Phytoplasma solani,薯肉煮不烂,Potato meat is not cooked,存在症状,ManifestAs
9115,甘薯茎线虫病,Ditylenchus destructor,褐色空隙,Brown gap,存在症状,ManifestAs
9116,甘薯茎线虫病,Ditylenchus destructor,髓部呈褐色干腐状,The pith is brown and dry,存在症状,ManifestAs
9117,甘薯茎线虫病,Ditylenchus destructor,剪开无白浆,Cut without white pulp,存在症状,ManifestAs
9118,甘薯茎线虫病,Ditylenchus destructor,黄褐色裂纹,Brown cracks,存在症状,ManifestAs
9119,甘薯茎线虫病,Ditylenchus destructor,髓部呈白色干腐,White dry rot in the pith,存在症状,ManifestAs
9120,甘薯茎线虫病,Ditylenchus destructor,叶变黄,Leaves turning yellow,存在症状,ManifestAs
9121,甘薯茎线虫病,Ditylenchus destructor,蔓基表皮黄褐皲裂,Yellow-brown cracking of the epidermis of the vine,存在症状,ManifestAs
9122,甘薯茎线虫病,Ditylenchus destructor,棉絮状白色糠道,Cotton-like white bran,存在症状,ManifestAs
9123,甘薯茎线虫病,Ditylenchus destructor,褐白或黑褐色相间糠腐,Brown and white or black and brown bran rot,存在症状,ManifestAs
9124,甘薯茎线虫病,Ditylenchus destructor,褐白相间糠腐,Brown and white bran rot,存在症状,ManifestAs
9125,甘薯茎线虫病,Ditylenchus destructor,皮下组织变褐干糠,Subcutaneous tissue turns brown and dry,存在症状,ManifestAs
9126,甘薯茎线虫病,Ditylenchus destructor,块块褐色病斑,Brown spots,存在症状,ManifestAs
9127,甘薯茎线虫病,Ditylenchus destructor,龟裂小口,Cracked small mouth,存在症状,ManifestAs
9128,甘薯茎线虫病,Ditylenchus destructor,皮层下失水,Subcortical water loss,存在症状,ManifestAs
9129,甘薯茎线虫病,Ditylenchus destructor,发干呈粉状,Powdery hair shaft,存在症状,ManifestAs
9130,甘薯茎线虫病,Ditylenchus destructor,褐白色相间的糠腐,Brown and white bran rot,存在症状,ManifestAs
9131,甘薯茎线虫病,Ditylenchus destructor,暗褐色晕片或呈水肿状,Dark brown halo or edema,存在症状,ManifestAs
9132,甘薯黑痣病,Ceratobasidium rolfsii,浅褐色小斑点,Light brown spots,存在症状,ManifestAs
9133,甘薯黑痣病,Ceratobasidium rolfsii,黑褐色近圆形至不规则形大斑,Dark brown nearly round to irregular large spots,存在症状,ManifestAs
9134,甘薯黑痣病,Ceratobasidium rolfsii,灰黑色霉层,Gray-black mold layer,存在症状,ManifestAs
9135,甘薯黑痣病,Ceratobasidium rolfsii,微细龟裂,Micro cracks,存在症状,ManifestAs
9136,甘薯蜡龟甲,Ceratapion sexnotatum,缺刻或孔洞,Notches or holes,存在症状,ManifestAs
9137,马铃薯病毒病,Potato virus y,坏死性叶斑,Necrotic leaf spot,存在症状,ManifestAs
9138,马铃薯病毒病,Potato virus y,植株由下向上枯死,The plant dies from the bottom up,存在症状,ManifestAs
9139,马铃薯病毒病,Potato virus y,块茎变小,Tubers become smaller,存在症状,ManifestAs
9140,马铃薯病毒病,Potato virus y,叶片呈斑驳花或有枯斑,Leaves are mottled or have dead spots,存在症状,ManifestAs
9141,马铃薯病毒病,Potato virus y,叶脉坏死,Vein necrosis,存在症状,ManifestAs
9142,马铃薯病毒病,Potato virus y,褐色条斑,Brown stripes,存在症状,ManifestAs
9143,马铃薯病毒病,Potato virus y,叶片完全坏死,Complete leaf necrosis,存在症状,ManifestAs
9144,马铃薯病毒病,Potato virus y,茎叶变脆,The stems and leaves become brittle,存在症状,ManifestAs
9145,马铃薯病毒病,Potato virus y,叶片黄绿色,Yellow-green leaves,存在症状,ManifestAs
9146,马铃薯病毒病,Potato virus y,呈筒状,Cylindrical,存在症状,ManifestAs
9147,马铃薯病毒病,Potato virus y,呈皮革状,Leathery,存在症状,ManifestAs
9148,马铃薯病毒病,Potato virus y,叶背呈紫色,Purple back of leaves,存在症状,ManifestAs
9149,马铃薯病毒病,Potato virus y,叶与茎夹角变小,The angle between the leaf and the stem decreases,存在症状,ManifestAs
9150,马铃薯病毒病,Potato virus y,顶叶直立,Parietal erect,存在症状,ManifestAs
9151,马铃薯病毒病,Potato virus y,叶缘呈波状或向上卷,The leaf margins are wavy or curled upwards,存在症状,ManifestAs
9152,马铃薯病毒病,Potato virus y,色浓绿,Dark green,存在症状,ManifestAs
9153,马铃薯病毒病,Potato virus y,僵硬变脆,Stiff and brittle,存在症状,ManifestAs
9154,马铃薯病毒病,Potato virus y,呈纺锤状,Spindle-shaped,存在症状,ManifestAs
9155,马铃薯病毒病,Potato virus y,叶色淡绿,Light green leaves,存在症状,ManifestAs
9156,马铃薯病毒病,Potato virus y,侧枝纤长细弱,Side branches are slender and weak,存在症状,ManifestAs
9157,马铃薯病毒病,Potato virus y,圆柱形,Cylindrical,存在症状,ManifestAs
9158,甘薯肖叶甲,Colasposoma dauricum,深浅不,Depth,存在症状,ManifestAs
9159,温室白粉虱,Trialeurodes vaporariorum,叶片褪绿,Leaf chlorosis,存在症状,ManifestAs
9160,温室白粉虱,Trialeurodes vaporariorum,植株长势衰弱,Weak plant growth,存在症状,ManifestAs
9161,马铃薯早疫病,Alternaria solani,褐黑色的小斑点,Small brown and black spots,存在症状,ManifestAs
9162,马铃薯早疫病,Alternaria solani,同心轮纹,Concentric wheel pattern,存在症状,ManifestAs
9163,马铃薯早疫病,Alternaria solani,卵圆形或多角形,Oval or polygonal,存在症状,ManifestAs
9164,马铃薯早疫病,Alternaria solani,叶片枯死,Leaf death,存在症状,ManifestAs
9165,马铃薯早疫病,Alternaria solani,黑色绒毛状霉层,Black velvety mold,存在症状,ManifestAs
9166,马铃薯早疫病,Alternaria solani,略下凹,Slightly concave,存在症状,ManifestAs
9167,马铃薯早疫病,Alternaria solani,褐黑色圆形或不规则病斑,Brown-black round or irregular spots,存在症状,ManifestAs
9168,马铃薯早疫病,Alternaria solani,薯肉呈现褐色,The potato flesh is brown,存在症状,ManifestAs
9169,马铃薯晚疫病,Phytophthora infestans,水渍状斑点,Water-soaked spots,存在症状,ManifestAs
9170,马铃薯晚疫病,Phytophthora infestans,白色稀疏的霉轮,White sparse mold wheel,存在症状,ManifestAs
9171,马铃薯晚疫病,Phytophthora infestans,叶片萎蔫下垂,Leaves wilt and droop,存在症状,ManifestAs
9172,马铃薯晚疫病,Phytophthora infestans,呈湿腐状,Wet rot,存在症状,ManifestAs
9173,马铃薯晚疫病,Phytophthora infestans,病斑干枯成褐色,The spots dry up and turn brown,存在症状,ManifestAs
9174,马铃薯晚疫病,Phytophthora infestans,淡褐色或紫色不规则病斑,Light brown or purple irregular spots,存在症状,ManifestAs
9175,马铃薯晚疫病,Phytophthora infestans,白色霉层,White mold layer,存在症状,ManifestAs
9176,马铃薯疮痂病,Streptomyces scabies,褐色小点,Brown dots,存在症状,ManifestAs
9177,马铃薯疮痂病,Streptomyces scabies,圆形或不规则形的疮痂状硬斑,Round or irregular shaped crusty plaques,存在症状,ManifestAs
9178,马铃薯干腐病,Fusarium solani,稍凹陷斑块,Slightly sunken plaque,存在症状,ManifestAs
9179,马铃薯干腐病,Fusarium solani,黑褐色,Dark brown,存在症状,ManifestAs
9180,马铃薯干腐病,Fusarium solani,腐烂组织呈黑色,Black decayed tissue,存在症状,ManifestAs
9181,马铃薯干腐病,Fusarium solani,淡褐色或黄褐色,Light brown or yellowish brown,存在症状,ManifestAs
9182,马铃薯干腐病,Fusarium solani,呈暗色的凹痕,Dark indentations,存在症状,ManifestAs
9183,马铃薯干腐病,Fusarium solani,不规则的同轴褶叠,Irregular coaxial folds,存在症状,ManifestAs
9184,马铃薯干腐病,Fusarium solani,边缘呈浅灰色或粉红色多泡状突起,The edges are light gray or pink with vesicular protrusions,存在症状,ManifestAs
9185,马铃薯干腐病,Fusarium solani,呈肉红色糊状物,Flesh-red paste,存在症状,ManifestAs
9186,马铃薯干腐病,Fusarium solani,干硬而皱缩,"Dry, hard and shrunken",存在症状,ManifestAs
9187,马铃薯白绢病,Sclerotium rolfsii,白色丝状菌丝,White filamentous hyphae,存在症状,ManifestAs
9188,马铃薯白绢病,Sclerotium rolfsii,棕褐色圆形菜籽状小菌核,Brown round rapeseed-like small sclerotia,存在症状,ManifestAs
9189,马铃薯黑胫病,Erwinia carotovora,病部黑褐色或黑色,Diseased part dark brown or black,存在症状,ManifestAs
9190,马铃薯黑胫病,Erwinia carotovora,呈黑褐色点状或短线状,Dark brown dots or short lines,存在症状,ManifestAs
9191,马铃薯黑胫病,Erwinia carotovora,脐部只呈黑点状,The navel is only a black spot,存在症状,ManifestAs
9192,马铃薯黑胫病,Erwinia carotovora,腐烂发臭,Rotten and smelly,存在症状,ManifestAs
9193,马铃薯黑胫病,Erwinia carotovora,表现为植,Manifested as plant,存在症状,ManifestAs
9194,马铃薯黑胫病,Erwinia carotovora,矮小生,Short,存在症状,ManifestAs
9195,马铃薯黑胫病,Erwinia carotovora,臭味粘液,Smelly slime,存在症状,ManifestAs
9196,马铃薯黑胫病,Erwinia carotovora,叶片上卷,Leaf curling up,存在症状,ManifestAs
9197,马铃薯黑胫病,Erwinia carotovora,褪绿黄化,Chlorosis,存在症状,ManifestAs
9198,马铃薯黑胫病,Erwinia carotovora,茎部变黑,Stem turns black,存在症状,ManifestAs
9199,马铃薯黑胫病,Erwinia carotovora,萎蔫而死,Wilt and die,存在症状,ManifestAs
9200,马铃薯青枯病,Ralstonia solanacearum,维管束呈褐色,Vascular bundles are brown,存在症状,ManifestAs
9201,马铃薯青枯病,Ralstonia solanacearum,黄褐色症状,Yellowish brown symptoms,存在症状,ManifestAs
9202,马铃薯青枯病,Ralstonia solanacearum,乳白色菌脓,Milky white pus,存在症状,ManifestAs
9203,马铃薯青枯病,Ralstonia solanacearum,呈黑褐色点状环,Dark brown dotted ring,存在症状,ManifestAs
9204,马铃薯环腐病,Clavibacter michiganensis,植株矮,Short plant,存在症状,ManifestAs
9205,马铃薯环腐病,Clavibacter michiganensis,分枝减,Branch reduction,存在症状,ManifestAs
9206,马铃薯环腐病,Clavibacter michiganensis,地上部分萎,Aerial part withering,存在症状,ManifestAs
9207,马铃薯环腐病,Clavibacter michiganensis,叶片变,Leaf changes,存在症状,ManifestAs
9208,马铃薯环腐病,Clavibacter michiganensis,生褐色斑,Brown spots,存在症状,ManifestAs
9209,马铃薯环腐病,Clavibacter michiganensis,叶缘焦枯上,Leaf edge scorch,存在症状,ManifestAs
9210,马铃薯环腐病,Clavibacter michiganensis,展叶片初呈水,The leaves are initially watery,存在症状,ManifestAs
9211,马铃薯环腐病,Clavibacter michiganensis,色枯黄,Yellowish color,存在症状,ManifestAs
9212,马铃薯环腐病,Clavibacter michiganensis,乳黄色菌浓,Milky yellow bacteria,存在症状,ManifestAs
9213,马铃薯环腐病,Clavibacter michiganensis,皮色稍暗,Darker skin color,存在症状,ManifestAs
9214,马铃薯环腐病,Clavibacter michiganensis,薯块表皮粗糙,Rough potato skin,存在症状,ManifestAs
9215,马铃薯环腐病,Clavibacter michiganensis,尾部红褐色,Tail reddish brown,存在症状,ManifestAs
9216,马铃薯环腐病,Clavibacter michiganensis,红色小点,Red dot,存在症状,ManifestAs
9217,马铃薯环腐病,Clavibacter michiganensis,乳黄色菌,Milky yellow fungus,存在症状,ManifestAs
9218,马铃薯粉痂病,Spongospora subterranea,褐色小点,Brown dots,存在症状,ManifestAs
9219,马铃薯粉痂病,Spongospora subterranea,半透明晕环,Translucent Halo,存在症状,ManifestAs
9220,马铃薯粉痂病,Spongospora subterranea,大小不等的疱状斑,Blister-like plaques of varying sizes,存在症状,ManifestAs
9221,马铃薯粉痂病,Spongospora subterranea,大量暗褐色粉状物,A lot of dark brown powder,存在症状,ManifestAs
9222,马铃薯粉痂病,Spongospora subterranea,表皮反卷,Epidermal retraction,存在症状,ManifestAs
9223,马铃薯粉痂病,Spongospora subterranea,病斑中央下陷,Central depression of lesion,存在症状,ManifestAs
9224,马铃薯粉痂病,Spongospora subterranea,木栓化斑环,Corky ring,存在症状,ManifestAs
9225,马铃薯茎基腐病,Fusarium solani,叶子发黄,Yellowing leaves,存在症状,ManifestAs
9226,马铃薯茎基腐病,Fusarium solani,褐色凹陷斑,Brown sunken spots,存在症状,ManifestAs
9227,马铃薯茎基腐病,Fusarium solani,紫色菌丝层,Purple mycelium layer,存在症状,ManifestAs
9228,马铃薯茎基腐病,Fusarium solani,块状或片状,Block or flake,存在症状,ManifestAs
9229,马铃薯茎基腐病,Fusarium solani,立枯或顶部萎蔫,Drying off or top wilting,存在症状,ManifestAs
9230,马铃薯茎基腐病,Fusarium solani,叶片卷曲,Leaf curling,存在症状,ManifestAs
9231,马铃薯茎基腐病,Fusarium solani,茎叶纹枯,Stem and leaf blight,存在症状,ManifestAs
9232,马铃薯软腐病,Pectobacterium carotovorum,水浸状小斑点,Small water-soaked spots,存在症状,ManifestAs
9233,马铃薯软腐病,Pectobacterium carotovorum,多水的软腐状,Watery soft rot,存在症状,ManifestAs
9234,马铃薯软腐病,Pectobacterium carotovorum,浅灰色的絮状菌丝体,Light grey flocculent mycelium,存在症状,ManifestAs
9235,马铃薯软腐病,Pectobacterium carotovorum,上淡,Upper,存在症状,ManifestAs
9236,马铃薯软腐病,Pectobacterium carotovorum,孢子囊球形,Spore capsule spherical,存在症状,ManifestAs
9237,马铃薯软腐病,Pectobacterium carotovorum,黑褐色,Dark brown,存在症状,ManifestAs
9238,马铃薯早死病,Phytophthora infestans,叶尖沿叶缘变黄,Yellowing of leaf tips along leaf margins,存在症状,ManifestAs
9239,马铃薯早死病,Phytophthora infestans,叶脉向内黄化,Yellowing of leaf veins,存在症状,ManifestAs
9240,马铃薯早死病,Phytophthora infestans,“八”字半圆形变色环,"""Eight"" semicircular color changing ring",存在症状,ManifestAs
9241,马铃薯小叶病,Potato virus y,叶柄向上直立,Petiole upright,存在症状,ManifestAs
9242,马铃薯小叶病,Potato virus y,小叶常呈畸形,The leaflets are often malformed,存在症状,ManifestAs
9243,马铃薯小叶病,Potato virus y,叶面粗糙,Rough leaf surface,存在症状,ManifestAs
9244,马铃薯根腐线虫病,Pratylenchus penetrans,地上部黄化,Yellowing of aboveground parts,存在症状,ManifestAs
9245,马铃薯根腐线虫病,Pratylenchus penetrans,黑褐色小斑点或褐色溃疡斑,Small dark brown spots or brown ulcers,存在症状,ManifestAs
9246,黄胫小车蝗,Oedaleus infernalis,缺苗断垄,Missing seedlings and broken ridges,存在症状,ManifestAs
9247,棉苗猝倒病,Pythium aphanidermatum,水渍状浅褐色病斑,Water-soaked light brown spots,存在症状,ManifestAs
9248,棉苗猝倒病,Pythium aphanidermatum,水浸状软化,Water-soaked softening,存在症状,ManifestAs
9249,棉苗猝倒病,Pythium aphanidermatum,呈黄褐色坏死,Yellowish brown necrosis,存在症状,ManifestAs
9250,棉苗猝倒病,Pythium aphanidermatum,白色浓密的絮状物,White dense flocs,存在症状,ManifestAs
9251,马铃薯二十八星瓢虫,Leptinotarsa decemlineata,叶片仅留叶脉,Leaves with only veins,存在症状,ManifestAs
9252,马铃薯二十八星瓢虫,Leptinotarsa decemlineata,不规则透明的凹纹,Irregular transparent grooves,存在症状,ManifestAs
9253,马铃薯二十八星瓢虫,Leptinotarsa decemlineata,褐色斑痕,Brown spots,存在症状,ManifestAs
9254,马铃薯二十八星瓢虫,Leptinotarsa decemlineata,叶片枯萎,Leaf withering,存在症状,ManifestAs
9255,马铃薯二十八星瓢虫,Leptinotarsa decemlineata,许多凹纹,Many grooves,存在症状,ManifestAs
9256,茄二十八星瓢虫,Henosepilachna vigintioctopunctata,表皮呈网状,The epidermis is reticular,存在症状,ManifestAs
9257,茄二十八星瓢虫,Henosepilachna vigintioctopunctata,带有苦味,Bitter taste,存在症状,ManifestAs
9258,棉苗立枯病,Rhizoctonia solani,褐色凹陷条斑,Brown sunken stripes,存在症状,ManifestAs
9259,棉苗立枯病,Rhizoctonia solani,病部缢缩变细,The affected part becomes constricted and thinner,存在症状,ManifestAs
9260,棉苗立枯病,Rhizoctonia solani,茎基腐或根腐,Stem rot or root rot,存在症状,ManifestAs
9261,棉苗立枯病,Rhizoctonia solani,呈褐色软腐状,Brown soft rot,存在症状,ManifestAs
9262,棉苗立枯病,Rhizoctonia solani,黄褐色粘液,Brown mucus,存在症状,ManifestAs
9263,棉苗立枯病,Rhizoctonia solani,不规则黄褐色病斑,Irregular yellow-brown spots,存在症状,ManifestAs
9264,棉花炭疽病,Colletotrichum gossypii,红褐色至紫褐色条斑,Reddish brown to purple brown stripes,存在症状,ManifestAs
9265,棉花炭疽病,Colletotrichum gossypii,失水纵裂,Dehydration cracking,存在症状,ManifestAs
9266,棉花炭疽病,Colletotrichum gossypii,幼苗倒伏死亡,Seedlings fell and died,存在症状,ManifestAs
9267,棉花炭疽病,Colletotrichum gossypii,橘红色粘质物,Orange-red sticky substance,存在症状,ManifestAs
9268,棉花炭疽病,Colletotrichum gossypii,半圆形褐色病斑,Semicircular brown spots,存在症状,ManifestAs
9269,棉花炭疽病,Colletotrichum gossypii,边缘红褐色,Reddish brown edge,存在症状,ManifestAs
9270,棉花炭疽病,Colletotrichum gossypii,子叶边缘残缺不全,Incomplete cotyledon margins,存在症状,ManifestAs
9271,棉花炭疽病,Colletotrichum gossypii,病斑呈不整圆形,The lesions are irregularly round,存在症状,ManifestAs
9272,棉花炭疽病,Colletotrichum gossypii,病斑呈红褐色至暗黑色,Lesions are reddish brown to dark black,存在症状,ManifestAs
9273,棉花炭疽病,Colletotrichum gossypii,圆或长形,Round or long,存在症状,ManifestAs
9274,棉花炭疽病,Colletotrichum gossypii,中央凹陷,Central depression,存在症状,ManifestAs
9275,棉花炭疽病,Colletotrichum gossypii,紫红色小点,Purple dots,存在症状,ManifestAs
9276,棉花炭疽病,Colletotrichum gossypii,圆形或近圆形褐色病斑,Round or nearly round brown spots,存在症状,ManifestAs
9277,棉花炭疽病,Colletotrichum gossypii,橘红色略带轮纹,Orange with slight wheel pattern,存在症状,ManifestAs
9278,棉花炭疽病,Colletotrichum gossypii,暗黄色的僵瓣,Dark yellow petals,存在症状,ManifestAs
9279,棉花红腐病,Fusarium moniliforme,幼芽呈红褐色腐烂,Young shoots turn reddish brown and rot,存在症状,ManifestAs
9280,棉花红腐病,Fusarium moniliforme,黄色条斑,Yellow streaks,存在症状,ManifestAs
9281,棉花红腐病,Fusarium moniliforme,淡黄色水渍状斑,Light yellow water stains,存在症状,ManifestAs
9282,棉花红腐病,Fusarium moniliforme,灰色不规则病斑,Gray irregular spots,存在症状,ManifestAs
9283,棉花红腐病,Fusarium moniliforme,粉红色霉层,Pink mildew layer,存在症状,ManifestAs
9284,棉花红腐病,Fusarium moniliforme,无定形病斑,Amorphous lesions,存在症状,ManifestAs
9285,棉花红腐病,Fusarium moniliforme,均匀的,Uniform,存在症状,ManifestAs
9286,棉花红腐病,Fusarium moniliforme,粉红色或浅红色霉层,Pink or light red mold layer,存在症状,ManifestAs
9287,棉花红腐病,Fusarium moniliforme,环状或局部褐色病斑,Annular or localized brown spots,存在症状,ManifestAs
9288,棉花红腐病,Fusarium moniliforme,皮层腐烂,Cortical rot,存在症状,ManifestAs
9289,棉花红腐病,Fusarium moniliforme,木质部呈黄褐色,The wood is yellowish brown,存在症状,ManifestAs
9290,棉黑根腐病,Thielaviopsis basicola,根部呈黑褐色腐烂,Dark brown rot at the roots,存在症状,ManifestAs
9291,棉黑根腐病,Thielaviopsis basicola,灰白色霉,Grayish white mold,存在症状,ManifestAs
9292,棉黑根腐病,Thielaviopsis basicola,表皮开裂呈长条形或棱形浅绿色病斑,The epidermis cracks and appears as long strips or prismatic light green spots,存在症状,ManifestAs
9293,棉黑根腐病,Thielaviopsis basicola,暗紫色至黑色,Dark purple to black,存在症状,ManifestAs
9294,棉黑根腐病,Thielaviopsis basicola,叶片皱缩不展或萎蔫,Leaves shrunken or wilted,存在症状,ManifestAs
9295,棉黑根腐病,Thielaviopsis basicola,叶片突然下垂,Leaves droop suddenly,存在症状,ManifestAs
9296,棉黑根腐病,Thielaviopsis basicola,叶色淡,Light leaf color,存在症状,ManifestAs
9297,棉黑根腐病,Thielaviopsis basicola,叶片调萎,Leaf wilting,存在症状,ManifestAs
9298,棉黑根腐病,Thielaviopsis basicola,病根黑褐色,Diseased root dark brown,存在症状,ManifestAs
9299,棉黑根腐病,Thielaviopsis basicola,表皮纵向开裂,Longitudinal cracking of the epidermis,存在症状,ManifestAs
9300,棉黑根腐病,Thielaviopsis basicola,木质部呈紫黑色腐烂,Purple-black rot in the wood,存在症状,ManifestAs
9301,棉黑根腐病,Thielaviopsis basicola,呈黑褐色环状,Dark brown ring,存在症状,ManifestAs
9302,棉花枯萎病,Fusarium oxysporum,叶脉褪绿变黄,Leaf veins turn green and yellow,存在症状,ManifestAs
9303,棉花枯萎病,Fusarium oxysporum,叶片调萎,Leaf wilting,存在症状,ManifestAs
9304,棉花枯萎病,Fusarium oxysporum,植株死亡,Plant death,存在症状,ManifestAs
9305,棉花枯萎病,Fusarium oxysporum,紫红色斑块,Purple plaque,存在症状,ManifestAs
9306,棉花枯萎病,Fusarium oxysporum,叶片枯萎,Leaf withering,存在症状,ManifestAs
9307,棉花枯萎病,Fusarium oxysporum,黄色或淡黄色斑块,Yellow or light yellow patches,存在症状,ManifestAs
9308,棉花枯萎病,Fusarium oxysporum,青枯萎蔫致死,Death due to wilt,存在症状,ManifestAs
9309,棉花枯萎病,Fusarium oxysporum,叶片深绿变厚皱缩不平,"Leaves dark green, thick, wrinkled and uneven",存在症状,ManifestAs
9310,棉花枯萎病,Fusarium oxysporum,叶片深绿皱缩,Dark green wrinkled leaves,存在症状,ManifestAs
9311,棉花枯萎病,Fusarium oxysporum,叶片变厚,Thickening of leaves,存在症状,ManifestAs
9312,棉花枯萎病,Fusarium oxysporum,叶缘向下卷曲,Leaf margins curl downward,存在症状,ManifestAs
9313,棉花枯萎病,Fusarium oxysporum,半边枯萎,Half withered,存在症状,ManifestAs
9314,棉花枯萎病,Fusarium oxysporum,粉红色霉层,Pink mildew layer,存在症状,ManifestAs
9315,棉花黄萎病,Verticillium dahliae,不规则淡黄色斑块,Irregular yellowish plaques,存在症状,ManifestAs
9316,棉花黄萎病,Verticillium dahliae,叶缘向下卷曲,Leaf margins curl downward,存在症状,ManifestAs
9317,棉花黄萎病,Verticillium dahliae,叶肉变厚发脆,The leaves become thick and brittle,存在症状,ManifestAs
9318,棉花黄萎病,Verticillium dahliae,黄色斑驳,Yellow mottled,存在症状,ManifestAs
9319,棉花黄萎病,Verticillium dahliae,呈掌状斑驳,Palmate mottled,存在症状,ManifestAs
9320,棉花黄萎病,Verticillium dahliae,急性萎,Acute atrophy,存在症状,ManifestAs
9321,棉花黄萎病,Verticillium dahliae,叶片下垂,Leaf droop,存在症状,ManifestAs
9322,棉花黄萎病,Verticillium dahliae,叶色黯淡,Pale leaf color,存在症状,ManifestAs
9323,棉花黄萎病,Verticillium dahliae,白色粉状霉层,White powdery mildew,存在症状,ManifestAs
9324,棉花疫病,Phytophthora nicotianae,幼苗枯死,Seedlings die,存在症状,ManifestAs
9325,棉花疫病,Phytophthora nicotianae,呈暗绿色水渍状小斑,Dark green water-stained spots,存在症状,ManifestAs
9326,棉花疫病,Phytophthora nicotianae,墨绿色不规则水渍状病斑,Dark green irregular water-soaked spots,存在症状,ManifestAs
9327,棉花疫病,Phytophthora nicotianae,叶部病斑呈失水褪绿状,The leaf spots are chlorotic due to water loss.,存在症状,ManifestAs
9328,棉花疫病,Phytophthora nicotianae,中央灰褐色,Central Taupe,存在症状,ManifestAs
9329,棉花疫病,Phytophthora nicotianae,不规则形枯斑,Irregular shaped spots,存在症状,ManifestAs
9330,棉花疫病,Phytophthora nicotianae,初生淡褐,Newborn Hazel,存在症状,ManifestAs
9331,棉花疫病,Phytophthora nicotianae,淡青至青黑色水浸状病斑,Light blue to dark blue water-soaked lesions,存在症状,ManifestAs
9332,棉花疫病,Phytophthora nicotianae,病斑不软腐,The lesions are not soft and rotten,存在症状,ManifestAs
9333,棉花疫病,Phytophthora nicotianae,光亮的青绿至黑褐色病铃,Bright green to dark brown diseased bells,存在症状,ManifestAs
9334,棉花疫病,Phytophthora nicotianae,稀薄白色霜霉状物,Thin white downy mildew,存在症状,ManifestAs
9335,棉铃曲霉病,Aspergillus flavus,水浸状黄褐色病斑,Water-soaked yellow-brown spots,存在症状,ManifestAs
9336,棉铃曲霉病,Aspergillus flavus,黄绿色或黄褐色的粉状物,Yellow-green or yellow-brown powder,存在症状,ManifestAs
9337,棉铃曲霉病,Aspergillus flavus,黄绿色或黄褐色绒毛状霉,Yellow-green or yellow-brown velvety mold,存在症状,ManifestAs
9338,棉花茎枯病,Phoma exigua,中间黄褐色,Middle brown,存在症状,ManifestAs
9339,棉花茎枯病,Phoma exigua,边缘紫红色的小圆斑,Small round spots with purple edges,存在症状,ManifestAs
9340,棉花茎枯病,Phoma exigua,合成不规则,Irregular synthesis,存在症状,ManifestAs
9341,棉花茎枯病,Phoma exigua,出现同心,Concentric,存在症状,ManifestAs
9342,棉花茎枯病,Phoma exigua,水浸状病斑,Water-soaked lesions,存在症状,ManifestAs
9343,棉花茎枯病,Phoma exigua,萎蔫变黑,Wilting and turning black,存在症状,ManifestAs
9344,棉花茎枯病,Phoma exigua,干枯脱落,Dry and fall off,存在症状,ManifestAs
9345,棉花茎枯病,Phoma exigua,光杆而枯死,Bare and dead,存在症状,ManifestAs
9346,棉花茎枯病,Phoma exigua,病斑浅褐色,Lesions light brown,存在症状,ManifestAs
9347,棉花茎枯病,Phoma exigua,边缘紫红色,Purple edge,存在症状,ManifestAs
9348,棉花茎枯病,Phoma exigua,茎枝枯折或死亡,Stem and branch breakage or death,存在症状,ManifestAs
9349,亚洲玉米螟,Ostrinia furnacalis,叶片凋萎下垂,Leaves droop and wilt,存在症状,ManifestAs
9350,亚洲玉米螟,Ostrinia furnacalis,黑色饼状或成僵铃,Black cake or dead bell,存在症状,ManifestAs
9351,亚洲玉米螟,Ostrinia furnacalis,浅黄色糊状或锯木屑状,Light yellow paste or sawdust,存在症状,ManifestAs
9352,棉铃黑果病,Diplodia gossypina,铃壳呈淡褐色,Bell shell is light brown,存在症状,ManifestAs
9353,棉铃黑果病,Diplodia gossypina,煤粉状物,Coal powder,存在症状,ManifestAs
9354,棉铃黑果病,Diplodia gossypina,黑色僵瓣状,Black petal,存在症状,ManifestAs
9355,棉铃红粉病,Trichothecium roseum,粉红色的绒状物,Pink fluff,存在症状,ManifestAs
9356,棉铃红粉病,Trichothecium roseum,纤维变褐,Fiber browning,存在症状,ManifestAs
9357,棉铃红粉病,Trichothecium roseum,棉瓤干缩,Cotton shrinkage,存在症状,ManifestAs
9358,棉铃软腐病,Erwinia carotovora,暗绿色或褐色病斑,Dark green or brown spots,存在症状,ManifestAs
9359,棉铃软腐病,Erwinia carotovora,黑色小点状子实体,Black dot-like fruiting bodies,存在症状,ManifestAs
9360,棉铃软腐病,Erwinia carotovora,棉铃内部呈湿腐状,The inside of the cotton boll is wet and rotten,存在症状,ManifestAs
9361,棉铃软腐病,Erwinia carotovora,全铃湿腐或干缩,Whole bell wet rot or dry shrinkage,存在症状,ManifestAs
9362,棉铃灰霉病,Botrytis cinerea,灰色绒毛状霉层,Gray velvety mold,存在症状,ManifestAs
9363,棉铃灰霉病,Botrytis cinerea,棉铃干腐,Cotton boll dry rot,存在症状,ManifestAs
9364,棉花褐斑病,Cercospora gossypina,针尖大小的紫色小点,Pinpoint-sized purple dots,存在症状,ManifestAs
9365,棉花褐斑病,Cercospora gossypina,中间褐色,Middle brown,存在症状,ManifestAs
9366,棉花褐斑病,Cercospora gossypina,边缘紫色的圆形至不规则形病斑,Circular to irregular lesions with purple edges,存在症状,ManifestAs
9367,棉花褐斑病,Cercospora gossypina,不规则形大斑,Irregular large spots,存在症状,ManifestAs
9368,棉花褐斑病,Cercospora gossypina,子叶脱落,Cotyledon shedding,存在症状,ManifestAs
9369,棉花褐斑病,Cercospora gossypina,黄褐至灰褐色边缘紫红色的圆形病斑,Yellowish brown to grayish brown circular lesions with purple-red edges,存在症状,ManifestAs
9370,棉花叶烧病,Xylella fastidiosa,暗红色小点,Dark red dots,存在症状,ManifestAs
9371,棉花叶烧病,Xylella fastidiosa,近圆形病斑,Nearly circular lesions,存在症状,ManifestAs
9372,棉花叶烧病,Xylella fastidiosa,边缘紫红色,Purple edge,存在症状,ManifestAs
9373,棉花叶烧病,Xylella fastidiosa,中间褐色,Middle brown,存在症状,ManifestAs
9374,棉花叶烧病,Xylella fastidiosa,白色霉层,White mold layer,存在症状,ManifestAs
9375,棉花轮纹病,Alternaria macrospora,初生浅黄色,Newborn light yellow,存在症状,ManifestAs
9376,棉花轮纹病,Alternaria macrospora,背面凹陷的小圆斑,Small round spots on the back,存在症状,ManifestAs
9377,棉花轮纹病,Alternaria macrospora,边缘紫红色,Purple edge,存在症状,ManifestAs
9378,棉花轮纹病,Alternaria macrospora,圆形黑褐色边,Round dark brown edge,存在症状,ManifestAs
9379,棉花轮纹病,Alternaria macrospora,墨绿色霉层,Dark green mold layer,存在症状,ManifestAs
9380,棉花轮纹病,Alternaria macrospora,子叶枯焦脱落,Cotyledons wither and fall off,存在症状,ManifestAs
9381,棉花轮纹病,Alternaria macrospora,呈黑褐色条斑,Dark brown stripes,存在症状,ManifestAs
9382,棉花轮纹病,Alternaria macrospora,叶柄倒折,Petiole folded back,存在症状,ManifestAs
9383,棉花轮纹病,Alternaria macrospora,圆形或近圆形,Round or nearly round,存在症状,ManifestAs
9384,棉花轮纹病,Alternaria macrospora,明显同心轮纹,Obvious concentric ring pattern,存在症状,ManifestAs
9385,棉花轮纹病,Alternaria macrospora,病斑干裂破碎,The lesions are cracked and broken,存在症状,ManifestAs
9386,棉花轮纹病,Alternaria macrospora,病叶枯萎脱落,Diseased leaves wither and fall off,存在症状,ManifestAs
9387,棉花轮纹病,Alternaria macrospora,病斑不规则,Irregular lesions,存在症状,ManifestAs
9388,棉花轮纹病,Alternaria macrospora,紫褐色或淡褐色,Purple brown or light brown,存在症状,ManifestAs
9389,棉花轮纹病,Alternaria macrospora,灰色或暗灰色,Gray or dark gray,存在症状,ManifestAs
9390,棉花角斑病,Xanthomonas campestris,深绿色小圆点,Dark green dots,存在症状,ManifestAs
9391,棉花角斑病,Xanthomonas campestris,油渍状斑点,Oily spots,存在症状,ManifestAs
9392,棉花角斑病,Xanthomonas campestris,圆形或不规则形黑褐色病斑,Round or irregular dark brown spots,存在症状,ManifestAs
9393,棉花角斑病,Xanthomonas campestris,子叶枯死脱落,Cotyledons die and fall off,存在症状,ManifestAs
9394,棉花角斑病,Xanthomonas campestris,子叶干枯脱落,Cotyledons dry up and fall off,存在症状,ManifestAs
9395,棉花角斑病,Xanthomonas campestris,幼苗枯死,Seedlings die,存在症状,ManifestAs
9396,棉花角斑病,Xanthomonas campestris,初呈油渍状斑点,Initially appear as oily spots,存在症状,ManifestAs
9397,棉花角斑病,Xanthomonas campestris,深绿色小点,Dark green dots,存在症状,ManifestAs
9398,棉花角斑病,Xanthomonas campestris,呈油渍状斑点,Oily spots,存在症状,ManifestAs
9399,棉花角斑病,Xanthomonas campestris,多角形或不规则的病斑,Polygonal or irregular lesions,存在症状,ManifestAs
9400,棉花角斑病,Xanthomonas campestris,呈黑褐色条斑,Dark brown stripes,存在症状,ManifestAs
9401,棉花角斑病,Xanthomonas campestris,病叶皱缩扭曲,Diseased leaves are wrinkled and twisted,存在症状,ManifestAs
9402,棉花角斑病,Xanthomonas campestris,棉叶萎垂和脱落,Cotton leaf drooping and falling off,存在症状,ManifestAs
9403,棉花角斑病,Xanthomonas campestris,水浸状黑色病斑,Water-soaked black spots,存在症状,ManifestAs
9404,棉花角斑病,Xanthomonas campestris,近圆形油渍状病斑,Nearly round oily spots,存在症状,ManifestAs
9405,棉花角斑病,Xanthomonas campestris,不规则形病斑,Irregular lesions,存在症状,ManifestAs
9406,棉花角斑病,Xanthomonas campestris,病部呈褐色至红褐色而凹陷,The diseased area is brown to reddish brown and sunken,存在症状,ManifestAs
9407,棉花角斑病,Xanthomonas campestris,棉铃腐烂,Cotton boll rot,存在症状,ManifestAs
9408,棉花角斑病,Xanthomonas campestris,纤维略现黄色,The fiber is slightly yellow,存在症状,ManifestAs
9409,棉花角斑病,Xanthomonas campestris,蕾铃脱落,Buds fall off,存在症状,ManifestAs
9410,棉花角斑病,Xanthomonas campestris,乳白色粘液状的“菌脓”,Milky white mucus-like "pus",存在症状,ManifestAs
9411,棉花角斑病,Xanthomonas campestris,淡灰色薄膜,Light grey film,存在症状,ManifestAs
9412,棉花根结线虫病,Meloidogyne incognita,不规则的根结,Irregular root knots,存在症状,ManifestAs
9413,棉花根结线虫病,Meloidogyne incognita,叶片变黄,Yellowing of leaves,存在症状,ManifestAs
9414,棉花根结线虫病,Meloidogyne incognita,植株矮化,Plant dwarfing,存在症状,ManifestAs
9415,小麦管蓟马,Haplothrips tritici,籽粒空瘪,Empty seeds,存在症状,ManifestAs
9416,小麦管蓟马,Haplothrips tritici,颖片皱缩或枯萎,Glumes shrunken or withered,存在症状,ManifestAs
9417,小麦管蓟马,Haplothrips tritici,发黄或呈黑褐色,Yellow or dark brown,存在症状,ManifestAs
9418,小麦管蓟马,Haplothrips tritici,霉烂或腐败,Moldy or corrupt,存在症状,ManifestAs
9419,西北麦蝽,Aelia acuminata,白斑或枯心,White spots or dead heart,存在症状,ManifestAs
9420,西北麦蝽,Aelia acuminata,变黄枯萎,Turn yellow and wither,存在症状,ManifestAs
9421,西北麦蝽,Aelia acuminata,籽粒不饱满,The seeds are not full,存在症状,ManifestAs
9422,麦根蝽,Stibaropus formosanus,青枯不结穗,Withered and no ears of corn,存在症状,ManifestAs
9423,麦圆蜘蛛,Penthaleus major,细小白点,Tiny white spots,存在症状,ManifestAs
9424,麦圆蜘蛛,Penthaleus major,麦叶变黄,Wheat leaves turn yellow,存在症状,ManifestAs
9425,麦圆蜘蛛,Penthaleus major,麦株生育不良,Poor wheat plant growth,存在症状,ManifestAs
9426,麦圆蜘蛛,Penthaleus major,植株矮小,Short plant,存在症状,ManifestAs
9427,麦圆蜘蛛,Penthaleus major,全株干枯,The whole plant is dry,存在症状,ManifestAs
9428,麦长腿蜘蛛,Petrobia_latens,细小白点,Tiny white spots,存在症状,ManifestAs
9429,麦长腿蜘蛛,Petrobia_latens,麦叶变黄,Wheat leaves turn yellow,存在症状,ManifestAs
9430,麦长腿蜘蛛,Petrobia_latens,麦株生育不良,Poor wheat plant growth,存在症状,ManifestAs
9431,麦长腿蜘蛛,Petrobia_latens,植株矮小,Short plant,存在症状,ManifestAs
9432,麦长腿蜘蛛,Petrobia_latens,全株干枯,The whole plant is dry,存在症状,ManifestAs
9433,秀夜蛾,Xylena vetusta,枯心或全株死亡,Heart dryness or whole plant death,存在症状,ManifestAs
9434,秀夜蛾,Xylena vetusta,缺苗断垄,Missing seedlings and broken ridges,存在症状,ManifestAs
9435,麦秆蝇,Chlorops pumilionis,心叶青枯,Heart leaf withering,存在症状,ManifestAs
9436,麦秆蝇,Chlorops pumilionis,缺苗断垄,Missing seedlings and broken ridges,存在症状,ManifestAs
9437,麦黑斑潜叶蝇,Liriomyza sativae,潜痕弯曲窄细,Potential marks are curved and narrow,存在症状,ManifestAs
9438,麦茎谷蛾,Ostrinia nubilalis,心叶残缺,Heart leaf incomplete,存在症状,ManifestAs
9439,麦茎谷蛾,Ostrinia nubilalis,卷心,Caper,存在症状,ManifestAs
9440,麦茎谷蛾,Ostrinia nubilalis,矮缩或枯心,Dwarfed or withered,存在症状,ManifestAs
9441,麦叶蜂,Dolerus tritici,仅留叶脉,Only the veins remain,存在症状,ManifestAs
9442,绿翅脊萤叶甲,Platyxantha metallicolor,苗心枯死,Seedling heart dies,存在症状,ManifestAs
9443,大麦条锈病,Puccinia striiformis,褪绿条斑,Chlorotic streaks,存在症状,ManifestAs
9444,大麦条锈病,Puccinia striiformis,隆起的疱疹斑,Raised herpes spots,存在症状,ManifestAs
9445,大麦条锈病,Puccinia striiformis,椭圆形,Oval,存在症状,ManifestAs
9446,大麦条锈病,Puccinia striiformis,鲜黄色,Bright yellow,存在症状,ManifestAs
9447,大麦条锈病,Puccinia striiformis,整齐的虚线条状,Neat dotted lines,存在症状,ManifestAs
9448,大麦条锈病,Puccinia striiformis,鲜黄色粉末,Bright yellow powder,存在症状,ManifestAs
9449,大麦条锈病,Puccinia striiformis,短线条状较,Short line shape,存在症状,ManifestAs
9450,大麦网斑病,Pyrenophora teres,微小斑点或细条纹,Tiny spots or streaks,存在症状,ManifestAs
9451,大麦网斑病,Pyrenophora teres,暗褐色的纵横条纹交错的网状斑,Dark brown crisscross stripes,存在症状,ManifestAs
9452,大麦网斑病,Pyrenophora teres,褐色坏死斑,Brown necrotic spots,存在症状,ManifestAs
9453,大麦网斑病,Pyrenophora teres,斑枯型病斑,Spot blight,存在症状,ManifestAs
9454,大麦网斑病,Pyrenophora teres,初生褐色小点,Newborn brown spots,存在症状,ManifestAs
9455,大麦网斑病,Pyrenophora teres,椭圆形至长圆形的褐色病斑,Oval to oblong brown spots,存在症状,ManifestAs
9456,大麦网斑病,Pyrenophora teres,周围为退,Surrounded by retreat,存在症状,ManifestAs
9457,大麦条纹病,Pyrenophora graminea,浅黄色斑点或短小的条纹,Light yellow spots or short stripes,存在症状,ManifestAs
9458,大麦条纹病,Pyrenophora graminea,淡黄色小点,Light yellow dots,存在症状,ManifestAs
9459,大麦条纹病,Pyrenophora graminea,淡黄色条点,Light yellow dots,存在症状,ManifestAs
9460,大麦条纹病,Pyrenophora graminea,条纹褐色,Striped brown,存在症状,ManifestAs
9461,大麦条纹病,Pyrenophora graminea,赤褐色,Auburn,存在症状,ManifestAs
9462,大麦条纹病,Pyrenophora graminea,条纹变灰褐色,Stripes turn grayish brown,存在症状,ManifestAs
9463,大麦条纹病,Pyrenophora graminea,病叶撕裂或小撕裂,Torn or small tears in diseased leaves,存在症状,ManifestAs
9464,大麦条纹病,Pyrenophora graminea,病部灰白色,Diseased part is grayish white,存在症状,ManifestAs
9465,大麦条纹病,Pyrenophora graminea,籽粒瘦小,Small grains,存在症状,ManifestAs
9466,大麦坚黑穗病,Ustilago hordei,一团黑粉状物,A black powder,存在症状,ManifestAs
9467,大麦散黑穗病,Ustilago nuda,灰色粉团,Gray powder,存在症状,ManifestAs
9468,大麦散黑穗病,Ustilago nuda,灰白色薄膜,Off-white film,存在症状,ManifestAs
9469,大麦散黑穗病,Ustilago nuda,薄膜破裂,Film rupture,存在症状,ManifestAs
9470,大麦散黑穗病,Ustilago nuda,黑色线条状的孢子堆,Black line spore pile,存在症状,ManifestAs
9471,大麦叶锈病,Puccinia hordei,红褐色疱状小圆点,Reddish brown blister-like dots,存在症状,ManifestAs
9472,大麦叶锈病,Puccinia hordei,红褐色粉末,Reddish brown powder,存在症状,ManifestAs
9473,大麦叶锈病,Puccinia hordei,黑灰色短线状的病斑,Dark grey short linear spots,存在症状,ManifestAs
9474,麦双尾蚜,Sitobion avenae,或红色纵条,or red vertical stripes,存在症状,ManifestAs
9475,麦双尾蚜,Sitobion avenae,纵卷成筒,Roll into tube,存在症状,ManifestAs
9476,麦茎蜂,Cephus pygmaeus,麦芒及麦颖变黄,Wheat awns and wheat spikelets turn yellow,存在症状,ManifestAs
9477,麦茎蜂,Cephus pygmaeus,干枯失色,Dry and faded,存在症状,ManifestAs
9478,麦茎蜂,Cephus pygmaeus,全穗变白,The whole ear turns white,存在症状,ManifestAs
9479,麦茎蜂,Cephus pygmaeus,茎节变黄或黑色,The stem nodes turn yellow or black,存在症状,ManifestAs
9480,玉米大斑病,Exserohilum turcicum,大型核状病斑,Large nuclear lesions,存在症状,ManifestAs
9481,玉米大斑病,Exserohilum turcicum,水渍状青灰色或灰绿色小斑点,Water-stained blue-gray or gray-green spots,存在症状,ManifestAs
9482,玉米大斑病,Exserohilum turcicum,边缘暗褐色,Dark brown edge,存在症状,ManifestAs
9483,玉米大斑病,Exserohilum turcicum,中央淡褐色,Central Hazel,存在症状,ManifestAs
9484,玉米大斑病,Exserohilum turcicum,灰色的棱形或长纺锤形大斑,Gray prismatic or long spindle-shaped spots,存在症状,ManifestAs
9485,玉米大斑病,Exserohilum turcicum,斑上有明显,There is obvious,存在症状,ManifestAs
9486,玉米大斑病,Exserohilum turcicum,霉层严重时,When the mold layer is serious,存在症状,ManifestAs
9487,玉米大斑病,Exserohilum turcicum,斑联合纵裂,maculae and longitudinal fissures,存在症状,ManifestAs
9488,玉米小斑病,Bipolaris maydis,黄褐色或红褐色,Yellowish brown or reddish brown,存在症状,ManifestAs
9489,玉米小斑病,Bipolaris maydis,椭圆形,Oval,存在症状,ManifestAs
9490,玉米小斑病,Bipolaris maydis,圆形或长圆形,Round or oblong,存在症状,ManifestAs
9491,玉米小斑病,Bipolaris maydis,黑褐色霉层,Dark brown mold layer,存在症状,ManifestAs
9492,玉米小斑病,Bipolaris maydis,不规则椭圆形病斑,Irregular oval lesions,存在症状,ManifestAs
9493,玉米小斑病,Bipolaris maydis,近长方形,Nearly rectangular,存在症状,ManifestAs
9494,玉米小斑病,Bipolaris maydis,紫褐色或深褐色边缘,Purple-brown or dark brown edges,存在症状,ManifestAs
9495,玉米小斑病,Bipolaris maydis,椭圆形或纺锤形病斑,Oval or spindle-shaped lesions,存在症状,ManifestAs
9496,玉米小斑病,Bipolaris maydis,灰褐色或黄褐色,Gray or yellowish brown,存在症状,ManifestAs
9497,玉米小斑病,Bipolaris maydis,深色边缘,Dark Edge,存在症状,ManifestAs
9498,玉米小斑病,Bipolaris maydis,黄褐色坏死小斑点,Small yellow-brown necrotic spots,存在症状,ManifestAs
9499,玉米小斑病,Bipolaris maydis,明显的黄绿色晕圈,Obvious yellow-green halo,存在症状,ManifestAs
9500,玉米小斑病,Bipolaris maydis,暗绿色浸润区,Dark green infiltration area,存在症状,ManifestAs
9501,玉米小斑病,Bipolaris maydis,病叶萎蔫枯死快,Diseased leaves wilt and die quickly,存在症状,ManifestAs
9502,玉米小斑病,Bipolaris maydis,病叶变黄枯死,Diseased leaves turn yellow and die,存在症状,ManifestAs
9503,玉米弯孢霉叶斑病,Curvularia lunata,褪绿小斑点,Chlorotic spots,存在症状,ManifestAs
9504,玉米弯孢霉叶斑病,Curvularia lunata,圆形至椭圆形褪绿透明斑,Round to oval chlorotic transparent spots,存在症状,ManifestAs
9505,玉米弯孢霉叶斑病,Curvularia lunata,中间枯白色至黄褐色,Withered white to yellowish brown in the middle,存在症状,ManifestAs
9506,玉米弯孢霉叶斑病,Curvularia lunata,边缘暗褐色,Dark brown edge,存在症状,ManifestAs
9507,玉米弯孢霉叶斑病,Curvularia lunata,浅黄色晕圈,Light yellow halo,存在症状,ManifestAs
9508,玉米弯孢霉叶斑病,Curvularia lunata,灰黑色霉状物,Gray-black mold,存在症状,ManifestAs
9509,玉米弯孢霉叶斑病,Curvularia lunata,白色或褐色小点,White or brown spots,存在症状,ManifestAs
9510,玉米灰斑病,Cercospora zeae-maydis,病斑椭圆形至矩圆形,Lesions are oval to rectangular,存在症状,ManifestAs
9511,玉米灰斑病,Cercospora zeae-maydis,灰色至浅褐色病斑,Gray to light brown spots,存在症状,ManifestAs
9512,玉米灰斑病,Cercospora zeae-maydis,病斑中间灰色,The lesion is gray,存在症状,ManifestAs
9513,玉米灰斑病,Cercospora zeae-maydis,边缘褐色,Edge brown,存在症状,ManifestAs
9514,玉米灰斑病,Cercospora zeae-maydis,片可使叶片,The leaves can,存在症状,ManifestAs
9515,玉米灰斑病,Cercospora zeae-maydis,灰色霉状物,Gray mold,存在症状,ManifestAs
9516,玉米镰刀菌苗枯病,Fusarium verticillioides,根毛减少,Reduced root hairs,存在症状,ManifestAs
9517,玉米镰刀菌苗枯病,Fusarium verticillioides,根系变黑褐色,Roots turn dark brown,存在症状,ManifestAs
9518,玉米镰刀菌苗枯病,Fusarium verticillioides,基部呈水渍状,Water-soaked base,存在症状,ManifestAs
9519,玉米镰刀菌苗枯病,Fusarium verticillioides,整齐断裂,Clean break,存在症状,ManifestAs
9520,玉米镰刀菌苗枯病,Fusarium verticillioides,叶鞘褐色有撕裂状,Leaf sheath brown and torn,存在症状,ManifestAs
9521,玉米镰刀菌苗枯病,Fusarium verticillioides,叶片发黄,Yellowing leaves,存在症状,ManifestAs
9522,玉米镰刀菌苗枯病,Fusarium verticillioides,边缘呈焦枯状,The edges are burnt,存在症状,ManifestAs
9523,玉米镰刀菌苗枯病,Fusarium verticillioides,心叶卷曲,Heart leaf curl,存在症状,ManifestAs
9524,玉米镰刀菌苗枯病,Fusarium verticillioides,白色粉霉,White powdery mildew,存在症状,ManifestAs
9525,玉米镰刀菌苗枯病,Fusarium verticillioides,火烧状枯死,Burnt death,存在症状,ManifestAs
9526,玉米镰刀菌苗枯病,Fusarium verticillioides,心叶逐渐青枯萎蔫,The heart leaves gradually turn green and wither,存在症状,ManifestAs
9527,黄麻苗枯病,Macrophomina phaseolina,病部初呈黄褐色,The diseased part is initially yellow-brown,存在症状,ManifestAs
9528,黄麻苗枯病,Macrophomina phaseolina,褐色至深褐色,Brown to dark brown,存在症状,ManifestAs
9529,黄麻苗枯病,Macrophomina phaseolina,湿腐状,Wet rot,存在症状,ManifestAs
9530,黄麻苗枯病,Macrophomina phaseolina,苗凋萎枯死,Seedlings wither and die,存在症状,ManifestAs
9531,黄麻苗枯病,Macrophomina phaseolina,黄褐色近圆形斑,Yellowish brown nearly circular spots,存在症状,ManifestAs
9532,黄麻苗枯病,Macrophomina phaseolina,水渍状浅褐色至褐色病斑,Water-soaked light brown to brown spots,存在症状,ManifestAs
9533,黄麻苗枯病,Macrophomina phaseolina,叶片脱落,Leaf shedding,存在症状,ManifestAs
9534,黄麻苗枯病,Macrophomina phaseolina,幼茎腐烂组缩,Young stem rot and shrinkage,存在症状,ManifestAs
9535,黄麻苗枯病,Macrophomina phaseolina,苗萎蔫枯死,Seedlings wilt and die,存在症状,ManifestAs
9536,黄麻黑点炭疽病,Colletotrichum corchori,灰黑色小斑点,Gray black spots,存在症状,ManifestAs
9537,黄麻黑点炭疽病,Colletotrichum corchori,半圆形至近圆形黑褐色病斑,Semicircular to nearly circular dark brown spots,存在症状,ManifestAs
9538,黄麻黑点炭疽病,Colletotrichum corchori,全株变褐腐烂,The whole plant turns brown and rots,存在症状,ManifestAs
9539,黄麻黑点炭疽病,Colletotrichum corchori,初生,Newborn,存在症状,ManifestAs
9540,黄麻黑点炭疽病,Colletotrichum corchori,浅黑色近圆形病斑,Light black nearly circular spots,存在症状,ManifestAs
9541,黄麻黑点炭疽病,Colletotrichum corchori,病时病斑长椭圆形,The lesions are oblong,存在症状,ManifestAs
9542,黄麻黑点炭疽病,Colletotrichum corchori,凹陷黑褐,Concave dark brown,存在症状,ManifestAs
9543,黄麻黑点炭疽病,Colletotrichum corchori,黑褐色或黑色近圆形至不正圆形凹陷斑,Dark brown or black nearly circular to irregular circular sunken spots,存在症状,ManifestAs
9544,黄麻黑点炭疽病,Colletotrichum corchori,粟粒大小黑褐色凹陷斑,Millet-sized dark brown sunken spots,存在症状,ManifestAs
9545,黄麻叶枯病,Coronillaria uredinella,近圆形或不规则形病斑,Nearly circular or irregular lesions,存在症状,ManifestAs
9546,黄麻叶枯病,Coronillaria uredinella,不规则形的大斑,Irregular shaped spots,存在症状,ManifestAs
9547,黄麻叶枯病,Coronillaria uredinella,病斑呈不规则形,Irregular lesions,存在症状,ManifestAs
9548,黄麻叶枯病,Coronillaria uredinella,初呈淡褐色,Initially light brown,存在症状,ManifestAs
9549,黄麻叶枯病,Coronillaria uredinella,褐色至黑褐色,Brown to dark brown,存在症状,ManifestAs
9550,黄麻叶枯病,Coronillaria uredinella,黑色霉层,Black mold layer,存在症状,ManifestAs
9551,黄麻茎腐病,Macrophomina phaseolina,淡褐色小点,Light brown dots,存在症状,ManifestAs
9552,黄麻茎腐病,Macrophomina phaseolina,呈梭形或不规则形的褐色或黑褐色大斑,Large brown or dark brown spots in the shape of spindle or irregular shapes,存在症状,ManifestAs
9553,黄麻茎腐病,Macrophomina phaseolina,黑色煤粉状的分生孢子,Black coal-like conidia,存在症状,ManifestAs
9554,黄麻茎斑病,Xanthomonas campestris,黄褐色至褐色小圆点,Small yellow-brown to brown dots,存在症状,ManifestAs
9555,黄麻茎斑病,Xanthomonas campestris,褐色至黑褐色的近圆形斑,Brown to dark brown nearly circular spots,存在症状,ManifestAs
9556,黄麻茎斑病,Xanthomonas campestris,呈多角形或不整圆形的褐色或黑褐色病斑,Polygonal or irregular brown or dark brown spots,存在症状,ManifestAs
9557,黄麻茎斑病,Xanthomonas campestris,绿色的晕圈,Green halo,存在症状,ManifestAs
9558,黄麻茎斑病,Xanthomonas campestris,椭圆形或长椭圆形的黑褐色病斑,Oval or oblong dark brown spots,存在症状,ManifestAs
9559,黄麻茎斑病,Xanthomonas campestris,紫红色的晕圈,Purple halo,存在症状,ManifestAs
9560,黄麻茎斑病,Xanthomonas campestris,病斑黑褐色,Lesions dark brown,存在症状,ManifestAs
9561,黄麻茎斑病,Xanthomonas campestris,近椭圆或不规则形,Nearly elliptical or irregular,存在症状,ManifestAs
9562,黄麻茎斑病,Xanthomonas campestris,初生褐色小点,Newborn brown spots,存在症状,ManifestAs
9563,黄麻茎斑病,Xanthomonas campestris,椭圆形或不规则形病斑,Oval or irregular lesions,存在症状,ManifestAs
9564,黄麻茎斑病,Xanthomonas campestris,灰白色的霉状物,Grayish white mold,存在症状,ManifestAs
9565,玉米纹枯病,Rhizoctonia solani,病病斑初呈水,The lesions initially appear watery,存在症状,ManifestAs
9566,玉米纹枯病,Rhizoctonia solani,状椭圆形或不规,Oval or irregular,存在症状,ManifestAs
9567,玉米纹枯病,Rhizoctonia solani,色边缘,Color Edge,存在症状,ManifestAs
9568,玉米纹枯病,Rhizoctonia solani,合成云纹状,Synthetic moire,存在症状,ManifestAs
9569,玉米纹枯病,Rhizoctonia solani,致叶鞘,Leaf sheath,存在症状,ManifestAs
9570,玉米纹枯病,Rhizoctonia solani,败叶片枯死,Dead leaves,存在症状,ManifestAs
9571,玉米纹枯病,Rhizoctonia solani,产生云纹状,Moire,存在症状,ManifestAs
9572,玉米纹枯病,Rhizoctonia solani,叶片呈褐色,Brown leaves,存在症状,ManifestAs
9573,玉米纹枯病,Rhizoctonia solani,不规则形,Irregular,存在症状,ManifestAs
9574,玉米纹枯病,Rhizoctonia solani,褐色不规则形的菌核,Brown irregular sclerotia,存在症状,ManifestAs
9575,玉米锈病,Puccinia sorghi,淡黄色小点,Light yellow dots,存在症状,ManifestAs
9576,玉米锈病,Puccinia sorghi,圆形至长圆形,Round to oblong,存在症状,ManifestAs
9577,玉米锈病,Puccinia sorghi,黄褐色或褐色,Tan or brown,存在症状,ManifestAs
9578,玉米锈病,Puccinia sorghi,铁锈色粉末,Rusty powder,存在症状,ManifestAs
9579,玉米锈病,Puccinia sorghi,圆形黑色突起,Round black protrusions,存在症状,ManifestAs
9580,玉米锈病,Puccinia sorghi,黑褐色粉末,Dark brown powder,存在症状,ManifestAs
9581,玉米锈病,Puccinia sorghi,金黄色到橙色,Golden to orange,存在症状,ManifestAs
9582,玉米锈病,Puccinia sorghi,圆形或椭圆形,Round or oval,存在症状,ManifestAs
9583,玉米锈病,Puccinia sorghi,疱疹状隆起,Herpes-like bumps,存在症状,ManifestAs
9584,玉米锈病,Puccinia sorghi,金黄色到橙色粉状即夏孢子,Golden yellow to orange powdery summer spores,存在症状,ManifestAs
9585,玉米锈病,Puccinia sorghi,大量叶片干枯,A lot of leaves dry up,存在症状,ManifestAs
9586,玉米锈病,Puccinia sorghi,植株早衰,Premature plant senescence,存在症状,ManifestAs
9587,玉米褐斑病,Cercospora zeae-maydis,失绿发黄,Green and yellow,存在症状,ManifestAs
9588,玉米褐斑病,Cercospora zeae-maydis,褐色的孢子堆,Brown spore pile,存在症状,ManifestAs
9589,玉米褐斑病,Cercospora zeae-maydis,病斑浅褐色,Lesions light brown,存在症状,ManifestAs
9590,玉米褐斑病,Cercospora zeae-maydis,病斑红褐色,Reddish brown lesions,存在症状,ManifestAs
9591,玉米褐斑病,Cercospora zeae-maydis,病斑表皮破裂,Lesion epidermis rupture,存在症状,ManifestAs
9592,玉米褐斑病,Cercospora zeae-maydis,散出褐色粉末,Brown powder,存在症状,ManifestAs
9593,玉米轮纹斑病,Bipolaris maydis,圆形至椭圆形的褐色至紫红色病斑,Round to oval brown to purple-red lesions,存在症状,ManifestAs
9594,玉米轮纹斑病,Bipolaris maydis,叶片枯死,Leaf death,存在症状,ManifestAs
9595,玉米轮纹斑病,Bipolaris maydis,微细橙红色粘质物,Fine orange-red viscous substance,存在症状,ManifestAs
9596,玉米疯顶病,Sclerophthora macrospora,植株矮缩,Plant dwarfing,存在症状,ManifestAs
9597,玉米疯顶病,Sclerophthora macrospora,节间缩短,Shortened internodes,存在症状,ManifestAs
9598,玉米疯顶病,Sclerophthora macrospora,叶片浓绿,Dark green leaves,存在症状,ManifestAs
9599,玉米疯顶病,Sclerophthora macrospora,浅绿心,Light green heart,存在症状,ManifestAs
9600,玉米疯顶病,Sclerophthora macrospora,上部叶,Upper leaves,存在症状,ManifestAs
9601,玉米疯顶病,Sclerophthora macrospora,扭曲、皱缩或卷,"Twisting, shrinking or curling",存在症状,ManifestAs
9602,玉米疯顶病,Sclerophthora macrospora,筒状心,Tubular heart,存在症状,ManifestAs
9603,玉米疯顶病,Sclerophthora macrospora,造成田间缺苗断,Causes field shortage,存在症状,ManifestAs
9604,玉米疯顶病,Sclerophthora macrospora,呈团状绣球,Clustered hydrangea,存在症状,ManifestAs
9605,玉米疯顶病,Sclerophthora macrospora,穗轴呈多茎节状伸,The spike axis is multi-noded,存在症状,ManifestAs
9606,玉米疯顶病,Sclerophthora macrospora,的心叶紧,Heart leaves tight,存在症状,ManifestAs
9607,玉米疯顶病,Sclerophthora macrospora,成不规则团状或牛尾巴,Into irregular balls or cow tails,存在症状,ManifestAs
9608,玉米茎腐病,Fusarium verticillioides,籽粒松瘪,The kernels are loose and shrunken,存在症状,ManifestAs
9609,玉米茎腐病,Fusarium verticillioides,玉米提前枯死,Corn dies prematurely,存在症状,ManifestAs
9610,玉米茎腐病,Fusarium verticillioides,全株呈青枯症状,The whole plant shows symptoms of wilt,存在症状,ManifestAs
9611,玉米茎腐病,Fusarium verticillioides,呈黄枯症状,Yellowing symptoms,存在症状,ManifestAs
9612,玉米圆斑病,Bipolaris zeicola,卵圆形病斑,Oval lesions,存在症状,ManifestAs
9613,玉米圆斑病,Bipolaris zeicola,水渍状淡绿至淡黄色小点,Water-soaked light green to light yellow spots,存在症状,ManifestAs
9614,玉米圆斑病,Bipolaris zeicola,圆形或卵圆形斑点,Round or oval spots,存在症状,ManifestAs
9615,玉米圆斑病,Bipolaris zeicola,同心轮纹,Concentric wheel pattern,存在症状,ManifestAs
9616,玉米圆斑病,Bipolaris zeicola,中央淡褐色,Central Hazel,存在症状,ManifestAs
9617,玉米圆斑病,Bipolaris zeicola,边缘褐色,Edge brown,存在症状,ManifestAs
9618,玉米圆斑病,Bipolaris zeicola,病部变黑凹陷,The affected area becomes dark and sunken,存在症状,ManifestAs
9619,玉米圆斑病,Bipolaris zeicola,果穗变形弯曲,Deformation and bending of the bunch,存在症状,ManifestAs
9620,玉米圆斑病,Bipolaris zeicola,黑色霉层,Black mold layer,存在症状,ManifestAs
9621,玉米圆斑病,Bipolaris zeicola,褐色斑点,Brown spots,存在症状,ManifestAs
9622,玉米圆斑病,Bipolaris zeicola,圆形大斑,Large round spots,存在症状,ManifestAs
9623,玉米干腐病,Fusarium verticillioides,全穗籽粒皱缩,Whole ear kernels shrunken,存在症状,ManifestAs
9624,玉米干腐病,Fusarium verticillioides,呈暗褐色或污浊状,Dark brown or dirty,存在症状,ManifestAs
9625,玉米干腐病,Fusarium verticillioides,灰白色菌丝体,Grayish white mycelium,存在症状,ManifestAs
9626,玉米干腐病,Fusarium verticillioides,、紫红色或黑褐色大形病,", purple or dark brown large disease",存在症状,ManifestAs
9627,玉米干腐病,Fusarium verticillioides,有白色菌丝,White hyphae,存在症状,ManifestAs
9628,玉米干腐病,Fusarium verticillioides,褐色不规则的长形病斑,Brown irregular long spots,存在症状,ManifestAs
9629,玉米丝黑穗病,Sporisorium reilianum,茎秆稍有弯曲,The stem is slightly curved,存在症状,ManifestAs
9630,玉米丝黑穗病,Sporisorium reilianum,内包黑粉,Black powder inside,存在症状,ManifestAs
9631,玉米黑粉病,Ustilago maydis,白色或浅紫色,White or light purple,存在症状,ManifestAs
9632,黄麻立枯病,Rhizoctonia solani,中部,Central,存在症状,ManifestAs
9633,黄麻立枯病,Rhizoctonia solani,呈棕褐色不规则病斑,Brown irregular spots,存在症状,ManifestAs
9634,黄麻立枯病,Rhizoctonia solani,呈黑褐色腐烂,Dark brown rot,存在症状,ManifestAs
9635,黄麻立枯病,Rhizoctonia solani,病斑处缢缩,Constriction of lesion,存在症状,ManifestAs
9636,黄麻立枯病,Rhizoctonia solani,茎基部病斑黑褐色,Dark brown spots at stem base,存在症状,ManifestAs
9637,黄麻立枯病,Rhizoctonia solani,粗糙圆疤,Rough round scar,存在症状,ManifestAs
9638,黄麻炭疽病,Colletotrichum corchori,呈褐色腐烂致死,Brown rot and death,存在症状,ManifestAs
9639,黄麻炭疽病,Colletotrichum corchori,淡褐色水渍状小斑,Light brown water-soaked spots,存在症状,ManifestAs
9640,黄麻炭疽病,Colletotrichum corchori,深褐色的大病斑,Large dark brown spots,存在症状,ManifestAs
9641,黄麻炭疽病,Colletotrichum corchori,病部缢缩,Constriction of the affected part,存在症状,ManifestAs
9642,黄麻炭疽病,Colletotrichum corchori,幼苗成片碎倒枯死,Seedlings shattered and died,存在症状,ManifestAs
9643,黄麻炭疽病,Colletotrichum corchori,水渍状黑褐色小斑,Water-soaked dark brown spots,存在症状,ManifestAs
9644,黄麻炭疽病,Colletotrichum corchori,呈不规则形或近圆形黑色大斑,Irregular or nearly circular black spots,存在症状,ManifestAs
9645,黄麻炭疽病,Colletotrichum corchori,叶片腐烂脱落,Leaves rot and fall off,存在症状,ManifestAs
9646,黄麻炭疽病,Colletotrichum corchori,黑褐色近圆形水渍状小斑,Dark brown nearly circular water-soaked spots,存在症状,ManifestAs
9647,黄麻炭疽病,Colletotrichum corchori,不规则形大病斑,Irregular large lesions,存在症状,ManifestAs
9648,黄麻炭疽病,Colletotrichum corchori,皮层纵裂,Cortical fissure,存在症状,ManifestAs
9649,黄麻炭疽病,Colletotrichum corchori,纤维外露,Fiber exposed,存在症状,ManifestAs
9650,黄麻炭疽病,Colletotrichum corchori,初生褐色病斑,Primary brown spots,存在症状,ManifestAs
9651,黄麻炭疽病,Colletotrichum corchori,蒴果变黑干枯,The capsule turns black and dries up,存在症状,ManifestAs
9652,黄麻炭疽病,Colletotrichum corchori,颜色灰暗,Gray color,存在症状,ManifestAs
9653,黄麻褐斑病,Coronillaria uredinella,褐色小斑点,Small brown spots,存在症状,ManifestAs
9654,黄麻褐斑病,Coronillaria uredinella,近圆形或不规则形黄褐色病斑,Nearly circular or irregular yellow-brown spots,存在症状,ManifestAs
9655,黄麻褐斑病,Coronillaria uredinella,病斑边缘深褐色,Dark brown edge of lesion,存在症状,ManifestAs
9656,黄麻枯腐病,Macrophomina phaseolina,子叶呈黄褐色枯死,The cotyledons turn yellow-brown and die,存在症状,ManifestAs
9657,黄麻枯腐病,Macrophomina phaseolina,片产生不规则黄,Irregular yellowing of the film,存在症状,ManifestAs
9658,黄麻枯腐病,Macrophomina phaseolina,扩展成条,Expand into strips,存在症状,ManifestAs
9659,黄麻枯腐病,Macrophomina phaseolina,呈不规则形,Irregular shape,存在症状,ManifestAs
9660,黄麻枯腐病,Macrophomina phaseolina,淡黄色的晕圈,Pale yellow halo,存在症状,ManifestAs
9661,黄麻枯腐病,Macrophomina phaseolina,褐色梭形斑,Brown spindle spots,存在症状,ManifestAs
9662,黄麻枯腐病,Macrophomina phaseolina,侧根呈黑褐色腐烂,The lateral roots are dark brown and rotten,存在症状,ManifestAs
9663,黄麻枯腐病,Macrophomina phaseolina,地上部萎蔫,Wilting of aboveground parts,存在症状,ManifestAs
9664,黄麻枯腐病,Macrophomina phaseolina,全株干枯,The whole plant is dry,存在症状,ManifestAs
9665,黄麻枯腐病,Macrophomina phaseolina,黑色细沙状的小菌核,Small black sand-like sclerotia,存在症状,ManifestAs
9666,黄麻枯萎病,Fusarium oxysporum,子叶呈失水状萎蔫,Cotyledons wilt due to dehydration,存在症状,ManifestAs
9667,黄麻枯萎病,Fusarium oxysporum,茎基呈褐色至黑褐色腐烂,The stem base turns brown to dark brown and rots,存在症状,ManifestAs
9668,黄麻枯萎病,Fusarium oxysporum,顶叶呈黄绿色,Top leaves are yellow-green,存在症状,ManifestAs
9669,黄麻枯萎病,Fusarium oxysporum,褐色病斑,Brown spots,存在症状,ManifestAs
9670,黄麻枯萎病,Fusarium oxysporum,白色至淡红色粉状霉,White to light red powdery mildew,存在症状,ManifestAs
9671,黄麻枯萎病,Fusarium oxysporum,木质部呈黄褐色至褐色,The wood is yellowish brown to brown,存在症状,ManifestAs
9672,黄麻枯萎病,Fusarium oxysporum,褐色至黑褐色细条纹,Brown to dark brown thin stripes,存在症状,ManifestAs
9673,黄麻枯萎病,Fusarium oxysporum,木质部呈褐色,Brown wood,存在症状,ManifestAs
9674,古毒蛾,Orgyia antiqua,仅留叶柄,Only petiole remains,存在症状,ManifestAs
9675,古毒蛾,Orgyia antiqua,缺刻和孔洞,Nicks and holes,存在症状,ManifestAs
9676,古毒蛾,Orgyia antiqua,只留粗脉,Only thick veins remain,存在症状,ManifestAs
9677,古毒蛾,Orgyia antiqua,不规则的凹斑和孔洞,Irregular pits and holes,存在症状,ManifestAs
9678,银锭夜蛾,Autographa gamma,缺刻或孔洞,Notches or holes,存在症状,ManifestAs
9679,向日葵褐斑病,Septoria helianthi,褐色小圆点,Brown dots,存在症状,ManifestAs
9680,向日葵褐斑病,Septoria helianthi,黄色小圆斑,Small yellow spots,存在症状,ManifestAs
9681,向日葵褐斑病,Septoria helianthi,多角形或不规则形病斑,Polygonal or irregular lesions,存在症状,ManifestAs
9682,向日葵褐斑病,Septoria helianthi,黄绿色晕环,Yellow-green halo,存在症状,ManifestAs
9683,向日葵褐斑病,Septoria helianthi,叶片干枯,Dry leaves,存在症状,ManifestAs
9684,向日葵褐斑病,Septoria helianthi,病斑黄褐色,Lesions yellow-brown,存在症状,ManifestAs
9685,向日葵白粉病,Erysiphe cichoracearum,白色粉状霉,White powdery mildew,存在症状,ManifestAs
9686,向日葵白粉病,Erysiphe cichoracearum,灰白色霉层,Grayish white mold layer,存在症状,ManifestAs
9687,向日葵白粉病,Erysiphe cichoracearum,病叶变褐焦枯,Diseased leaves turn brown and scorch,存在症状,ManifestAs
9688,向日葵白粉病,Erysiphe cichoracearum,病斑灰褐色至黑褐色,Lesions are gray-brown to dark brown,存在症状,ManifestAs
9689,向日葵白粉病,Erysiphe cichoracearum,不规则形,Irregular,存在症状,ManifestAs
9690,向日葵白粉病,Erysiphe cichoracearum,病斑边缘不整齐,Irregular lesion edges,存在症状,ManifestAs
9691,向日葵白粉病,Erysiphe cichoracearum,黑色小粒点,Black small dots,存在症状,ManifestAs
9692,向日葵霜霉病,Plasmopara halstedii,幼苗腐烂,Seedling rot,存在症状,ManifestAs
9693,向日葵霜霉病,Plasmopara halstedii,株形矮小,Short plant shape,存在症状,ManifestAs
9694,向日葵霜霉病,Plasmopara halstedii,节间缩,Internode contraction,存在症状,ManifestAs
9695,向日葵霜霉病,Plasmopara halstedii,茎杆细弱或变,The stem is thin or weak,存在症状,ManifestAs
9696,向日葵霜霉病,Plasmopara halstedii,叶子畸,Leaf Deformation,存在症状,ManifestAs
9697,向日葵霜霉病,Plasmopara halstedii,现褪绿黄,Now faded green,存在症状,ManifestAs
9698,向日葵霜霉病,Plasmopara halstedii,现白色霉,White mold,存在症状,ManifestAs
9699,向日葵霜霉病,Plasmopara halstedii,花序不育,Inflorescence sterility,存在症状,ManifestAs
9700,向日葵霜霉病,Plasmopara halstedii,淡绿色至黄色小型斑,Light green to yellow small spots,存在症状,ManifestAs
9701,向日葵霜霉病,Plasmopara halstedii,沿叶脉褪绿黄斑,Chlorotic yellow spots along leaf veins,存在症状,ManifestAs
9702,向日葵霜霉病,Plasmopara halstedii,白色霉层,White mold layer,存在症状,ManifestAs
9703,向日葵根茎腐病,Fusarium oxysporum,黑色干腐状,Black dry rot,存在症状,ManifestAs
9704,向日葵根茎腐病,Fusarium oxysporum,呈炭黑色,Charcoal black,存在症状,ManifestAs
9705,向日葵白绢病,Sclerotium rolfsii,绢丝状白色菌丝,Silky white hyphae,存在症状,ManifestAs
9706,向日葵白绢病,Sclerotium rolfsii,菜籽粒大小菌核,Rapeseed size sclerotia,存在症状,ManifestAs
9707,向日葵白绢病,Sclerotium rolfsii,菌核由白变红褐,Sclerotia turn from white to reddish brown,存在症状,ManifestAs
9708,向日葵黄萎病,Verticillium dahliae,维管束呈褐色,Vascular bundles are brown,存在症状,ManifestAs
9709,向日葵黄萎病,Verticillium dahliae,中位叶呈斑驳状,The middle leaf is mottled,存在症状,ManifestAs
9710,向日葵灰霉病,Botrytis cinerea,病部湿腐,Wet rot of diseased part,存在症状,ManifestAs
9711,向日葵灰霉病,Botrytis cinerea,水渍状,Water stain,存在症状,ManifestAs
9712,向日葵灰霉病,Botrytis cinerea,稀疏的灰色霉层,Sparse gray mold,存在症状,ManifestAs
9713,向日葵灰霉病,Botrytis cinerea,花盘腐烂,Disk rot,存在症状,ManifestAs
9714,向日葵细菌性叶斑病,Pseudomonas syringae,水浸状小斑,Water-soaked spots,存在症状,ManifestAs
9715,向日葵细菌性叶斑病,Pseudomonas syringae,暗褐色不规则形角斑,Dark brown irregular angular spots,存在症状,ManifestAs
9716,向日葵细菌性叶斑病,Pseudomonas syringae,叶焦枯,Leaf scorch,存在症状,ManifestAs
9717,向日葵细菌性叶斑病,Pseudomonas syringae,病斑中心破裂,Lesion center rupture,存在症状,ManifestAs
9718,向日葵细菌性叶斑病,Pseudomonas syringae,叶片干枯脱落,Leaves dry and fall off,存在症状,ManifestAs
9719,向日葵细菌性茎腐病,Pseudomonas syringae,褐色湿腐状,Brown wet rot,存在症状,ManifestAs
9720,向日葵细菌性茎腐病,Pseudomonas syringae,呈髓部变褐腐烂,The pith turns brown and rots,存在症状,ManifestAs
9721,向日葵细菌性茎腐病,Pseudomonas syringae,茎部纵裂,Stem longitudinal fissure,存在症状,ManifestAs
9722,向日葵细菌性茎腐病,Pseudomonas syringae,髓部萎缩中空,Atrophy and hollowness of the medullary,存在症状,ManifestAs
9723,向日葵细菌性茎腐病,Pseudomonas syringae,橄榄绿色,Olive Green,存在症状,ManifestAs
9724,向日葵细菌性茎腐病,Pseudomonas syringae,髓部软腐,Pith rot,存在症状,ManifestAs
9725,向日葵细菌性茎腐病,Pseudomonas syringae,萎缩变空,Shrinking and becoming empty,存在症状,ManifestAs
9726,向日葵细菌性茎腐病,Pseudomonas syringae,病茎变黑,Diseased stems turn black,存在症状,ManifestAs
9727,向日葵细菌性茎腐病,Pseudomonas syringae,褐色或黑色,Brown or black,存在症状,ManifestAs
9728,向日葵细菌性茎腐病,Pseudomonas syringae,不规则形,Irregular,存在症状,ManifestAs
9729,向日葵细菌性茎腐病,Pseudomonas syringae,葵盘褐腐或黑腐,Sunflower disk brown rot or black rot,存在症状,ManifestAs
9730,向日葵根结线虫病,Meloidogyne,不规则纺锤形或圆形,Irregular spindle or round,存在症状,ManifestAs
9731,向日葵根结线虫病,Meloidogyne,乳白色小粒状,Milky white small granules,存在症状,ManifestAs
9732,向日葵根结线虫病,Meloidogyne,植株矮小,Short plant,存在症状,ManifestAs
9733,向日葵花叶病毒病,Sunflower mosaic virus,褐色坏死条纹,Brown necrotic streaks,存在症状,ManifestAs
9734,向日葵花叶病毒病,Sunflower mosaic virus,花盘变形,Disk deformation,存在症状,ManifestAs
9735,向日葵花叶病毒病,Sunflower mosaic virus,顶部小叶扭曲,Twisted leaflets at top,存在症状,ManifestAs
9736,向日葵花叶病毒病,Sunflower mosaic virus,种子瘪缩,Seed shrinkage,存在症状,ManifestAs
9737,蛞蝓,Deroceras,白色黏质痕迹,White slime marks,存在症状,ManifestAs
9738,魔芋白绢病,Sclerotium rolfsii,植株凋萎,Plant wilt,存在症状,ManifestAs
9739,魔芋白绢病,Sclerotium rolfsii,淡褐色不规则斑点,Light brown irregular spots,存在症状,ManifestAs
9740,魔芋白绢病,Sclerotium rolfsii,微凹且软化,Slightly concave and softened,存在症状,ManifestAs
9741,魔芋白绢病,Sclerotium rolfsii,白绢丝状物,White silky substance,存在症状,ManifestAs
9742,魔芋软腐病,Erwinia carotovora,叶柄呈水渍状暗绿色,The petiole is water-soaked dark green,存在症状,ManifestAs
9743,魔芋软腐病,Erwinia carotovora,叶片变黄卷缩,Leaves turn yellow and curl up,存在症状,ManifestAs
9744,魔芋软腐病,Erwinia carotovora,块茎内部变软,The inside of the tuber becomes soft,存在症状,ManifestAs
9745,魔芋软腐病,Erwinia carotovora,腐烂发臭,Rotten and smelly,存在症状,ManifestAs
9746,魔芋轮纹斑病,Phytophthora colocasiae,浅褐色小斑点,Light brown spots,存在症状,ManifestAs
9747,魔芋轮纹斑病,Phytophthora colocasiae,近圆形至不规则形黄褐色斑,Nearly circular to irregular yellow-brown spots,存在症状,ManifestAs
9748,魔芋炭疽病,Colletotrichum gloeosporioides,近圆形褐色小斑,"Small, nearly circular brown spots",存在症状,ManifestAs
9749,魔芋炭疽病,Colletotrichum gloeosporioides,圆形至不定形褐色大斑,Round to irregular brown spots,存在症状,ManifestAs
9750,魔芋炭疽病,Colletotrichum gloeosporioides,中部淡褐至灰褐色,Light brown to grayish brown in the middle,存在症状,ManifestAs
9751,魔芋炭疽病,Colletotrichum gloeosporioides,边缘深褐色,Dark brown edge,存在症状,ManifestAs
9752,魔芋细菌性叶枯病,Xanthomonas campestris,黑褐色不规则形枯斑,Dark brown irregular lesions,存在症状,ManifestAs
9753,魔芋细菌性叶枯病,Xanthomonas campestris,叶片扭曲,Twisted blades,存在症状,ManifestAs
9754,魔芋细菌性叶枯病,Xanthomonas campestris,叶片大量干枯,A lot of leaves drying up,存在症状,ManifestAs
9755,魔芋细菌性叶枯病,Xanthomonas campestris,植株倒伏,Plant lodging,存在症状,ManifestAs
9756,魔芋病毒病,Dasheen mosaic virus,典型花叶或叶片缩小,Typical mosaic or leaf shrinkage,存在症状,ManifestAs
9757,魔芋病毒病,Dasheen mosaic virus,褪绿环斑或条斑,Chlorotic ring spots or streaks,存在症状,ManifestAs
9758,魔芋病毒病,Dasheen mosaic virus,羽毛状花纹,Feather pattern,存在症状,ManifestAs
9759,姜枯萎病,Fusarium oxysporum,块茎腐烂变褐,Tuber rot and browning,存在症状,ManifestAs
9760,姜枯萎病,Fusarium oxysporum,植株枯状,Plant withering,存在症状,ManifestAs
9761,姜枯萎病,Fusarium oxysporum,不呈水渍状半透明状,Not water-stained and translucent,存在症状,ManifestAs
9762,姜枯萎病,Fusarium oxysporum,心叶枯死,Heart leaf dead,存在症状,ManifestAs
9763,青花菜细菌性黑斑病,Pseudomonas syringae,淡褐色至发紫边缘的小斑,Small spots with light brown to purple edges,存在症状,ManifestAs
9764,青花菜细菌性黑斑病,Pseudomonas syringae,叶片生长变缓,Slowed leaf growth,存在症状,ManifestAs
9765,青花菜细菌性黑斑病,Pseudomonas syringae,叶面皱缩,Leaf wrinkles,存在症状,ManifestAs
9766,青花菜细菌性黑斑病,Pseudomonas syringae,油渍状斑点,Oily spots,存在症状,ManifestAs
9767,青花菜细菌性黑斑病,Pseudomonas syringae,褐色或深褐色,Brown or dark brown,存在症状,ManifestAs
9768,青花菜细菌性黑斑病,Pseudomonas syringae,不规则形或多角形,Irregular or polygonal,存在症状,ManifestAs
9769,青花菜细菌性黑斑病,Pseudomonas syringae,叶肉脱落,Leaf flesh falls off,存在症状,ManifestAs
9770,蛴螬,Holotrichia,地上部枯黄早死,The aboveground parts turn yellow and die early,存在症状,ManifestAs
9771,葱炭疽病,Colletotrichum dematium,近纺锤形不规则淡灰褐色至褐色病斑,Nearly spindle-shaped irregular light gray-brown to brown lesions,存在症状,ManifestAs
9772,葱炭疽病,Colletotrichum dematium,圆形暗绿色或黑色斑纹,Circular dark green or black markings,存在症状,ManifestAs
9773,葱叶霉病,Botrytis squamosa,叶斑初呈水渍状,Leaf spots initially appear as water stains,存在症状,ManifestAs
9774,葱叶霉病,Botrytis squamosa,暗褐色下陷,Dark brown sunken,存在症状,ManifestAs
9775,葱黑粉病,Urocystis cepulae,高时叶,Gao Shiye,存在症状,ManifestAs
9776,葱黑粉病,Urocystis cepulae,微黄1～2,Slightly yellow 1～2,存在症状,ManifestAs
9777,葱黑粉病,Urocystis cepulae,鳞茎上产生稍隆起的,Slightly raised ridges on the bulb,存在症状,ManifestAs
9778,葱黑粉病,Urocystis cepulae,变为泡,Become a bubble,存在症状,ManifestAs
9779,葱黑粉病,Urocystis cepulae,开裂后散出黑褐,"After cracking, it emits black and brown",存在症状,ManifestAs
9780,葱软腐病,Erwinia carotovora,产生半透明灰白,Produces translucent gray,存在症状,ManifestAs
9781,葱软腐病,Erwinia carotovora,斑叶鞘基部软化,Softening of the base of the leaf sheath,存在症状,ManifestAs
9782,葱软腐病,Erwinia carotovora,败外叶,Leaves,存在症状,ManifestAs
9783,葱软腐病,Erwinia carotovora,鳞片呈水浸状,Water-soaked scales,存在症状,ManifestAs
9784,葱软腐病,Erwinia carotovora,黄褐色或黑褐色带有臭味的汁液,Yellowish brown or dark brown sap with a foul odor,存在症状,ManifestAs
9785,葱黄矮病,Liberobacter asiaticum,病叶生长受抑,Diseased leaves growth is inhibited,存在症状,ManifestAs
9786,葱黄矮病,Liberobacter asiaticum,叶片扭曲变细,The leaves are twisted and thin,存在症状,ManifestAs
9787,葱黄矮病,Liberobacter asiaticum,叶面凹凸不平,Uneven leaf surface,存在症状,ManifestAs
9788,葱黄矮病,Liberobacter asiaticum,叶尖逐渐黄化,Leaf tips gradually turn yellow,存在症状,ManifestAs
9789,葱黄矮病,Liberobacter asiaticum,黄绿色斑驳或黄色长条斑,Yellow-green mottled or yellow long stripes,存在症状,ManifestAs
9790,葱黄矮病,Liberobacter asiaticum,葱管扭曲,Onion tube twist,存在症状,ManifestAs
9791,葱黄矮病,Liberobacter asiaticum,蜡质减少,Wax reduction,存在症状,ManifestAs
9792,葱黄矮病,Liberobacter asiaticum,叶下垂变黄,Leaves droop and turn yellow,存在症状,ManifestAs
9793,葱黄矮病,Liberobacter asiaticum,全株矮化或萎缩,The whole plant is dwarfed or shrunken,存在症状,ManifestAs
9794,葱黄矮病,Liberobacter asiaticum,叶片波状或扁,Leaves wavy or flat,存在症状,ManifestAs
9795,葱黄矮病,Liberobacter asiaticum,现黄绿色花斑或黄色长条斑,Yellow-green spots or yellow long stripes,存在症状,ManifestAs
9796,葱斑潜蝇,Liriomyza chinensis,呈白色圆形斑点或圆形刻点,White round spots or dots,存在症状,ManifestAs
9797,葱斑潜蝇,Liriomyza chinensis,呈细长椭圆形,Long and thin oval,存在症状,ManifestAs
9798,葱斑潜蝇,Liriomyza chinensis,叶片提前枯死,Premature leaf death,存在症状,ManifestAs
9799,葱黄寡毛跳甲,Luperomorpha suturalis,叶片枯黄,Leaves turn yellow,存在症状,ManifestAs
9800,韭菜迟眼蕈蚊,Bradysia odoriphaga,缺苗断垄,Missing seedlings and broken ridges,存在症状,ManifestAs
9801,大白菜霜霉病,Peronospora parasitica,白色霜状的霉层,White frosty mildew,存在症状,ManifestAs
9802,大白菜霜霉病,Peronospora parasitica,幼苗变黄枯死,Seedlings turn yellow and die,存在症状,ManifestAs
9803,大白菜霜霉病,Peronospora parasitica,水浸状淡黄色病斑,Water-soaked pale yellow spots,存在症状,ManifestAs
9804,大白菜霜霉病,Peronospora parasitica,白色霜霉,White downy mildew,存在症状,ManifestAs
9805,大白菜霜霉病,Peronospora parasitica,褪绿变黄的病斑,Chlorotic and yellowing spots,存在症状,ManifestAs
9806,大白菜霜霉病,Peronospora parasitica,黄色至黄褐色,Yellow to brown,存在症状,ManifestAs
9807,大白菜霜霉病,Peronospora parasitica,黄褐色枯斑,Brown spots,存在症状,ManifestAs
9808,大白菜霜霉病,Peronospora parasitica,叶片变黄干枯,Leaves turn yellow and dry,存在症状,ManifestAs
9809,大白菜霜霉病,Peronospora parasitica,花梗肥肿变曲,The pedicels are swollen and curved,存在症状,ManifestAs
9810,大白菜霜霉病,Peronospora parasitica,上生白霉,White mold,存在症状,ManifestAs
9811,大白菜霜霉病,Peronospora parasitica,结实不良,Poor firmness,存在症状,ManifestAs
9812,大白菜白斑病,Cercospora brassicicola,灰褐色细小斑点,Gray-brown tiny spots,存在症状,ManifestAs
9813,大白菜白斑病,Cercospora brassicicola,呈圆形病斑,Circular lesions,存在症状,ManifestAs
9814,大白菜白斑病,Cercospora brassicicola,淡黄绿色晕圈,Light yellow green halo,存在症状,ManifestAs
9815,大白菜白斑病,Cercospora brassicicola,淡淡的灰霉,Light gray mold,存在症状,ManifestAs
9816,大白菜白斑病,Cercospora brassicicola,病斑呈白色半透明薄纸状,"The lesions are white, translucent, and paper-like",存在症状,ManifestAs
9817,大白菜白斑病,Cercospora brassicicola,叶片干枯死亡,Leaves dry up and die,存在症状,ManifestAs
9818,大白菜炭疽病,Colletotrichum orbiculare,苍白色水浸状小斑点,Pale water-soaked spots,存在症状,ManifestAs
9819,大白菜炭疽病,Colletotrichum orbiculare,灰褐色圆斑,Gray-brown round spots,存在症状,ManifestAs
9820,大白菜炭疽病,Colletotrichum orbiculare,病斑边缘褐色稍凸起,The edge of the lesion is slightly raised and brown,存在症状,ManifestAs
9821,大白菜炭疽病,Colletotrichum orbiculare,中央极薄半透明状的灰白色病斑,"A very thin, translucent grayish-white spot in the center",存在症状,ManifestAs
9822,大白菜炭疽病,Colletotrichum orbiculare,褐色长椭圆形,Brown oblong,存在症状,ManifestAs
9823,大白菜炭疽病,Colletotrichum orbiculare,明显凹陷,Obvious depression,存在症状,ManifestAs
9824,大白菜炭疽病,Colletotrichum orbiculare,叶片早枯,Early leaf withering,存在症状,ManifestAs
9825,大白菜炭疽病,Colletotrichum orbiculare,红色黏状物,Red sticky substance,存在症状,ManifestAs
9826,大白菜褐腐病,Sclerotinia sclerotiorum,褐色或黑褐色凹陷斑,Brown or dark brown sunken spots,存在症状,ManifestAs
9827,大白菜褐腐病,Sclerotinia sclerotiorum,褐色或黄褐色蛛网状菌丝,Brown or yellowish brown spider web-like hyphae,存在症状,ManifestAs
9828,大白菜褐腐病,Sclerotinia sclerotiorum,病叶发黄脱落,Diseased leaves turn yellow and fall off,存在症状,ManifestAs
9829,大白菜黑斑病,Alternaria brassicae,斑圆形或近,Spot round or nearly,存在症状,ManifestAs
9830,大白菜黑斑病,Alternaria brassicae,有明显的同心,There is obvious concentricity,存在症状,ManifestAs
9831,大白菜黑斑病,Alternaria brassicae,围有黄色,Surrounded by yellow,存在症状,ManifestAs
9832,大白菜黑斑病,Alternaria brassicae,上生黑色霉,Black mold,存在症状,ManifestAs
9833,大白菜黑斑病,Alternaria brassicae,长棱形,Long Prism,存在症状,ManifestAs
9834,大白菜黑斑病,Alternaria brassicae,暗褐色病斑,Dark brown spots,存在症状,ManifestAs
9835,大白菜黑斑病,Alternaria brassicae,叶柄腐烂,Petiole rot,存在症状,ManifestAs
9836,大白菜黑斑病,Alternaria brassicae,病叶枯黄,Diseased leaves turn yellow,存在症状,ManifestAs
9837,大白菜假黑斑病,Pseudomonas syringae,病斑近圆形,Nearly circular lesions,存在症状,ManifestAs
9838,大白菜假黑斑病,Pseudomonas syringae,浅灰褐色,Light gray brown,存在症状,ManifestAs
9839,大白菜假黑斑病,Pseudomonas syringae,灰黑色霉层,Gray-black mold layer,存在症状,ManifestAs
9840,大白菜假黑斑病,Pseudomonas syringae,叶片干枯,Dry leaves,存在症状,ManifestAs
9841,青花菜白锈病,Albugo candida,乳白色稍隆起的小疱斑,Milky white slightly raised small blisters,存在症状,ManifestAs
9842,青花菜白锈病,Albugo candida,近圆形至不规则形,Nearly round to irregular,存在症状,ManifestAs
9843,青花菜白锈病,Albugo candida,表皮破裂,Epidermal rupture,存在症状,ManifestAs
9844,青花菜白锈病,Albugo candida,白色粉状物,White powder,存在症状,ManifestAs
9845,青花菜白锈病,Albugo candida,黄绿色边缘不明显的不规则斑,Irregular spots with yellow-green edges that are not obvious,存在症状,ManifestAs
9846,青花菜黑胫病,Phoma lingam,白色圆形或椭圆形病斑,White round or oval lesions,存在症状,ManifestAs
9847,青花菜黑胫病,Phoma lingam,茎基溃疡,Stem base canker,存在症状,ManifestAs
9848,青花菜黑胫病,Phoma lingam,黑紫色条状斑,Black purple stripes,存在症状,ManifestAs
9849,青花菜黑胫病,Phoma lingam,不规则至多角形病斑,Irregular to polygonal lesions,存在症状,ManifestAs
9850,青花菜黑胫病,Phoma lingam,中间灰白色,Middle gray,存在症状,ManifestAs
9851,玉米条纹矮缩病,Mastrevirus,节间缩短,Shortened internodes,存在症状,ManifestAs
9852,玉米条纹矮缩病,Mastrevirus,株形矮缩,Dwarfed plant,存在症状,ManifestAs
9853,玉米条纹矮缩病,Mastrevirus,褪绿条纹,Green stripes,存在症状,ManifestAs
9854,玉米条纹矮缩病,Mastrevirus,叶片稍硬,Slightly hard leaves,存在症状,ManifestAs
9855,玉米条纹矮缩病,Mastrevirus,淡黄色条纹,Light yellow stripes,存在症状,ManifestAs
9856,玉米条纹矮缩病,Mastrevirus,灰黄色或土红色坏死斑,Grayish yellow or earthy red necrotic spots,存在症状,ManifestAs
9857,玉米条纹矮缩病,Mastrevirus,褐色坏死斑,Brown necrotic spots,存在症状,ManifestAs
9858,大白菜黑胫病,Phoma lingam,淡褐色病斑,Light brown spots,存在症状,ManifestAs
9859,大白菜黑胫病,Phoma lingam,长形微凹陷的病斑,"Long, slightly depressed lesions",存在症状,ManifestAs
9860,大白菜黑胫病,Phoma lingam,幼苗枯萎死亡,Seedlings wither and die,存在症状,ManifestAs
9861,大白菜黑胫病,Phoma lingam,病斑为长条形,The lesions are long strips,存在症状,ManifestAs
9862,大白菜黑胫病,Phoma lingam,略凹陷,Slightly concave,存在症状,ManifestAs
9863,大白菜黑胫病,Phoma lingam,边缘紫色,Edge purple,存在症状,ManifestAs
9864,大白菜黑胫病,Phoma lingam,中间褐色,Middle brown,存在症状,ManifestAs
9865,大白菜黑胫病,Phoma lingam,侧根腐烂,Lateral root rot,存在症状,ManifestAs
9866,大白菜黑胫病,Phoma lingam,植株枯死,Plant death,存在症状,ManifestAs
9867,大白菜黑胫病,Phoma lingam,圆形病斑,Circular lesions,存在症状,ManifestAs
9868,大白菜黑胫病,Phoma lingam,病斑中央灰白色,The center of the lesion is grayish white,存在症状,ManifestAs
9869,大白菜黑胫病,Phoma lingam,边缘浅褐色,Edge light brown,存在症状,ManifestAs
9870,青花菜黑斑病,Alternaria brassicicola,水渍状小点,Water stains,存在症状,ManifestAs
9871,青花菜黑斑病,Alternaria brassicicola,褐色至黑色小点,Brown to black spots,存在症状,ManifestAs
9872,青花菜黑斑病,Alternaria brassicicola,灰褐色圆形病斑,Gray-brown circular spots,存在症状,ManifestAs
9873,青花菜黑斑病,Alternaria brassicicola,病斑有黑色,The lesions are black,存在症状,ManifestAs
9874,青花菜黑斑病,Alternaria brassicicola,病斑长梭形,Long spindle-shaped lesions,存在症状,ManifestAs
9875,青花菜黑斑病,Alternaria brassicicola,呈暗褐色条状凹陷,Dark brown stripe-shaped depression,存在症状,ManifestAs
9876,青花菜霜霉病,Peronospora parasitica,白色霜状霉,White downy mildew,存在症状,ManifestAs
9877,青花菜霜霉病,Peronospora parasitica,边缘不明显的黄色病斑,Yellow spots with unclear edges,存在症状,ManifestAs
9878,青花菜霜霉病,Peronospora parasitica,呈多角形或,Polygonal or,存在症状,ManifestAs
9879,青花菜霜霉病,Peronospora parasitica,不规则黄褐色至黑褐色的病斑,Irregular yellow-brown to dark brown spots,存在症状,ManifestAs
9880,青花菜霜霉病,Peronospora parasitica,黑褐色斑点,Dark brown spots,存在症状,ManifestAs
9881,青花菜霜霉病,Peronospora parasitica,散生白色霉层,Scattered white mold,存在症状,ManifestAs
9882,青花菜霜霉病,Peronospora parasitica,叶片枯黄脱落,Leaves turn yellow and fall off,存在症状,ManifestAs
9883,青花菜霜霉病,Peronospora parasitica,灰褐色斑点或斑块,Gray-brown spots or patches,存在症状,ManifestAs
9884,青花菜霜霉病,Peronospora parasitica,心髓部水渍状,Water-soaked pith,存在症状,ManifestAs
9885,青花菜霜霉病,Peronospora parasitica,白色霜霉,White downy mildew,存在症状,ManifestAs
9886,青花菜霜霉病,Peronospora parasitica,坏死斑块,Necrotic plaque,存在症状,ManifestAs
9887,青花菜灰霉病,Botrytis cinerea,呈水浸状腐烂,Waterlogged rot,存在症状,ManifestAs
9888,青花菜灰霉病,Botrytis cinerea,灰色霉层,Gray mold layer,存在症状,ManifestAs
9889,青花菜灰霉病,Botrytis cinerea,呈褐色至红褐色,Brown to reddish brown,存在症状,ManifestAs
9890,青花菜灰霉病,Botrytis cinerea,上部茎叶凋萎,Upper stems and leaves wither,存在症状,ManifestAs
9891,青花菜灰霉病,Botrytis cinerea,黑色小菌核,Small black sclerotia,存在症状,ManifestAs
9892,青花菜灰霉病,Botrytis cinerea,水浸状软腐,Water-soaked soft rot,存在症状,ManifestAs
9893,青花菜灰霉病,Botrytis cinerea,近圆形黑色菌核,Nearly round black sclerotium,存在症状,ManifestAs
9894,青花菜软腐病,Pectobacterium carotovorum,白色细菌溢脓,White bacterial pus,存在症状,ManifestAs
9895,青花菜软腐病,Pectobacterium carotovorum,黄褐色粘滑物质,Yellow-brown sticky substance,存在症状,ManifestAs
9896,青花菜软腐病,Pectobacterium carotovorum,暗绿色水渍状斑,Dark green water stains,存在症状,ManifestAs
9897,青花菜软腐病,Pectobacterium carotovorum,不规则形大斑,Irregular large spots,存在症状,ManifestAs
9898,青花菜软腐病,Pectobacterium carotovorum,恶臭气味,Foul odor,存在症状,ManifestAs
9899,玉米矮花叶病,Sorghum mosaic virus,椭圆形褪绿小点,Oval chlorotic spots,存在症状,ManifestAs
9900,玉米矮花叶病,Sorghum mosaic virus,呈虚线状,Dotted,存在症状,ManifestAs
9901,玉米矮花叶病,Sorghum mosaic virus,黄色的条纹,Yellow stripes,存在症状,ManifestAs
9902,玉米矮花叶病,Sorghum mosaic virus,花叶症状,Mosaic symptoms,存在症状,ManifestAs
9903,玉米矮花叶病,Sorghum mosaic virus,略呈圆形的绿斑,Slightly circular green spots,存在症状,ManifestAs
9904,玉米矮花叶病,Sorghum mosaic virus,叶片变黄,Yellowing of leaves,存在症状,ManifestAs
9905,玉米矮花叶病,Sorghum mosaic virus,紫或干枯,Purple or dry,存在症状,ManifestAs
9906,玉米矮花叶病,Sorghum mosaic virus,褪绿斑,Chlorotic spots,存在症状,ManifestAs
9907,玉米矮花叶病,Sorghum mosaic virus,根部不发达或萎缩,Underdeveloped or shrunken roots,存在症状,ManifestAs
9908,玉米粗缩病,Rough dwarf virus,叶片浓绿对生,Dark green leaves opposite,存在症状,ManifestAs
9909,玉米粗缩病,Rough dwarf virus,宽短硬直,"Wide, short, straight",存在症状,ManifestAs
9910,玉米粗缩病,Rough dwarf virus,心叶卷曲变小,The heart leaves curl and become smaller,存在症状,ManifestAs
9911,玉米粗缩病,Rough dwarf virus,蜡白色突起条斑,Waxy white raised streaks,存在症状,ManifestAs
9912,玉米粗缩病,Rough dwarf virus,穗小畸形,Small ear deformity,存在症状,ManifestAs
9913,玉米霜霉病,Peronosclerospora sorghi,黄白色条纹,Yellow and white stripes,存在症状,ManifestAs
9914,玉米霜霉病,Peronosclerospora sorghi,黄褐色条状枯死斑,Yellow-brown stripe dead spots,存在症状,ManifestAs
9915,玉米霜霉病,Peronosclerospora sorghi,白色至黄色条斑,White to yellow streaks,存在症状,ManifestAs
9916,玉米霜霉病,Peronosclerospora sorghi,黄绿相间的条纹,Yellow and green stripes,存在症状,ManifestAs
9917,玉米霜霉病,Peronosclerospora sorghi,叶片枯死,Leaf death,存在症状,ManifestAs
9918,玉米霜霉病,Peronosclerospora sorghi,白色霜状霉层,White frost mildew,存在症状,ManifestAs
9919,玉米眼斑病,Kabatiella zeae,小而透明的圆形至卵形水渍状病斑,"Small, transparent, round to oval, water-soaked lesions",存在症状,ManifestAs
9920,玉米眼斑病,Kabatiella zeae,中央乳白色至茶褐色,Center milky white to brown,存在症状,ManifestAs
9921,玉米眼斑病,Kabatiella zeae,褐色至紫色的环,Brown to purple ring,存在症状,ManifestAs
9922,玉米眼斑病,Kabatiella zeae,黄色晕圈的狭窄带,Narrow band of yellow halo,存在症状,ManifestAs
9923,玉米眼斑病,Kabatiella zeae,带状或片状,Strip or sheet,存在症状,ManifestAs
9924,玉米链格孢菌叶枯病,Alternaria tenuissima,水渍状小圆斑,Small round water-soaked spots,存在症状,ManifestAs
9925,玉米链格孢菌叶枯病,Alternaria tenuissima,椭圆形至近圆形的病斑,Oval to nearly circular lesions,存在症状,ManifestAs
9926,玉米链格孢菌叶枯病,Alternaria tenuissima,中央灰白色,Central off-white,存在症状,ManifestAs
9927,玉米链格孢菌叶枯病,Alternaria tenuissima,边缘红褐色,Reddish brown edge,存在症状,ManifestAs
9928,玉米链格孢菌叶枯病,Alternaria tenuissima,黑色霉层,Black mold layer,存在症状,ManifestAs
9929,玉米链格孢菌叶枯病,Alternaria tenuissima,叶片病斑满布,Leaves covered with spots,存在症状,ManifestAs
9930,玉米链格孢菌叶枯病,Alternaria tenuissima,呈撕裂状干枯坏死,Tearing dry necrosis,存在症状,ManifestAs
9931,玉米斑枯病,Ascochyta maydis,病斑椭圆形,Lesion oval,存在症状,ManifestAs
9932,玉米斑枯病,Ascochyta maydis,红褐色,Reddish brown,存在症状,ManifestAs
9933,玉米斑枯病,Ascochyta maydis,边缘浅褐色的不规则形斑,Irregular spots with light brown edges,存在症状,ManifestAs
9934,玉米斑枯病,Ascochyta maydis,叶片局部枯死,Partial leaf death,存在症状,ManifestAs
9935,玉米炭疽病,Colletotrichum graminicola,病斑梭形至近梭形,Lesions spindle-shaped to nearly spindle-shaped,存在症状,ManifestAs
9936,玉米炭疽病,Colletotrichum graminicola,中央浅褐色,Central light brown,存在症状,ManifestAs
9937,玉米炭疽病,Colletotrichum graminicola,四周深褐色,Dark brown all around,存在症状,ManifestAs
9938,玉米炭疽病,Colletotrichum graminicola,病部生有黑,The diseased part has black spots,存在症状,ManifestAs
9939,玉米炭疽病,Colletotrichum graminicola,融合致叶片,Fusion Blade,存在症状,ManifestAs
9940,玉米叶鞘紫斑病,Cercospora zeae-maydis,绿豆大小的黑褐色斑块,Dark brown spots the size of green beans,存在症状,ManifestAs
9941,玉米叶鞘紫斑病,Cercospora zeae-maydis,不规则或近圆形紫斑,Irregular or nearly circular purple spots,存在症状,ManifestAs
9942,玉米立枯丝核菌根腐病,Rhizoctonia solani,黄褐色云纹状斑,Brown moire pattern,存在症状,ManifestAs
9943,玉米平脐蠕孢茎基腐病,Bipolaris maydis,织呈黄褐色干腐状,The fabric is yellow-brown and dry,存在症状,ManifestAs
9944,玉米假黑粉病,Ustilago maydis,近椭圆形的墨绿色的菌瘤,Nearly oval dark green mycelium,存在症状,ManifestAs
9945,玉米赤霉病,Fusarium verticillioides,粉红色至灰白色菌丝,Pink to grayish white mycelium,存在症状,ManifestAs
9946,玉米赤霉病,Fusarium verticillioides,叶片变黄,Yellowing of leaves,存在症状,ManifestAs
9947,玉米赤霉病,Fusarium verticillioides,茎腐,Stem rot,存在症状,ManifestAs
9948,玉米赤霉病,Fusarium verticillioides,茎秆局部褐色,Partially brown stems,存在症状,ManifestAs
9949,玉米赤霉病,Fusarium verticillioides,髓部变成紫红色,The pith turns purple,存在症状,ManifestAs
9950,玉米赤霉病,Fusarium verticillioides,橙色点状粘分生,Orange dot sticky,存在症状,ManifestAs
9951,玉米种子霉烂,Fusarium verticillioides,茎组织软腐,Soft rot of stem tissue,存在症状,ManifestAs
9952,玉米种子霉烂,Fusarium verticillioides,病部色暗,Dark color of diseased part,存在症状,ManifestAs
9953,玉米种子霉烂,Fusarium verticillioides,侧根呈水浸状,Lateral roots are waterlogged,存在症状,ManifestAs
9954,玉米种子霉烂,Fusarium verticillioides,植株萎蔫或枯死,Plants wilt or die,存在症状,ManifestAs
9955,玉米全蚀病,Gaeumannomyces graminis,栗褐色椭圆形病斑,Chestnut brown oval lesions,存在症状,ManifestAs
9956,玉米全蚀病,Gaeumannomyces graminis,皮层坏死腐烂,Cortical necrosis and decay,存在症状,ManifestAs
9957,玉米全蚀病,Gaeumannomyces graminis,根皮变黑色,Root bark turns black,存在症状,ManifestAs
9958,玉米全蚀病,Gaeumannomyces graminis,发亮条斑,Shiny stripes,存在症状,ManifestAs
9959,玉米全蚀病,Gaeumannomyces graminis,早衰倒伏,Premature senility,存在症状,ManifestAs
9960,玉米全蚀病,Gaeumannomyces graminis,相对苗黄苗弱,Relatively yellow and weak seedlings,存在症状,ManifestAs
9961,玉米黑束病,Phialophora maydis,叶片中脉变红,Red midrib of leaves,存在症状,ManifestAs
9962,玉米黑束病,Phialophora maydis,淡紫色或紫红色不规则条斑,Irregular lavender or purple stripes,存在症状,ManifestAs
9963,玉米黑束病,Phialophora maydis,紫红色或紫褐色,Purple or purple brown,存在症状,ManifestAs
9964,玉米黑束病,Phialophora maydis,黄白色或,Yellowish white or,存在症状,ManifestAs
9965,玉米黑束病,Phialophora maydis,紫褐色干枯,Purple brown dry,存在症状,ManifestAs
9966,玉米黑束病,Phialophora maydis,黑褐色或黑色坏死,Dark brown or black necrosis,存在症状,ManifestAs
9967,玉米黑束病,Phialophora maydis,呈黑褐色坏死,Dark brown necrosis,存在症状,ManifestAs
9968,玉米细菌性条纹病,Xanthomonas vasicola,褐色至暗褐色条斑或叶斑,Brown to dark brown streaks or leaf spots,存在症状,ManifestAs
9969,玉米细菌性条纹病,Xanthomonas vasicola,病斑呈长条状,The lesions are long strips,存在症状,ManifestAs
9970,玉米细菌性条纹病,Xanthomonas vasicola,叶片呈暗褐色,Dark brown leaves,存在症状,ManifestAs
9971,玉米细菌性条纹病,Xanthomonas vasicola,干枯脱落,Dry and fall off,存在症状,ManifestAs
9972,玉米细菌性条纹病,Xanthomonas vasicola,褐色皮状物,Brown leather,存在症状,ManifestAs
9973,玉米细菌性茎腐病,Erwinia chrysanthemi,发生水渍状,Water stains occur,存在症状,ManifestAs
9974,玉米细菌性茎腐病,Erwinia chrysanthemi,化变褐,Browning,存在症状,ManifestAs
9975,玉米细菌性茎腐病,Erwinia chrysanthemi,烂有酸,Rotten and sour,存在症状,ManifestAs
9976,玉米细菌性茎腐病,Erwinia chrysanthemi,味腐烂处,Smell of rot,存在症状,ManifestAs
9977,玉米细菌性茎腐病,Erwinia chrysanthemi,陷茎秆倒折,Stem stalk broken,存在症状,ManifestAs
9978,玉米细菌性茎腐病,Erwinia chrysanthemi,病斑形状不规则,Irregular lesion shape,存在症状,ManifestAs
9979,玉米细菌性茎腐病,Erwinia chrysanthemi,边缘红褐色,Reddish brown edge,存在症状,ManifestAs
9980,玉米细菌性茎腐病,Erwinia chrysanthemi,呈水渍状,Water-stained,存在症状,ManifestAs
9981,玉米细菌性茎腐病,Erwinia chrysanthemi,植株腐烂而倒折,Plants rot and fall over,存在症状,ManifestAs
9982,玉米细菌萎蔫病,Erwinia stewartii,灰绿色至黄色线状条斑,Gray green to yellow linear stripes,存在症状,ManifestAs
9983,玉米细菌萎蔫病,Erwinia stewartii,不规则形或波浪形的边缘,Irregular or wavy edges,存在症状,ManifestAs
9984,玉米细菌萎蔫病,Erwinia stewartii,黄色细菌脓液,Yellow bacterial pus,存在症状,ManifestAs
9985,玉米细菌萎蔫病,Erwinia stewartii,雄花过早变白死亡,Male flowers turn white and die prematurely,存在症状,ManifestAs
9986,小穗螟,Schoenobius militaris,籽粒破碎,Kernel crushing,存在症状,ManifestAs
9987,稻瘟病,Magnaporthe oryzae,苗基部灰黑色,Seedling base gray-black,存在症状,ManifestAs
9988,稻瘟病,Magnaporthe oryzae,秧苗上部黄褐色,Yellow-brown upper part of seedlings,存在症状,ManifestAs
9989,稻瘟病,Magnaporthe oryzae,叶片卷缩,Leaf curling,存在症状,ManifestAs
9990,稻瘟病,Magnaporthe oryzae,植株枯死,Plant death,存在症状,ManifestAs
9991,稻瘟病,Magnaporthe oryzae,褐色坏死线,Brown necrotic line,存在症状,ManifestAs
9992,稻瘟病,Magnaporthe oryzae,边缘褐色,Edge brown,存在症状,ManifestAs
9993,稻瘟病,Magnaporthe oryzae,中间灰白色,Middle gray,存在症状,ManifestAs
9994,稻瘟病,Magnaporthe oryzae,黄色晕圈,Yellow halo,存在症状,ManifestAs
9995,稻瘟病,Magnaporthe oryzae,灰绿色霉层,Gray green mold layer,存在症状,ManifestAs
9996,稻瘟病,Magnaporthe oryzae,暗绿色近圆至椭圆形的病斑,"Dark green, nearly circular to oval lesions",存在症状,ManifestAs
9997,稻瘟病,Magnaporthe oryzae,灰色霉层,Gray mold layer,存在症状,ManifestAs
9998,稻瘟病,Magnaporthe oryzae,呈褐色小点,Small brown spots,存在症状,ManifestAs
9999,稻瘟病,Magnaporthe oryzae,呈圆形白色小点,Small round white spots,存在症状,ManifestAs
10000,稻瘟病,Magnaporthe oryzae,黑褐色小斑点,Dark brown spots,存在症状,ManifestAs
10001,水稻恶苗病,Fusarium moniliforme,叶鞘拉长,Leaf sheath elongated,存在症状,ManifestAs
10002,水稻恶苗病,Fusarium moniliforme,叶片狭窄,Narrow leaves,存在症状,ManifestAs
10003,水稻恶苗病,Fusarium moniliforme,倒生根,Backward root,存在症状,ManifestAs
10004,水稻恶苗病,Fusarium moniliforme,叶鞘变褐,Leaf sheath turns brown,存在症状,ManifestAs
10005,水稻恶苗病,Fusarium moniliforme,根系发黑,Black roots,存在症状,ManifestAs
10006,水稻恶苗病,Fusarium moniliforme,茎秆变软,Soft stems,存在症状,ManifestAs
10007,水稻恶苗病,Fusarium moniliforme,白色至粉白色霉层,White to pinkish white mold,存在症状,ManifestAs
10008,水稻烂秧,Pythium aphanidermatum,心叶突然萎蔫,Heart leaves suddenly wilt,存在症状,ManifestAs
10009,水稻烂秧,Pythium aphanidermatum,卷成筒状,Roll into a tube,存在症状,ManifestAs
10010,水稻烂秧,Pythium aphanidermatum,失水萎蔫卷筒,Water loss and wilting reel,存在症状,ManifestAs
10011,水稻烂秧,Pythium aphanidermatum,全株呈污绿色而枯死,The whole plant turns dirty green and dies,存在症状,ManifestAs
10012,水稻烂秧,Pythium aphanidermatum,根系呈暗色,Dark roots,存在症状,ManifestAs
10013,水稻烂秧,Pythium aphanidermatum,根毛稀少,Few root hairs,存在症状,ManifestAs
10014,水稻烂秧,Pythium aphanidermatum,基部变褐软化,The base turns brown and softens,存在症状,ManifestAs
10015,水稻烂秧,Pythium aphanidermatum,全株呈黄褐色枯死,The whole plant turns yellow-brown and dies,存在症状,ManifestAs
10016,水稻苗疫病,Pythium aphanidermatum,黄白色小圆斑,Yellowish white small round spots,存在症状,ManifestAs
10017,水稻苗疫病,Pythium aphanidermatum,不规则水渍状条斑,Irregular water-stained streaks,存在症状,ManifestAs
10018,水稻苗疫病,Pythium aphanidermatum,灰绿色,Gray Green,存在症状,ManifestAs
10019,水稻苗疫病,Pythium aphanidermatum,叶片纵卷或折倒,Leaves curled or folded vertically,存在症状,ManifestAs
10020,水稻苗疫病,Pythium aphanidermatum,稀疏的白色霉层,Sparse white mold,存在症状,ManifestAs
10021,水稻苗疫病,Pythium aphanidermatum,病斑变褐,The lesions turn brown,存在症状,ManifestAs
10022,水稻苗疫病,Pythium aphanidermatum,中央灰褐色,Central Taupe,存在症状,ManifestAs
10023,水稻叶黑粉病,Entyloma oryzae,黑色短条状病斑,Black short streak lesions,存在症状,ManifestAs
10024,水稻叶黑粉病,Entyloma oryzae,线条状病斑密布,Line-shaped spots,存在症状,ManifestAs
10025,水稻叶黑粉病,Entyloma oryzae,叶片提早枯黄,Leaves turn yellow early,存在症状,ManifestAs
10026,水稻叶黑粉病,Entyloma oryzae,叶尖破裂成丝状,Leaf tips broken into filaments,存在症状,ManifestAs
10027,水稻云形病,Gerlachia oryzae,水渍状小斑,Small water-soaked spots,存在症状,ManifestAs
10028,水稻云形病,Gerlachia oryzae,呈污褐色湿润状,Dirty brown wet,存在症状,ManifestAs
10029,水稻云形病,Gerlachia oryzae,病部呈黄褐色至灰褐色,The diseased part is yellowish brown to grayish brown,存在症状,ManifestAs
10030,水稻云形病,Gerlachia oryzae,波纹状褐色线条,Wavy brown lines,存在症状,ManifestAs
10031,水稻云形病,Gerlachia oryzae,见针头状突起的小黑点,See needle-like black spots,存在症状,ManifestAs
10032,水稻云形病,Gerlachia oryzae,病斑暗褐或紫褐色,Lesions dark brown or purple brown,存在症状,ManifestAs
10033,水稻菌核秆腐病,Sclerotium rolfsii,灰白色菌丝,Grayish white mycelium,存在症状,ManifestAs
10034,水稻菌核秆腐病,Sclerotium rolfsii,黑褐色小菌核,Dark brown small sclerotia,存在症状,ManifestAs
10035,水稻菌核秆腐病,Sclerotium rolfsii,褐色小斑,Small brown spots,存在症状,ManifestAs
10036,水稻菌核秆腐病,Sclerotium rolfsii,黑色纵向坏死线,Black longitudinal necrotic line,存在症状,ManifestAs
10037,水稻菌核秆腐病,Sclerotium rolfsii,稀薄浅灰色霉层,Thin light gray mold layer,存在症状,ManifestAs
10038,水稻菌核秆腐病,Sclerotium rolfsii,茎基成段变黑软腐,The stem base turns black and soft rot,存在症状,ManifestAs
10039,水稻菌核秆腐病,Sclerotium rolfsii,病部呈灰白色,The diseased part is grayish white,存在症状,ManifestAs
10040,水稻黄萎病,Fusarium oxysporum,叶鞘呈黄化状,Yellowing of leaf sheaths,存在症状,ManifestAs
10041,水稻黄萎病,Fusarium oxysporum,病节呈嫩黄色,The diseased nodes are light yellow,存在症状,ManifestAs
10042,水稻黄萎病,Fusarium oxysporum,心叶发黄,Yellowing of heart leaves,存在症状,ManifestAs
10043,水稻黄萎病,Fusarium oxysporum,叶鞘黄化,Leaf sheath yellowing,存在症状,ManifestAs
10044,水稻黄萎病,Fusarium oxysporum,全株褪色变黄,The whole plant fades and turns yellow,存在症状,ManifestAs
10045,水稻黄萎病,Fusarium oxysporum,分蘖黄化矮缩,Tillering Yellowing Dwarfing,存在症状,ManifestAs
10046,水稻矮缩病,Rice dwarf virus,叶片僵直,Leaf stiffness,存在症状,ManifestAs
10047,水稻矮缩病,Rice dwarf virus,叶色浓绿,Dark green leaves,存在症状,ManifestAs
10048,水稻矮缩病,Rice dwarf virus,虚线状黄白色条斑,Dashed yellow-white stripes,存在症状,ManifestAs
10049,水稻矮缩病,Rice dwarf virus,色泽淡黄,Light yellow color,存在症状,ManifestAs
10050,水稻矮缩病,Rice dwarf virus,波状缺刻,Wave notch,存在症状,ManifestAs
10051,水稻矮缩病,Rice dwarf virus,白色条斑,White streaks,存在症状,ManifestAs
10052,水稻矮缩病,Rice dwarf virus,半包颈,Half neck,存在症状,ManifestAs
10053,水稻纹枯病,Rhizoctonia solani,暗绿色水渍状小斑点,Dark green water-stained spots,存在症状,ManifestAs
10054,水稻纹枯病,Rhizoctonia solani,似云纹状,Cloud-like,存在症状,ManifestAs
10055,水稻纹枯病,Rhizoctonia solani,病斑边缘暗绿色,Dark green edge of lesion,存在症状,ManifestAs
10056,水稻纹枯病,Rhizoctonia solani,中央灰绿色,Central gray green,存在症状,ManifestAs
10057,水稻纹枯病,Rhizoctonia solani,病斑边缘褐色,Brown edge of lesion,存在症状,ManifestAs
10058,水稻纹枯病,Rhizoctonia solani,中央草黄色至灰白色,Central straw yellow to off-white,存在症状,ManifestAs
10059,水稻纹枯病,Rhizoctonia solani,植株倒伏,Plant lodging,存在症状,ManifestAs
10060,水稻纹枯病,Rhizoctonia solani,呈污绿色枯死,Dirty green dead,存在症状,ManifestAs
10061,水稻纹枯病,Rhizoctonia solani,白色蛛丝状的菌丝,White spider-like mycelium,存在症状,ManifestAs
10062,水稻纹枯病,Rhizoctonia solani,扁球形或不规则形的菌核,Sclerotia are flat or irregular in shape,存在症状,ManifestAs
10063,水稻胡麻斑病,Bipolaris oryzae,芝麻粒大小的病斑,Sesame-sized lesions,存在症状,ManifestAs
10064,水稻胡麻斑病,Bipolaris oryzae,中央褐色至灰白色,Central brown to off-white,存在症状,ManifestAs
10065,水稻胡麻斑病,Bipolaris oryzae,边缘褐色,Edge brown,存在症状,ManifestAs
10066,水稻胡麻斑病,Bipolaris oryzae,深浅不同的黄晕,Different shades of yellow,存在症状,ManifestAs
10067,水稻胡麻斑病,Bipolaris oryzae,不规则的大病斑,Large irregular lesions,存在症状,ManifestAs
10068,水稻胡麻斑病,Bipolaris oryzae,秧苗枯死,Seedlings die,存在症状,ManifestAs
10069,水稻胡麻斑病,Bipolaris oryzae,初生褐色小点,Newborn brown spots,存在症状,ManifestAs
10070,水稻胡麻斑病,Bipolaris oryzae,椭圆斑,Oval spot,存在症状,ManifestAs
10071,水稻胡麻斑病,Bipolaris oryzae,病斑中央褐色至灰白,The center of the lesion is brown to grayish white,存在症状,ManifestAs
10072,水稻胡麻斑病,Bipolaris oryzae,深浅不同的黄色晕圈,Yellow halos of varying shades,存在症状,ManifestAs
10073,水稻胡麻斑病,Bipolaris oryzae,不规则大斑,Irregular large spots,存在症状,ManifestAs
10074,水稻胡麻斑病,Bipolaris oryzae,病部呈暗褐色,The diseased part is dark brown,存在症状,ManifestAs
10075,水稻胡麻斑病,Bipolaris oryzae,病斑灰黑色,Grayish black spots,存在症状,ManifestAs
10076,水稻胡麻斑病,Bipolaris oryzae,绒状的黑色霉层,Velvety black mold,存在症状,ManifestAs
10077,水稻东格鲁病毒病,Rice tungro spherical virus,叶片变色,Leaf discoloration,存在症状,ManifestAs
10078,水稻东格鲁病毒病,Rice tungro spherical virus,植株矮缩,Plant dwarfing,存在症状,ManifestAs
10079,水稻倒伏,Magnaporthe oryzae,叶片迅速枯黄腐烂,The leaves quickly turn yellow and rot,存在症状,ManifestAs
10080,稻螟蛉,Chilo suppressalis,吃成缺刻,Eat into a notch,存在症状,ManifestAs
10081,稻瘿蚊,Orseolia oryzae,淡绿色而中空的葱管,Light green hollow onion tube,存在症状,ManifestAs
10082,水稻霜霉病,Sclerospora graminicola,病株萎缩,Diseased plants shrink,存在症状,ManifestAs
10083,水稻霜霉病,Sclerospora graminicola,叶片淡绿,Light green leaves,存在症状,ManifestAs
10084,水稻霜霉病,Sclerospora graminicola,呈斑纹花叶状,Mottled leaf shape,存在症状,ManifestAs
10085,水稻霜霉病,Sclerospora graminicola,斑点黄白色,Spotted yellowish white,存在症状,ManifestAs
10086,水稻霜霉病,Sclerospora graminicola,圆形或椭圆形,Round or oval,存在症状,ManifestAs
10087,水稻霜霉病,Sclerospora graminicola,排列不规则,Irregular arrangement,存在症状,ManifestAs
10088,水稻霜霉病,Sclerospora graminicola,植株矮化,Plant dwarfing,存在症状,ManifestAs
10089,水稻霜霉病,Sclerospora graminicola,生长停滞,Growth arrest,存在症状,ManifestAs
10090,水稻霜霉病,Sclerospora graminicola,全株黄化,Yellowing of the whole plant,存在症状,ManifestAs
10091,水稻霜霉病,Sclerospora graminicola,呈黄色曲卷,Yellow curly,存在症状,ManifestAs
10092,水稻霜霉病,Sclerospora graminicola,成卷曲状,Curly,存在症状,ManifestAs
10093,水稻霜霉病,Sclerospora graminicola,扭曲畸形,Distortion,存在症状,ManifestAs
10094,水稻霜霉病,Sclerospora graminicola,叶片短宽而肥厚,"Short, wide and thick leaves",存在症状,ManifestAs
10095,水稻叶鞘腐败病,Sclerotium oryzae,褐色病斑,Brown spots,存在症状,ManifestAs
10096,水稻叶鞘腐败病,Sclerotium oryzae,边缘不明显,The edge is not obvious,存在症状,ManifestAs
10097,水稻叶鞘腐败病,Sclerotium oryzae,暗褐色小斑,Dark brown spots,存在症状,ManifestAs
10098,水稻叶鞘腐败病,Sclerotium oryzae,边缘模糊,Blurred Edges,存在症状,ManifestAs
10099,水稻叶鞘腐败病,Sclerotium oryzae,云纹状病斑,Moire-like lesions,存在症状,ManifestAs
10100,水稻叶鞘腐败病,Sclerotium oryzae,呈包颈的半抽穗状,Half-earing with a neck,存在症状,ManifestAs
10101,水稻叶鞘网斑病,Cylindrocladium scoparium,现湿润状黑色小病,Moist black spots,存在症状,ManifestAs
10102,水稻叶鞘网斑病,Cylindrocladium scoparium,其上布满褐色至黑,Brown to black,存在症状,ManifestAs
10103,水稻叶鞘网斑病,Cylindrocladium scoparium,鞘内常有灰白色颗粒状石灰,There is often grayish white granular lime in the sheath,存在症状,ManifestAs
10104,水稻叶鞘网斑病,Cylindrocladium scoparium,叶尖先黄,Leaf tips turn yellow first,存在症状,ManifestAs
10105,水稻叶鞘网斑病,Cylindrocladium scoparium,有白色菌,White fungus,存在症状,ManifestAs
10106,水稻叶鞘网斑病,Cylindrocladium scoparium,及石灰质颗粒状小菌,Calcareous granular bacteria,存在症状,ManifestAs
10107,水稻紫鞘病,Periconia byssoides,针状紫褐色斑点,Needle-shaped purple-brown spots,存在症状,ManifestAs
10108,水稻紫鞘病,Periconia byssoides,呈不规则状,Irregular,存在症状,ManifestAs
10109,水稻紫鞘病,Periconia byssoides,叶片枯焦内卷,Leaves dry and curled,存在症状,ManifestAs
10110,水稻紫鞘病,Periconia byssoides,暗绿色水渍状,Dark green water stain,存在症状,ManifestAs
10111,水稻紫鞘病,Periconia byssoides,边缘不规则,Irregular edges,存在症状,ManifestAs
10112,水稻紫鞘病,Periconia byssoides,变黄早衰,Yellowing and premature aging,存在症状,ManifestAs
10113,水稻紫鞘病,Periconia byssoides,紫褐色病斑,Purple-brown spots,存在症状,ManifestAs
10114,水稻窄条斑病,Xanthomonas oryzae,褐色小点,Brown dots,存在症状,ManifestAs
10115,水稻窄条斑病,Xanthomonas oryzae,两端稍尖的短线状条斑,Short linear stripes with slightly pointed ends,存在症状,ManifestAs
10116,水稻窄条斑病,Xanthomonas oryzae,紫褐色至黑褐色,Purple brown to dark brown,存在症状,ManifestAs
10117,水稻窄条斑病,Xanthomonas oryzae,边缘褐色,Edge brown,存在症状,ManifestAs
10118,水稻窄条斑病,Xanthomonas oryzae,紫褐色斑块,Purple-brown patches,存在症状,ManifestAs
10119,水稻窄条斑病,Xanthomonas oryzae,呈狭长条状,Narrow strip,存在症状,ManifestAs
10120,水稻窄条斑病,Xanthomonas oryzae,暗色至褐色小点,Dark to brown spots,存在症状,ManifestAs
10121,水稻窄条斑病,Xanthomonas oryzae,略显紫色,Slightly purple,存在症状,ManifestAs
10122,水稻窄条斑病,Xanthomonas oryzae,穗颈枯死,Ear neck dieback,存在症状,ManifestAs
10123,水稻窄条斑病,Xanthomonas oryzae,呈褐色小条斑,Small brown spots,存在症状,ManifestAs
10124,水稻叶尖枯病,Bipolaris oryzae,墨绿色病斑,Dark green spots,存在症状,ManifestAs
10125,水稻叶尖枯病,Bipolaris oryzae,灰褐色条斑,Gray brown stripes,存在症状,ManifestAs
10126,水稻叶尖枯病,Bipolaris oryzae,褐色条纹,Brown streaks,存在症状,ManifestAs
10127,水稻叶尖枯病,Bipolaris oryzae,边缘深褐色斑点,Dark brown spots on the edges,存在症状,ManifestAs
10128,水稻叶尖枯病,Bipolaris oryzae,病斑中央变灰褐色,The center of the lesion turns gray-brown,存在症状,ManifestAs
10129,水稻叶尖枯病,Bipolaris oryzae,常有断续失绿的黄色斑块,Often with intermittent yellow patches of chlorosis,存在症状,ManifestAs
10130,水稻叶尖枯病,Bipolaris oryzae,深褐色分,Dark brown,存在症状,ManifestAs
10131,稻曲病,Ustilaginoidea virens,淡黄绿色块状的孢子座,Pale yellow-green blocky spores,存在症状,ManifestAs
10132,稻曲病,Ustilaginoidea virens,墨绿色或橄榄色,Dark green or olive,存在症状,ManifestAs
10133,稻曲病,Ustilaginoidea virens,墨绿色粉末状的厚垣孢子,Dark green powdery thick-walled spores,存在症状,ManifestAs
10134,稻粒黑粉病,Tilletia barclayana,黑色粒状物,Black granular matter,存在症状,ManifestAs
10135,稻粒黑粉病,Tilletia barclayana,红色或白色舌状物,Red or white tongue,存在症状,ManifestAs
10136,稻粒黑粉病,Tilletia barclayana,谷粒变暗绿色,Grains turn dark green,存在症状,ManifestAs
10137,水稻一柱香病,Ephelis oryzae,病穗直立圆柱状,Diseased ear upright cylindrical,存在症状,ManifestAs
10138,水稻白叶枯病,Xanthomonas oryzae,黄绿色或暗绿色斑点,Yellow-green or dark green spots,存在症状,ManifestAs
10139,水稻白叶枯病,Xanthomonas oryzae,呈波纹状,Corrugated,存在症状,ManifestAs
10140,水稻白叶枯病,Xanthomonas oryzae,病斑黄色,Yellow lesions,存在症状,ManifestAs
10141,水稻白叶枯病,Xanthomonas oryzae,蜜黄色珠状菌脓,Honey yellow pearly pus,存在症状,ManifestAs
10142,水稻白叶枯病,Xanthomonas oryzae,全叶呈青灰色或灰绿色,The whole leaf is blue-gray or gray-green,存在症状,ManifestAs
10143,水稻白叶枯病,Xanthomonas oryzae,呈开水烫伤状,Scald caused by boiling water,存在症状,ManifestAs
10144,水稻白叶枯病,Xanthomonas oryzae,黄色菌液溢出,Yellow bacterial liquid overflow,存在症状,ManifestAs
10145,水稻白叶枯病,Xanthomonas oryzae,珠状黄色菌脓,Pearly yellow pus,存在症状,ManifestAs
10146,水稻细菌性条斑病,Xanthomonas oryzae,暗绿色水渍状半透明小斑点,Dark green water-like translucent spots,存在症状,ManifestAs
10147,水稻细菌性条斑病,Xanthomonas oryzae,暗绿色至黄褐色纤细条斑,Dark green to yellowish brown fine stripes,存在症状,ManifestAs
10148,水稻细菌性条斑病,Xanthomonas oryzae,5mm呈油渍状,5mm oily,存在症状,ManifestAs
10149,水稻细菌性条斑病,Xanthomonas oryzae,露珠状深蜜黄色菌脓,Dewdrop-shaped dark honey yellow bacterial pus,存在症状,ManifestAs
10150,水稻细菌性条斑病,Xanthomonas oryzae,不规则的黄褐色至枯白色斑块,Irregular yellow-brown to pale white patches,存在症状,ManifestAs
10151,水稻细菌性条斑病,Xanthomonas oryzae,半透明的小条斑,Translucent small stripes,存在症状,ManifestAs
10152,水稻细菌性条斑病,Xanthomonas oryzae,叶片卷曲,Leaf curling,存在症状,ManifestAs
10153,水稻细菌性条斑病,Xanthomonas oryzae,稻株矮缩,Rice stunting,存在症状,ManifestAs
10154,水稻细菌性褐条病,Xanthomonas oryzae,现褐色小,Small brown,存在症状,ManifestAs
10155,水稻细菌性褐条病,Xanthomonas oryzae,展呈紫褐色长条,Purple-brown strips,存在症状,ManifestAs
10156,水稻细菌性褐条病,Xanthomonas oryzae,病苗枯萎,Diseased seedlings wither,存在症状,ManifestAs
10157,水稻细菌性褐条病,Xanthomonas oryzae,病叶脱落,Diseased leaves fall off,存在症状,ManifestAs
10158,水稻细菌性褐条病,Xanthomonas oryzae,植株矮小,Short plant,存在症状,ManifestAs
10159,水稻细菌性褐条病,Xanthomonas oryzae,初水浸状黄白,Initial water soaking yellowish white,存在症状,ManifestAs
10160,水稻细菌性褐条病,Xanthomonas oryzae,成黄褐至深褐色的长条,Yellowish brown to dark brown strips,存在症状,ManifestAs
10161,水稻细菌性褐条病,Xanthomonas oryzae,后全叶卷曲枯死,The whole leaves curl and die,存在症状,ManifestAs
10162,水稻细菌性褐条病,Xanthomonas oryzae, 呈不规则斑, Irregular spots,存在症状,ManifestAs
10163,水稻细菌性褐条病,Xanthomonas oryzae,乳白至淡黄色菌液溢出,Milky white to light yellow bacterial liquid overflows,存在症状,ManifestAs
10164,水稻细菌性褐条病,Xanthomonas oryzae,小穗梗淡褐,Spikelet stalk light brown,存在症状,ManifestAs
10165,水稻细菌性褐条病,Xanthomonas oryzae,弯曲畸,Curvature,存在症状,ManifestAs
10166,水稻细菌性褐条病,Xanthomonas oryzae,谷粒变褐不实,Grains turn brown and become unripe,存在症状,ManifestAs
10167,水稻细菌性褐斑病,Xanthomonas oryzae,褐色水渍状小斑点,Small brown water stains,存在症状,ManifestAs
10168,水稻细菌性褐斑病,Xanthomonas oryzae,长椭圆形或不规则形条斑,Long oval or irregular stripes,存在症状,ManifestAs
10169,水稻细菌性褐斑病,Xanthomonas oryzae,赤褐色,Auburn,存在症状,ManifestAs
10170,水稻细菌性褐斑病,Xanthomonas oryzae,缘有水渍状黄色,Yellow water stains on the edge,存在症状,ManifestAs
10171,水稻细菌性褐斑病,Xanthomonas oryzae,斑的中心变灰,The center of the spot turns gray,存在症状,ManifestAs
10172,水稻细菌性褐斑病,Xanthomonas oryzae,大条斑,Large stripe,存在症状,ManifestAs
10173,水稻细菌性褐斑病,Xanthomonas oryzae,赤色短条状病斑,Red short stripe lesions,存在症状,ManifestAs
10174,水稻细菌性褐斑病,Xanthomonas oryzae,不规则形大斑,Irregular large spots,存在症状,ManifestAs
10175,水稻细菌性褐斑病,Xanthomonas oryzae,黑褐色条斑,Dark brown stripes,存在症状,ManifestAs
10176,水稻细菌性褐斑病,Xanthomonas oryzae,近圆形褐色小斑点,"Small, nearly circular brown spots",存在症状,ManifestAs
10177,水稻细菌性褐斑病,Xanthomonas oryzae,颖壳变褐色,Husk turns brown,存在症状,ManifestAs
10178,水稻橙叶病,Rice orange leaf disease,叶尖先现黄化,The leaf tips turn yellow first,存在症状,ManifestAs
10179,水稻橙叶病,Rice orange leaf disease,全叶变橙黄色,The whole leaves turn orange-yellow,存在症状,ManifestAs
10180,水稻橙叶病,Rice orange leaf disease,植株矮小,Short plant,存在症状,ManifestAs
10181,水稻橙叶病,Rice orange leaf disease,叶片短窄,Short and narrow leaves,存在症状,ManifestAs
10182,水稻橙叶病,Rice orange leaf disease,抽穗迟,Heading delay,存在症状,ManifestAs
10183,水稻橙叶病,Rice orange leaf disease,穗小扭曲,Spike small twist,存在症状,ManifestAs
10184,水稻茎线虫病,Ditylenchus angustus,白色条纹,White Stripes,存在症状,ManifestAs
10185,水稻茎线虫病,Ditylenchus angustus,浅绿色斑点,Light green spots,存在症状,ManifestAs
10186,水稻茎线虫病,Ditylenchus angustus,叶缘卷缩,Leaf margin curling,存在症状,ManifestAs
10187,水稻茎线虫病,Ditylenchus angustus,叶尖弯曲,Bent tip,存在症状,ManifestAs
10188,水稻茎线虫病,Ditylenchus angustus,叶片扭曲或呈畸形,Twisted or misshapen leaves,存在症状,ManifestAs
10189,台湾稻螟,Chilo suppressalis,略呈方形,Slightly square,存在症状,ManifestAs
10190,台湾稻螟,Chilo suppressalis,强烈臭味,Strong odor,存在症状,ManifestAs
10191,水稻细菌性基腐病,Erwinia chrysanthemi,生水浸状椭圆形,Raw water-soaked oval,存在症状,ManifestAs
10192,水稻细菌性基腐病,Erwinia chrysanthemi,为边缘褐,Edge brown,存在症状,ManifestAs
10193,水稻细菌性基腐病,Erwinia chrysanthemi,见根节部变黑,See the root nodes turn black,存在症状,ManifestAs
10194,水稻细菌性基腐病,Erwinia chrysanthemi,见深褐色纵,See dark brown,存在症状,ManifestAs
10195,水稻细菌性基腐病,Erwinia chrysanthemi,根节腐,Root rot,存在症状,ManifestAs
10196,水稻细菌性基腐病,Erwinia chrysanthemi, 叶片自下而上变, Leaves change from bottom to top,存在症状,ManifestAs
10197,水稻细菌性基腐病,Erwinia chrysanthemi,面叶鞘边缘褐,Leaf sheath margin brown,存在症状,ManifestAs
10198,水稻细菌性基腐病,Erwinia chrysanthemi,中间灰色长条形,Middle gray strip,存在症状,ManifestAs
10199,水稻细菌性基腐病,Erwinia chrysanthemi,褐色或深褐色腐烂,Brown or dark brown rot,存在症状,ManifestAs
10200,水稻颖枯病,Phoma glumarum,褐色椭圆形小斑,Brown oval spots,存在症状,ManifestAs
10201,水稻颖枯病,Phoma glumarum,病斑边缘深褐色,Dark brown edge of lesion,存在症状,ManifestAs
10202,水稻条纹叶枯病,Rhopalosiphum padi,断续的黄绿色或黄白色短条斑,Intermittent yellow-green or yellow-white short stripes,存在症状,ManifestAs
10203,水稻条纹叶枯病,Rhopalosiphum padi,褪绿短条斑,Chlorotic short streaks,存在症状,ManifestAs
10204,水稻条纹叶枯病,Rhopalosiphum padi,“假枯心”,"""Fake Withered Heart""",存在症状,ManifestAs
10205,水稻条纹叶枯病,Rhopalosiphum padi,畸形不实,Deformed,存在症状,ManifestAs
10206,水稻条纹叶枯病,Rhopalosiphum padi,“假白穗”,"""False White Spike""",存在症状,ManifestAs
10207,水稻黑条矮缩病,Rice black-streaked dwarf virus,根系发育不良,Poor root development,存在症状,ManifestAs
10208,水稻黑条矮缩病,Rice black-streaked dwarf virus,须根少而短粗,"Few, short and thick fibrous roots",存在症状,ManifestAs
10209,水稻黑条矮缩病,Rice black-streaked dwarf virus,呈黄褐色,Yellowish brown,存在症状,ManifestAs
10210,水稻黑条矮缩病,Rice black-streaked dwarf virus,根毛稀少,Few root hairs,存在症状,ManifestAs
10211,水稻黑条矮缩病,Rice black-streaked dwarf virus,部老叶呈褐色条斑枯,The old leaves are brown and streaky,存在症状,ManifestAs
10212,水稻黑条矮缩病,Rice black-streaked dwarf virus,叶边缘有缺,Leaf margins missing,存在症状,ManifestAs
10213,水稻黑条矮缩病,Rice black-streaked dwarf virus,片叶脉有少量弯,The leaf veins have a few bends,存在症状,ManifestAs
10214,水稻黑条矮缩病,Rice black-streaked dwarf virus,叶枕重叠或错位,Occipital overlap or misalignment,存在症状,ManifestAs
10215,水稻黑条矮缩病,Rice black-streaked dwarf virus,叶脉弯曲,Leaf veins are bent,存在症状,ManifestAs
10216,水稻黑条矮缩病,Rice black-streaked dwarf virus,黑褐色短条,Dark brown short strips,存在症状,ManifestAs
10217,水稻黑条矮缩病,Rice black-streaked dwarf virus,剑叶较短,Short sword leaves,存在症状,ManifestAs
10218,水稻黑条矮缩病,Rice black-streaked dwarf virus,穗颈缩,Ear necking,存在症状,ManifestAs
10219,水稻黑条矮缩病,Rice black-streaked dwarf virus,包颈或半包,Neck or half neck,存在症状,ManifestAs
10220,水稻黑条矮缩病,Rice black-streaked dwarf virus,老叶呈褐条后枯死,Old leaves turn brown and then die,存在症状,ManifestAs
10221,水稻黑条矮缩病,Rice black-streaked dwarf virus,“蜂窝”状矮化,"""Honeycomb"" dwarfing",存在症状,ManifestAs
10222,水稻黑条矮缩病,Rice black-streaked dwarf virus,叶片普遍褪绿,Leaves generally turn green,存在症状,ManifestAs
10223,水稻黑条矮缩病,Rice black-streaked dwarf virus,叶片呈均匀的淡绿或淡黄色,Leaves are evenly light green or light yellow,存在症状,ManifestAs
10224,水稻干尖线虫病,Aphelenchoides besseyi,缩枯死呈黄白色,Shrink and die yellowish white,存在症状,ManifestAs
10225,水稻干尖线虫病,Aphelenchoides besseyi,褐色并扭曲,Brown and twisted,存在症状,ManifestAs
10226,水稻干尖线虫病,Aphelenchoides besseyi,变成黄褐色半,Turns to yellowish brown,存在症状,ManifestAs
10227,水稻干尖线虫病,Aphelenchoides besseyi,以后干枯卷曲呈捻纸状,"After drying, it curls and becomes like twisted paper.",存在症状,ManifestAs
10228,水稻干尖线虫病,Aphelenchoides besseyi,呈半透明水渍状,Translucent water stain,存在症状,ManifestAs
10229,水稻干尖线虫病,Aphelenchoides besseyi,生长衰弱,Growth failure,存在症状,ManifestAs
10230,水稻干尖线虫病,Aphelenchoides besseyi,黑褐色小点,Dark brown dots,存在症状,ManifestAs
10231,水稻根结线虫病,Meloidogyne graminicola,色淡黄,Light yellow,存在症状,ManifestAs
10232,水稻根结线虫病,Meloidogyne graminicola,穗或穗节,Spike or spike festival,存在症状,ManifestAs
10233,水稻根结线虫病,Meloidogyne graminicola,叶色变淡,Leaf color fades,存在症状,ManifestAs
10234,水稻根结线虫病,Meloidogyne graminicola,叶片均匀发黄,Even yellowing of leaves,存在症状,ManifestAs
10235,水稻根结线虫病,Meloidogyne graminicola,茎秆纤细,Slender stems,存在症状,ManifestAs
10236,水稻赤枯病,Bipolaris oryzae,根系呈深褐色,Dark brown roots,存在症状,ManifestAs
10237,水稻赤枯病,Bipolaris oryzae,根部老化,Root aging,存在症状,ManifestAs
10238,水稻赤枯病,Bipolaris oryzae,呈赤褐色,Reddish brown,存在症状,ManifestAs
10239,水稻赤枯病,Bipolaris oryzae,软绵状,Soft,存在症状,ManifestAs
10240,水稻赤枯病,Bipolaris oryzae,叶片挺直,Straight leaves,存在症状,ManifestAs
10241,水稻赤枯病,Bipolaris oryzae,呈深绿色或暗绿色,Dark green or dark green,存在症状,ManifestAs
10242,水稻赤枯病,Bipolaris oryzae,褐色小点或短条斑,Brown spots or short stripes,存在症状,ManifestAs
10243,水稻赤枯病,Bipolaris oryzae,叶缘向下焦枯,Leaf edges scorched downwards,存在症状,ManifestAs
10244,水稻赤枯病,Bipolaris oryzae,碎屑状褐点,Crumbly brown spots,存在症状,ManifestAs
10245,水稻赤枯病,Bipolaris oryzae,不规则形,Irregular,存在症状,ManifestAs
10246,水稻赤枯病,Bipolaris oryzae,赤褐色至污褐色小斑点,Small spots from reddish brown to dirty brown,存在症状,ManifestAs
10247,三化螟,Scirpophaga incertulas,水稻枯心,Rice withered heart,存在症状,ManifestAs
10248,稻纵卷叶螟,Cnaphalocrocis medinalis,仅留表皮,Only the epidermis remains,存在症状,ManifestAs
10249,稻纵卷叶螟,Cnaphalocrocis medinalis,白色条斑,White streaks,存在症状,ManifestAs
10250,稻纵卷叶螟,Cnaphalocrocis medinalis,整田枯白,The whole field is dry and white,存在症状,ManifestAs
10251,稻眼蝶,Mycalesis gotama,不规则缺刻,Irregular notch,存在症状,ManifestAs
10252,稻切叶野螟,Spodoptera mauritia,稻叶成缺刻,Rice leaves become notched,存在症状,ManifestAs
10253,稻切叶野螟,Spodoptera mauritia,稻苗成刀切状或牛吃状,The rice seedlings are cut by a knife or eaten by a cow,存在症状,ManifestAs
10254,稻秆潜蝇,Chlorops oryzae,扭曲而短小的白穗,Twisted and short white spikes,存在症状,ManifestAs
10255,稻潜叶蝇,Chlorops oryzae,稻叶变黄干枯或腐烂,"Rice leaves turn yellow, dry or rot",存在症状,ManifestAs
10256,稻潜叶蝇,Chlorops oryzae,全株枯死,The whole plant died,存在症状,ManifestAs
10257,稻黑蝽,Scotinophara lurida,黄斑或枯心,Yellow spots or dry heart,存在症状,ManifestAs
10258,大稻缘蝽,Leptocorisa acuta,全株枯死,The whole plant died,存在症状,ManifestAs
10259,白背飞虱,Sogatella furcifera,叶片枯黄,Leaves turn yellow,存在症状,ManifestAs
10260,灰飞虱,Laodelphax striatellus,黄叶或叶片枯死,Yellow leaves or leaf dieback,存在症状,ManifestAs
10261,黑尾叶蝉,Nephotettix cincticeps,棕褐色斑点,Tan spots,存在症状,ManifestAs
10262,黑尾叶蝉,Nephotettix cincticeps,稻茎基部变黑,The base of the rice stem turns black,存在症状,ManifestAs
10263,电光叶蝉,Recilia dorsalis,叶片变黄,Yellowing of leaves,存在症状,ManifestAs
10264,白翅叶蝉,Empoasca subrufa,零星小白点,Scattered white spots,存在症状,ManifestAs
10265,白翅叶蝉,Empoasca subrufa,叶片干枯,Dry leaves,存在症状,ManifestAs
10266,白翅叶蝉,Empoasca subrufa,状如火烧,Burning,存在症状,ManifestAs
10267,白翅叶蝉,Empoasca subrufa,白色斑点,White spots,存在症状,ManifestAs
10268,白翅叶蝉,Empoasca subrufa,谷粒不饱满,Grains are not full,存在症状,ManifestAs
10269,稻赤斑沫蝉,Callitettix versicolor,叶尖失水枯黄,Leaf tips dry and turn yellow,存在症状,ManifestAs
10270,稻赤斑沫蝉,Callitettix versicolor,不规则红褐色条斑,Irregular reddish brown stripes,存在症状,ManifestAs
10271,稻赤斑沫蝉,Callitettix versicolor,中脉与叶缘间变红,Reddening between midrib and leaf margin,存在症状,ManifestAs
10272,稻赤斑沫蝉,Callitettix versicolor,穗形短小秕粒多,Short ears with many barren grains,存在症状,ManifestAs
10273,稻蓟马,Stenchaetothrips biformis,黄白色小斑点或微孔,Small yellowish-white spots or micropores,存在症状,ManifestAs
10274,稻蓟马,Stenchaetothrips biformis,叶尖枯黄卷缩,Leaf tips turn yellow and curl,存在症状,ManifestAs
10275,稻管蓟马,Haplothrips aculeatus,微细黄白色斑,Fine yellowish white spots,存在症状,ManifestAs
10276,稻管蓟马,Haplothrips aculeatus,叶尖两边向内卷折,The leaf tips are curled inwards,存在症状,ManifestAs
10277,稻管蓟马,Haplothrips aculeatus,全叶卷缩枯黄,The leaves are curled and yellow,存在症状,ManifestAs
10278,小麦秆黑粉病,Ustilago tritici,黄白色条斑,Yellow-white stripes,存在症状,ManifestAs
10279,小麦秆黑粉病,Ustilago tritici,病叶卷曲畸形,The leaves are curled and deformed,存在症状,ManifestAs
10280,水稻负泥虫,Oulema oryzae,呈白色细线状食痕,White thin line-like food marks,存在症状,ManifestAs
10281,水稻负泥虫,Oulema oryzae,呈纵行的不规律透明条斑,Irregular transparent stripes in longitudinal direction,存在症状,ManifestAs
10282,水稻负泥虫,Oulema oryzae,叶尖枯萎,Leaf tip withering,存在症状,ManifestAs
10283,水稻负泥虫,Oulema oryzae,全叶焦枯破裂,Whole leaf scorch and crack,存在症状,ManifestAs
10284,稻铁甲虫,Hispa armigera,白色膜状表皮,White membrane skin,存在症状,ManifestAs
10285,稻铁甲虫,Hispa armigera,白色纵列条纹,White vertical stripes,存在症状,ManifestAs
10286,稻铁甲虫,Hispa armigera,稻叶一片枯黄,The rice leaves are withered and yellow,存在症状,ManifestAs
10287,稻铁甲虫,Hispa armigera,颗粒无收,No harvest,存在症状,ManifestAs
10288,稻水象甲,Lissorhoptrus oryzophilus,白色长条斑,White long stripes,存在症状,ManifestAs
10289,稻水象甲,Lissorhoptrus oryzophilus,根部呈孔洞,Holes at the root,存在症状,ManifestAs
10290,稻水象甲,Lissorhoptrus oryzophilus,植株黄化枯萎,Plant yellowing and wilting,存在症状,ManifestAs
10291,稻象甲,Echinocnemus squameus,稻株变黄,Rice plants turn yellow,存在症状,ManifestAs
10292,稻象甲,Echinocnemus squameus,整株枯死,The whole plant died,存在症状,ManifestAs
10293,稻水螟,Chilo suppressalis,叶片卷曲成筒状,Leaves curled into a tube,存在症状,ManifestAs
10294,长腿水叶甲,Donacia clavipes,植株矮小黄瘦,"The plant is short, yellow and thin",存在症状,ManifestAs
10295,长腿水叶甲,Donacia clavipes,须根腐烂,Root rot,存在症状,ManifestAs
10296,菲岛毛眼水蝇,Hydrellia philippina,黄褐色虫粪碎屑,Brown insect feces debris,存在症状,ManifestAs
10297,长绿飞虱,Nephotettix virescens,黄白色至浅褐色或棕褐色斑点,Yellowish white to light brown or tan spots,存在症状,ManifestAs
10298,长绿飞虱,Nephotettix virescens,成片枯死,Dead in patches,存在症状,ManifestAs
10299,大绿蝽,Plautia stali,火烧状焦萎,Burnt,存在症状,ManifestAs
10300,大绿蝽,Plautia stali,枯心死苗,Dead seedlings,存在症状,ManifestAs
10301,大绿蝽,Plautia stali,秕谷或白穗,Barren grain or white ear,存在症状,ManifestAs
10302,二星蝽,Eysarcoris guttiger,籽粒不饱满,The seeds are not full,存在症状,ManifestAs
10303,小麦秆枯病,Gibberella zeae,黑色粪状物,Black feces,存在症状,ManifestAs
10304,小麦秆枯病,Gibberella zeae,梭形的褐色白斑,Fusiform brown white spots,存在症状,ManifestAs
10305,小麦秆枯病,Gibberella zeae,明显边缘的褐色云斑,Brown cloud spots with distinct edges,存在症状,ManifestAs
10306,小麦秆枯病,Gibberella zeae,黑色或灰黑色的虫粪状物,Black or grayish black insect droppings,存在症状,ManifestAs
10307,小麦秆枯病,Gibberella zeae,叶片下垂卷缩,Leaves droop and curl,存在症状,ManifestAs
10308,小麦秆枯病,Gibberella zeae,叶色变为紫色,Leaves turn purple,存在症状,ManifestAs
10309,小麦秆枯病,Gibberella zeae,白色菌丝,White mycelium,存在症状,ManifestAs
10310,小麦全蚀病,Gaeumannomyces graminis,地上部叶色变黄,Above-ground leaves turn yellow,存在症状,ManifestAs
10311,小麦全蚀病,Gaeumannomyces graminis,基部黄叶多,Many yellow leaves at the base,存在症状,ManifestAs
10312,小麦全蚀病,Gaeumannomyces graminis,黄叶多,Many yellow leaves,存在症状,ManifestAs
10313,小麦全蚀病,Gaeumannomyces graminis,叶片自下而上变黄,Leaves turn yellow from bottom to top,存在症状,ManifestAs
10314,小麦全蚀病,Gaeumannomyces graminis,早枯白穗,Early withering white spike,存在症状,ManifestAs
10315,小麦全蚀病,Gaeumannomyces graminis,“黑膏药”,"""Black Plaster""",存在症状,ManifestAs
10316,小麦炭疽病,Colletotrichum graminicola,褐色病变,Brown lesions,存在症状,ManifestAs
10317,小麦炭疽病,Colletotrichum graminicola,病斑边缘,Lesion edge,存在症状,ManifestAs
10318,小麦炭疽病,Colletotrichum graminicola,褐色中间,Brown middle,存在症状,ManifestAs
10319,小麦炭疽病,Colletotrichum graminicola,扩展成长条,Expand growth bar,存在症状,ManifestAs
10320,小麦炭疽病,Colletotrichum graminicola,部以上叶片发,Leaves above the top,存在症状,ManifestAs
10321,小麦炭疽病,Colletotrichum graminicola,病 形成近圆形至椭圆形,The lesion is nearly round to oval,存在症状,ManifestAs
10322,小麦炭疽病,Colletotrichum graminicola,叶片早枯,Early leaf withering,存在症状,ManifestAs
10323,小麦炭疽病,Colletotrichum graminicola,梭形褐色病斑,Fusiform brown spots,存在症状,ManifestAs
10324,小麦黑节病,Pseudomonas syringae,病部呈深褐色,The diseased part is dark brown,存在症状,ManifestAs
10325,小麦黑节病,Pseudomonas syringae,茎节变黑腐烂,Stem nodes turn black and rot,存在症状,ManifestAs
10326,小麦黑节病,Pseudomonas syringae,呈初生水渍状条斑,Initial water-stained streaks,存在症状,ManifestAs
10327,小麦黑节病,Pseudomonas syringae,长条形病斑,Long stripe lesions,存在症状,ManifestAs
10328,小麦黑节病,Pseudomonas syringae,病斑黑褐色,Lesions dark brown,存在症状,ManifestAs
10329,小麦白粉病,Blumeria graminis,扩大为近圆形至椭圆形白,Expanded to nearly circular to oval white,存在症状,ManifestAs
10330,小麦白粉病,Blumeria graminis,表面有一层白色,There is a white layer on the surface,存在症状,ManifestAs
10331,小麦白粉病,Blumeria graminis,白色至灰色的霉层,White to gray mold,存在症状,ManifestAs
10332,小麦白粉病,Blumeria graminis,灰白色至淡褐色,Off-white to light brown,存在症状,ManifestAs
10333,小麦白粉病,Blumeria graminis,黄褐色至黑褐色的小粒点,Small yellow-brown to dark brown spots,存在症状,ManifestAs
10334,小麦白粉病,Blumeria graminis,发黄,Yellowing,存在症状,ManifestAs
10335,小麦白粉病,Blumeria graminis,灰白色的霉层,Grayish white mold layer,存在症状,ManifestAs
10336,小麦条锈病,Puccinia striiformis,鲜黄色小点,Bright yellow dots,存在症状,ManifestAs
10337,小麦条锈病,Puccinia striiformis,褪绿条斑,Chlorotic streaks,存在症状,ManifestAs
10338,小麦条锈病,Puccinia striiformis,椭圆形,Oval,存在症状,ManifestAs
10339,小麦条锈病,Puccinia striiformis,整齐的虚线条状,Neat dotted lines,存在症状,ManifestAs
10340,小麦条锈病,Puccinia striiformis,鲜黄色的夏孢子,Bright yellow summer spores,存在症状,ManifestAs
10341,小麦条锈病,Puccinia striiformis,短线条状较,Short line shape,存在症状,ManifestAs
10342,小麦秆锈病,Puccinia graminis,隆起的疱疹斑,Raised herpes spots,存在症状,ManifestAs
10343,小麦秆锈病,Puccinia graminis,呈长椭圆形,Long oval shape,存在症状,ManifestAs
10344,小麦秆锈病,Puccinia graminis,深褐色,Dark Brown,存在症状,ManifestAs
10345,小麦秆锈病,Puccinia graminis,排列不规则,Irregular arrangement,存在症状,ManifestAs
10346,小麦秆锈病,Puccinia graminis,椭圆形或长条形的黑色冬孢子堆,Oval or long black winter spore pile,存在症状,ManifestAs
10347,小麦叶锈病,Puccinia triticina,圆形或近圆形桔红色疹状病斑,Round or nearly round orange-red rash-like lesions,存在症状,ManifestAs
10348,小麦叶锈病,Puccinia triticina,黄褐色粉末,Brown powder,存在症状,ManifestAs
10349,小麦叶锈病,Puccinia triticina,暗褐色至深褐色,Dark brown to dark brown,存在症状,ManifestAs
10350,小麦叶锈病,Puccinia triticina,椭圆,oval,存在症状,ManifestAs
10351,小麦纹枯病,Rhizoctonia cerealis,淡黄色小斑点,Light yellow spots,存在症状,ManifestAs
10352,小麦纹枯病,Rhizoctonia cerealis,黄褐色梭形或眼点状病斑,Yellow-brown spindle-shaped or eyespot-shaped lesions,存在症状,ManifestAs
10353,小麦纹枯病,Rhizoctonia cerealis,基部茎节腐烂,Base stem rot,存在症状,ManifestAs
10354,小麦纹枯病,Rhizoctonia cerealis,幼苗猝倒,Seedling damping off,存在症状,ManifestAs
10355,小麦纹枯病,Rhizoctonia cerealis,云纹状花纹,Moire pattern,存在症状,ManifestAs
10356,小麦纹枯病,Rhizoctonia cerealis,中间呈淡黄褐色,Light yellowish brown in the middle,存在症状,ManifestAs
10357,小麦纹枯病,Rhizoctonia cerealis,棕褐色环圈,Tan ring,存在症状,ManifestAs
10358,小麦纹枯病,Rhizoctonia cerealis,青褐色至黄褐色花秆,Bluish brown to yellowish brown flower stalks,存在症状,ManifestAs
10359,小麦纹枯病,Rhizoctonia cerealis,枯孕穗或枯白穗,Withered ear or withered white ear,存在症状,ManifestAs
10360,小麦纹枯病,Rhizoctonia cerealis,白色霉状物,White mold,存在症状,ManifestAs
10361,小麦纹枯病,Rhizoctonia cerealis,淡黄色至黄褐色,Light yellow to yellowish brown,存在症状,ManifestAs
10362,小麦纹枯病,Rhizoctonia cerealis,圆形或近圆形的褐色小颗粒状物,Round or nearly round brown small particles,存在症状,ManifestAs
10363,小麦纹枯病,Rhizoctonia cerealis,根部呈褐色赶,Brown roots,存在症状,ManifestAs
10364,小麦纹枯病,Rhizoctonia cerealis,叶片小而挺直,Small and upright leaves,存在症状,ManifestAs
10365,小麦纹枯病,Rhizoctonia cerealis,暗灰蓝色,Dark gray blue,存在症状,ManifestAs
10366,小麦霜霉病,Blumeria graminis,植株黄化萎缩,Plant yellowing and shrinking,存在症状,ManifestAs
10367,小麦霜霉病,Blumeria graminis,叶色淡绿,Light green leaves,存在症状,ManifestAs
10368,小麦霜霉病,Blumeria graminis,轻微条纹状花叶,Slightly striped leaves,存在症状,ManifestAs
10369,小麦霜霉病,Blumeria graminis,黄白色条纹或斑纹,Yellow and white stripes or markings,存在症状,ManifestAs
10370,小麦霜霉病,Blumeria graminis,叶片变厚,Thickening of leaves,存在症状,ManifestAs
10371,小麦霜霉病,Blumeria graminis,皱缩扭曲,Shrinkage and distortion,存在症状,ManifestAs
10372,小麦霜霉病,Blumeria graminis,叶面发皱,Wrinkled leaves,存在症状,ManifestAs
10373,小麦霜霉病,Blumeria graminis,穗茎曲屈或弯成弓形,The spike stem is bent or bowed,存在症状,ManifestAs
10374,小麦霜霉病,Blumeria graminis,呈分枝穗状,Branched spike,存在症状,ManifestAs
10375,小麦霜霉病,Blumeria graminis,绿色小叶片,Small green leaves,存在症状,ManifestAs
10376,小麦霜霉病,Blumeria graminis,穗头呈龙头状扭曲,The spike is twisted like a dragon head,存在症状,ManifestAs
10377,小麦雪霉叶枯病,Fusarium nivale,长条形或长圆形黑褐色病斑,Long or oblong dark brown spots,存在症状,ManifestAs
10378,小麦雪霉叶枯病,Fusarium nivale,节的叶鞘褐变,Browning of leaf sheaths at nodes,存在症状,ManifestAs
10379,小麦雪霉叶枯病,Fusarium nivale,典型的椭圆形,Typical oval shape,存在症状,ManifestAs
10380,小麦雪霉叶枯病,Fusarium nivale,半圆形大斑,Semicircular large spot,存在症状,ManifestAs
10381,小麦雪霉叶枯病,Fusarium nivale,病斑污绿色水浸状,The lesions are green and water-soaked,存在症状,ManifestAs
10382,小麦雪霉叶枯病,Fusarium nivale,近圆形或椭圆形大斑,Nearly round or oval spots,存在症状,ManifestAs
10383,小麦雪霉叶枯病,Fusarium nivale,砖红色霉状物,Brick red mold,存在症状,ManifestAs
10384,小麦雪霉叶枯病,Fusarium nivale,黑褐色水渍状斑块,Dark brown water-soaked patches,存在症状,ManifestAs
10385,小麦雪霉叶枯病,Fusarium nivale,小穗轴褐变腐烂,Spikelet browning and rotting,存在症状,ManifestAs
10386,小麦白秆病,Puccinia graminis,病斑条状,Stripe-like lesions,存在症状,ManifestAs
10387,小麦白秆病,Puccinia graminis,初呈水渍状绿色,Initially water-stained green,存在症状,ManifestAs
10388,小麦白秆病,Puccinia graminis,边缘黄褐色至紫褐色,Edge yellowish brown to purple brown,存在症状,ManifestAs
10389,小麦白秆病,Puccinia graminis,枯黄色的病斑,Yellowish spots,存在症状,ManifestAs
10390,小麦白秆病,Puccinia graminis,叶片干枯,Dry leaves,存在症状,ManifestAs
10391,小麦白秆病,Puccinia graminis,边缘深褐色至紫褐色,Dark brown to purple brown edges,存在症状,ManifestAs
10392,小麦白秆病,Puccinia graminis,中央枯黄色,Central yellow,存在症状,ManifestAs
10393,小麦白秆病,Puccinia graminis,条斑呈灰色或灰白色,Gray or off-white stripes,存在症状,ManifestAs
10394,小麦白秆病,Puccinia graminis,皱缩瘪粒,Shrunken grains,存在症状,ManifestAs
10395,小麦白秆病,Puccinia graminis,麦穗不结实,Wheat ears are not strong,存在症状,ManifestAs
10396,小麦白秆病,Puccinia graminis,呈灰褐色干枯,Grayish brown dry,存在症状,ManifestAs
10397,小麦白秆病,Puccinia graminis,芒变弯曲,The awn becomes bent,存在症状,ManifestAs
10398,小麦根腐病,Bipolaris sorokiniana,黑灰色霉状物,Black gray mold,存在症状,ManifestAs
10399,小麦根腐病,Bipolaris sorokiniana,褐色斑痕,Brown spots,存在症状,ManifestAs
10400,小麦根腐病,Bipolaris sorokiniana,腐烂死亡,Decay and death,存在症状,ManifestAs
10401,小麦根腐病,Bipolaris sorokiniana,褐色或黑色病斑,Brown or black spots,存在症状,ManifestAs
10402,小麦根腐病,Bipolaris sorokiniana,褐色条斑,Brown stripes,存在症状,ManifestAs
10403,小麦根腐病,Bipolaris sorokiniana,茎折断枯死,Stem breakage and death,存在症状,ManifestAs
10404,小麦根腐病,Bipolaris sorokiniana,白穗不实,White ears are not fruitful,存在症状,ManifestAs
10405,小麦根腐病,Bipolaris sorokiniana,根冠部变黑,Blackening of root crown,存在症状,ManifestAs
10406,小麦根腐病,Bipolaris sorokiniana,梭形小斑,Fusiform spots,存在症状,ManifestAs
10407,小麦根腐病,Bipolaris sorokiniana,长圆形或不规则形斑块,Oblong or irregular plaques,存在症状,ManifestAs
10408,小麦根腐病,Bipolaris sorokiniana,边缘不规则,Irregular edges,存在症状,ManifestAs
10409,小麦根腐病,Bipolaris sorokiniana,中央浅褐色至枯黄色,Center light brown to pale yellow,存在症状,ManifestAs
10410,小麦根腐病,Bipolaris sorokiniana,周围深绿色,Dark green around,存在症状,ManifestAs
10411,小麦根腐病,Bipolaris sorokiniana,褪绿晕圈,Chlorotic Halo,存在症状,ManifestAs
10412,小麦根腐病,Bipolaris sorokiniana,病斑褐色,Brown spots,存在症状,ManifestAs
10413,小麦根腐病,Bipolaris sorokiniana,小长方形或圆形及不规则形,"Small rectangle, circle or irregular shape",存在症状,ManifestAs
10414,小麦根腐病,Bipolaris sorokiniana,水浸状斑,Water-soaked spots,存在症状,ManifestAs
10415,小麦根腐病,Bipolaris sorokiniana,黑色霉层,Black mold layer,存在症状,ManifestAs
10416,小麦根腐病,Bipolaris sorokiniana,种子不饱满,Seeds not full,存在症状,ManifestAs
10417,小麦根腐病,Bipolaris sorokiniana,穗颈变褐腐烂,Browning and rotting of ear neck,存在症状,ManifestAs
10418,小麦根腐病,Bipolaris sorokiniana,全穗枯死或掉穗,The whole ear dies or falls off,存在症状,ManifestAs
10419,小麦根腐病,Bipolaris sorokiniana,局部褐色病斑,Local brown spots,存在症状,ManifestAs
10420,小麦根腐病,Bipolaris sorokiniana,梭形或不规则形暗褐色病斑,Fusiform or irregular dark brown spots,存在症状,ManifestAs
10421,小麦蠕孢叶斑根腐病,Bipolaris sorokiniana,椭圆形病斑,Oval lesions,存在症状,ManifestAs
10422,小麦蠕孢叶斑根腐病,Bipolaris sorokiniana,淡褐色至黄褐色,Light brown to yellowish brown,存在症状,ManifestAs
10423,小麦蠕孢叶斑根腐病,Bipolaris sorokiniana,叶片早枯,Early leaf withering,存在症状,ManifestAs
10424,小麦蠕孢叶斑根腐病,Bipolaris sorokiniana,黑褐色坏死腐烂,Dark brown necrosis and decay,存在症状,ManifestAs
10425,小麦蠕孢叶斑根腐病,Bipolaris sorokiniana,呈褐至黑色病变,Brown to black lesions,存在症状,ManifestAs
10426,小麦蠕孢叶斑根腐病,Bipolaris sorokiniana,籽粒不饱,The seeds are not full,存在症状,ManifestAs
10427,小麦蠕孢叶斑根腐病,Bipolaris sorokiniana,胚部变黑,Embryo turns black,存在症状,ManifestAs
10428,小麦赤霉病,Fusarium graminearum,粉红色霉层,Pink mildew layer,存在症状,ManifestAs
10429,小麦赤霉病,Fusarium graminearum,根冠腐烂,Root crown rot,存在症状,ManifestAs
10430,小麦赤霉病,Fusarium graminearum,断口褐色,Brown fracture,存在症状,ManifestAs
10431,小麦赤霉病,Fusarium graminearum,水渍状褪绿斑,Water-soaked chlorotic spots,存在症状,ManifestAs
10432,小麦赤霉病,Fusarium graminearum,淡褐色至红褐色不规则形斑,Light brown to reddish brown irregular spots,存在症状,ManifestAs
10433,小麦赤霉病,Fusarium graminearum,病部以上枯黄,Yellowing above the diseased part,存在症状,ManifestAs
10434,小麦赤霉病,Fusarium graminearum,小的水渍状淡褐色病斑,Small water-soaked light brown spots,存在症状,ManifestAs
10435,小麦赤霉病,Fusarium graminearum,小穗枯黄,Spikelets withered and yellow,存在症状,ManifestAs
10436,小麦赤霉病,Fusarium graminearum,粉红色胶状霉层,Pink colloid mold,存在症状,ManifestAs
10437,小麦赤霉病,Fusarium graminearum,病部枯褐,Diseased part withered and brown,存在症状,ManifestAs
10438,小麦颖枯病,Septoria nodorum,深褐色斑点,Dark brown spots,存在症状,ManifestAs
10439,小麦颖枯病,Septoria nodorum,病斑枯白色,White spots,存在症状,ManifestAs
10440,小麦颖枯病,Septoria nodorum,籽粒不结实,The seeds are not strong,存在症状,ManifestAs
10441,小麦颖枯病,Septoria nodorum,病斑褐色,Brown spots,存在症状,ManifestAs
10442,小麦颖枯病,Septoria nodorum,节部畸变,Nodal distortion,存在症状,ManifestAs
10443,小麦颖枯病,Septoria nodorum,椭圆形淡褐色小斑,Small oval light brown spots,存在症状,ManifestAs
10444,小麦颖枯病,Septoria nodorum,不规则形病斑,Irregular lesions,存在症状,ManifestAs
10445,小麦颖枯病,Septoria nodorum,中央灰白色,Central off-white,存在症状,ManifestAs
10446,小麦散黑穗病,Ustilago tritici,小穗畸形,Spikelet deformity,存在症状,ManifestAs
10447,小麦红矮病,Barley yellow dwarf virus,紫褐色的斑点或短条纹,Purple-brown spots or short stripes,存在症状,ManifestAs
10448,小麦红矮病,Barley yellow dwarf virus,叶色深绿,Dark green leaves,存在症状,ManifestAs
10449,小麦红矮病,Barley yellow dwarf virus,叶片变成紫红色,Leaves turn purple,存在症状,ManifestAs
10450,小麦红矮病,Barley yellow dwarf virus,黄白色针状,Yellow-white needle,存在症状,ManifestAs
10451,小麦红矮病,Barley yellow dwarf virus,叶片聚拢成丛生状,Leaves gathered into clusters,存在症状,ManifestAs
10452,小麦红矮病,Barley yellow dwarf virus,花器残缺不全,Incomplete flowerpot,存在症状,ManifestAs
10453,小麦斑枯病,Septoria tritici,淡绿至黄色纺锤形病斑,Light green to yellow spindle-shaped lesions,存在症状,ManifestAs
10454,小麦斑枯病,Septoria tritici,褐白色大斑,Brown and white spots,存在症状,ManifestAs
10455,小麦斑枯病,Septoria tritici,黄色条纹状,Yellow stripes,存在症状,ManifestAs
10456,小麦斑枯病,Septoria tritici,叶脉色泽黄绿色,Leaf veins yellow-green,存在症状,ManifestAs
10457,小麦斑枯病,Septoria tritici,病叶很快变黄,Diseased leaves turn yellow quickly,存在症状,ManifestAs
10458,小麦黄斑叶枯病,Pyrenophora tritici-repentis,黄褐色小斑点,Small brown spots,存在症状,ManifestAs
10459,小麦黄斑叶枯病,Pyrenophora tritici-repentis,椭圆形至纺锤形大斑,Large oval to spindle-shaped spots,存在症状,ManifestAs
10460,小麦黄斑叶枯病,Pyrenophora tritici-repentis,叶片变黄干枯,Leaves turn yellow and dry,存在症状,ManifestAs
10461,小麦链格孢叶枯病,Alternaria triticina,近圆形褪绿斑点,Nearly circular chlorotic spots,存在症状,ManifestAs
10462,小麦链格孢叶枯病,Alternaria triticina,长卵形或椭圆形病斑,Long oval or elliptical lesions,存在症状,ManifestAs
10463,小麦链格孢叶枯病,Alternaria triticina,病斑褐色,Brown spots,存在症状,ManifestAs
10464,小麦链格孢叶枯病,Alternaria triticina,长条形或不规则形病斑,Long or irregular lesions,存在症状,ManifestAs
10465,小麦链格孢叶枯病,Alternaria triticina,周围灰褐色至深褐色,Grayish brown to dark brown around,存在症状,ManifestAs
10466,小麦链格孢叶枯病,Alternaria triticina,狭窄的亮黄色晕圈,Narrow bright yellow halo,存在症状,ManifestAs
10467,小麦链格孢叶枯病,Alternaria triticina,大型病斑,Large lesions,存在症状,ManifestAs
10468,小麦链格孢叶枯病,Alternaria triticina,灰黑色霉状物,Gray-black mold,存在症状,ManifestAs
10469,小麦腥黑穗病,Tilletia tritici,灰褐色薄膜,Gray brown film,存在症状,ManifestAs
10470,小麦黑颖病,Xanthomonas translucens,水渍状细条纹,Water-stained pinstripes,存在症状,ManifestAs
10471,小麦黑颖病,Xanthomonas translucens,黄褐或深褐色条斑,Yellowish brown or dark brown stripes,存在症状,ManifestAs
10472,小麦黑颖病,Xanthomonas translucens,褐色斑,Brown spots,存在症状,ManifestAs
10473,小麦黑颖病,Xanthomonas translucens,黑褐色枯死,Dark brown dead,存在症状,ManifestAs
10474,小麦黑颖病,Xanthomonas translucens,种子皱缩或不饱满,Seeds are shrunken or not full,存在症状,ManifestAs
10475,小麦黑颖病,Xanthomonas translucens,水渍状小点,Water stains,存在症状,ManifestAs
10476,小麦黑颖病,Xanthomonas translucens,半透明条斑,Translucent stripes,存在症状,ManifestAs
10477,小麦黑颖病,Xanthomonas translucens,黄褐色油渍状发亮的枯死斑,Yellow-brown oily shiny dead spots,存在症状,ManifestAs
10478,小麦黑颖病,Xanthomonas translucens,黄白色菌脓,Yellow-white pus,存在症状,ManifestAs
10479,小麦黑颖病,Xanthomonas translucens,白色薄膜状或呈黄色小胶粒,White film or yellow small particles,存在症状,ManifestAs
10480,小麦黑颖病,Xanthomonas translucens,褐色或黑褐色长条状病斑,Brown or dark brown stripe-shaped spots,存在症状,ManifestAs
10481,小麦黑颖病,Xanthomonas translucens,黄色菌脓,Yellow pus,存在症状,ManifestAs
10482,小麦梭条斑花叶病,Wheat spindle streak mosaic virus,褪绿或扭,Green or twist,存在症状,ManifestAs
10483,小麦梭条斑花叶病,Wheat spindle streak mosaic virus,淡绿色至橙黄色梭形斑,Light green to orange-yellow spindle-shaped spots,存在症状,ManifestAs
10484,小麦梭条斑花叶病,Wheat spindle streak mosaic virus,黄色或淡绿色不连续的短条状病斑,Yellow or light green discontinuous short stripes,存在症状,ManifestAs
10485,小麦梭条斑花叶病,Wheat spindle streak mosaic virus,黄绿相间的斑驳,Yellow and green mottled,存在症状,ManifestAs
10486,小麦梭条斑花叶病,Wheat spindle streak mosaic virus,穗轴弯曲,Cob bending,存在症状,ManifestAs
10487,小麦土传花叶病毒病,Furovirus,褪绿的短线条状斑,Greenish short stripes,存在症状,ManifestAs
10488,小麦土传花叶病毒病,Furovirus,不规则的淡黄色短线条状斑驳,Irregular light yellow short lines,存在症状,ManifestAs
10489,小麦土传花叶病毒病,Furovirus,花叶症状,Mosaic symptoms,存在症状,ManifestAs
10490,小麦土传花叶病毒病,Furovirus,穗短而小,Short and small spike,存在症状,ManifestAs
10491,小麦土传花叶病毒病,Furovirus,籽粒秕瘦,Thin and empty seeds,存在症状,ManifestAs
10492,小麦蜜穗病,Clavicepspurpurea,胶状溢脓,Colloid purulent discharge,存在症状,ManifestAs
10493,小麦蜜穗病,Clavicepspurpurea,病秆弯曲,Diseased stalk bending,存在症状,ManifestAs
10494,小麦蜜穗病,Clavicepspurpurea,鸡蛋黄状,Egg yolk,存在症状,ManifestAs
10495,小麦蜜穗病,Clavicepspurpurea,亮黄色胶块小粒,Bright yellow glue block,存在症状,ManifestAs
10496,小麦蜜穗病,Clavicepspurpurea,胶质细棒状,Gel-like thin rods,存在症状,ManifestAs
10497,小麦麦角病,Claviceps purpurea,黄色蜜状粘液,Yellow honey-like mucus,存在症状,ManifestAs
10498,小麦麦角病,Claviceps purpurea,紫黑色长角状菌核,Purple-black long horn-shaped sclerotia,存在症状,ManifestAs
10499,小麦灰霉病,Botrytis cinerea,现不规则水浸,Irregular flooding,存在症状,ManifestAs
10500,小麦灰霉病,Botrytis cinerea,后叶尖先变,The tip of the posterior leaf changes first,存在症状,ManifestAs
10501,小麦灰霉病,Botrytis cinerea,水渍状斑,Water-soaked spots,存在症状,ManifestAs
10502,小麦灰霉病,Botrytis cinerea,褪绿变黄,Fading green to yellow,存在症状,ManifestAs
10503,小麦灰霉病,Botrytis cinerea,褐色小斑,Small brown spots,存在症状,ManifestAs
10504,小麦灰霉病,Botrytis cinerea,黑褐色枯死,Dark brown dead,存在症状,ManifestAs
10505,小麦灰霉病,Botrytis cinerea,白色霉状物,White mold,存在症状,ManifestAs
10506,小麦灰霉病,Botrytis cinerea,颖壳变褐,Glume browning,存在症状,ManifestAs
10507,小麦灰霉病,Botrytis cinerea,灰色霉层,Gray mold layer,存在症状,ManifestAs
10508,小麦细菌性条斑病,Xanthomonas translucens,针尖大小的暗绿色小斑,Pinpoint-sized dark green spots,存在症状,ManifestAs
10509,小麦细菌性条斑病,Xanthomonas translucens,水浸状的半透明条斑,Water-soaked translucent streaks,存在症状,ManifestAs
10510,小麦细菌性条斑病,Xanthomonas translucens,露珠状的菌脓,Dewdrop-shaped pus,存在症状,ManifestAs
10511,小麦黄矮病,Barley yellow dwarf virus,鲜明的黄色,Bright yellow,存在症状,ManifestAs
10512,小麦黄矮病,Barley yellow dwarf virus,黄绿相间条纹,Yellow and green stripes,存在症状,ManifestAs
10513,小麦黄矮病,Barley yellow dwarf virus,黄色至橙黄色,Yellow to orange,存在症状,ManifestAs
10514,小麦黄矮病,Barley yellow dwarf virus,红色至紫红色,Red to purple,存在症状,ManifestAs
10515,小麦黄矮病,Barley yellow dwarf virus,剑叶变黄,Sword leaves turn yellow,存在症状,ManifestAs
10516,小麦蓝矮病毒病,Luteoviridae,呈套叠状,In a stacked shape,存在症状,ManifestAs
10517,小麦蓝矮病毒病,Luteoviridae,叶片呈轮生状,The leaves are arranged in whorls,存在症状,ManifestAs
10518,小麦蓝矮病毒病,Luteoviridae,呈暗绿色至绿蓝色,Dark green to greenish blue,存在症状,ManifestAs
10519,小麦蓝矮病毒病,Luteoviridae,叶片挺直光滑,Straight and smooth leaves,存在症状,ManifestAs
10520,小麦蓝矮病毒病,Luteoviridae,黄色不规则的宽条带状,Yellow irregular wide stripes,存在症状,ManifestAs
10521,小麦蓝矮病毒病,Luteoviridae,穗呈塔状退化,The spike is degenerated into a tower shape,存在症状,ManifestAs
10522,小麦丛矮病,Wheat dwarf virus,黄绿相间条纹,Yellow and green stripes,存在症状,ManifestAs
10523,小麦丛矮病,Wheat dwarf virus,植株矮缩,Plant dwarfing,存在症状,ManifestAs
10524,小麦丛矮病,Wheat dwarf virus,呈丛矮状,Short bushy shape,存在症状,ManifestAs
10525,小麦丛矮病,Wheat dwarf virus,有黄白色相间断续的虚线,There are yellow and white intermittent dotted lines,存在症状,ManifestAs
10526,小麦丛矮病,Wheat dwarf virus,为不均匀黄绿条,Uneven yellow-green stripes,存在症状,ManifestAs
10527,小麦丛矮病,Wheat dwarf virus,心叶有条纹,Heart leaves with stripes,存在症状,ManifestAs
10528,小麦丛矮病,Wheat dwarf virus,叶色较浓绿,Dark green leaves,存在症状,ManifestAs
10529,小麦卷曲病,Triticum aestivum,浅绿色圆形至长圆形病斑,Light green round to oblong lesions,存在症状,ManifestAs
10530,小麦卷曲病,Triticum aestivum,不规则形病变,Irregular lesions,存在症状,ManifestAs
10531,小麦卷曲病,Triticum aestivum,心叶卷曲干枯,Heart leaves curled and dried,存在症状,ManifestAs
10532,小麦卷曲病,Triticum aestivum,淡黄色病斑,Pale yellow spots,存在症状,ManifestAs
10533,小麦卷曲病,Triticum aestivum,小黑点或漆黑色斑痣,Small black spots or dark spots,存在症状,ManifestAs
10534,小麦粒线虫病,Anguina tritici,叶片皱缩,Leaf shrinkage,存在症状,ManifestAs
10535,小麦粒线虫病,Anguina tritici,叶色浅而肥嫩,Light-colored and plump leaves,存在症状,ManifestAs
10536,小麦粒线虫病,Anguina tritici,萎缩枯死,Shrink and die,存在症状,ManifestAs
10537,小麦粒线虫病,Anguina tritici,黄褐色至黑褐色,Yellowish brown to dark brown,存在症状,ManifestAs
10538,小麦粒线虫病,Anguina tritici,白色丝状的线虫,White threadworms,存在症状,ManifestAs
10539,小麦禾谷胞囊线虫病,Heterodera avenae,白亮至暗褐色粉粒状胞囊,Bright white to dark brown powdery cysts,存在症状,ManifestAs
10540,小麦禾谷胞囊线虫病,Heterodera avenae,地上部矮小,Small above ground part,存在症状,ManifestAs
10541,小麦禾谷胞囊线虫病,Heterodera avenae,褐色胞囊,Brown cyst,存在症状,ManifestAs
10542,大麦麦角病,Clavicepspurpurea,黄色蜜露状粘液,Yellow honeydew-like mucus,存在症状,ManifestAs
10543,大麦麦角病,Clavicepspurpurea,长角形菌核,Long horn sclerotium,存在症状,ManifestAs
10544,大麦黄花叶病,Barley yellow mosaic virus,淡黄绿色椭圆形或短线条状的小病斑,Small yellowish green oval or short line-shaped lesions,存在症状,ManifestAs
10545,大麦黄花叶病,Barley yellow mosaic virus,深黄色或橙黄色,Dark yellow or orange,存在症状,ManifestAs
10546,大麦黄花叶病,Barley yellow mosaic virus,不规则绿色短条斑,Irregular green short stripes,存在症状,ManifestAs
10547,大麦黄花叶病,Barley yellow mosaic virus,锈褐色不规则的坏死点或斑块,Rusty brown irregular necrotic spots or plaques,存在症状,ManifestAs
10548,大麦黄花叶病,Barley yellow mosaic virus,黄绿相间的黄色花叶,Yellow and green leaves,存在症状,ManifestAs
10549,大麦黄花叶病,Barley yellow mosaic virus,椭圆形或不规则形,Oval or irregular shape,存在症状,ManifestAs
