number,Chinese entity name,entity binomial scientific name,Chinese crop name,English crop name,Chinese relation,English relation
1,香蕉黑带象甲,Cosmopolites sordidus,蕉麻,Abaca,危害,Damage
2,香蕉弄蝶,Erionota torus,香蕉,banana,危害,Damage
3,香蕉弄蝶,Erionota torus,芭蕉,banana,危害,Damage
4,草莓枯萎病,Fusarium oxysporum f. sp. fragariae,草莓,strawberry,危害,Damage
5,草莓根腐病,Phytophthora cactorum,草莓,strawberry,危害,Damage
6,草莓白粉病,Podosphaera aphanis,草莓,strawberry,危害,Damage
7,草莓褐斑病,Mycosphaerella fragariae,草莓,strawberry,危害,Damage
8,草莓灰霉病,Botrytis cinerea,草莓,strawberry,危害,Damage
9,草莓青枯病,Ralstonia solanacearum,草莓,strawberry,危害,Damage
10,草莓病毒病,SMYEV,草莓,strawberry,危害,Damage
11,桃蚜,Myzus persicae,树,Tree,危害,Damage
12,萝卜蚜,Lipaphis erysimi,萝卜,radish,危害,Damage
13,萝卜蚜,Lipaphis erysimi,白菜,Chinese cabbage,危害,Damage
14,萝卜蚜,Lipaphis erysimi,油菜,rape,危害,Damage
15,萝卜蚜,Lipaphis erysimi,十字花,Crucifer,危害,Damage
16,小地老虎,Agrotis ipsilon,豆类,Beans,危害,Damage
17,小地老虎,Agrotis ipsilon,茄果类,Solanum,危害,Damage
18,小地老虎,Agrotis ipsilon,瓜类,Melons,危害,Damage
19,小地老虎,Agrotis ipsilon,十字花科蔬菜,Cruciferous vegetables,危害,Damage
20,东方蝼蛄,Gryllotalpa orientalis,大豆,Soybean,危害,Damage
21,东方蝼蛄,Gryllotalpa orientalis,花生,peanut,危害,Damage
22,东方蝼蛄,Gryllotalpa orientalis,甘薯,sweet potato,危害,Damage
23,枣尺蠖,Chihuo zao,苹果,apple,危害,Damage
24,枣尺蠖,Chihuo zao,沙果,Crab apple,危害,Damage
25,黄刺蛾,Cnidocampa flavescens,苹果,apple,危害,Damage
26,黄刺蛾,Cnidocampa flavescens,樱桃,cherry,危害,Damage
27,黄刺蛾,Cnidocampa flavescens,山楂,hawthorn,危害,Damage
28,黄刺蛾,Cnidocampa flavescens,海棠,Begonia,危害,Damage
29,黄刺蛾,Cnidocampa flavescens,石榴,Pomegranate,危害,Damage
30,黄刺蛾,Cnidocampa flavescens,核桃,Walnut,危害,Damage
31,黄刺蛾,Cnidocampa flavescens,柑橘,Tangerine,危害,Damage
32,枣奕刺蛾,Iragoides conjuncta,核桃,Walnut,危害,Damage
33,枣奕刺蛾,Iragoides conjuncta,芒果,mango,危害,Damage
34,枣奕刺蛾,Iragoides conjuncta,苹果,apple,危害,Damage
35,枣桃六点天蛾,Marumba gaschkewitschi,樱桃,cherry,危害,Damage
36,枣桃六点天蛾,Marumba gaschkewitschi,苹果,apple,危害,Damage
37,枣桃六点天蛾,Marumba gaschkewitschi,葡萄,Grape,危害,Damage
38,枣桃六点天蛾,Marumba gaschkewitschi,海棠,Begonia,危害,Damage
39,枣桃六点天蛾,Marumba gaschkewitschi,枇杷,Loquat,危害,Damage
40,桃小食心虫,Carposina niponensis,苹果,apple,危害,Damage
41,星天牛,Anoplophora chinensis,柑橘,Tangerine,危害,Damage
42,星天牛,Anoplophora chinensis,无花果,Fig,危害,Damage
43,星天牛,Anoplophora chinensis,枇杷,Loquat,危害,Damage
44,星天牛,Anoplophora chinensis,苹果,apple,危害,Damage
45,星天牛,Anoplophora chinensis,樱桃,cherry,危害,Damage
46,星天牛,Anoplophora chinensis,核桃,Walnut,危害,Damage
47,草履蚧,Drosicha corpulenta,核桃,Walnut,危害,Damage
48,草履蚧,Drosicha corpulenta,苹果,apple,危害,Damage
49,草履蚧,Drosicha corpulenta,板栗,Chestnut,危害,Damage
50,日本龟蜡蚧,Ceroplastes japonicus,柑橘,Tangerine,危害,Damage
51,日本龟蜡蚧,Ceroplastes japonicus,无花果,Fig,危害,Damage
52,日本龟蜡蚧,Ceroplastes japonicus,芒果,mango,危害,Damage
53,日本龟蜡蚧,Ceroplastes japonicus,苹果,apple,危害,Damage
54,日本龟蜡蚧,Ceroplastes japonicus,山楂,hawthorn,危害,Damage
55,日本龟蜡蚧,Ceroplastes japonicus,樱桃,cherry,危害,Damage
56,日本龟蜡蚧,Ceroplastes japonicus,石榴,Pomegranate,危害,Damage
57,康氏粉蚧,Pseudococcus comstocki,苹果,apple,危害,Damage
58,康氏粉蚧,Pseudococcus comstocki,山楂,hawthorn,危害,Damage
59,康氏粉蚧,Pseudococcus comstocki,葡萄,Grape,危害,Damage
60,康氏粉蚧,Pseudococcus comstocki,核桃,Walnut,危害,Damage
61,康氏粉蚧,Pseudococcus comstocki,柑橘,Tangerine,危害,Damage
62,康氏粉蚧,Pseudococcus comstocki,无花果,Fig,危害,Damage
63,康氏粉蚧,Pseudococcus comstocki,荔枝,litchi,危害,Damage
64,康氏粉蚧,Pseudococcus comstocki,石榴,Pomegranate,危害,Damage
65,黑绒金龟子,Maladera orientalis,苹果,apple,危害,Damage
66,黑绒金龟子,Maladera orientalis,山楂,hawthorn,危害,Damage
67,八点广翅蜡蝉,Ricania speculum,苹果,apple,危害,Damage
68,八点广翅蜡蝉,Ricania speculum,樱桃,cherry,危害,Damage
69,八点广翅蜡蝉,Ricania speculum,山楂,hawthorn,危害,Damage
70,八点广翅蜡蝉,Ricania speculum,柑橘,Tangerine,危害,Damage
71,柿疯病,Persimmon witches broom,柿树,Persimmon Tree,危害,Damage
72,柿炭疽病,Colletotrichum gloeosporioides,柿树,Persimmon Tree,危害,Damage
73,柿灰霉病,Botrytis cinerea,柿树,Persimmon Tree,危害,Damage
74,柿角斑病,Cercospora kaki,柿树,Persimmon Tree,危害,Damage
75,柿圆斑病,Mycosphaerella nawae,柿树,Persimmon Tree,危害,Damage
76,柿黑星病,Fusicladium kaki,柿树,Persimmon Tree,危害,Damage
77,柿干枯病,Persimmon canker,柿树,Persimmon Tree,危害,Damage
78,柿蒂虫,Stathmopoda massinissa,黑枣,Black Dates,危害,Damage
79,柿蒂虫,Stathmopoda massinissa,柿树,Persimmon Tree,危害,Damage
80,柿星尺蠖,Percnia giraffata,黑枣,Black Dates,危害,Damage
81,柿星尺蠖,Percnia giraffata,苹果,apple,危害,Damage
82,舞毒蛾,Lymantria dispar,苹果,apple,危害,Damage
83,舞毒蛾,Lymantria dispar,核桃,Walnut,危害,Damage
84,舞毒蛾,Lymantria dispar,山楂,hawthorn,危害,Damage
85,折带黄毒蛾,Euproctis flava,苹果,apple,危害,Damage
86,折带黄毒蛾,Euproctis flava,海棠,Begonia,危害,Damage
87,折带黄毒蛾,Euproctis flava,山楂,hawthorn,危害,Damage
88,折带黄毒蛾,Euproctis flava,樱桃,cherry,危害,Damage
89,折带黄毒蛾,Euproctis flava,枇杷,Loquat,危害,Damage
90,折带黄毒蛾,Euproctis flava,石榴,Pomegranate,危害,Damage
91,折带黄毒蛾,Euproctis flava,蔷薇,rose,危害,Damage
92,褐点粉灯蛾,Alphaea phasma,高粱,Sorghum,危害,Damage
93,褐点粉灯蛾,Alphaea phasma,蓖麻,Castor,危害,Damage
94,褐点粉灯蛾,Alphaea phasma,大豆,Soybean,危害,Damage
95,柿小叶蝉,Erythroneura sp.,葡萄,Grape,危害,Damage
96,柿绒蚧,Eriococcus kaki,黑枣,Black Dates,危害,Damage
97,柿绒蚧,Eriococcus kaki,柿树,Persimmon Tree,危害,Damage
98,柿长绵粉蚧,Phenacoccus pergandei,苹果,apple,危害,Damage
99,柿长绵粉蚧,Phenacoccus pergandei,枇杷,Loquat,危害,Damage
100,苹果梢夜蛾,Hypocala subsatura,苹果,apple,危害,Damage
101,木橑尺蠖,Culcula panterinaria,木橑,Wooden beam,危害,Damage
102,木橑尺蠖,Culcula panterinaria,核桃,Walnut,危害,Damage
103,木橑尺蠖,Culcula panterinaria,苹果,apple,危害,Damage
104,木橑尺蠖,Culcula panterinaria,葡萄,Grape,危害,Damage
105,木橑尺蠖,Culcula panterinaria,山楂,hawthorn,危害,Damage
106,木橑尺蠖,Culcula panterinaria,杂草,Weeds,危害,Damage
107,黑圆角蝉,Gargara genistae,柑桔,Citrus,危害,Damage
108,黑圆角蝉,Gargara genistae,山楂,hawthorn,危害,Damage
109,黑圆角蝉,Gargara genistae,枸杞,Wolfberry,危害,Damage
110,铜绿丽金龟,Anomala corpulenta,苹果,apple,危害,Damage
111,铜绿丽金龟,Anomala corpulenta,山楂,hawthorn,危害,Damage
112,铜绿丽金龟,Anomala corpulenta,樱桃,cherry,危害,Damage
113,铜绿丽金龟,Anomala corpulenta,葡萄,Grape,危害,Damage
114,铜绿丽金龟,Anomala corpulenta,核桃,Walnut,危害,Damage
115,铜绿丽金龟,Anomala corpulenta,草莓,strawberry,危害,Damage
116,铜绿丽金龟,Anomala corpulenta,醋栗,gooseberry,危害,Damage
117,铜绿丽金龟,Anomala corpulenta,豆类,Beans,危害,Damage
118,石榴干腐病,Coniella granati,石榴,Pomegranate,危害,Damage
119,石榴根结线虫病,Meloidogyne sp.,经济作物,Cash crops,危害,Damage
120,石榴根结线虫病,Meloidogyne sp.,果树,Fruit trees,危害,Damage
121,石榴根结线虫病,Meloidogyne sp.,观赏植物,Ornamental plants,危害,Damage
122,石榴根结线虫病,Meloidogyne sp.,杂草,Weeds,危害,Damage
123,石榴巾夜蛾,Parallelia stuposa,石榴,Pomegranate,危害,Damage
124,石榴巾夜蛾,Parallelia stuposa,月季,Rose,危害,Damage
125,石榴巾夜蛾,Parallelia stuposa,番石榴,Guava,危害,Damage
126,石榴裂果,（生理病害，暂无具体学名）,石榴,Pomegranate,危害,Damage
127,桃蛀螟,Conogethes punctiferalis,桃树,peach,危害,Damage
128,桃蛀螟,Conogethes punctiferalis,苹果,apple,危害,Damage
129,桃蛀螟,Conogethes punctiferalis,石榴,Pomegranate,危害,Damage
130,桃蛀螟,Conogethes punctiferalis,板栗,Chestnut,危害,Damage
131,桃蛀螟,Conogethes punctiferalis,山楂,hawthorn,危害,Damage
132,桃蛀螟,Conogethes punctiferalis,枇杷,Loquat,危害,Damage
133,桃蛀螟,Conogethes punctiferalis,龙眼,Longan,危害,Damage
134,桃蛀螟,Conogethes punctiferalis,荔枝,litchi,危害,Damage
135,樗蚕蛾,Philosamia cynthia,石榴,Pomegranate,危害,Damage
136,樗蚕蛾,Philosamia cynthia,柑橘,Tangerine,危害,Damage
137,樗蚕蛾,Philosamia cynthia,花椒,Sichuan peppercorn,危害,Damage
138,樗蚕蛾,Philosamia cynthia,蓖麻,Castor,危害,Damage
139,石榴绒蚧,Eriococcus punicae,石榴,Pomegranate,危害,Damage
140,麻皮蝽,Erthesina fullo,苹果,apple,危害,Damage
141,柑橘裂皮病,Citrus exocortis viroid,柑橘,Tangerine,危害,Damage
142,柑橘裂皮病,Citrus exocortis viroid,枳橙,Citrus aurantium,危害,Damage
143,柑橘裂皮病,Citrus exocortis viroid,蔾檬,Lemon,危害,Damage
144,柑橘煤污病,Capnodium sp.,柑橘,Tangerine,危害,Damage
145,柑橘黄龙病,Candidatus Liberibacter asiaticus,柑橘,Tangerine,危害,Damage
146,柑橘溃疡病,Xanthomonas citri subsp. citri,柑橘,Tangerine,危害,Damage
147,柑橘赤衣病,Erythricium salmonicolor,柑橘,Tangerine,危害,Damage
148,柑橘黑腐病,Alternaria citri,柑橘,Tangerine,危害,Damage
149,嘴壶夜蛾,Oraesia emarginata,通草,Tongcao,危害,Damage
150,嘴壶夜蛾,Oraesia emarginata,薯蓣,Dioscorea,危害,Damage
151,鸟嘴壶夜蛾,Oraesia excavata,柑橘,Tangerine,危害,Damage
152,鸟嘴壶夜蛾,Oraesia excavata,葡萄,Grape,危害,Damage
153,鸟嘴壶夜蛾,Oraesia excavata,苹果,apple,危害,Damage
154,柑橘花蕾蛆,Contarinia citri,柑橘类,Citrus,危害,Damage
155,柑橘小实蝇,Bactrocera dorsalis,害柑,Citrus,危害,Damage
156,柑橘小实蝇,Bactrocera dorsalis,芒,Mang,危害,Damage
157,柑橘小实蝇,Bactrocera dorsalis,枇,loquat,危害,Damage
158,柑橘小实蝇,Bactrocera dorsalis,无花果,Fig,危害,Damage
159,橘二叉蚜,Toxoptera aurantii,柑橘类,Citrus,危害,Damage
160,橘二叉蚜,Toxoptera aurantii,荔枝,litchi,危害,Damage
161,橘二叉蚜,Toxoptera aurantii,香蕉,banana,危害,Damage
162,橘二叉蚜,Toxoptera aurantii,菠萝,Pineapple,危害,Damage
163,橘二叉蚜,Toxoptera aurantii,可可,cocoa,危害,Damage
164,橘二叉蚜,Toxoptera aurantii,咖啡,coffee,危害,Damage
165,橘二叉蚜,Toxoptera aurantii,胡椒,black pepper,危害,Damage
166,橘蚜,Aphis citricidus,柑橘类,Citrus,危害,Damage
167,大绿蝽,Rhynchocoris humeralis,柑橘,Tangerine,危害,Damage
168,大绿蝽,Rhynchocoris humeralis,苹,apple,危害,Damage
169,大绿蝽,Rhynchocoris humeralis,梨,pear,危害,Damage
170,黑刺粉虱,Aleurocanthus spiniferus,柑橘,Tangerine,危害,Damage
171,黑刺粉虱,Aleurocanthus spiniferus,枇杷,Loquat,危害,Damage
172,黑刺粉虱,Aleurocanthus spiniferus,苹果,apple,危害,Damage
173,黑刺粉虱,Aleurocanthus spiniferus,葡萄,Grape,危害,Damage
174,黑刺粉虱,Aleurocanthus spiniferus,龙眼,Longan,危害,Damage
175,黑刺粉虱,Aleurocanthus spiniferus,香蕉,banana,危害,Damage
176,黑刺粉虱,Aleurocanthus spiniferus,橄榄,Olives,危害,Damage
177,柑橘木虱,Diaphorina citri,柑橘类,Citrus,危害,Damage
178,柑橘木虱,Diaphorina citri,柠檬,lemon,危害,Damage
179,柑橘木虱,Diaphorina citri,九里香,Murraya paniculata,危害,Damage
180,吹绵蚧,Icerya purchasi,柑橘,Tangerine,危害,Damage
181,吹绵蚧,Icerya purchasi,海桐,Pittosporum,危害,Damage
182,吹绵蚧,Icerya purchasi,木麻黄,Casuarina equisetifolia,危害,Damage
183,吹绵蚧,Icerya purchasi,台湾相思,Taiwan Acacia,危害,Damage
184,堆蜡粉蚧,Nipaecoccus viridis,柑橘,Tangerine,危害,Damage
185,堆蜡粉蚧,Nipaecoccus viridis,菠萝,Pineapple,危害,Damage
186,堆蜡粉蚧,Nipaecoccus viridis,芒果,mango,危害,Damage
187,堆蜡粉蚧,Nipaecoccus viridis,龙眼,Longan,危害,Damage
188,堆蜡粉蚧,Nipaecoccus viridis,葡萄,Grape,危害,Damage
189,矢尖蚧,Unaspis yanonensis,柑橘类,Citrus,危害,Damage
190,矢尖蚧,Unaspis yanonensis,龙眼,Longan,危害,Damage
191,矢尖蚧,Unaspis yanonensis,番石榴,Guava,危害,Damage
192,红蜡蚧,Ceroplastes rubens,柑橘,Tangerine,危害,Damage
193,红蜡蚧,Ceroplastes rubens,苹果,apple,危害,Damage
194,红蜡蚧,Ceroplastes rubens,樱桃,cherry,危害,Damage
195,红蜡蚧,Ceroplastes rubens,荔枝,litchi,危害,Damage
196,红蜡蚧,Ceroplastes rubens,杨梅,Bayberry,危害,Damage
197,红蜡蚧,Ceroplastes rubens,无花果,Fig,危害,Damage
198,红蜡蚧,Ceroplastes rubens,忙果,Busy Fruit,危害,Damage
199,红蜡蚧,Ceroplastes rubens,石榴,Pomegranate,危害,Damage
200,褐圆蚧,Chrysomphalus aonidum,柑橘,Tangerine,危害,Damage
201,褐圆蚧,Chrysomphalus aonidum,柠檬,lemon,危害,Damage
202,褐圆蚧,Chrysomphalus aonidum,椰子,coconut,危害,Damage
203,褐圆蚧,Chrysomphalus aonidum,香蕉,banana,危害,Damage
204,褐圆蚧,Chrysomphalus aonidum,无花果,Fig,危害,Damage
205,糠片蚧,Parlatoria pergandii,柑橘,Tangerine,危害,Damage
206,糠片蚧,Parlatoria pergandii,柠檬,lemon,危害,Damage
207,糠片蚧,Parlatoria pergandii,无花果,Fig,危害,Damage
208,糠片蚧,Parlatoria pergandii,苹果,apple,危害,Damage
209,糠片蚧,Parlatoria pergandii,樱桃,cherry,危害,Damage
210,糠片蚧,Parlatoria pergandii,葡萄,Grape,危害,Damage
211,柑橘全爪螨,Panonychus citri,柑橘类,Citrus,危害,Damage
212,柑橘全爪螨,Panonychus citri,沙梨,Pear,危害,Damage
213,柑橘全爪螨,Panonychus citri,蒲桃,Syzygium wilfordii,危害,Damage
214,柑橘始叶螨,Eotetranychus kankitus,柑橘类,Citrus,危害,Damage
215,柑橘始叶螨,Eotetranychus kankitus,葡萄,Grape,危害,Damage
216,柑橘始叶螨,Eotetranychus kankitus,戴豆,Dai Dou,危害,Damage
217,柑橘始叶螨,Eotetranychus kankitus,小旋花,Bindweed,危害,Damage
218,柑橘始叶螨,Eotetranychus kankitus,蟋蟀草,Cricket Grass,危害,Damage
219,柑橘凤蝶,Papilio xuthus,芸香,rue,危害,Damage
220,柑橘凤蝶,Papilio xuthus,花椒,Sichuan peppercorn,危害,Damage
221,柑橘凤蝶,Papilio xuthus,小茴香,Cumin,危害,Damage
222,柑橘凤蝶,Papilio xuthus,胡萝卜,carrot,危害,Damage
223,拟小黄卷叶蛾,Adoxophyes cyrtosema,荔枝,litchi,危害,Damage
224,拟小黄卷叶蛾,Adoxophyes cyrtosema,龙眼,Longan,危害,Damage
225,拟小黄卷叶蛾,Adoxophyes cyrtosema,柑橘,Tangerine,危害,Damage
226,拟小黄卷叶蛾,Adoxophyes cyrtosema,茶树,tea tree,危害,Damage
227,拟小黄卷叶蛾,Adoxophyes cyrtosema,茉莉,Jasmine,危害,Damage
228,茶蓑蛾,Clania minuscula,苹果,apple,危害,Damage
229,茶蓑蛾,Clania minuscula,樱桃,cherry,危害,Damage
230,茶蓑蛾,Clania minuscula,柑橘,Tangerine,危害,Damage
231,茶蓑蛾,Clania minuscula,石榴,Pomegranate,危害,Damage
232,茶蓑蛾,Clania minuscula,葡萄,Grape,危害,Damage
233,茶蓑蛾,Clania minuscula,枇杷,Loquat,危害,Damage
234,茶蓑蛾,Clania minuscula,花椒,Sichuan peppercorn,危害,Damage
235,茶蓑蛾,Clania minuscula,山茶,Camellia,危害,Damage
236,油桐尺蛾,Buzura suppressaria,柑橘,Tangerine,危害,Damage
237,油桐尺蛾,Buzura suppressaria,油桐,Tung oil tree,危害,Damage
238,油桐尺蛾,Buzura suppressaria,扁柏,Chamaecyparis obtusifolia,危害,Damage
239,油桐尺蛾,Buzura suppressaria,刺槐,locust,危害,Damage
240,油桐尺蛾,Buzura suppressaria,漆树,Rhus,危害,Damage
241,油桐尺蛾,Buzura suppressaria,麻栎,Quercus acutissima,危害,Damage
242,油桐尺蛾,Buzura suppressaria,板栗,Chestnut,危害,Damage
243,油桐尺蛾,Buzura suppressaria,花椒,Sichuan peppercorn,危害,Damage
244,达摩凤蝶,Papilio demoleus,柑橘类,Citrus,危害,Damage
245,玉带凤蝶,Papilio polytes,柑橘类果树,Citrus trees,危害,Damage
246,玉带凤蝶,Papilio polytes,柑橘,Tangerine,危害,Damage
247,玉带凤蝶,Papilio polytes,花椒,Sichuan peppercorn,危害,Damage
248,玉带凤蝶,Papilio polytes,山椒,Sansho,危害,Damage
249,柑橘恶性叶甲,Clitea metallica,柑橘类,Citrus,危害,Damage
250,绿鳞象甲,Hypomeces squamosus,林木,forest,危害,Damage
251,柑橘灰象甲,Sympiezomias citri,柑橘类,Citrus,危害,Damage
252,柑橘灰象甲,Sympiezomias citri,龙眼,Longan,危害,Damage
253,柑橘灰象甲,Sympiezomias citri,荔枝,litchi,危害,Damage
254,柑橘灰象甲,Sympiezomias citri,茉莉,Jasmine,危害,Damage
255,柑橘灰象甲,Sympiezomias citri,野芝麻,Wild sesame,危害,Damage
256,柑橘灰象甲,Sympiezomias citri,柑橘,Tangerine,危害,Damage
257,柑橘潜叶蛾,Phyllocnistis citrella,柑橘类,Citrus,危害,Damage
258,柑橘爆皮虫,Agrilus auriventris,柑橘类,Citrus,危害,Damage
259,柑橘溜皮虫,Agrilus sp.（假设为窄吉丁属）,柑橘,Tangerine,危害,Damage
260,橘褐天牛,Nadezhdiella cantori,柑橘类,Citrus,危害,Damage
261,橘褐天牛,Nadezhdiella cantori,柠檬,lemon,危害,Damage
262,橘褐天牛,Nadezhdiella cantori,葡萄,Grape,危害,Damage
263,光盾绿天牛,Chelidonium argentatum,柑橘类,Citrus,危害,Damage
264,光盾绿天牛,Chelidonium argentatum,柠檬,lemon,危害,Damage
265,黑翅土白蚁,Odontotermes formosanus,柑橘,Tangerine,危害,Damage
266,黑翅土白蚁,Odontotermes formosanus,苹果,apple,危害,Damage
267,黑翅土白蚁,Odontotermes formosanus,杉木,Chinese fir,危害,Damage
268,黑翅土白蚁,Odontotermes formosanus,池杉,Pool cypress,危害,Damage
269,黑翅土白蚁,Odontotermes formosanus,黑荆,Blackthorn,危害,Damage
270,黑翅土白蚁,Odontotermes formosanus,泡桐,Paulownia,危害,Damage
271,黑翅土白蚁,Odontotermes formosanus,木荷,Schima superba,危害,Damage
272,荔枝霜疫霉病,Peronophthora litchii,荔枝,litchi,危害,Damage
273,荔枝炭疽病,Colletotrichum gloeosporioides,荔枝,litchi,危害,Damage
274,荔枝酸腐病,Geotrichum candidum,荔枝,litchi,危害,Damage
275,荔枝叶斑病,Alternaria ,荔枝,litchi,危害,Damage
276,荔枝叶斑病,Alternaria ,龙眼,Longan,危害,Damage
277,黑蚱蝉,Cryptotympana atrata,苹果,apple,危害,Damage
278,黑蚱蝉,Cryptotympana atrata,山楂,hawthorn,危害,Damage
279,黑蚱蝉,Cryptotympana atrata,樱桃,cherry,危害,Damage
280,黑蚱蝉,Cryptotympana atrata,柑橘,Tangerine,危害,Damage
281,黑蚱蝉,Cryptotympana atrata,枇杷,Loquat,危害,Damage
282,黑蚱蝉,Cryptotympana atrata,荔枝,litchi,危害,Damage
283,黑蚱蝉,Cryptotympana atrata,葡萄,Grape,危害,Damage
284,桥夜蛾,Anomis mesogona,柑橘,Tangerine,危害,Damage
285,荔枝斑点病,Litchi Coniothyrium leaf spot,荔枝,litchi,危害,Damage
286,荔枝斑点病,Litchi Coniothyrium leaf spot,龙眼,Longan,危害,Damage
287,荔枝壳二孢叶斑病,Ascochyta sp.,荔枝,litchi,危害,Damage
288,荔枝煤烟病,Meliola ,龙眼,Longan,危害,Damage
289,荔枝煤烟病,Meliola ,番石榴,Guava,危害,Damage
290,荔枝煤烟病,Meliola ,黄皮,Yellow skin,危害,Damage
291,荔枝煤烟病,Meliola ,柑桔,Citrus,危害,Damage
292,荔枝叶枯病,Litchi leaf blight,荔枝,litchi,危害,Damage
293,荔枝地衣病,Litchi Lichen Disease,龙眼,Longan,危害,Damage
294,荔枝地衣病,Litchi Lichen Disease,柑橘,Tangerine,危害,Damage
295,荔枝蝽,Tessaratoma papillosa,荔枝,litchi,危害,Damage
296,荔枝蝽,Tessaratoma papillosa,龙眼,Longan,危害,Damage
297,荔枝蝽,Tessaratoma papillosa,柑橘,Tangerine,危害,Damage
298,荔枝蝽,Tessaratoma papillosa,黄皮,Yellow skin,危害,Damage
299,荔枝蝽,Tessaratoma papillosa,番石榴,Guava,危害,Damage
300,荔枝蝽,Tessaratoma papillosa,桉树,eucalyptus,危害,Damage
301,荔枝蝽,Tessaratoma papillosa,枇杷,Loquat,危害,Damage
302,红带滑胸针蓟马,Selenothrips rubrocinctus,油桐,Tung oil tree,危害,Damage
303,红带滑胸针蓟马,Selenothrips rubrocinctus,乌桕,Sapium sebiferum,危害,Damage
304,红带滑胸针蓟马,Selenothrips rubrocinctus,板栗,Chestnut,危害,Damage
305,红带滑胸针蓟马,Selenothrips rubrocinctus,荔枝,litchi,危害,Damage
306,红带滑胸针蓟马,Selenothrips rubrocinctus,橄榄,Olives,危害,Damage
307,白蛾蜡蝉,Lawana imitata,荔枝,litchi,危害,Damage
308,白蛾蜡蝉,Lawana imitata,龙眼,Longan,危害,Damage
309,白蛾蜡蝉,Lawana imitata,柑橘,Tangerine,危害,Damage
310,白蛾蜡蝉,Lawana imitata,芒果,mango,危害,Damage
311,白蛾蜡蝉,Lawana imitata,木菠萝,Pineapple,危害,Damage
312,白蛾蜡蝉,Lawana imitata,咖啡,coffee,危害,Damage
313,白蛾蜡蝉,Lawana imitata,石榴,Pomegranate,危害,Damage
314,白蛾蜡蝉,Lawana imitata,无花果,Fig,危害,Damage
315,白蛾蜡蝉,Lawana imitata,木瓜,pawpaw,危害,Damage
316,白蛾蜡蝉,Lawana imitata,胡椒,black pepper,危害,Damage
317,双线盗毒蛾,Lawana imitata,柑橘,Tangerine,危害,Damage
318,双线盗毒蛾,Porthesia scintillans,龙眼,Longan,危害,Damage
319,双线盗毒蛾,Porthesia scintillans,苹果,apple,危害,Damage
320,双线盗毒蛾,Porthesia scintillans,桃树,peach,危害,Damage
321,小白纹毒蛾,Porthesia scintillans,柑橘,Tangerine,危害,Damage
322,小白纹毒蛾,Notoedidae simplex,葡萄,Grape,危害,Damage
323,小白纹毒蛾,Notoedidae simplex,苹果,apple,危害,Damage
324,小白纹毒蛾,Notoedidae simplex,蔬菜,vegetable,危害,Damage
325,爻纹细蛾,Notoedidae simplex,荔枝,litchi,危害,Damage
326,爻纹细蛾,Acrocercops cramerella,龙眼,Longan,危害,Damage
327,爻纹细蛾,Acrocercops cramerella,芒果,mango,危害,Damage
328,蓖麻夜蛾,Acrocercops cramerella,蓖麻,Castor,危害,Damage
329,蓖麻夜蛾,Achaea janata,木薯,Cassava,危害,Damage
330,蓖麻夜蛾,Achaea janata,飞扬草,Flying Grass,危害,Damage
331,蓖麻夜蛾,Achaea janata,台湾相思,Taiwan Acacia,危害,Damage
332,毛翅夜蛾,Achaea janata,苹果,apple,危害,Damage
333,毛翅夜蛾,Dermaleipa juno,葡萄,Grape,危害,Damage
334,毛翅夜蛾,Dermaleipa juno,柑橘,Tangerine,危害,Damage
335,茶卷叶蛾,Dermaleipa juno,茶树,tea tree,危害,Damage
336,茶卷叶蛾,Homona coffearia,油茶,Camellia oleifera,危害,Damage
337,茶卷叶蛾,Homona coffearia,荔枝,litchi,危害,Damage
338,茶卷叶蛾,Homona coffearia,龙眼,Longan,危害,Damage
339,茶卷叶蛾,Homona coffearia,柑橘,Tangerine,危害,Damage
340,茶卷叶蛾,Homona coffearia,苹果,apple,危害,Damage
341,茶卷叶蛾,Homona coffearia,杨桃,Carambola,危害,Damage
342,茶卷叶蛾,Homona coffearia,板栗,Chestnut,危害,Damage
343,茶卷叶蛾,Homona coffearia,枇杷,Loquat,危害,Damage
344,茶卷叶蛾,Homona coffearia,咖啡,coffee,危害,Damage
345,油桐尺蠖,Buzura suppressaria,油茶,Camellia oleifera,危害,Damage
346,油桐尺蠖,Buzura suppressaria,木荷,Schima superba,危害,Damage
347,油桐尺蠖,Buzura suppressaria,乌桕,Sapium sebiferum,危害,Damage
348,油桐尺蠖,Buzura suppressaria,油桐,Tung oil tree,危害,Damage
349,咖啡木蠹蛾,Zeuzera coffeae,咖啡,coffee,危害,Damage
350,咖啡木蠹蛾,Zeuzera coffeae,荔枝,litchi,危害,Damage
351,咖啡木蠹蛾,Zeuzera coffeae,龙眼,Longan,危害,Damage
352,咖啡木蠹蛾,Zeuzera coffeae,柑橘,Tangerine,危害,Damage
353,咖啡木蠹蛾,Zeuzera coffeae,枇杷,Loquat,危害,Damage
354,咖啡木蠹蛾,Zeuzera coffeae,葡萄,Grape,危害,Damage
355,白囊蓑蛾,Chalioides kondonis,油茶,Camellia oleifera,危害,Damage
356,银毛吹棉蚧,Icerya seychellarum,柑橘,Tangerine,危害,Damage
357,银毛吹棉蚧,Icerya seychellarum,枇杷,Loquat,危害,Damage
358,银毛吹棉蚧,Icerya seychellarum,杧果,Mango,危害,Damage
359,银毛吹棉蚧,Icerya seychellarum,石榴,Pomegranate,危害,Damage
360,龙眼鸡,Fulgora candelaria,龙眼,Longan,危害,Damage
361,龙眼鸡,Fulgora candelaria,荔枝,litchi,危害,Damage
362,龙眼鸡,Fulgora candelaria,橄榄,Olives,危害,Damage
363,龙眼鸡,Fulgora candelaria,芒果,mango,危害,Damage
364,龙眼鸡,Fulgora candelaria,柚子,Grapefruit,危害,Damage
365,角蜡蚧,Ceroplastes ceriferus,苹果,apple,危害,Damage
366,角蜡蚧,Ceroplastes ceriferus,柑橘,Tangerine,危害,Damage
367,角蜡蚧,Ceroplastes ceriferus,枇杷,Loquat,危害,Damage
368,角蜡蚧,Ceroplastes ceriferus,无花果,Fig,危害,Damage
369,角蜡蚧,Ceroplastes ceriferus,荔枝,litchi,危害,Damage
370,角蜡蚧,Ceroplastes ceriferus,杨梅,Bayberry,危害,Damage
371,角蜡蚧,Ceroplastes ceriferus,芒果,mango,危害,Damage
372,角蜡蚧,Ceroplastes ceriferus,石榴,Pomegranate,危害,Damage
373,角蜡蚧,Ceroplastes ceriferus,樱桃,cherry,危害,Damage
374,珀蝽,Plautia fimbriata,柑橘,Tangerine,危害,Damage
375,珀蝽,Plautia fimbriata,荔枝,litchi,危害,Damage
376,珀蝽,Plautia fimbriata,龙眼,Longan,危害,Damage
377,小青花金龟,Oxycetonia jucunda,山楂,hawthorn,危害,Damage
378,小青花金龟,Oxycetonia jucunda,苹果,apple,危害,Damage
379,小青花金龟,Oxycetonia jucunda,葡萄,Grape,危害,Damage
380,小青花金龟,Oxycetonia jucunda,柑橘,Tangerine,危害,Damage
381,白星花金龟,Protaetia brevitarsis,苹果,apple,危害,Damage
382,白星花金龟,Protaetia brevitarsis,樱桃,cherry,危害,Damage
383,白星花金龟,Protaetia brevitarsis,葡萄,Grape,危害,Damage
384,白星花金龟,Protaetia brevitarsis,柑橘,Tangerine,危害,Damage
385,芒果炭疽病,Colletotrichum gloeosporioides,芒果,mango,危害,Damage
386,芒果流胶病,Botryosphaeria,芒果,mango,危害,Damage
387,芒果黑色蒂腐病,Botryosphaeria rhodina,芒果,mango,危害,Damage
388,芒果横纹尾夜蛾,Chlumetia transversa,芒果,mango,危害,Damage
389,褐边绿刺蛾,Parasa consocia,苹果,apple,危害,Damage
390,褐边绿刺蛾,Parasa consocia,柑橘,Tangerine,危害,Damage
391,褐边绿刺蛾,Parasa consocia,樱桃,cherry,危害,Damage
392,褐边绿刺蛾,Parasa consocia,海棠,Begonia,危害,Damage
393,褐边绿刺蛾,Parasa consocia,山楂,hawthorn,危害,Damage
394,褐边绿刺蛾,Parasa consocia,枇杷,Loquat,危害,Damage
395,褐边绿刺蛾,Parasa consocia,核桃,Walnut,危害,Damage
396,褐边绿刺蛾,Parasa consocia,石榴,Pomegranate,危害,Damage
397,脊胸天牛,Rhytidodera bowringii,腰果,cashew,危害,Damage
398,大青叶蝉,Cicadella viridis,苹果,apple,危害,Damage
399,黄褐天幕毛虫,Malacosoma neustria,苹果,apple,危害,Damage
400,黄褐天幕毛虫,Malacosoma neustria,樱桃,cherry,危害,Damage
401,黄褐天幕毛虫,Malacosoma neustria,海棠,Begonia,危害,Damage
402,黄褐天幕毛虫,Malacosoma neustria,沙果,Crab apple,危害,Damage
403,枇杷灰斑病,Pestalotiopsis funerea,枇杷,Loquat,危害,Damage
404,枇杷斑点病,Phyllosticta ,枇杷,Loquat,危害,Damage
405,枇杷胡麻色斑点病,Loquat Phyllosticta leaf spot,枇杷,Loquat,危害,Damage
406,枇杷黄毛虫,Melanographia flexilineata,枇杷,Loquat,危害,Damage
407,黄星天牛,Psacothea hilaris,无花果,Fig,危害,Damage
408,黄星天牛,Psacothea hilaris,油桐,Tung oil tree,危害,Damage
409,黄星天牛,Psacothea hilaris,批把,batch,危害,Damage
410,黄星天牛,Psacothea hilaris,柑桔,Citrus,危害,Damage
411,香蕉交脉蚜,Pentalonia nigronervosa,芭蕉,banana,危害,Damage
412,香蕉交脉蚜,Pentalonia nigronervosa,木瓜,pawpaw,危害,Damage
413,香蕉交脉蚜,Pentalonia nigronervosa,小豆落,Small bean drop,危害,Damage
414,香蕉交脉蚜,Pentalonia nigronervosa,昙华,Tanhua,危害,Damage
415,香蕉交脉蚜,Pentalonia nigronervosa,羊齿,Fern,危害,Damage
416,香蕉褐缘灰斑病,Cercospora musae,香蕉,banana,危害,Damage
417,香蕉黑星病,Macrophoma musae,香蕉,banana,危害,Damage
418,香蕉束顶病,Banana bunchy top virus,香蕉,banana,危害,Damage
419,斑须蝽,Dolycoris baccarum,苹果,apple,危害,Damage
420,斑须蝽,Dolycoris baccarum,山楂,hawthorn,危害,Damage
421,斑须蝽,Dolycoris baccarum,草莓,strawberry,危害,Damage
422,斑须蝽,Dolycoris baccarum,枸杞,Wolfberry,危害,Damage
423,斑须蝽,Dolycoris baccarum,禾谷类,Cereals,危害,Damage
424,斑须蝽,Dolycoris baccarum,蔬菜,vegetable,危害,Damage
425,斑须蝽,Dolycoris baccarum,林木,forest,危害,Damage
426,四纹丽金龟,Popillia quadriguttata,葡萄,Grape,危害,Damage
427,四纹丽金龟,Popillia quadriguttata,苹果,apple,危害,Damage
428,四纹丽金龟,Popillia quadriguttata,山楂,hawthorn,危害,Damage
429,四纹丽金龟,Popillia quadriguttata,樱桃,cherry,危害,Damage
430,小黄卷叶蛾,Adoxophyes orana,油茶,Camellia oleifera,危害,Damage
431,小黄卷叶蛾,Adoxophyes orana,柑桔,Citrus,危害,Damage
432,顶芽卷蛾,Spilonota lechriaspis,山楂,hawthorn,危害,Damage
433,顶芽卷蛾,Spilonota lechriaspis,海棠,Begonia,危害,Damage
434,桃斑蛾,Illiberis nigra,樱桃,cherry,危害,Damage
435,桃斑蛾,Illiberis nigra,山楂,hawthorn,危害,Damage
436,山楂叶螨,Tetranychus viennensis,苹果,apple,危害,Damage
437,山楂叶螨,Tetranychus viennensis,樱桃,cherry,危害,Damage
438,山楂叶螨,Tetranychus viennensis,山楂,hawthorn,危害,Damage
439,山楂叶螨,Tetranychus viennensis,核桃,Walnut,危害,Damage
440,李枯叶蛾,Amurilla subpurpurea,苹果,apple,危害,Damage
441,李枯叶蛾,Amurilla subpurpurea,沙果,Crab apple,危害,Damage
442,李枯叶蛾,Amurilla subpurpurea,樱桃,cherry,危害,Damage
443,李枯叶蛾,Amurilla subpurpurea,核桃,Walnut,危害,Damage
444,天幕毛虫,Malacosoma neustria,苹果,apple,危害,Damage
445,天幕毛虫,Malacosoma neustria,樱桃,cherry,危害,Damage
446,光肩星天牛,Anoplophora glabripennis,苹果,apple,危害,Damage
447,光肩星天牛,Anoplophora glabripennis,山楂,hawthorn,危害,Damage
448,光肩星天牛,Anoplophora glabripennis,樱桃,cherry,危害,Damage
449,粒肩天牛,Apriona germari,苹果,apple,危害,Damage
450,粒肩天牛,Apriona germari,梹沙果,Psoralea corylifolia,危害,Damage
451,粒肩天牛,Apriona germari,海棠,Begonia,危害,Damage
452,粒肩天牛,Apriona germari,山楂,hawthorn,危害,Damage
453,粒肩天牛,Apriona germari,樱桃,cherry,危害,Damage
454,粒肩天牛,Apriona germari,柑橘,Tangerine,危害,Damage
455,粒肩天牛,Apriona germari,无花果,Fig,危害,Damage
456,粒肩天牛,Apriona germari,枇杷,Loquat,危害,Damage
457,桃蚜,Myzus persicae,为害,Harm,危害,Damage
458,桃粉大尾蚜,Hyalopterus amygdali,樱桃,cherry,危害,Damage
459,桃粉大尾蚜,Hyalopterus amygdali,山楂,hawthorn,危害,Damage
460,桃粉大尾蚜,Hyalopterus amygdali,禾本,Gramineae,危害,Damage
461,朝鲜球坚蚧,Didesmococcus koreanus,海棠,Begonia,危害,Damage
462,朝鲜球坚蚧,Didesmococcus koreanus,苹果,apple,危害,Damage
463,桑白蚧,Pseudaulacaspis pentagona,樱桃,cherry,危害,Damage
464,桑白蚧,Pseudaulacaspis pentagona,苹果,apple,危害,Damage
465,桑白蚧,Pseudaulacaspis pentagona,葡萄,Grape,危害,Damage
466,桑白蚧,Pseudaulacaspis pentagona,核桃,Walnut,危害,Damage
467,桑白蚧,Pseudaulacaspis pentagona,枇杷,Loquat,危害,Damage
468,桑白蚧,Pseudaulacaspis pentagona,醋栗,gooseberry,危害,Damage
469,桑白蚧,Pseudaulacaspis pentagona,柑橘,Tangerine,危害,Damage
470,樱桃灰霉病,Botrytis cinerea,水果,fruit,危害,Damage
471,樱桃灰霉病,Botrytis cinerea,蔬菜,vegetable,危害,Damage
472,樱桃灰霉病,Botrytis cinerea,花卉,flowers,危害,Damage
473,樱桃小果病,Cherry Little Cherry Disease,甜樱桃,Sweet Cherry,危害,Damage
474,苹掌舟蛾,Phalera flavescens,苹果,apple,危害,Damage
475,苹掌舟蛾,Phalera flavescens,山楂,hawthorn,危害,Damage
476,苹掌舟蛾,Phalera flavescens,樱桃,cherry,危害,Damage
477,苹掌舟蛾,Phalera flavescens,枇杷,Loquat,危害,Damage
478,苹蚁舟蛾,Stauropus fagi,苹果,apple,危害,Damage
479,苹蚁舟蛾,Stauropus fagi,樱桃,cherry,危害,Damage
480,桃潜叶蛾,Lyonetia clerkella,樱桃,cherry,危害,Damage
481,桃潜叶蛾,Lyonetia clerkella,苹果,apple,危害,Damage
482,桃潜叶蛾,Lyonetia clerkella,山楂,hawthorn,危害,Damage
483,桃潜叶蛾,Lyonetia clerkella,稠李,Prunus aviculare,危害,Damage
484,桃红颈天牛,Aromia bungii,桃树,peach,危害,Damage
485,蚱蝉,Cryptotympana atrata,苹果,apple,危害,Damage
486,蚱蝉,Cryptotympana atrata,山楂,hawthorn,危害,Damage
487,蚱蝉,Cryptotympana atrata,樱桃,cherry,危害,Damage
488,蚱蝉,Cryptotympana atrata,柑橘,Tangerine,危害,Damage
489,蚱蝉,Cryptotympana atrata,枇杷,Loquat,危害,Damage
490,蚱蝉,Cryptotympana atrata,荔枝,litchi,危害,Damage
491,蚱蝉,Cryptotympana atrata,葡萄,Grape,危害,Damage
492,黑星麦蛾,Telphusa chloroderces,苹果,apple,危害,Damage
493,黑星麦蛾,Telphusa chloroderces,樱桃,cherry,危害,Damage
494,杏白带麦蛾,Triaxomera fulvimitrella,樱桃,cherry,危害,Damage
495,杏白带麦蛾,Triaxomera fulvimitrella,苹果,apple,危害,Damage
496,杏白带麦蛾,Triaxomera fulvimitrella,沙果,Crab apple,危害,Damage
497,梅木蛾,Odites issikii,苹果,apple,危害,Damage
498,梅木蛾,Odites issikii,樱桃,cherry,危害,Damage
499,梅木蛾,Odites issikii,葡萄,Grape,危害,Damage
500,樱桃粘叶蜂,Caliroa cerasi,樱桃,cherry,危害,Damage
501,樱桃卷叶蚜,Myzus ,樱桃,cherry,危害,Damage
502,樱桃瘿瘤头蚜,Myzus cerasi,樱桃,cherry,危害,Damage
503,小绿叶蝉,Empoasca flavescens,茄子,eggplant,危害,Damage
504,小绿叶蝉,Empoasca flavescens,十字花科,Cruciferae,危害,Damage
505,小绿叶蝉,Empoasca flavescens,蔬菜,vegetable,危害,Damage
506,小绿叶蝉,Empoasca flavescens,马铃薯,potato,危害,Damage
507,小绿叶蝉,Empoasca flavescens,水稻,Rice,危害,Damage
508,小绿叶蝉,Empoasca flavescens,樱桃,cherry,危害,Damage
509,小绿叶蝉,Empoasca flavescens,葡萄,Grape,危害,Damage
510,茶翅蝽,Halyomorpha halys,苹果,apple,危害,Damage
511,茶翅蝽,Halyomorpha halys,海棠,Begonia,危害,Damage
512,茶翅蝽,Halyomorpha halys,山楂,hawthorn,危害,Damage
513,茶翅蝽,Halyomorpha halys,樱桃,cherry,危害,Damage
514,茶翅蝽,Halyomorpha halys,榅桲,Quince,危害,Damage
515,茶翅蝽,Halyomorpha halys,柑橘,Tangerine,危害,Damage
516,茶翅蝽,Halyomorpha halys,石榴,Pomegranate,危害,Damage
517,梨网蝽,Stephanitis nashi,苹果,apple,危害,Damage
518,梨网蝽,Stephanitis nashi,海棠,Begonia,危害,Damage
519,梨网蝽,Stephanitis nashi,花红,Bonus,危害,Damage
520,梨网蝽,Stephanitis nashi,沙果,Crab apple,危害,Damage
521,梨网蝽,Stephanitis nashi,樱桃,cherry,危害,Damage
522,梨网蝽,Stephanitis nashi,山楂,hawthorn,危害,Damage
523,梨网蝽,Stephanitis nashi,梨树,Pear Tree,危害,Damage
524,葡萄拟茎点霉腐烂病,Phomopsis viticola,葡萄,Grape,危害,Damage
525,葡萄白腐病,Coniothyrium diplodiella,葡萄,Grape,危害,Damage
526,葡萄穗轴褐枯病,Alternaria viticola,葡萄,Grape,危害,Damage
527,葡萄炭疽病,Colletotrichum gloeosporioides,葡萄,Grape,危害,Damage
528,葡萄大房枯病,Leptosphaeria sp.（,葡萄,Grape,危害,Damage
529,葡萄黑痘病,Elsinoë ampelina,葡萄,Grape,危害,Damage
530,葡萄盘多毛孢蔓枯病,Pestalotia sp.,葡萄,Grape,危害,Damage
531,葡萄皮尔斯病,Xylella fastidiosa,葡萄种,Grape variety,危害,Damage
532,葡萄皮尔斯病,Xylella fastidiosa,熏衣草,Lavender,危害,Damage
533,葡萄皮尔斯病,Xylella fastidiosa,百合,lily,危害,Damage
534,葡萄皮尔斯病,Xylella fastidiosa,巴丹杏,Badan Apricot,危害,Damage
535,葡萄皮尔斯病,Xylella fastidiosa,昆土兰栗,Kuntulan chestnut,危害,Damage
536,葡萄皮尔斯病,Xylella fastidiosa,苜蓿,Alfalfa,危害,Damage
537,葡萄扇叶病,Grapevine fanleaf virus,葡萄,Grape,危害,Damage
538,葡萄栓皮病,Grape corky bark virus,葡萄,Grape,危害,Damage
539,葡萄茎痘病,Grape stem pitting,葡萄,Grape,危害,Damage
540,葡萄黄金病,Xylella fastidiosa,葡萄,Grape,危害,Damage
541,葡萄花叶病,Arabis mosaic virus ,葡萄,Grape,危害,Damage
542,葡萄转色病,Grape Berry Discoloration,葡萄,Grape,危害,Damage
543,葡萄日灼病,Sunburn in Grapes,葡萄,Grape,危害,Damage
544,葡萄黄叶病,Grapevine Yellows,葡萄,Grape,危害,Damage
545,葡萄缺铁病,Iron deficiency in grapevines,葡萄,Grape,危害,Damage
546,葡萄缺钾病,Grapevine Potassium Deficiency,葡萄,Grape,危害,Damage
547,葡萄缺锌病,Grapevine Zinc Deficiency,葡萄,Grape,危害,Damage
548,葡萄长须卷蛾,Sparganothis pilleriana,葡萄,Grape,危害,Damage
549,葡萄长须卷蛾,Sparganothis pilleriana,棠梨,Pear,危害,Damage
550,葡萄长须卷蛾,Sparganothis pilleriana,油桐,Tung oil tree,危害,Damage
551,葡萄长须卷蛾,Sparganothis pilleriana,大豆,Soybean,危害,Damage
552,雀纹天蛾,Theretra japonica,葡萄,Grape,危害,Damage
553,雀纹天蛾,Theretra japonica,常春藤,ivy,危害,Damage
554,葡萄斑蛾,Illiberis tenuis,葡萄,Grape,危害,Damage
555,旋目夜蛾,Speiredonia retorta,合欢,Albizzia,危害,Damage
556,旋目夜蛾,Speiredonia retorta,泡桐,Paulownia,危害,Damage
557,旋目夜蛾,Speiredonia retorta,苹果,apple,危害,Damage
558,旋目夜蛾,Speiredonia retorta,葡萄,Grape,危害,Damage
559,旋目夜蛾,Speiredonia retorta,柑橘,Tangerine,危害,Damage
560,旋目夜蛾,Speiredonia retorta,枇杷,Loquat,危害,Damage
561,葡萄虎蛾,Seudyra subflava,葡萄,Grape,危害,Damage
562,台湾黄毒蛾,Porthesia taiwana,葡萄,Grape,危害,Damage
563,台湾黄毒蛾,Porthesia taiwana,柑橘,Tangerine,危害,Damage
564,台湾黄毒蛾,Porthesia taiwana,咖啡,coffee,危害,Damage
565,台湾黄毒蛾,Porthesia taiwana,芦笋,asparagus,危害,Damage
566,葡萄十星叶甲,Oides decempunctata,葡萄,Grape,危害,Damage
567,葡萄十星叶甲,Oides decempunctata,爬山虎,Ivy,危害,Damage
568,葡萄十星叶甲,Oides decempunctata,黄荆树,Vitex nigra,危害,Damage
569,葡萄瘿蚊,Cecidomyia sp.,葡萄,Grape,危害,Damage
570,葡萄根瘤蚜,Viteus vitifolii,葡萄,Grape,危害,Damage
571,桃一点斑叶蝉,Erythroneura sudra,葡萄,Grape,危害,Damage
572,桃一点斑叶蝉,Erythroneura sudra,桂花,Osmanthus fragrans,危害,Damage
573,桃一点斑叶蝉,Erythroneura sudra,樱花,Cherry blossoms,危害,Damage
574,桃一点斑叶蝉,Erythroneura sudra,海桐,Pittosporum,危害,Damage
575,烟蓟马,Thrips tabaci,葡萄,Grape,危害,Damage
576,烟蓟马,Thrips tabaci,苹果,apple,危害,Damage
577,烟蓟马,Thrips tabaci,柑橘,Tangerine,危害,Damage
578,烟蓟马,Thrips tabaci,草莓,strawberry,危害,Damage
579,烟蓟马,Thrips tabaci,菠萝,Pineapple,危害,Damage
580,烟蓟马,Thrips tabaci,烟草,tobacco,危害,Damage
581,葡萄虎天牛,Xylotrechus pyrrhoderus,葡萄,Grape,危害,Damage
582,葡萄透翅蛾,Paranthrene regalis,葡萄,Grape,危害,Damage
583,斑喙丽金龟,Adoretus tenuimaculatus,葡萄,Grape,危害,Damage
584,斑喙丽金龟,Adoretus tenuimaculatus,山楂,hawthorn,危害,Damage
585,斑喙丽金龟,Adoretus tenuimaculatus,苹果,apple,危害,Damage
586,斑喙丽金龟,Adoretus tenuimaculatus,板栗,Chestnut,危害,Damage
587,斑喙丽金龟,Adoretus tenuimaculatus,菜豆,kidney bean,危害,Damage
588,斑喙丽金龟,Adoretus tenuimaculatus,大豆,Soybean,危害,Damage
589,斑喙丽金龟,Adoretus tenuimaculatus,玉米,corn,危害,Damage
590,猕猴桃褐色麻斑病,Alternaria ,猕猴桃,kiwi,危害,Damage
591,猕猴桃溃疡病,Pseudomonas syringae pv. actinidiae,猕猴桃,kiwi,危害,Damage
592,栗炭疽病,Colletotrichum gloeosporioides,板栗,Chestnut,危害,Damage
593,栗大蚜,Lachnus tropicalis,板栗,Chestnut,危害,Damage
594,栗大蚜,Lachnus tropicalis,白栎,White Oak,危害,Damage
595,栗大蚜,Lachnus tropicalis,麻栎,Quercus acutissima,危害,Damage
596,栗小爪螨,Oligonychus ununguis,形纲,Shape,危害,Damage
597,栗小爪螨,Oligonychus ununguis,山楂,hawthorn,危害,Damage
598,栗实象虫,Curculio davidi,板栗,Chestnut,危害,Damage
599,栗实象虫,Curculio davidi,茅栗,Castanea chinensis,危害,Damage
600,栗实象虫,Curculio davidi,栎类,Oak,危害,Damage
601,栗实象虫,Curculio davidi,榛子,hazelnut,危害,Damage
602,栗瘿蜂,Dryocosmus kuriphilus,栗树,chestnut,危害,Damage
603,银杏大蚕蛾,Dictyoploca japonica,苹果,apple,危害,Damage
604,银杏大蚕蛾,Dictyoploca japonica,樱桃,cherry,危害,Damage
605,银杏大蚕蛾,Dictyoploca japonica,核桃,Walnut,危害,Damage
606,银杏大蚕蛾,Dictyoploca japonica,银杏,ginkgo,危害,Damage
607,核桃灰斑病,Cercospora ,核桃,Walnut,危害,Damage
608,核桃白粉病,Podosphaera ,核桃,Walnut,危害,Damage
609,核桃举肢蛾,Atrijuglans hetaohei,核桃,Walnut,危害,Damage
610,云斑天牛,Batocera horsfieldi,核桃,Walnut,危害,Damage
611,云斑天牛,Batocera horsfieldi,苹果,apple,危害,Damage
612,云斑天牛,Batocera horsfieldi,核桃树,Walnut Tree,危害,Damage
613,核桃叶甲,Gastrolina depressa,核桃,Walnut,危害,Damage
614,核桃叶甲,Gastrolina depressa,泡核桃,Soaked Walnuts,危害,Damage
615,核桃叶甲,Gastrolina depressa,枫杨,Maple Poplar,危害,Damage
616,褐边绿刺蛾,Parasa consocia,茶树,tea tree,危害,Damage
617,褐边绿刺蛾,Parasa consocia,板栗,Chestnut,危害,Damage
618,黄刺蛾,Cnidocampa flavescens,李,plum,危害,Damage
619,黄刺蛾,Cnidocampa flavescens,桃,Peach,危害,Damage
620,黄刺蛾,Cnidocampa flavescens,楂,Chinese quince,危害,Damage
621,美国白蛾,Hyphantria cunea,苹果,apple,危害,Damage
622,美国白蛾,Hyphantria cunea,海棠,Begonia,危害,Damage
623,美国白蛾,Hyphantria cunea,山楂,hawthorn,危害,Damage
624,美国白蛾,Hyphantria cunea,樱桃,cherry,危害,Damage
625,美国白蛾,Hyphantria cunea,葡萄,Grape,危害,Damage
626,木橑尺蠖,Culcula panterinaria,为害,Harm,危害,Damage
627,木橑尺蠖,Culcula panterinaria,橑和核桃,Walnuts,危害,Damage
628,枣锈病,Phakopsora ziziphi - vulgaris,枣树,jujube,危害,Damage
629,枣焦叶病,Jujube leaf blight,枣树,jujube,危害,Damage
630,枣炭疽病,Colletotrichum gloeosporioides,枣树,jujube,危害,Damage
631,枣树根朽病,Armillaria ,枣树,jujube,危害,Damage
632,枣树腐烂病,Botryosphaeria ,枣树,jujube,危害,Damage
633,枣缩果病,Jujube fruit Erwinia rot,枣果,Date fruit,危害,Damage
634,枣树根癌病,Agrobacterium tumefaciens,枣树,jujube,危害,Damage
635,枣疯病,Jujube Witches' Broom,枣树,jujube,危害,Damage
636,枣瘿蚊,Contarinia sp.,害枣,Jujube,危害,Damage
637,枣飞象,Scythropus yasumatsui,苹果,apple,危害,Damage
638,枣飞象,Scythropus yasumatsui,核桃,Walnut,危害,Damage
639,枣飞象,Scythropus yasumatsui,泡桐,Paulownia,危害,Damage
640,枣飞象,Scythropus yasumatsui,大豆,Soybean,危害,Damage
641,红缘天牛,Asias halodendri,苹果,apple,危害,Damage
642,梨二叉蚜,Schizaphis piricola,狗尾草,Setaria,危害,Damage
643,梨笠圆盾蚧,Quadraspidiotus perniciosus,苹果,apple,危害,Damage
644,梨笠圆盾蚧,Quadraspidiotus perniciosus,海棠,Begonia,危害,Damage
645,梨笠圆盾蚧,Quadraspidiotus perniciosus,山楂,hawthorn,危害,Damage
646,梨笠圆盾蚧,Quadraspidiotus perniciosus,葡萄,Grape,危害,Damage
647,梨笠圆盾蚧,Quadraspidiotus perniciosus,核桃,Walnut,危害,Damage
648,梨笠圆盾蚧,Quadraspidiotus perniciosus,柑橘,Tangerine,危害,Damage
649,梨笠圆盾蚧,Quadraspidiotus perniciosus,柠檬,lemon,危害,Damage
650,梨笠圆盾蚧,Quadraspidiotus perniciosus,醋栗,gooseberry,危害,Damage
651,梨笠圆盾蚧,Quadraspidiotus perniciosus,樱桃,cherry,危害,Damage
652,梨笠圆盾蚧,Quadraspidiotus perniciosus,草莓,strawberry,危害,Damage
653,日本龟蜡蚧,Ceroplastes japonicus,柑,Mandarin orange,危害,Damage
654,日本龟蜡蚧,Ceroplastes japonicus,果,fruit,危害,Damage
655,日本龟蜡蚧,Ceroplastes japonicus,梨,pear,危害,Damage
656,梨蝽,Urochela luteovaria,苹果,apple,危害,Damage
657,梨蝽,Urochela luteovaria,山楂,hawthorn,危害,Damage
658,梨蝽,Urochela luteovaria,沙果,Crab apple,危害,Damage
659,梨蝽,Urochela luteovaria,樱桃,cherry,危害,Damage
660,梨蝽,Urochela luteovaria,海棠,Begonia,危害,Damage
661,梨蝽,Urochela luteovaria,梨树,Pear Tree,危害,Damage
662,梨蝽,Urochela luteovaria,梨果,Pear,危害,Damage
663,梨缩叶壁虱,Eriophyes pyri,杜梨,Pyrus betula,危害,Damage
664,梨缩叶壁虱,Eriophyes pyri,巴梨,Barry,危害,Damage
665,梨潜皮细蛾,Acrocercops astaurota,苹果,apple,危害,Damage
666,梨叶肿瘿螨,Eriophyes piri,苹果,apple,危害,Damage
667,梨茎蜂,Janus piri,梨树,Pear Tree,危害,Damage
668,梨茎蜂,Janus piri,苹果,apple,危害,Damage
669,梨茎蜂,Janus piri,海棠,Begonia,危害,Damage
670,梨茎蜂,Janus piri,杜梨,Pyrus betula,危害,Damage
671,梨眼天牛,Bacchisa fortunei,苹果,apple,危害,Damage
672,梨眼天牛,Bacchisa fortunei,海棠,Begonia,危害,Damage
673,梨眼天牛,Bacchisa fortunei,山楂,hawthorn,危害,Damage
674,梨眼天牛,Bacchisa fortunei,仁果类,Pome Fruit,危害,Damage
675,梨小吉丁虫,Agrilus mali,枇杷,Loquat,危害,Damage
676,梨小吉丁虫,Agrilus mali,锣木,Gong Wood,危害,Damage
677,梨金缘吉丁,Archips breviplicanus,鞘翅,Elytra,危害,Damage
678,梨金缘吉丁,Archips breviplicanus,吉丁,Gidding,危害,Damage
679,梨金缘吉丁,Archips breviplicanus,梨,pear,危害,Damage
680,梨金缘吉丁,Cimbex taukushi,苹果,apple,危害,Damage
681,梨黄卷蛾,Cimbex taukushi,苹果,apple,危害,Damage
682,梨黄卷蛾,Cimbex taukushi,樱桃,cherry,危害,Damage
683,梨黄卷蛾,Cimbex taukushi,大豆,Soybean,危害,Damage
684,梨大叶蜂,Aphis pomi,山楂,hawthorn,危害,Damage
685,梨大叶蜂,Aphis pomi,樱桃,cherry,危害,Damage
686,梨大叶蜂,Aphis pomi,山定子,Yamadako,危害,Damage
687,梨大叶蜂,Aphis pomi,木瓜,pawpaw,危害,Damage
688,梨大绿蚜,Nippolachnus piri Matsumura,苹果,apple,危害,Damage
689,梨大绿蚜,Nippolachnus piri Matsumura,枇杷,Loquat,危害,Damage
690,梨大绿蚜,Nippolachnus piri Matsumura,厚皮香,Thick leather,危害,Damage
691,盐源片盾蚧,Parlatoria yanyuanensis ,苹果,apple,危害,Damage
692,盐源片盾蚧,Parlatoria yanyuanensis ,木瓜,pawpaw,危害,Damage
693,珀蝽,Plautia fimbriata,梨,pear,危害,Damage
694,辽梨木虱,Psylla liaoli,山梨,Yamanashi,危害,Damage
695,辽梨木虱,Psylla liaoli,白梨,White pear,危害,Damage
696,辽梨木虱,Psylla liaoli,洋梨,Pear,危害,Damage
697,铜绿丽金龟,Anomala corpulenta,桃,Peach,危害,Damage
698,铜绿丽金龟,Anomala corpulenta,李,plum,危害,Damage
699,铜绿丽金龟,Anomala corpulenta,樱,cherry,危害,Damage
700,白星花金龟,Protaetia brevitarsis,梨,pear,危害,Damage
701,山楂叶斑病,Alternaria ,山楂,hawthorn,危害,Damage
702,山楂花腐病,Monilinia,山楂,hawthorn,危害,Damage
703,山楂立枯病,Rhizoctonia,山楂,hawthorn,危害,Damage
704,山楂小食心虫,Grapholitha inopinata,山楂,hawthorn,危害,Damage
705,梨小食心虫,Grapholitha molesta,山楂,hawthorn,危害,Damage
706,梨小食心虫,Grapholitha molesta,苹果,apple,危害,Damage
707,梨小食心虫,Grapholitha molesta,樱桃,cherry,危害,Damage
708,梨小食心虫,Grapholitha molesta,沙果,Crab apple,危害,Damage
709,梨小食心虫,Grapholitha molesta,山荆子,Vitex chinensis,危害,Damage
710,梨小食心虫,Grapholitha molesta,海棠,Begonia,危害,Damage
711,梨小食心虫,Grapholitha molesta,木瓜,pawpaw,危害,Damage
712,梨小食心虫,Grapholitha molesta,枇杷,Loquat,危害,Damage
713,白小食心虫,Spilonota albicana,苹果,apple,危害,Damage
714,白小食心虫,Spilonota albicana,樱桃,cherry,危害,Damage
715,白小食心虫,Spilonota albicana,山楂,hawthorn,危害,Damage
716,白小食心虫,Spilonota albicana,沙果,Crab apple,危害,Damage
717,白小食心虫,Spilonota albicana,海棠,Begonia,危害,Damage
718,山楂绢粉蝶,Aporia crataegi,山楂,hawthorn,危害,Damage
719,山楂绢粉蝶,Aporia crataegi,苹果,apple,危害,Damage
720,山楂绢粉蝶,Aporia crataegi,花红,Bonus,危害,Damage
721,山楂绢粉蝶,Aporia crataegi,冷杉,fir,危害,Damage
722,山楂绢粉蝶,Aporia crataegi,落叶松,Larch,危害,Damage
723,山楂花象甲,Anthonomus sp.,山楂,hawthorn,危害,Damage
724,山楂花象甲,Anthonomus sp.,山里红,Mountain Red,危害,Damage
725,山楂萤叶甲,Galeruca sp.,山楂,hawthorn,危害,Damage
726,山楂萤叶甲,Galeruca sp.,苹果,apple,危害,Damage
727,金环胡蜂,Vespa mandarinia,葡萄,Grape,危害,Damage
728,金环胡蜂,Vespa mandarinia,山楂,hawthorn,危害,Damage
729,金环胡蜂,Vespa mandarinia,苹果,apple,危害,Damage
730,金环胡蜂,Vespa mandarinia,柑橘,Tangerine,危害,Damage
731,山楂喀木虱,Cacopsylla idiocrataegi,山楂,hawthorn,危害,Damage
732,山楂喀木虱,Cacopsylla idiocrataegi,山里红,Mountain Red,危害,Damage
733,桃小食心虫,Carposina niponensis,花红,Bonus,危害,Damage
734,桃小食心虫,Carposina niponensis,海棠,Begonia,危害,Damage
735,桃小食心虫,Carposina niponensis,山楂,hawthorn,危害,Damage
736,桃小食心虫,Carposina niponensis,木瓜,pawpaw,危害,Damage
737,桃蛀螟,Conogethes punctiferalis,核桃,Walnut,危害,Damage
738,桃蛀螟,Conogethes punctiferalis,无花果,Fig,危害,Damage
739,桃蛀螟,Conogethes punctiferalis,松树,pine,危害,Damage
740,芽白小卷蛾,Spilonota lechriaspis,山楂,hawthorn,危害,Damage
741,芽白小卷蛾,Spilonota lechriaspis,海棠,Begonia,危害,Damage
742,黄斑长翅卷叶蛾,Acleris fimbriana,苹果,apple,危害,Damage
743,黄斑长翅卷叶蛾,Acleris fimbriana,杠梨,Pear,危害,Damage
744,黄斑长翅卷叶蛾,Acleris fimbriana,山荆子,Vitex chinensis,危害,Damage
745,黄斑长翅卷叶蛾,Acleris fimbriana,海棠,Begonia,危害,Damage
746,梨星毛虫,Illiberis pruni,苹果,apple,危害,Damage
747,梨星毛虫,Illiberis pruni,海棠,Begonia,危害,Damage
748,梨星毛虫,Illiberis pruni,海红,Sea Red,危害,Damage
749,梨星毛虫,Illiberis pruni,花红,Bonus,危害,Damage
750,棉铃虫,Helicoverpa armigera,苹果,apple,危害,Damage
751,棉铃虫,Helicoverpa armigera,柑橘,Tangerine,危害,Damage
752,棉铃虫,Helicoverpa armigera,葡萄,Grape,危害,Damage
753,棉铃虫,Helicoverpa armigera,无花果,Fig,危害,Damage
754,棉铃虫,Helicoverpa armigera,草莓,strawberry,危害,Damage
755,苹果球蚧,Rhodococcus sariuoni,苹果,apple,危害,Damage
756,苹果球蚧,Rhodococcus sariuoni,梹沙果,Psoralea corylifolia,危害,Damage
757,苹果球蚧,Rhodococcus sariuoni,海棠,Begonia,危害,Damage
758,苹果球蚧,Rhodococcus sariuoni,山楂,hawthorn,危害,Damage
759,苹果球蚧,Rhodococcus sariuoni,樱桃,cherry,危害,Damage
760,金缘吉丁虫,Lampra limbata,山楂,hawthorn,危害,Damage
761,金缘吉丁虫,Lampra limbata,苹果,apple,危害,Damage
762,金缘吉丁虫,Lampra limbata,樱桃,cherry,危害,Damage
763,金缘吉丁虫,Lampra limbata,梹沙果,Psoralea corylifolia,危害,Damage
764,旋纹潜叶蛾,Leucoptera scitella,苹果,apple,危害,Damage
765,旋纹潜叶蛾,Leucoptera scitella,砂果,Sand fruit,危害,Damage
766,舞毒蛾,Lymantria dispar,樱桃,cherry,危害,Damage
767,舞毒蛾,Lymantria dispar,柑橘,Tangerine,危害,Damage
768,舞毒蛾,Lymantria dispar,稠李,Prunus aviculare,危害,Damage
769,扁刺蛾,Thosea sinensis,茶树,tea tree,危害,Damage
770,扁刺蛾,Thosea sinensis,苹果,apple,危害,Damage
771,扁刺蛾,Thosea sinensis,柑橘,Tangerine,危害,Damage
772,扁刺蛾,Thosea sinensis,樱桃,cherry,危害,Damage
773,扁刺蛾,Thosea sinensis,枇杷,Loquat,危害,Damage
774,扁刺蛾,Thosea sinensis,核桃,Walnut,危害,Damage
775,扁刺蛾,Thosea sinensis,芒果,mango,危害,Damage
776,红棕灰夜蛾,Polia illoba,茄子,eggplant,危害,Damage
777,红棕灰夜蛾,Polia illoba,胡萝卜,carrot,危害,Damage
778,红棕灰夜蛾,Polia illoba,甜菜,beet,危害,Damage
779,红棕灰夜蛾,Polia illoba,草莓,strawberry,危害,Damage
780,红棕灰夜蛾,Polia illoba,枸杞,Wolfberry,危害,Damage
781,红棕灰夜蛾,Polia illoba,茼蒿,Chrysanthemum,危害,Damage
782,红棕灰夜蛾,Polia illoba,菜豆,kidney bean,危害,Damage
783,红棕灰夜蛾,Polia illoba,草食蚕,Herbivorous silkworm,危害,Damage
784,红棕灰夜蛾,Polia illoba,豌豆,pea,危害,Damage
785,红棕灰夜蛾,Polia illoba,苜蓿,Alfalfa,危害,Damage
786,红棕灰夜蛾,Polia illoba,大豆,Soybean,危害,Damage
787,红棕灰夜蛾,Polia illoba,豇豆,cowpea,危害,Damage
788,红棕灰夜蛾,Polia illoba,黑莓,blackberries,危害,Damage
789,桑褶翅尺蠖,Zamacra excavata,苹果,apple,危害,Damage
790,桑褶翅尺蠖,Zamacra excavata,山楂,hawthorn,危害,Damage
791,桑褶翅尺蠖,Zamacra excavata,核桃,Walnut,危害,Damage
792,小青花金龟,Oxycetonia jucunda,海棠,Begonia,危害,Damage
793,苹毛丽金龟,Proagopertha lucidula,苹果,apple,危害,Damage
794,苹毛丽金龟,Proagopertha lucidula,樱桃,cherry,危害,Damage
795,苹毛丽金龟,Proagopertha lucidula,海棠,Begonia,危害,Damage
796,苹毛丽金龟,Proagopertha lucidula,葡萄,Grape,危害,Damage
797,棉花弧丽金龟,Popillia mutans,棉花,cotton,危害,Damage
798,棉花弧丽金龟,Popillia mutans,玉米,corn,危害,Damage
799,棉花弧丽金龟,Popillia mutans,高粱,Sorghum,危害,Damage
800,棉花弧丽金龟,Popillia mutans,大豆,Soybean,危害,Damage
801,棉花弧丽金龟,Popillia mutans,月季,Rose,危害,Damage
802,棉花弧丽金龟,Popillia mutans,黑莓,blackberries,危害,Damage
803,棉花弧丽金龟,Popillia mutans,玫瑰,Rose,危害,Damage
804,棉花弧丽金龟,Popillia mutans,芍药,Peony,危害,Damage
805,棉花弧丽金龟,Popillia mutans,合欢,Albizzia,危害,Damage
806,棉花弧丽金龟,Popillia mutans,板栗,Chestnut,危害,Damage
807,棉花弧丽金龟,Popillia mutans,苹果,apple,危害,Damage
808,棉花弧丽金龟,Popillia mutans,弥猴桃,Kiwi,危害,Damage
809,东方盔蚧,Parthenolecanium corni,苹果,apple,危害,Damage
810,东方盔蚧,Parthenolecanium corni,山楂,hawthorn,危害,Damage
811,东方盔蚧,Parthenolecanium corni,葡萄,Grape,危害,Damage
812,绣线菊蚜,Aphis spiraecola,苹果,apple,危害,Damage
813,绣线菊蚜,Aphis spiraecola,沙果,Crab apple,危害,Damage
814,桃炭疽病,Colletotrichum gloeosporioides,桃树,peach,危害,Damage
815,桃细菌性穿孔病,Xanthomonas arboricola pv. pruni,桃树,peach,危害,Damage
816,桃煤污病,Cladosporium carpophilum (Thüm.) M.B. Ellis,桃树,peach,危害,Damage
817,苹毛虫,Odonestis pruni,樱桃,cherry,危害,Damage
818,苹毛虫,Odonestis pruni,苹果,apple,危害,Damage
819,桃树木腐病,Fomes fulvus,老桃树,Old peach tree,危害,Damage
820,桃灰霉病,Botrytis cinerea,桃树,peach,危害,Damage
821,桃白纹羽病,Rosellinia necatrix,桃树,peach,危害,Damage
822,桃瘿螨畸果病,Eriophyes catacardiae,桃树,peach,危害,Damage
823,桃剑纹夜蛾,Acronicta increta,山楂,hawthorn,危害,Damage
824,桑剑纹夜蛾,Acronicta major,山楂,hawthorn,危害,Damage
825,蓝目天蛾,Smerinthus planus,苹果,apple,危害,Damage
826,蓝目天蛾,Smerinthus planus,樱桃,cherry,危害,Damage
827,褐刺蛾,Setora postornata,柑,Mandarin orange,危害,Damage
828,双齿绿刺蛾,Latoia hilarata,海棠,Begonia,危害,Damage
829,双齿绿刺蛾,Latoia hilarata,桃,Peach,危害,Damage
830,双齿绿刺蛾,Latoia hilarata,梅,plum,危害,Damage
831,中国绿刺蛾,Parasa sinica,苹果,apple,危害,Damage
832,中国绿刺蛾,Parasa sinica,柑橘,Tangerine,危害,Damage
833,中国绿刺蛾,Parasa sinica,樱桃,cherry,危害,Damage
834,中国绿刺蛾,Parasa sinica,油桐,Tung oil tree,危害,Damage
835,中国绿刺蛾,Parasa sinica,枇杷,Loquat,危害,Damage
836,白杨枯叶蛾,Bhima idiota,苹果,apple,危害,Damage
837,白杨枯叶蛾,Bhima idiota,海棠,Begonia,危害,Damage
838,白杨枯叶蛾,Bhima idiota,山定子,Yamadako,危害,Damage
839,黄斑卷蛾,Acleris fimbriana,苹果,apple,危害,Damage
840,黄斑卷蛾,Acleris fimbriana,杠梨,Pear,危害,Damage
841,黄斑卷蛾,Acleris fimbriana,山荆子,Vitex chinensis,危害,Damage
842,黄斑卷蛾,Acleris fimbriana,海棠,Begonia,危害,Damage
843,水木坚蚧,Parthenolecanium corni,山楂,hawthorn,危害,Damage
844,水木坚蚧,Parthenolecanium corni,苹果,apple,危害,Damage
845,水木坚蚧,Parthenolecanium corni,葡萄,Grape,危害,Damage
846,水木坚蚧,Parthenolecanium corni,核桃,Walnut,危害,Damage
847,水木坚蚧,Parthenolecanium corni,刺槐,locust,危害,Damage
848,桃小蠹,Scolytus seulensis,樱桃,cherry,危害,Damage
849,海棠透翅蛾,Synanthedon haitangvora,苹果,apple,危害,Damage
850,海棠透翅蛾,Synanthedon haitangvora,沙果,Crab apple,危害,Damage
851,海棠透翅蛾,Synanthedon haitangvora,海棠,Begonia,危害,Damage
852,海棠透翅蛾,Synanthedon haitangvora,樱桃,cherry,危害,Damage
853,桃瘤蚜,Myzus momonis,樱桃,cherry,危害,Damage
854,桃瘤蚜,Myzus momonis,禾本,Gramineae,危害,Damage
855,李细菌性穿孔病,Xanthomonas arboricola pv. pruni,李树,Plum Tree,危害,Damage
856,黄斑卷叶蛾,Acleris fimbriana,苹果,apple,危害,Damage
857,黄斑卷叶蛾,Acleris fimbriana,杠梨,Pear,危害,Damage
858,黄斑卷叶蛾,Acleris fimbriana,山荆子,Vitex chinensis,危害,Damage
859,黄斑卷叶蛾,Acleris fimbriana,海棠,Begonia,危害,Damage
860,杏象甲,Rhynchites faldermanni,樱桃,cherry,危害,Damage
861,苹小卷叶蛾,Adoxophyes orana,苹果,apple,危害,Damage
862,苹小卷叶蛾,Adoxophyes orana,山楂,hawthorn,危害,Damage
863,苹小卷叶蛾,Adoxophyes orana,柑桔,Citrus,危害,Damage
864,苹小卷叶蛾,Adoxophyes orana,棉花,cotton,危害,Damage
865,铜绿丽金龟子,Anomala corpulenta,桃,Peach,危害,Damage
866,铜绿丽金龟子,Anomala corpulenta,李,plum,危害,Damage
867,铜绿丽金龟子,Anomala corpulenta,樱,cherry,危害,Damage
868,李短尾蚜,Brachycaudus helichrysi,芹菜,celery,危害,Damage
869,李短尾蚜,Brachycaudus helichrysi,菊科植,Asteraceae,危害,Damage
870,李短尾蚜,Brachycaudus helichrysi,东北,northeast,危害,Damage
871,杏黑粒枝枯病,Nectria galligena,杏树,apricot,危害,Damage
872,杏细菌性穿孔病,Xanthomonas arboricola pv. pruni,樱桃,cherry,危害,Damage
873,苹果轮纹病,Botryosphaeria berengeriana,苹果,apple,危害,Damage
874,苹果灰斑病,Phyllosticta pirina,苹果,apple,危害,Damage
875,苹果斑点落叶病,Alternaria alternata,苹果,apple,危害,Damage
876,苹果白粉病,Podosphaera leucotricha,苹果,apple,危害,Damage
877,苹果白粉病,Podosphaera leucotricha,沙果,Crab apple,危害,Damage
878,苹果白粉病,Podosphaera leucotricha,海棠,Begonia,危害,Damage
879,苹果白粉病,Podosphaera leucotricha,槟子,Betel nuts,危害,Damage
880,苹果白粉病,Podosphaera leucotricha,榅桲,Quince,危害,Damage
881,苹果白粉病,Podosphaera leucotricha,山定子,Yamadako,危害,Damage
882,苹果银叶病,Chondrostereum purpureum,苹果,apple,危害,Damage
883,苹果银叶病,Chondrostereum purpureum,樱桃,cherry,危害,Damage
884,苹果树赤衣病,Erythricium salmonicolor,苹果,apple,危害,Damage
885,苹果树褐色膏药病,Septobasidium sp.,苹果,apple,危害,Damage
886,苹果树褐色膏药病,Septobasidium sp.,樱桃,cherry,危害,Damage
887,苹果树褐色膏药病,Septobasidium sp.,油桐,Tung oil tree,危害,Damage
888,苹果树白纹羽病,Rosellinia necatrix,苹果,apple,危害,Damage
889,苹果树紫纹羽病,Helicobasidium purpureum,苹果,apple,危害,Damage
890,苹果树紫纹羽病,Helicobasidium purpureum,葡萄,Grape,危害,Damage
891,苹果树白绢病,Sclerotium rolfsii,苹果,apple,危害,Damage
892,苹果树白绢病,Sclerotium rolfsii,葡萄,Grape,危害,Damage
893,苹果树白绢病,Sclerotium rolfsii,花生,peanut,危害,Damage
894,苹果树白绢病,Sclerotium rolfsii,大豆,Soybean,危害,Damage
895,苹果树白绢病,Sclerotium rolfsii,瓜类,Melons,危害,Damage
896,苹果树白绢病,Sclerotium rolfsii,番茄,tomato,危害,Damage
897,苹果树白绢病,Sclerotium rolfsii,苜蓿,Alfalfa,危害,Damage
898,苹果圆斑根腐病,Fusarium solani,苹果,apple,危害,Damage
899,苹果圆斑根腐病,Fusarium solani,葡萄,Grape,危害,Damage
900,苹果圆斑根腐病,Fusarium solani,核桃,Walnut,危害,Damage
901,苹果苗立枯病,Rhizoctonia solani,苹果,apple,危害,Damage
902,苹果苗立枯病,Rhizoctonia solani,海棠,Begonia,危害,Damage
903,苹果苗立枯病,Rhizoctonia solani,香椿,Toon,危害,Damage
904,苹果苗立枯病,Rhizoctonia solani,臭椿,Ailanthus altissima,危害,Damage
905,苹果苗立枯病,Rhizoctonia solani,银杏,ginkgo,危害,Damage
906,苹果苗立枯病,Rhizoctonia solani,刺槐,locust,危害,Damage
907,苹果毛根病,Phytophthora cactorum,苹果,apple,危害,Damage
908,苹果根癌病,Agrobacterium tumefaciens,苹果,apple,危害,Damage
909,苹果根癌病,Agrobacterium tumefaciens,葡萄,Grape,危害,Damage
910,苹果根癌病,Agrobacterium tumefaciens,林木,forest,危害,Damage
911,苹果绿皱果病,Apple green crinkle virus,苹果,apple,危害,Damage
912,苹果皱叶病,Apple leaf pucker,苹果,apple,危害,Damage
913,苹果茎痘病,Apple stem pitting disease,苹果,apple,危害,Damage
914,苹果茎沟病,Apple stem grooving virus,苹果,apple,危害,Damage
915,苹果扁枝病,Apple tree flat limb,苹果,apple,危害,Damage
916,苹果扁枝病,Apple tree flat limb,樱桃,cherry,危害,Damage
917,苹果扁枝病,Apple tree flat limb,核桃,Walnut,危害,Damage
918,苹果高接衰退病,Rapid Apple Decline,苹果,apple,危害,Damage
919,苹果环斑果病,Venturia inaequalis,苹果,apple,危害,Damage
920,苹果根结线虫病,Meloidogyne sp.,苹果,apple,危害,Damage
921,苹果根腐线虫病,Meloidogyne sp.,果树,Fruit trees,危害,Damage
922,苹果根腐线虫病,Meloidogyne sp.,作物,crop,危害,Damage
923,苹果根腐线虫病,Meloidogyne sp.,蔬菜,vegetable,危害,Damage
924,苹果根腐线虫病,Meloidogyne sp.,饲料植物,Feed Plants,危害,Damage
925,苹果根腐线虫病,Meloidogyne sp.,杂草,Weeds,危害,Damage
926,苹果根腐线虫病,Meloidogyne sp.,苹果树,Apple Tree,危害,Damage
927,苹果枝腐病,Pratylenchus sp.,苹果,apple,危害,Damage
928,苹果缺硼缩果症,Apple fruit wrinkle,葡萄,Grape,危害,Damage
929,苹果缺硼缩果症,Apple fruit wrinkle,山植,Yamaue,危害,Damage
930,苹果青霉病,Penicillium expansum,苹果,apple,危害,Damage
931,苹小食心虫,Grapholitha inopinata,苹果,apple,危害,Damage
932,苹小食心虫,Grapholitha inopinata,山楂,hawthorn,危害,Damage
933,苹毛虫,Odonestis pruni,沙果,Crab apple,危害,Damage
934,苹果小卷蛾,Adoxophyes orana,苹果,apple,危害,Damage
935,苹果小卷蛾,Adoxophyes orana,山楂,hawthorn,危害,Damage
936,苹果小卷蛾,Adoxophyes orana,柑橘,Tangerine,危害,Damage
937,苹褐卷叶蛾,Pandemis heparana,苹果,apple,危害,Damage
938,苹褐卷叶蛾,Pandemis heparana,樱桃,cherry,危害,Damage
939,苹褐卷叶蛾,Pandemis heparana,山楂,hawthorn,危害,Damage
940,苹褐卷叶蛾,Pandemis heparana,鼠李,buckthorn,危害,Damage
941,苹果卷蛾,Grapholita inopinata,苹果,apple,危害,Damage
942,苹果卷蛾,Grapholita inopinata,山楂,hawthorn,危害,Damage
943,苹果卷蛾,Grapholita inopinata,沙果,Crab apple,危害,Damage
944,苹果卷蛾,Grapholita inopinata,海棠,Begonia,危害,Damage
945,苹果卷蛾,Grapholita inopinata,樱桃,cherry,危害,Damage
946,苹果卷蛾,Grapholita inopinata,山槐,Sophora japonica,危害,Damage
947,顶芽卷蛾,Spilonota lechriaspis,苹果,apple,危害,Damage
948,桑褐刺蛾,Setora postornata,柑橘,Tangerine,危害,Damage
949,桑褐刺蛾,Setora postornata,白杨,poplar,危害,Damage
950,双齿绿刺蛾,Latoia hilarata,苹果,apple,危害,Damage
951,双齿绿刺蛾,Latoia hilarata,梹沙果,Psoralea corylifolia,危害,Damage
952,双齿绿刺蛾,Latoia hilarata,樱桃,cherry,危害,Damage
953,双齿绿刺蛾,Latoia hilarata,黑刺李,Blackthorn,危害,Damage
954,双齿绿刺蛾,Latoia hilarata,核桃,Walnut,危害,Damage
955,双齿绿刺蛾,Latoia hilarata,柑橘,Tangerine,危害,Damage
956,苹果蠹蛾,Cydia pomonella,苹果,apple,危害,Damage
957,苹果蠹蛾,Cydia pomonella,沙果,Crab apple,危害,Damage
958,苹果蠹蛾,Cydia pomonella,石榴,Pomegranate,危害,Damage
959,盗毒蛾,Porthesia similis,苹果,apple,危害,Damage
960,盗毒蛾,Porthesia similis,梨,pear,危害,Damage
961,苹果巢蛾,Hyponomeuta malinellus,苹果,apple,危害,Damage
962,苹果巢蛾,Hyponomeuta malinellus,沙果,Crab apple,危害,Damage
963,苹果巢蛾,Hyponomeuta malinellus,山楂,hawthorn,危害,Damage
964,苹果巢蛾,Hyponomeuta malinellus,海棠,Begonia,危害,Damage
965,苹果透翅蛾,Synanthedon hector,苹果,apple,危害,Damage
966,苹果透翅蛾,Synanthedon hector,樱桃,cherry,危害,Damage
967,柳干木蠹蛾,Holcocerus vicarius,苹果,apple,危害,Damage
968,柳干木蠹蛾,Holcocerus vicarius,山楂,hawthorn,危害,Damage
969,柳干木蠹蛾,Holcocerus vicarius,樱桃,cherry,危害,Damage
970,柳干木蠹蛾,Holcocerus vicarius,核桃,Walnut,危害,Damage
971,淡褐巢蛾,Swammerdamia pyrella,苹果,apple,危害,Damage
972,淡褐巢蛾,Swammerdamia pyrella,山楂,hawthorn,危害,Damage
973,淡褐巢蛾,Swammerdamia pyrella,樱桃,cherry,危害,Damage
974,淡褐巢蛾,Swammerdamia pyrella,海棠,Begonia,危害,Damage
975,金纹细蛾,Lithocolletis ringoniella,苹果,apple,危害,Damage
976,金纹细蛾,Lithocolletis ringoniella,海棠,Begonia,危害,Damage
977,金纹细蛾,Lithocolletis ringoniella,樱桃,cherry,危害,Damage
978,金纹细蛾,Lithocolletis ringoniella,山楂,hawthorn,危害,Damage
979,苹果瘤蚜,Myzus malisuctus,苹果,apple,危害,Damage
980,苹果瘤蚜,Myzus malisuctus,海棠,Begonia,危害,Damage
981,苹果瘤蚜,Myzus malisuctus,山楂,hawthorn,危害,Damage
982,苹果根绵蚜,Eriosoma lanigerum,苹果,apple,危害,Damage
983,苹果根绵蚜,Eriosoma lanigerum,山楂,hawthorn,危害,Damage
984,苹果根绵蚜,Eriosoma lanigerum,海棠,Begonia,危害,Damage
985,苹果根绵蚜,Eriosoma lanigerum,沙果,Crab apple,危害,Damage
986,苹果根绵蚜,Eriosoma lanigerum,山定子,Yamadako,危害,Damage
987,苹果根绵蚜,Eriosoma lanigerum,花生,peanut,危害,Damage
988,绿盲蝽,Apolygus lucorum,苹果,apple,危害,Damage
989,绿盲蝽,Apolygus lucorum,樱桃,cherry,危害,Damage
990,绿盲蝽,Apolygus lucorum,葡萄,Grape,危害,Damage
991,绿盲蝽,Apolygus lucorum,菊花,chrysanthemum,危害,Damage
992,绿盲蝽,Apolygus lucorum,大丽花,Dahlia,危害,Damage
993,绿盲蝽,Apolygus lucorum,翠菊,Aster,危害,Damage
994,绿盲蝽,Apolygus lucorum,紫薇,Crape Myrtle,危害,Damage
995,绿盲蝽,Apolygus lucorum,木槿,Hibiscus,危害,Damage
996,苹果绵蚜,Eriosoma lanigerum,苹果,apple,危害,Damage
997,苹果绵蚜,Eriosoma lanigerum,山楂,hawthorn,危害,Damage
998,苹果全爪螨,Panonychus ulmi,苹果,apple,危害,Damage
999,苹果全爪螨,Panonychus ulmi,沙果,Crab apple,危害,Damage
1000,苹果全爪螨,Panonychus ulmi,樱桃,cherry,危害,Damage
1001,苹果全爪螨,Panonychus ulmi,海棠,Begonia,危害,Damage
1002,苹果全爪螨,Panonychus ulmi,山楂,hawthorn,危害,Damage
1003,苹果全爪螨,Panonychus ulmi,葡萄,Grape,危害,Damage
1004,苹果全爪螨,Panonychus ulmi,核桃,Walnut,危害,Damage
1005,果苔螨,Bryobia rubrioculus,苹果,apple,危害,Damage
1006,果苔螨,Bryobia rubrioculus,榛子,hazelnut,危害,Damage
1007,果苔螨,Bryobia rubrioculus,沙果,Crab apple,危害,Damage
1008,果苔螨,Bryobia rubrioculus,山楂,hawthorn,危害,Damage
1009,果苔螨,Bryobia rubrioculus,樱桃,cherry,危害,Damage
1010,二斑叶螨,Tetranychus urticae,苹果,apple,危害,Damage
1011,二斑叶螨,Tetranychus urticae,樱桃,cherry,危害,Damage
1012,二斑叶螨,Tetranychus urticae,草莓,strawberry,危害,Damage
1013,二斑叶螨,Tetranychus urticae,葡萄,Grape,危害,Damage
1014,苹果小吉丁,Agrilus mali,苹果,apple,危害,Damage
1015,苹果小吉丁,Agrilus mali,沙果,Crab apple,危害,Damage
1016,苹果小吉丁,Agrilus mali,海棠,Begonia,危害,Damage
1017,苹果小吉丁,Agrilus mali,樱桃,cherry,危害,Damage
1018,六斑吉丁虫,Chrysobothris succedanea,苹果,apple,危害,Damage
1019,六斑吉丁虫,Chrysobothris succedanea,柑橘,Tangerine,危害,Damage
1020,薄翅锯天牛,Megopis sinica,苹果,apple,危害,Damage
1021,薄翅锯天牛,Megopis sinica,山楂,hawthorn,危害,Damage
1022,薄翅锯天牛,Megopis sinica,核桃,Walnut,危害,Damage
1023,苹绕实蝇,Rhagoletis pomonella,苹果,apple,危害,Damage
1024,苹绕实蝇,Rhagoletis pomonella,山楂,hawthorn,危害,Damage
1025,苹绕实蝇,Rhagoletis pomonella,越橘,Lingonberry,危害,Damage
1026,苹绕实蝇,Rhagoletis pomonella,樱桃,cherry,危害,Damage
1027,苹黑痣小卷蛾,Rhopobota naevana,苹果,apple,危害,Damage
1028,苹果雕翅蛾,Glyphipterix fuscoviridella,苹果,apple,危害,Damage
1029,苹果雕翅蛾,Glyphipterix fuscoviridella,山楂,hawthorn,危害,Damage
1030,苹果雕翅蛾,Glyphipterix fuscoviridella,海棠,Begonia,危害,Damage
1031,苹果雕翅蛾,Glyphipterix fuscoviridella,梹沙果,Psoralea corylifolia,危害,Damage
1032,苹果雕翅蛾,Glyphipterix fuscoviridella,山定子,Yamadako,危害,Damage
1033,果剑纹夜蛾,Acronicta strigosa,山楂,hawthorn,危害,Damage
1034,果剑纹夜蛾,Acronicta strigosa,苹果,apple,危害,Damage
1035,苹果鞘蛾,Coleophora malivorella,苹果,apple,危害,Damage
1036,苹果鞘蛾,Coleophora malivorella,海棠,Begonia,危害,Damage
1037,苹果鞘蛾,Coleophora malivorella,山楂,hawthorn,危害,Damage
1038,苹果鞘蛾,Coleophora malivorella,樱桃,cherry,危害,Damage
1039,苹果塔叶蝉,Zyginidia scutellaris,海棠,Begonia,危害,Damage
1040,苹果塔叶蝉,Zyginidia scutellaris,葡萄,Grape,危害,Damage
1041,苹果蓝跳甲,Altica cirsicola,苹果,apple,危害,Damage
1042,苹果蓝跳甲,Altica cirsicola,果树,Fruit trees,危害,Damage
1043,苹果蓝跳甲,Altica cirsicola,柳树,willow,危害,Damage
1044,苹果蓝跳甲,Altica cirsicola,杨树,Poplar,危害,Damage
1045,帽斑天牛,Purpuricenus petasifer,苹果,apple,危害,Damage
1046,帽斑天牛,Purpuricenus petasifer,山楂,hawthorn,危害,Damage
1047,帽斑天牛,Purpuricenus petasifer,酸枣,Solanum jujube,危害,Damage
1048,梨黑星病,Venturia pyrina,梨树,Pear Tree,危害,Damage
1049,梨树干枯病,Diaporthe eres,梨树,Pear Tree,危害,Damage
1050,梨树枝枯病,Diaporthe eres,梨树,Pear Tree,危害,Damage
1051,梨锈病,Gymnosporangium asiaticum,梨树,Pear Tree,危害,Damage
1052,梨叶疫病,Diplocarpon mespili,梨树,Pear Tree,危害,Damage
1053,梨煤污病,Gloeodes pomigena,梨树,Pear Tree,危害,Damage
1054,梨石痘病,Pear stone pit virus,梨树,Pear Tree,危害,Damage
1055,梨大食心虫,Nephopteryx pirivorella,梨树,Pear Tree,危害,Damage
1056,美国白蛾,Hyphantria cunea,李,plum,危害,Damage
1057,美国白蛾,Hyphantria cunea,棠,Tang,危害,Damage
1058,中国绿刺蛾,Parasa sinica,梅,plum,危害,Damage
1059,中国绿刺蛾,Parasa sinica,桃,Peach,危害,Damage
1060,梨尺蠖,Illiberis pruni,苹果,apple,危害,Damage
1061,梨象甲,Rhynchites foveipennis,苹果,apple,危害,Damage
1062,梨象甲,Rhynchites foveipennis,花红,Bonus,危害,Damage
1063,梨象甲,Rhynchites foveipennis,山楂,hawthorn,危害,Damage
1064,蘑菇菌盖斑点病,Aphanocladium album,蘑菇,mushroom,危害,Damage
1065,蘑菇菌盖斑点病,Aphanocladium album,平菇,Oyster Mushroom,危害,Damage
1066,蘑菇菌盖斑点病,Aphanocladium album,香菇,mushroom,危害,Damage
1067,蘑菇菌盖斑点病,Aphanocladium album,猴头菇,Hericium erinaceus,危害,Damage
1068,蘑菇细菌性斑点病,Aphanocladium album,蘑菇,mushroom,危害,Damage
1069,蘑菇细菌性斑点病,Aphanocladium album,平菇,Oyster Mushroom,危害,Damage
1070,闽菇迟眼蕈蚊,Bradysia minpleuroti,蘑菇,mushroom,危害,Damage
1071,闽菇迟眼蕈蚊,Bradysia minpleuroti,平菇,Oyster Mushroom,危害,Damage
1072,闽菇迟眼蕈蚊,Bradysia minpleuroti,香菇,mushroom,危害,Damage
1073,闽菇迟眼蕈蚊,Bradysia minpleuroti,茶树菇,Agrocybe,危害,Damage
1074,闽菇迟眼蕈蚊,Bradysia minpleuroti,金针菇,Flammulina velutipes,危害,Damage
1075,闽菇迟眼蕈蚊,Bradysia minpleuroti,银耳,Tremella,危害,Damage
1076,闽菇迟眼蕈蚊,Bradysia minpleuroti,黑木耳,Black Fungus,危害,Damage
1077,平菇厉眼蕈蚊,Lycoriella pleuroti,平菇,Oyster Mushroom,危害,Damage
1078,平菇厉眼蕈蚊,Lycoriella pleuroti,蘑菇,mushroom,危害,Damage
1079,平菇厉眼蕈蚊,Lycoriella pleuroti,香菇,mushroom,危害,Damage
1080,平菇厉眼蕈蚊,Lycoriella pleuroti,金针菇,Flammulina velutipes,危害,Damage
1081,平菇厉眼蕈蚊,Lycoriella pleuroti,茶树菇,Agrocybe,危害,Damage
1082,平菇厉眼蕈蚊,Lycoriella pleuroti,天麻,Gastrodia elata,危害,Damage
1083,平菇厉眼蕈蚊,Lycoriella pleuroti,灵芝,Ganoderma,危害,Damage
1084,中华新蕈蚊,Neoempheria sinica,双翅,Double Wings,危害,Damage
1085,中华新蕈蚊,Neoempheria sinica,菌蚊,Fungus mosquito,危害,Damage
1086,韭菜迟眼蕈蚊,Bradysia odoriphaga,食用菌,Edible Fungi,危害,Damage
1087,韭菜迟眼蕈蚊,Bradysia odoriphaga,韭菜,Chinese chives,危害,Damage
1088,平菇青霉病,Penicillium sp.,平菇,Oyster Mushroom,危害,Damage
1089,平菇青霉病,Penicillium sp.,蘑菇,mushroom,危害,Damage
1090,平菇青霉病,Penicillium sp.,香菇,mushroom,危害,Damage
1091,平菇青霉病,Penicillium sp.,金针菇,Flammulina velutipes,危害,Damage
1092,双线嗜黏蛞蝓,Deroceras reticulatum,蘑菇,mushroom,危害,Damage
1093,双线嗜黏蛞蝓,Deroceras reticulatum,平菇,Oyster Mushroom,危害,Damage
1094,双线嗜黏蛞蝓,Deroceras reticulatum,香菇,mushroom,危害,Damage
1095,双线嗜黏蛞蝓,Deroceras reticulatum,草菇,straw mushroom,危害,Damage
1096,双线嗜黏蛞蝓,Deroceras reticulatum,木耳,fungus,危害,Damage
1097,双线嗜黏蛞蝓,Deroceras reticulatum,银耳,Tremella,危害,Damage
1098,平菇病毒病,Mushroom Virus 1,平菇,Oyster Mushroom,危害,Damage
1099,香菇绿霉病,Trichoderma sp.,香菇,mushroom,危害,Damage
1100,香菇畸形菇,香菇畸形菇,香菇,mushroom,危害,Damage
1101,鸡腿菇红粉病,Trichothecium roseum,鸡腿菇,Coprinus comatus,危害,Damage
1102,鸡腿菇绿霉病,Trichoderma sp.（,鸡腿菇,Coprinus comatus,危害,Damage
1103,鸡爪菌,Xylaria furcata,鸡腿菇,Coprinus comatus,危害,Damage
1104,杏鲍菇青霉病,Penicillium sp.,杏鲍菇,King Oyster Mushroom,危害,Damage
1105,木霉,Trichoderma sp.,食用菌,Edible Fungi,危害,Damage
1106,黄瘤孢霉,Sepedonium sp.,蘑菇,mushroom,危害,Damage
1107,可变粉孢霉,Oidium sp.,蘑菇,mushroom,危害,Damage
1108,可变粉孢霉,Oidium sp.,平菇,Oyster Mushroom,危害,Damage
1109,可变粉孢霉,Oidium sp.,草菇,straw mushroom,危害,Damage
1110,胡桃肉状菌,Diehliomyces microsporus,蘑菇,mushroom,危害,Damage
1111,胡桃肉状菌,Diehliomyces microsporus,金针菇,Flammulina velutipes,危害,Damage
1112,粪生帚霉,Scopulariopsis fimicola,蘑菇菇,Mushrooms,危害,Damage
1113,粪生帚霉,Scopulariopsis fimicola,草菇,straw mushroom,危害,Damage
1114,粪生帚霉,Scopulariopsis fimicola,凤尾菇菇,Pleurotus ostreatus,危害,Damage
1115,鬼伞,Coprinus sp.,草菇,straw mushroom,危害,Damage
1116,地碗菌,Peziza sp.,食用菌,Edible Fungi,危害,Damage
1117,地碗菌,Peziza sp.,蘑菇,mushroom,危害,Damage
1118,地碗菌,Peziza sp.,平菇,Oyster Mushroom,危害,Damage
1119,地碗菌,Peziza sp.（,金针菇,Flammulina velutipes,危害,Damage
1120,西瓜蔓枯病,Didymella bryoniae,西瓜,watermelon,危害,Damage
1121,西瓜枯萎病,Fusarium oxysporum f. sp. niveum,西瓜,watermelon,危害,Damage
1122,西瓜炭疽病,Colletotrichum orbiculare,西瓜,watermelon,危害,Damage
1123,西瓜疫病,Phytophthora capsici,西瓜,watermelon,危害,Damage
1124,西瓜斑点病,西瓜斑点病,西瓜,watermelon,危害,Damage
1125,西瓜叶枯病,Alternaria cucumerina,西瓜,watermelon,危害,Damage
1126,西瓜绵腐病,Pythium aphanidermatum,西瓜,watermelon,危害,Damage
1127,西瓜褐腐病,Diplodia natalensis Pole-Evans,西瓜,watermelon,危害,Damage
1128,西瓜病毒病, Watermelon mosaic virus ,西瓜,watermelon,危害,Damage
1129,西瓜绿斑驳花叶病,Watermelon green mottle mosaic virus,黄瓜,cucumber,危害,Damage
1130,西瓜绿斑驳花叶病,Watermelon green mottle mosaic virus,西瓜,watermelon,危害,Damage
1131,西瓜绿斑驳花叶病,Watermelon green mottle mosaic virus,瓠瓜,Gourd,危害,Damage
1132,西瓜绿斑驳花叶病,Watermelon green mottle mosaic virus,甜瓜,melon,危害,Damage
1133,西瓜根结线虫病,Meloidogyne sp.,葫芦科,Cucurbitaceae,危害,Damage
1134,西瓜根结线虫病,Meloidogyne sp.,豆科,Leguminosae,危害,Damage
1135,西瓜根结线虫病,Meloidogyne sp.,茄科,Solanaceae,危害,Damage
1136,西瓜猝倒病,Pythium sp.,西瓜,watermelon,危害,Damage
1137,西瓜黑斑病,Alternaria alternata,西瓜,watermelon,危害,Damage
1138,西瓜白绢病,Sclerotium rolfsii,西瓜,watermelon,危害,Damage
1139,西瓜裂果症状,Watermelon fruit cracking,西瓜,watermelon,危害,Damage
1140,瓜绢螟,Diaphania indica,瓜类,Melons,危害,Damage
1141,瓜绢螟,Diaphania indica,西瓜,watermelon,危害,Damage
1142,瓜绢螟,Diaphania indica,黄瓜,cucumber,危害,Damage
1143,瓜绢螟,Diaphania indica,苦瓜,Momordica charantia,危害,Damage
1144,瓜绢螟,Diaphania indica,甜瓜,melon,危害,Damage
1145,瓜绢螟,Diaphania indica,丝瓜,Loofah,危害,Damage
1146,瓜绢螟,Diaphania indica,冬瓜,Winter melon,危害,Damage
1147,瓜绢螟,Diaphania indica,番茄,tomato,危害,Damage
1148,瓜绢螟,Diaphania indica,茄子,eggplant,危害,Damage
1149,瓜绢螟,Diaphania indica,木槿,Hibiscus,危害,Damage
1150,瓜绢螟,Diaphania indica,锦葵,Mallow,危害,Damage
1151,葫芦夜蛾,Anadevidia peponis,黄瓜,cucumber,危害,Damage
1152,葫芦夜蛾,Anadevidia peponis,节瓜,Winter melon,危害,Damage
1153,葫芦夜蛾,Anadevidia peponis,葫芦,gourd,危害,Damage
1154,葫芦夜蛾,Anadevidia peponis,泡桐,Paulownia,危害,Damage
1155,黄足黄守瓜,Aulacophora femoralis,瓜类蔬菜,Melon vegetables,危害,Damage
1156,黄足黄守瓜,Aulacophora femoralis,瓜类,Melons,危害,Damage
1157,黄足黄守瓜,Aulacophora femoralis,南瓜,pumpkin,危害,Damage
1158,黄足黄守瓜,Aulacophora femoralis,西瓜,watermelon,危害,Damage
1159,黄足黄守瓜,Aulacophora femoralis,黄瓜,cucumber,危害,Damage
1160,黄足黄守瓜,Aulacophora femoralis,蒲瓜,Pear,危害,Damage
1161,黄足黑守瓜,Aulacophora lewisii,瓜类蔬菜,Melon vegetables,危害,Damage
1162,温室白粉虱,Trialeurodes vaporariorum,蔬菜,vegetable,危害,Damage
1163,温室白粉虱,Trialeurodes vaporariorum,黄瓜,cucumber,危害,Damage
1164,温室白粉虱,Trialeurodes vaporariorum,番茄,tomato,危害,Damage
1165,温室白粉虱,Trialeurodes vaporariorum,茄子,eggplant,危害,Damage
1166,温室白粉虱,Trialeurodes vaporariorum,辣椒,chili,危害,Damage
1167,瓜褐蝽,Coridius chinensis,节瓜,Winter melon,危害,Damage
1168,瓜褐蝽,Coridius chinensis,冬瓜,Winter melon,危害,Damage
1169,瓜褐蝽,Coridius chinensis,南瓜,pumpkin,危害,Damage
1170,瓜褐蝽,Coridius chinensis,丝瓜,Loofah,危害,Damage
1171,美洲斑潜蝇,Liriomyza sativae,蔬菜,vegetable,危害,Damage
1172,美洲斑潜蝇,Liriomyza sativae,多种,Various,危害,Damage
1173,美洲斑潜蝇,Liriomyza sativae,黄瓜,cucumber,危害,Damage
1174,美洲斑潜蝇,Liriomyza sativae,菜豆,kidney bean,危害,Damage
1175,美洲斑潜蝇,Liriomyza sativae,番茄,tomato,危害,Damage
1176,美洲斑潜蝇,Liriomyza sativae,白菜,Chinese cabbage,危害,Damage
1177,美洲斑潜蝇,Liriomyza sativae,油菜,rape,危害,Damage
1178,美洲斑潜蝇,Liriomyza sativae,芹菜,celery,危害,Damage
1179,美洲斑潜蝇,Liriomyza sativae,茼蒿,Chrysanthemum,危害,Damage
1180,美洲斑潜蝇,Liriomyza sativae,生菜,lettuce,危害,Damage
1181,烟粉虱,Bemisia tabaci,棉花,cotton,危害,Damage
1182,烟粉虱,Bemisia tabaci,烟草,tobacco,危害,Damage
1183,烟粉虱,Bemisia tabaci,番薯,Sweet Potato,危害,Damage
1184,烟粉虱,Bemisia tabaci,木薯,Cassava,危害,Damage
1185,烟粉虱,Bemisia tabaci,茄科,Solanaceae,危害,Damage
1186,烟粉虱,Bemisia tabaci,十字花科,Cruciferae,危害,Damage
1187,烟粉虱,Bemisia tabaci,葫芦科,Cucurbitaceae,危害,Damage
1188,烟粉虱,Bemisia tabaci,豆科,Leguminosae,危害,Damage
1189,烟粉虱,Bemisia tabaci,锦葵科,Malvaceae,危害,Damage
1190,茶黄螨,Polyphagotarsonemus latipes,茄子,eggplant,危害,Damage
1191,茶黄螨,Polyphagotarsonemus latipes,辣椒,chili,危害,Damage
1192,茶黄螨,Polyphagotarsonemus latipes,番茄,tomato,危害,Damage
1193,茶黄螨,Polyphagotarsonemus latipes,苦瓜,Momordica charantia,危害,Damage
1194,茶黄螨,Polyphagotarsonemus latipes,丝瓜,Loofah,危害,Damage
1195,茶黄螨,Polyphagotarsonemus latipes,黄瓜,cucumber,危害,Damage
1196,茶黄螨,Polyphagotarsonemus latipes,豇豆,cowpea,危害,Damage
1197,茶黄螨,Polyphagotarsonemus latipes,菜豆,kidney bean,危害,Damage
1198,茶黄螨,Polyphagotarsonemus latipes,萝卜,radish,危害,Damage
1199,茶黄螨,Polyphagotarsonemus latipes,芥菜,mustard,危害,Damage
1200,朱砂叶螨,Tetranychus cinnabarinus,瓜类,Melons,危害,Damage
1201,朱砂叶螨,Tetranychus cinnabarinus,豆类,Beans,危害,Damage
1202,朱砂叶螨,Tetranychus cinnabarinus,玉米,corn,危害,Damage
1203,朱砂叶螨,Tetranychus cinnabarinus,高梁,Sorghum,危害,Damage
1204,朱砂叶螨,Tetranychus cinnabarinus,向日葵,sunflower,危害,Damage
1205,朱砂叶螨,Tetranychus cinnabarinus,桑树,mulberry,危害,Damage
1206,朱砂叶螨,Tetranychus cinnabarinus,草萄,Strawberry,危害,Damage
1207,朱砂叶螨,Tetranychus cinnabarinus,棉花,cotton,危害,Damage
1208,朱砂叶螨,Tetranychus cinnabarinus,柑橘,Tangerine,危害,Damage
1209,朱砂叶螨,Tetranychus cinnabarinus,黄瓜,cucumber,危害,Damage
1210,黄胸蓟马,Thrips hawaiiensis,瓜类,Melons,危害,Damage
1211,黄胸蓟马,Thrips hawaiiensis,豇豆,cowpea,危害,Damage
1212,黄胸蓟马,Thrips hawaiiensis,四季豆,French beans,危害,Damage
1213,黄胸蓟马,Thrips hawaiiensis,空心菜,Water spinach,危害,Damage
1214,黄胸蓟马,Thrips hawaiiensis,辣椒,chili,危害,Damage
1215,黄胸蓟马,Thrips hawaiiensis,茄子,eggplant,危害,Damage
1216,黄胸蓟马,Thrips hawaiiensis,番茄,tomato,危害,Damage
1217,黄胸蓟马,Thrips hawaiiensis,韭瓜,Leek,危害,Damage
1218,黄胸蓟马,Thrips hawaiiensis,蚕豆,broad bean,危害,Damage
1219,黄胸蓟马,Thrips hawaiiensis,十字花科蔬菜,Cruciferous vegetables,危害,Damage
1220,华北蝼蛄,Gryllotalpa unispina,大豆,Soybean,危害,Damage
1221,华北蝼蛄,Gryllotalpa unispina,花生,peanut,危害,Damage
1222,华北蝼蛄,Gryllotalpa unispina,甘薯,sweet potato,危害,Damage
1223,同型巴蜗牛,Bradybaena similaris,韭菜,Chinese chives,危害,Damage
1224,同型巴蜗牛,Bradybaena similaris,白菜,Chinese cabbage,危害,Damage
1225,同型巴蜗牛,Bradybaena similaris,萝卜,radish,危害,Damage
1226,同型巴蜗牛,Bradybaena similaris,甘蓝,Kale,危害,Damage
1227,同型巴蜗牛,Bradybaena similaris,花椰菜,brocoli,危害,Damage
1228,同型巴蜗牛,Bradybaena similaris,菜豆,kidney bean,危害,Damage
1229,同型巴蜗牛,Bradybaena similaris,莴苣,lettuce,危害,Damage
1230,同型巴蜗牛,Bradybaena similaris,芹菜,celery,危害,Damage
1231,同型巴蜗牛,Bradybaena similaris,菠菜,spinach,危害,Damage
1232,野蛞蝓,Agriolimax agrestis,豆科,Leguminosae,危害,Damage
1233,野蛞蝓,Agriolimax agrestis,十字花科,Cruciferae,危害,Damage
1234,野蛞蝓,Agriolimax agrestis,茄科蔬菜,Solanaceae vegetables,危害,Damage
1235,野蛞蝓,Agriolimax agrestis,落葵,Basella alba,危害,Damage
1236,野蛞蝓,Agriolimax agrestis,菠菜,spinach,危害,Damage
1237,野蛞蝓,Agriolimax agrestis,生菜,lettuce,危害,Damage
1238,野蛞蝓,Agriolimax agrestis,杂草,Weeds,危害,Damage
1239,甜瓜大斑病,Alternaria cucumerina,甜瓜,melon,危害,Damage
1240,甜瓜黑星病,Cladosporium cucumerinum,黄瓜,cucumber,危害,Damage
1241,甜瓜黑星病,Cladosporium cucumerinum,甜瓜,melon,危害,Damage
1242,甜瓜黑星病,Cladosporium cucumerinum,南瓜,pumpkin,危害,Damage
1243,甜瓜黑星病,Cladosporium cucumerinum,西葫芦,squash,危害,Damage
1244,甜瓜白粉病,Podosphaera xanthii,甜瓜,melon,危害,Damage
1245,甜瓜霜霉病,Pseudoperonospora cubensis,甜瓜,melon,危害,Damage
1246,甜瓜猝倒病,Pythium aphanidermatum,甜瓜,melon,危害,Damage
1247,甜瓜炭疽病,Colletotrichum orbiculare,甜瓜,melon,危害,Damage
1248,甜瓜蔓枯病,Didymella bryoniae,甜瓜,melon,危害,Damage
1249,甜瓜枯萎病,Fusarium oxysporum f. sp. melonis,甜瓜,melon,危害,Damage
1250,甜瓜细菌性叶枯病,Xanthomonas cucurbitae,甜瓜,melon,危害,Damage
1251,甜瓜病毒病,Cucumber mosaic virus ,甜瓜,melon,危害,Damage
1252,甜瓜炭腐病,Macrophomina phaseolina,甜瓜,melon,危害,Damage
1253,甜瓜红粉病,Trichothecium roseum,甜瓜,melon,危害,Damage
1254,甜瓜镰刀菌果腐病,Fusarium sp.,甜瓜,melon,危害,Damage
1255,甜瓜细菌性角斑病,Pseudomonas syringae pv. lachrymans,甜瓜,melon,危害,Damage
1256,甜瓜细菌性叶斑病,Xanthomonas vesicatoria,甜瓜,melon,危害,Damage
1257,甜瓜细菌性叶斑病,Xanthomonas vesicatoria,黄瓜,cucumber,危害,Damage
1258,甜瓜细菌性叶斑病,Xanthomonas vesicatoria,冬瓜,Winter melon,危害,Damage
1259,甜瓜细菌性叶斑病,Xanthomonas vesicatoria,丝瓜,Loofah,危害,Damage
1260,甜瓜细菌性叶斑病,Xanthomonas vesicatoria,苦瓜,Momordica charantia,危害,Damage
1261,烟青虫,Helicoverpa assulta,蚕豆,broad bean,危害,Damage
1262,烟青虫,Helicoverpa assulta,豌豆,pea,危害,Damage
1263,烟青虫,Helicoverpa assulta,青椒,Green pepper,危害,Damage
1264,烟青虫,Helicoverpa assulta,番茄,tomato,危害,Damage
1265,烟青虫,Helicoverpa assulta,南瓜,pumpkin,危害,Damage
1266,烟青虫,Helicoverpa assulta,烟草,tobacco,危害,Damage
1267,烟青虫,Helicoverpa assulta,玉米,corn,危害,Damage
1268,银纹夜蛾,Argyrogramma agnata,甘蓝,Kale,危害,Damage
1269,银纹夜蛾,Argyrogramma agnata,花椰菜,brocoli,危害,Damage
1270,银纹夜蛾,Argyrogramma agnata,白菜,Chinese cabbage,危害,Damage
1271,银纹夜蛾,Argyrogramma agnata,萝卜,radish,危害,Damage
1272,银纹夜蛾,Argyrogramma agnata,十字花科,Cruciferae,危害,Damage
1273,银纹夜蛾,Argyrogramma agnata,蔬菜,vegetable,危害,Damage
1274,银纹夜蛾,Argyrogramma agnata,大豆,Soybean,危害,Damage
1275,银纹夜蛾,Argyrogramma agnata,豌豆,pea,危害,Damage
1276,银纹夜蛾,Argyrogramma agnata,莴苣,lettuce,危害,Damage
1277,银纹夜蛾,Argyrogramma agnata,茄子,eggplant,危害,Damage
1278,银纹夜蛾,Argyrogramma agnata,胡萝卜,carrot,危害,Damage
1279,银纹夜蛾,Argyrogramma agnata,泡桐,Paulownia,危害,Damage
1280,银纹夜蛾,Argyrogramma agnata,油桐,Tung oil tree,危害,Damage
1281,甜菜夜蛾,Spodoptera exigua,甘蓝,Kale,危害,Damage
1282,甜菜夜蛾,Spodoptera exigua,花椰菜,brocoli,危害,Damage
1283,甜菜夜蛾,Spodoptera exigua,白菜,Chinese cabbage,危害,Damage
1284,甜菜夜蛾,Spodoptera exigua,萝卜,radish,危害,Damage
1285,甜菜夜蛾,Spodoptera exigua,莴苣,lettuce,危害,Damage
1286,甜菜夜蛾,Spodoptera exigua,大葱,Green onion,危害,Damage
1287,甜菜夜蛾,Spodoptera exigua,番茄,tomato,危害,Damage
1288,甜菜夜蛾,Spodoptera exigua,青椒,Green pepper,危害,Damage
1289,黄曲条跳甲,Phyllotreta striolata,油菜,rape,危害,Damage
1290,黄曲条跳甲,Phyllotreta striolata,甘蓝,Kale,危害,Damage
1291,黄曲条跳甲,Phyllotreta striolata,白菜,Chinese cabbage,危害,Damage
1292,黄曲条跳甲,Phyllotreta striolata,茄果类,Solanum,危害,Damage
1293,黄曲条跳甲,Phyllotreta striolata,瓜类,Melons,危害,Damage
1294,黄曲条跳甲,Phyllotreta striolata,豆类,Beans,危害,Damage
1295,黄足黄守瓜,Aulacophora femoralis,甜瓜,melon,危害,Damage
1296,马铃薯瓢虫,Henosepilachna vigintioctomaculata,马铃薯,potato,危害,Damage
1297,马铃薯瓢虫,Henosepilachna vigintioctomaculata,茄子,eggplant,危害,Damage
1298,马铃薯瓢虫,Henosepilachna vigintioctomaculata,青椒,Green pepper,危害,Damage
1299,马铃薯瓢虫,Henosepilachna vigintioctomaculata,豆类,Beans,危害,Damage
1300,马铃薯瓢虫,Henosepilachna vigintioctomaculata,瓜类,Melons,危害,Damage
1301,马铃薯瓢虫,Henosepilachna vigintioctomaculata,玉米,corn,危害,Damage
1302,马铃薯瓢虫,Henosepilachna vigintioctomaculata,白菜,Chinese cabbage,危害,Damage
1303,番茄斑潜蝇,Liriomyza bryoniae,茄科,Solanaceae,危害,Damage
1304,番茄斑潜蝇,Liriomyza bryoniae,葫芦科,Cucurbitaceae,危害,Damage
1305,番茄斑潜蝇,Liriomyza bryoniae,十字花科,Cruciferae,危害,Damage
1306,番茄斑潜蝇,Liriomyza bryoniae,番茄,tomato,危害,Damage
1307,番茄斑潜蝇,Liriomyza bryoniae,瓜类,Melons,危害,Damage
1308,番茄斑潜蝇,Liriomyza bryoniae,莴苣,lettuce,危害,Damage
1309,番茄斑潜蝇,Liriomyza bryoniae,豆类,Beans,危害,Damage
1310,番茄斑潜蝇,Liriomyza bryoniae,甘蓝,Kale,危害,Damage
1311,番茄斑潜蝇,Liriomyza bryoniae,油菜,rape,危害,Damage
1312,番茄斑潜蝇,Liriomyza bryoniae,白菜,Chinese cabbage,危害,Damage
1313,番茄斑潜蝇,Liriomyza bryoniae,茼蒿,Chrysanthemum,危害,Damage
1314,瓜实蝇,Bactrocera cucurbitae,苦瓜,Momordica charantia,危害,Damage
1315,瓜实蝇,Bactrocera cucurbitae,丝瓜,Loofah,危害,Damage
1316,瓜实蝇,Bactrocera cucurbitae,黄瓜,cucumber,危害,Damage
1317,瓜蚜,Aphis gossypii,瓜类,Melons,危害,Damage
1318,瓜蚜,Aphis gossypii,茄科,Solanaceae,危害,Damage
1319,瓜蚜,Aphis gossypii,豆科,Leguminosae,危害,Damage
1320,瓜蚜,Aphis gossypii,十字花科,Cruciferae,危害,Damage
1321,瓜蚜,Aphis gossypii,菊科,Asteraceae,危害,Damage
1322,油葫芦,Teleogryllus emma,白菜,Chinese cabbage,危害,Damage
1323,油葫芦,Teleogryllus emma,甘蓝,Kale,危害,Damage
1324,油葫芦,Teleogryllus emma,毛豆,Edamame,危害,Damage
1325,黑绒金龟,Maladera orientalis,苹果,apple,危害,Damage
1326,黑绒金龟,Maladera orientalis,山楂,hawthorn,危害,Damage
1327,苹果树干腐病,Botryosphaeria dothidea,苹果,apple,危害,Damage
1328,豌豆炭疽病,Colletotrichum pisi,豌豆,pea,危害,Damage
1329,豆秆黑潜蝇,Melanagromyza sojae,大豆,Soybean,危害,Damage
1330,豌豆彩潜蝇,Chromatomyia horticola,豌豆,pea,危害,Damage
1331,豌豆彩潜蝇,Chromatomyia horticola,菜豆,kidney bean,危害,Damage
1332,豌豆彩潜蝇,Chromatomyia horticola,豇豆,cowpea,危害,Damage
1333,豌豆彩潜蝇,Chromatomyia horticola,红小豆,Red Bean,危害,Damage
1334,豌豆彩潜蝇,Chromatomyia horticola,甘蓝,Kale,危害,Damage
1335,豌豆彩潜蝇,Chromatomyia horticola,白菜,Chinese cabbage,危害,Damage
1336,豌豆彩潜蝇,Chromatomyia horticola,莴苣,lettuce,危害,Damage
1337,豌豆彩潜蝇,Chromatomyia horticola,番茄,tomato,危害,Damage
1338,端大蓟马,Megalurothrips distalis,四季豆,French beans,危害,Damage
1339,端大蓟马,Megalurothrips distalis,豌豆,pea,危害,Damage
1340,端大蓟马,Megalurothrips distalis,蚕豆,broad bean,危害,Damage
1341,端大蓟马,Megalurothrips distalis,丝瓜,Loofah,危害,Damage
1342,端大蓟马,Megalurothrips distalis,胡萝卜,carrot,危害,Damage
1343,端大蓟马,Megalurothrips distalis,白菜,Chinese cabbage,危害,Damage
1344,端大蓟马,Megalurothrips distalis,油菜,rape,危害,Damage
1345,花蓟马,Frankliniella intonsa,瓜类,Melons,危害,Damage
1346,花蓟马,Frankliniella intonsa,豆类,Beans,危害,Damage
1347,豌豆象,Bruchus pisorum,豌豆,pea,危害,Damage
1348,豌豆象,Bruchus pisorum,扁豆,Lentils,危害,Damage
1349,斑须蝽,Dolycoris baccarum,大豆,Soybean,危害,Damage
1350,斑须蝽,Dolycoris baccarum,棉花,cotton,危害,Damage
1351,斑须蝽,Dolycoris baccarum,花生,peanut,危害,Damage
1352,斑须蝽,Dolycoris baccarum,绿豆,green beans,危害,Damage
1353,斑须蝽,Dolycoris baccarum,小麦,wheat,危害,Damage
1354,斑须蝽,Dolycoris baccarum,玉米,corn,危害,Damage
1355,斑须蝽,Dolycoris baccarum,谷子,Millet,危害,Damage
1356,斑须蝽,Dolycoris baccarum,烟草,tobacco,危害,Damage
1357,斑须蝽,Dolycoris baccarum,白菜,Chinese cabbage,危害,Damage
1358,斑须蝽,Dolycoris baccarum,甘蓝,Kale,危害,Damage
1359,条蜂缘蝽,Riptortus linearis,蚕豆,broad bean,危害,Damage
1360,条蜂缘蝽,Riptortus linearis,豌豆,pea,危害,Damage
1361,条蜂缘蝽,Riptortus linearis,菜豆,kidney bean,危害,Damage
1362,条蜂缘蝽,Riptortus linearis,绿豆,green beans,危害,Damage
1363,条蜂缘蝽,Riptortus linearis,大豆,Soybean,危害,Damage
1364,条蜂缘蝽,Riptortus linearis,豇豆,cowpea,危害,Damage
1365,条蜂缘蝽,Riptortus linearis,水稻,Rice,危害,Damage
1366,条蜂缘蝽,Riptortus linearis,麦类,Wheat,危害,Damage
1367,条蜂缘蝽,Riptortus linearis,高粱,Sorghum,危害,Damage
1368,条蜂缘蝽,Riptortus linearis,玉米,corn,危害,Damage
1369,条蜂缘蝽,Riptortus linearis,红薯,sweet potato,危害,Damage
1370,条蜂缘蝽,Riptortus linearis,棉花,cotton,危害,Damage
1371,条蜂缘蝽,Riptortus linearis,甘蔗,sugar cane,危害,Damage
1372,条蜂缘蝽,Riptortus linearis,丝瓜,Loofah,危害,Damage
1373,豇豆荚螟,Maruca vitrata,大豆,Soybean,危害,Damage
1374,豇豆荚螟,Maruca vitrata,豇豆,cowpea,危害,Damage
1375,豇豆荚螟,Maruca vitrata,绿豆,green beans,危害,Damage
1376,豇豆荚螟,Maruca vitrata,扁豆,Lentils,危害,Damage
1377,豇豆荚螟,Maruca vitrata,刺槐,locust,危害,Damage
1378,豆荚斑螟,Etiella zinckenella,大豆,Soybean,危害,Damage
1379,豆荚斑螟,Etiella zinckenella,豇豆,cowpea,危害,Damage
1380,豆荚斑螟,Etiella zinckenella,豌豆,pea,危害,Damage
1381,豆荚斑螟,Etiella zinckenella,菜豆,kidney bean,危害,Damage
1382,豆荚斑螟,Etiella zinckenella,扁豆,Lentils,危害,Damage
1383,豆荚斑螟,Etiella zinckenella,绿豆,green beans,危害,Damage
1384,豆荚斑螟,Etiella zinckenella,刺槐,locust,危害,Damage
1385,肾毒蛾,Cifuna locuples,大豆,Soybean,危害,Damage
1386,肾毒蛾,Cifuna locuples,绿豆,green beans,危害,Damage
1387,肾毒蛾,Cifuna locuples,棉花,cotton,危害,Damage
1388,肾毒蛾,Cifuna locuples,甘薯,sweet potato,危害,Damage
1389,肾毒蛾,Cifuna locuples,苜蓿,Alfalfa,危害,Damage
1390,肾毒蛾,Cifuna locuples,茶树,tea tree,危害,Damage
1391,肾毒蛾,Cifuna locuples,苹果,apple,危害,Damage
1392,肾毒蛾,Cifuna locuples,樱桃,cherry,危害,Damage
1393,肾毒蛾,Cifuna locuples,海棠,Begonia,危害,Damage
1394,肾毒蛾,Cifuna locuples,柳树,willow,危害,Damage
1395,肾毒蛾,Cifuna locuples,刺槐,locust,危害,Damage
1396,肾毒蛾,Cifuna locuples,荷花,Lotus,危害,Damage
1397,肾毒蛾,Cifuna locuples,月季,Rose,危害,Damage
1398,肾毒蛾,Cifuna locuples,茶花,camellia,危害,Damage
1399,肾毒蛾,Cifuna locuples,杜鹃,Azalea,危害,Damage
1400,肾毒蛾,Cifuna locuples,垂丝海棠,Weeping Begonia,危害,Damage
1401,肾毒蛾,Cifuna locuples,贴梗海棠,Malus truncatum,危害,Damage
1402,肾毒蛾,Cifuna locuples,紫藤,Wisteria,危害,Damage
1403,肾毒蛾,Cifuna locuples,胡枝子,Lespedeza,危害,Damage
1404,肾毒蛾,Cifuna locuples,悬铃木,Plane Tree,危害,Damage
1405,豌豆修尾蚜,Megoura japonica,豌豆,pea,危害,Damage
1406,豌豆修尾蚜,Megoura japonica,蚕豆,broad bean,危害,Damage
1407,豌豆修尾蚜,Megoura japonica,大豆,Soybean,危害,Damage
1408,豆蚜,Aphis craccivora,豇豆,cowpea,危害,Damage
1409,豆蚜,Aphis craccivora,菜豆,kidney bean,危害,Damage
1410,豆蚜,Aphis craccivora,豌豆,pea,危害,Damage
1411,豆蚜,Aphis craccivora,蚕豆,broad bean,危害,Damage
1412,豆蚜,Aphis craccivora,苜蓿,Alfalfa,危害,Damage
1413,豆蚜,Aphis craccivora,苕子,Potato,危害,Damage
1414,豆蚜,Aphis craccivora,绿豆,green beans,危害,Damage
1415,豆蚜,Aphis craccivora,花生,peanut,危害,Damage
1416,豆蚜,Aphis craccivora,甘草,Licorice,危害,Damage
1417,豆蚜,Aphis craccivora,槐树,Sophora japonica,危害,Damage
1418,扁豆褐斑病,Ascochyta fabae,扁豆,Lentils,危害,Damage
1419,扁豆角斑病,Cercospora canescens,扁豆,Lentils,危害,Damage
1420,扁豆炭疽病,Colletotrichum lindemuthianum,扁豆,Lentils,危害,Damage
1421,扁豆细菌性疫病,Xanthomonas axonopodis pv. phaseoli,扁豆,Lentils,危害,Damage
1422,扁豆红斑病,Phyllosticta phaseolina,扁豆,Lentils,危害,Damage
1423,扁豆黑斑病,Alternaria alternata,扁豆,Lentils,危害,Damage
1424,扁豆斑点病,Cercospora dolichi,扁豆,Lentils,危害,Damage
1425,扁豆轮纹斑病,Ascochyta lentis,扁豆,Lentils,危害,Damage
1426,扁豆病毒病,Bean common mosaic virus,扁豆,Lentils,危害,Damage
1427,扁豆羽蛾,Pterophorus monodactylus,扁豆,Lentils,危害,Damage
1428,扁豆夜蛾,Anticarsia gemmatalis,扁豆,Lentils,危害,Damage
1429,豆卷叶螟,Lamprosema indicata,豇豆,cowpea,危害,Damage
1430,豆卷叶螟,Lamprosema indicata,毛豆,Edamame,危害,Damage
1431,豆卷叶螟,Lamprosema indicata,菜豆,kidney bean,危害,Damage
1432,豆卷叶螟,Lamprosema indicata,扁豆,Lentils,危害,Damage
1433,豆卷叶螟,Lamprosema indicata,豌豆,pea,危害,Damage
1434,草地螟,Loxostege sticticalis,小麦,wheat,危害,Damage
1435,草地螟,Loxostege sticticalis,燕麦,oat,危害,Damage
1436,草地螟,Loxostege sticticalis,玉米,corn,危害,Damage
1437,草地螟,Loxostege sticticalis,高粱,Sorghum,危害,Damage
1438,草地螟,Loxostege sticticalis,甜菜,beet,危害,Damage
1439,草地螟,Loxostege sticticalis,甘蓝,Kale,危害,Damage
1440,草地螟,Loxostege sticticalis,大豆,Soybean,危害,Damage
1441,草地螟,Loxostege sticticalis,豌豆,pea,危害,Damage
1442,草地螟,Loxostege sticticalis,扁豆,Lentils,危害,Damage
1443,草地螟,Loxostege sticticalis,马铃薯,potato,危害,Damage
1444,草地螟,Loxostege sticticalis,向日葵,sunflower,危害,Damage
1445,草地螟,Loxostege sticticalis,亚麻,flax,危害,Damage
1446,草地螟,Loxostege sticticalis,瓜类,Melons,危害,Damage
1447,草地螟,Loxostege sticticalis,胡萝卜,carrot,危害,Damage
1448,草地螟,Loxostege sticticalis,洋葱,onion,危害,Damage
1449,草地螟,Loxostege sticticalis,茴香,fennel,危害,Damage
1450,草地螟,Loxostege sticticalis,藜科,Chenopodiaceae,危害,Damage
1451,草地螟,Loxostege sticticalis,蓼科,Polygonaceae,危害,Damage
1452,草地螟,Loxostege sticticalis,菊科,Asteraceae,危害,Damage
1453,草地螟,Loxostege sticticalis,杂草,Weeds,危害,Damage
1454,绿豆象,Callosobruchus chinensis,菜豆,kidney bean,危害,Damage
1455,绿豆象,Callosobruchus chinensis,豇豆,cowpea,危害,Damage
1456,绿豆象,Callosobruchus chinensis,扁豆,Lentils,危害,Damage
1457,绿豆象,Callosobruchus chinensis,豌豆,pea,危害,Damage
1458,绿豆象,Callosobruchus chinensis,蚕豆,broad bean,危害,Damage
1459,绿豆象,Callosobruchus chinensis,绿豆,green beans,危害,Damage
1460,绿豆象,Callosobruchus chinensis,赤豆,red bean,危害,Damage
1461,扁豆小灰蝶,Lampides boeticus,扁豆,Lentils,危害,Damage
1462,灰巴蜗牛,Bradybaena ravida,甘蓝,Kale,危害,Damage
1463,灰巴蜗牛,Bradybaena ravida,花椰菜,brocoli,危害,Damage
1464,灰巴蜗牛,Bradybaena ravida,白菜,Chinese cabbage,危害,Damage
1465,灰巴蜗牛,Bradybaena ravida,萝卜,radish,危害,Damage
1466,灰巴蜗牛,Bradybaena ravida,豆类,Beans,危害,Damage
1467,灰巴蜗牛,Bradybaena ravida,马铃薯,potato,危害,Damage
1468,蚕豆锈病,Uromyces viciae - fabae,蚕豆,broad bean,危害,Damage
1469,蚕豆褐斑病,Ascochyta fabae,蚕豆,broad bean,危害,Damage
1470,蚕豆赤斑病,Botrytis fabae,蚕豆,broad bean,危害,Damage
1471,蚕豆白粉病,Erysiphe pisi,蚕豆,broad bean,危害,Damage
1472,蚕豆茎基腐病,Fusarium solani,蚕豆,broad bean,危害,Damage
1473,蚕豆油壶火肿病,Taphrina deformans,蚕豆,broad bean,危害,Damage
1474,蚕豆根腐病,Fusarium oxysporum f. sp. fabae,蚕豆,broad bean,危害,Damage
1475,蚕豆枯萎病,Fusarium oxysporum f. sp. fabae,蚕豆,broad bean,危害,Damage
1476,蚕豆炭疽病,Colletotrichum lindemuthianum,蚕豆,broad bean,危害,Damage
1477,蚕豆霜霉病,Peronospora viciae,蚕豆,broad bean,危害,Damage
1478,蚕豆茎疫病,Pseudomonas syringae pv. phaseolicola,蚕豆,broad bean,危害,Damage
1479,蚕豆轮纹病,Ascochyta fabae,蚕豆,broad bean,危害,Damage
1480,蚕豆立枯病,Rhizoctonia solani,蚕豆,broad bean,危害,Damage
1481,蚕豆(BYMV)花叶病,Bean yellow mosaic virus,蚕豆,broad bean,危害,Damage
1482,斑缘豆粉蝶,Colias erate,豆科蔬菜,Leguminosae vegetables,危害,Damage
1483,斑缘豆粉蝶,Colias erate,豆科,Leguminosae,危害,Damage
1484,蚕豆象,Bruchus rufimanus,蚕豆,broad bean,危害,Damage
1485,蚕豆修尾蚜,Megoura viciae,豌豆,pea,危害,Damage
1486,蚕豆修尾蚜,Megoura viciae,蚕豆,broad bean,危害,Damage
1487,蚕豆修尾蚜,Megoura viciae,大豆,Soybean,危害,Damage
1488,黄花菜锈病,Aecidium hemerocallidis,黄花菜,Daylily,危害,Damage
1489,黄花菜炭疽病,Colletotrichum hemerocallidis,黄花菜,Daylily,危害,Damage
1490,黄花菜霉杆病,Pseudomonas hemerocallidis,黄花菜,Daylily,危害,Damage
1491,黄花菜霉杆病,Pseudomonas hemerocallidis,蚕豆,broad bean,危害,Damage
1492,刺足根螨,Rhizoglyphus echinopus,韭黄,Chives,危害,Damage
1493,刺足根螨,Rhizoglyphus echinopus,韭菜,Chinese chives,危害,Damage
1494,刺足根螨,Rhizoglyphus echinopus,葱类,Onions,危害,Damage
1495,刺足根螨,Rhizoglyphus echinopus,百合,lily,危害,Damage
1496,刺足根螨,Rhizoglyphus echinopus,甜菜,beet,危害,Damage
1497,刺足根螨,Rhizoglyphus echinopus,马铃薯,potato,危害,Damage
1498,刺足根螨,Rhizoglyphus echinopus,唐菖蒲,Gladiolus,危害,Damage
1499,刺足根螨,Rhizoglyphus echinopus,半夏,Pinellia,危害,Damage
1500,刺足根螨,Rhizoglyphus echinopus,贝母,Fritillaria,危害,Damage
1501,枸杞负泥虫,Lema decempunctata,枸杞,Wolfberry,危害,Damage
1502,枸杞蚜虫,Aphis sp.,枸杞,Wolfberry,危害,Damage
1503,枸杞木虱,Paratrioza sinica,枸杞,Wolfberry,危害,Damage
1504,枸杞木虱,Paratrioza sinica,龙葵,Solanum nigrum,危害,Damage
1505,三点盲蝽,Adelphocoris fasciaticollis,牧草,grass,危害,Damage
1506,三点盲蝽,Adelphocoris fasciaticollis,豆类,Beans,危害,Damage
1507,茶翅蝽,Halyomorpha halys,草莓,strawberry,危害,Damage
1508,大青叶蝉,Cicadella viridis,白菜,Chinese cabbage,危害,Damage
1509,大青叶蝉,Cicadella viridis,甘蓝,Kale,危害,Damage
1510,大青叶蝉,Cicadella viridis,花椰菜,brocoli,危害,Damage
1511,大青叶蝉,Cicadella viridis,萝卜,radish,危害,Damage
1512,大青叶蝉,Cicadella viridis,菜豆,kidney bean,危害,Damage
1513,大青叶蝉,Cicadella viridis,番茄,tomato,危害,Damage
1514,大青叶蝉,Cicadella viridis,茄子,eggplant,危害,Damage
1515,大青叶蝉,Cicadella viridis,马铃薯,potato,危害,Damage
1516,大青叶蝉,Cicadella viridis,莴苣,lettuce,危害,Damage
1517,大青叶蝉,Cicadella viridis,芹菜,celery,危害,Damage
1518,大青叶蝉,Cicadella viridis,胡萝卜,carrot,危害,Damage
1519,大青叶蝉,Cicadella viridis,菠菜,spinach,危害,Damage
1520,芦笋立枯病,Rhizoctonia solani,芦笋,asparagus,危害,Damage
1521,甘蓝夜蛾,Mamestra brassicae,甘蓝,Kale,危害,Damage
1522,甘蓝夜蛾,Mamestra brassicae,白菜,Chinese cabbage,危害,Damage
1523,甘蓝夜蛾,Mamestra brassicae,瓜类,Melons,危害,Damage
1524,甘蓝夜蛾,Mamestra brassicae,豆类,Beans,危害,Damage
1525,甘蓝夜蛾,Mamestra brassicae,茄果类蔬菜,Nightshade vegetables,危害,Damage
1526,甘蓝夜蛾,Mamestra brassicae,甜菜,beet,危害,Damage
1527,小造桥虫,Anomis flava,棉花,cotton,危害,Damage
1528,小造桥虫,Anomis flava,黄麻,jute,危害,Damage
1529,小造桥虫,Anomis flava,茼麻,Chrysanthemum,危害,Damage
1530,小造桥虫,Anomis flava,红麻,Kenaf,危害,Damage
1531,大造桥虫,Ascotis selenaria,蕹菜,Water spinach,危害,Damage
1532,大造桥虫,Ascotis selenaria,莴苣,lettuce,危害,Damage
1533,亚洲玉米螟,Ostrinia furnacalis,谷,valley,危害,Damage
1534,亚洲玉米螟,Ostrinia furnacalis,棉,cotton,危害,Damage
1535,亚洲玉米螟,Ostrinia furnacalis,马铃薯,potato,危害,Damage
1536,烟蓟马,Thrips tabaci,棉花,cotton,危害,Damage
1537,烟蓟马,Thrips tabaci,大葱,Green onion,危害,Damage
1538,烟蓟马,Thrips tabaci,马铃薯,potato,危害,Damage
1539,花蓟马,Frankliniella intonsa,甘蔗,sugar cane,危害,Damage
1540,花蓟马,Frankliniella intonsa,茄果类,Solanum,危害,Damage
1541,十四点负泥甲,Crioceris quatuordecimpunctata,小麦,wheat,危害,Damage
1542,十四点负泥甲,Crioceris quatuordecimpunctata,石刁柏,Asparagus cochinchinensis,危害,Damage
1543,十四点负泥甲,Crioceris quatuordecimpunctata,文竹,asparagus,危害,Damage
1544,灰地种蝇,Delia platura,花椰菜,brocoli,危害,Damage
1545,灰地种蝇,Delia platura,白菜,Chinese cabbage,危害,Damage
1546,灰地种蝇,Delia platura,甘蓝,Kale,危害,Damage
1547,灰地种蝇,Delia platura,瓜类,Melons,危害,Damage
1548,灰地种蝇,Delia platura,蔬菜,vegetable,危害,Damage
1549,灰地种蝇,Delia platura,果树,Fruit trees,危害,Damage
1550,灰地种蝇,Delia platura,林木,forest,危害,Damage
1551,莲藕腐败病,Fusarium oxysporum f. sp. nelumbicola,莲藕,Lotus root,危害,Damage
1552,莲藕尾孢褐斑病,Cercospora nelumbonis,莲藕,Lotus root,危害,Damage
1553,莲藕褐纹病,Alternaria nelumbii,莲藕,Lotus root,危害,Damage
1554,莲藕炭疽病,Colletotrichum gloeosporioides,莲藕,Lotus root,危害,Damage
1555,莲藕小菌核叶腐病,Sclerotinia sclerotiorum,莲藕,Lotus root,危害,Damage
1556,莲缢管蚜,Rhopalosiphum nymphaeae,莲藕,Lotus root,危害,Damage
1557,莲缢管蚜,Rhopalosiphum nymphaeae,慈菇,Sagittaria,危害,Damage
1558,莲缢管蚜,Rhopalosiphum nymphaeae,菱角,water chestnut,危害,Damage
1559,莲缢管蚜,Rhopalosiphum nymphaeae,绿萍,Azolla,危害,Damage
1560,莲缢管蚜,Rhopalosiphum nymphaeae,睡莲,Water Lily,危害,Damage
1561,莲缢管蚜,Rhopalosiphum nymphaeae,眼子菜,Potamogeton,危害,Damage
1562,莲缢管蚜,Rhopalosiphum nymphaeae,香蒲,cat-tail,危害,Damage
1563,莲缢管蚜,Rhopalosiphum nymphaeae,川泽泻,Sichuan orientalis,危害,Damage
1564,莲缢管蚜,Rhopalosiphum nymphaeae,慈姑,arrowhead,危害,Damage
1565,莲潜叶摇蚊,Stenochironomus nelumbus,荷花,Lotus,危害,Damage
1566,莲潜叶摇蚊,Stenochironomus nelumbus,花莲,Hualien,危害,Damage
1567,莲潜叶摇蚊,Stenochironomus nelumbus,藕莲,Lotus,危害,Damage
1568,莲潜叶摇蚊,Stenochironomus nelumbus,碗莲,Lotus,危害,Damage
1569,莲潜叶摇蚊,Stenochironomus nelumbus,子莲,Zi Lian,危害,Damage
1570,茭白纹枯病,Thanatephorus cucumeris,茭白,Wild Rice,危害,Damage
1571,茭白瘟病,Pyricularia zizaniae,茭白,Wild Rice,危害,Damage
1572,莲藕根金花虫,Donacia provosti,莲藕,Lotus root,危害,Damage
1573,莲藕根金花虫,Donacia provosti,莼菜,Brasenia schrenkiana,危害,Damage
1574,莲藕根金花虫,Donacia provosti,茭白,Wild Rice,危害,Damage
1575,莲藕根金花虫,Donacia provosti,水稻,Rice,危害,Damage
1576,莲藕根金花虫,Donacia provosti,矮慈姑,Sagittaria dwarfi,危害,Damage
1577,莲藕根金花虫,Donacia provosti,眼子菜,Potamogeton,危害,Damage
1578,莲藕根金花虫,Donacia provosti,鸭舌草,Duckweed,危害,Damage
1579,莲藕根金花虫,Donacia provosti,长叶泽泻,Longleaf Alisma,危害,Damage
1580,茭白胡麻斑病,Bipolaris zizaniae,茭白,Wild Rice,危害,Damage
1581,茭白黑粉病,Ustilago esculenta,茭白,Wild Rice,危害,Damage
1582,二化螟,Chilo suppressalis,水稻,Rice,危害,Damage
1583,二化螟,Chilo suppressalis,茭白,Wild Rice,危害,Damage
1584,二化螟,Chilo suppressalis,玉米,corn,危害,Damage
1585,二化螟,Chilo suppressalis,甘蔗,sugar cane,危害,Damage
1586,二化螟,Chilo suppressalis,小米,Millet,危害,Damage
1587,二化螟,Chilo suppressalis,芦苇,reed,危害,Damage
1588,二化螟,Chilo suppressalis,蚕豆,broad bean,危害,Damage
1589,二化螟,Chilo suppressalis,油菜,rape,危害,Damage
1590,长绿飞虱,Saccharosydne procerus,茭白,Wild Rice,危害,Damage
1591,长绿飞虱,Saccharosydne procerus,野茭白,Wild wild rice,危害,Damage
1592,长绿飞虱,Saccharosydne procerus,水稻,Rice,危害,Damage
1593,白背飞虱,Sogatella furcifera,水稻,Rice,危害,Damage
1594,白背飞虱,Sogatella furcifera,小麦,wheat,危害,Damage
1595,白背飞虱,Sogatella furcifera,玉米,corn,危害,Damage
1596,白背飞虱,Sogatella furcifera,甘蔗,sugar cane,危害,Damage
1597,白背飞虱,Sogatella furcifera,高粱,Sorghum,危害,Damage
1598,白背飞虱,Sogatella furcifera,茭白,Wild Rice,危害,Damage
1599,白背飞虱,Sogatella furcifera,游草,Tour grass,危害,Damage
1600,白背飞虱,Sogatella furcifera,看麦娘,See the wheatgrass,危害,Damage
1601,灰飞虱,Laodelphax striatellus,茭白,Wild Rice,危害,Damage
1602,灰飞虱,Laodelphax striatellus,水稻,Rice,危害,Damage
1603,灰飞虱,Laodelphax striatellus,小麦,wheat,危害,Damage
1604,灰飞虱,Laodelphax striatellus,大麦,barley,危害,Damage
1605,灰飞虱,Laodelphax striatellus,玉米,corn,危害,Damage
1606,灰飞虱,Laodelphax striatellus,高粱,Sorghum,危害,Damage
1607,灰飞虱,Laodelphax striatellus,甘蔗,sugar cane,危害,Damage
1608,灰飞虱,Laodelphax striatellus,稗草,Barnyard grass,危害,Damage
1609,黄色白禾螟,Scirpophaga nivella,荸荠,Water Chestnut,危害,Damage
1610,中华蚱蜢,Acrida cinerea,高粱,Sorghum,危害,Damage
1611,中华蚱蜢,Acrida cinerea,小麦,wheat,危害,Damage
1612,中华蚱蜢,Acrida cinerea,水稻,Rice,危害,Damage
1613,中华蚱蜢,Acrida cinerea,棉花,cotton,危害,Damage
1614,中华蚱蜢,Acrida cinerea,杂草,Weeds,危害,Damage
1615,中华蚱蜢,Acrida cinerea,甘薯,sweet potato,危害,Damage
1616,中华蚱蜢,Acrida cinerea,甘蔗,sugar cane,危害,Damage
1617,中华蚱蜢,Acrida cinerea,白菜,Chinese cabbage,危害,Damage
1618,中华蚱蜢,Acrida cinerea,甘蓝,Kale,危害,Damage
1619,中华蚱蜢,Acrida cinerea,萝卜,radish,危害,Damage
1620,中华蚱蜢,Acrida cinerea,豆类,Beans,危害,Damage
1621,中华蚱蜢,Acrida cinerea,茄子,eggplant,危害,Damage
1622,中华蚱蜢,Acrida cinerea,马铃薯,potato,危害,Damage
1623,中华蚱蜢,Acrida cinerea,蔬菜,vegetable,危害,Damage
1624,中华蚱蜢,Acrida cinerea,花卉,flowers,危害,Damage
1625,蘑菇褐斑病,Pseudomonas tolaasii,蘑菇,mushroom,危害,Damage
1626,蘑菇猝倒病,Rhizoctonia solani,蘑菇,mushroom,危害,Damage
1627,佛手瓜蔓枯病,Didymella bryoniae,佛手瓜,Chayote,危害,Damage
1628,佛手瓜叶点病,Phyllosticta citrullina,佛手瓜,Chayote,危害,Damage
1629,苦瓜白斑病,Cercospora momordicae,苦瓜,Momordica charantia,危害,Damage
1630,苦瓜炭疽病,Colletotrichum orbiculare,苦瓜,Momordica charantia,危害,Damage
1631,苦瓜斑点病,Phyllosticta orbicularis,苦瓜,Momordica charantia,危害,Damage
1632,苦瓜疫病,Phytophthora melonis,苦瓜,Momordica charantia,危害,Damage
1633,苦瓜枯萎病,Fusarium oxysporum f. sp. momordicae,苦瓜,Momordica charantia,危害,Damage
1634,苦瓜猝倒病,Pythium aphanidermatum,苦瓜,Momordica charantia,危害,Damage
1635,苦瓜菌核病,Sclerotinia sclerotiorum,苦瓜,Momordica charantia,危害,Damage
1636,苦瓜根结线虫病,Meloidogyne sp.,苦瓜,Momordica charantia,危害,Damage
1637,苦瓜细菌性角斑病,Pseudomonas syringae pv. lachrymans,苦瓜,Momordica charantia,危害,Damage
1638,苦瓜病毒病,Cucumber mosaic virus,苦瓜,Momordica charantia,危害,Damage
1639,苦瓜根霉果腐病,Rhizopus sp.,苦瓜,Momordica charantia,危害,Damage
1640,菜豆白绢病,Sclerotium rolfsii,菜豆,kidney bean,危害,Damage
1641,菜豆炭腐病,Macrophomina phaseolina,菜豆,kidney bean,危害,Damage
1642,菜豆灰霉病,Botrytis cinerea,菜豆,kidney bean,危害,Damage
1643,菜豆轮纹病,Ascochyta phaseolorum,菜豆,kidney bean,危害,Damage
1644,菜豆锈病,Uromyces appendiculatus,菜豆,kidney bean,危害,Damage
1645,菜豆炭疽病,Colletotrichum lindemuthianum,菜豆,kidney bean,危害,Damage
1646,菜豆黑斑病,Alternaria brassicicola,菜豆,kidney bean,危害,Damage
1647,菜豆菌核病,Sclerotinia sclerotiorum,菜豆,kidney bean,危害,Damage
1648,菜豆褐斑病,Ascochyta fabae,菜豆,kidney bean,危害,Damage
1649,菜豆根腐病,Fusarium solani,菜豆,kidney bean,危害,Damage
1650,菜豆细菌性疫病,Xanthomonas axonopodis pv. phaseoli,菜豆,kidney bean,危害,Damage
1651,菜豆细菌性晕疫病,Pseudomonas syringae pv. phaseolicola,菜豆,kidney bean,危害,Damage
1652,菜豆花叶病,Bean common mosaic virus,菜豆,kidney bean,危害,Damage
1653,菜豆花叶病,Bean common mosaic virus,豇豆,cowpea,危害,Damage
1654,菜豆花叶病,Bean common mosaic virus,扁豆,Lentils,危害,Damage
1655,菜豆花叶病,Bean common mosaic virus,刀豆,Sword Bean,危害,Damage
1656,菜豆花叶病,Bean common mosaic virus,毛豆,Edamame,危害,Damage
1657,菜豆根霉软腐病,Rhizopus stolonifer,菜豆,kidney bean,危害,Damage
1658,菜豆细菌性叶斑病,Xanthomonas campestris pv. phaseoli,菜豆,kidney bean,危害,Damage
1659,双线盗毒蛾,Porthesia scintillans,豇豆,cowpea,危害,Damage
1660,双线盗毒蛾,Porthesia scintillans,丝瓜,Loofah,危害,Damage
1661,双线盗毒蛾,Porthesia scintillans,辣椒,chili,危害,Damage
1662,双线盗毒蛾,Porthesia scintillans,菜豆,kidney bean,危害,Damage
1663,双线盗毒蛾,Porthesia scintillans,甘薯,sweet potato,危害,Damage
1664,稀点雪灯蛾,Spilosoma urticae,番茄,tomato,危害,Damage
1665,稀点雪灯蛾,Spilosoma urticae,茄子,eggplant,危害,Damage
1666,稀点雪灯蛾,Spilosoma urticae,辣椒,chili,危害,Damage
1667,稀点雪灯蛾,Spilosoma urticae,玉米,corn,危害,Damage
1668,稀点雪灯蛾,Spilosoma urticae,棉花,cotton,危害,Damage
1669,稀点雪灯蛾,Spilosoma urticae,花生,peanut,危害,Damage
1670,稀点雪灯蛾,Spilosoma urticae,小麦,wheat,危害,Damage
1671,稀点雪灯蛾,Spilosoma urticae,谷子,Millet,危害,Damage
1672,稀点雪灯蛾,Spilosoma urticae,大豆,Soybean,危害,Damage
1673,稀点雪灯蛾,Spilosoma urticae,甘薯,sweet potato,危害,Damage
1674,稀点雪灯蛾,Spilosoma urticae,瓜类,Melons,危害,Damage
1675,稀点雪灯蛾,Spilosoma urticae,薄荷,Mint,危害,Damage
1676,双斑萤叶甲,Monolepta hieroglyphica,豆类,Beans,危害,Damage
1677,双斑萤叶甲,Monolepta hieroglyphica,胡萝卜,carrot,危害,Damage
1678,双斑萤叶甲,Monolepta hieroglyphica,十字花科,Cruciferae,危害,Damage
1679,双斑萤叶甲,Monolepta hieroglyphica,蔬菜,vegetable,危害,Damage
1680,双斑萤叶甲,Monolepta hieroglyphica,马铃薯,potato,危害,Damage
1681,双斑萤叶甲,Monolepta hieroglyphica,苜蓿,Alfalfa,危害,Damage
1682,双斑萤叶甲,Monolepta hieroglyphica,花生,peanut,危害,Damage
1683,双斑萤叶甲,Monolepta hieroglyphica,玉米,corn,危害,Damage
1684,双斑萤叶甲,Monolepta hieroglyphica,高粱,Sorghum,危害,Damage
1685,斑鞘豆叶甲,Colposcelis signata,大豆,Soybean,危害,Damage
1686,斑鞘豆叶甲,Colposcelis signata,苹果,apple,危害,Damage
1687,斑鞘豆叶甲,Colposcelis signata,白三叶草,White Clover,危害,Damage
1688,端大蓟马,Megalurothrips distalis,花生,peanut,危害,Damage
1689,端大蓟马,Megalurothrips distalis,苜蓿,Alfalfa,危害,Damage
1690,端大蓟马,Megalurothrips distalis,红花草,Red Flower,危害,Damage
1691,端大蓟马,Megalurothrips distalis,紫云英,Astragalus,危害,Damage
1692,端大蓟马,Megalurothrips distalis,苕子,Potato,危害,Damage
1693,端大蓟马,Megalurothrips distalis,猪屎豆,Crotalaria,危害,Damage
1694,端大蓟马,Megalurothrips distalis,柽麻,Tamarind,危害,Damage
1695,端大蓟马,Megalurothrips distalis,小麦,wheat,危害,Damage
1696,端大蓟马,Megalurothrips distalis,水稻,Rice,危害,Damage
1697,豆叶螨,Tetranychus phaselus,菜豆,kidney bean,危害,Damage
1698,豆叶螨,Tetranychus phaselus,大豆,Soybean,危害,Damage
1699,截形叶螨,Tetranychus truncatus,黄瓜,cucumber,危害,Damage
1700,截形叶螨,Tetranychus truncatus,菜豆,kidney bean,危害,Damage
1701,截形叶螨,Tetranychus truncatus,茄子,eggplant,危害,Damage
1702,截形叶螨,Tetranychus truncatus,玉米,corn,危害,Damage
1703,截形叶螨,Tetranychus truncatus,大豆,Soybean,危害,Damage
1704,截形叶螨,Tetranychus truncatus,棉花,cotton,危害,Damage
1705,豇豆枯萎病,Fusarium oxysporum f. sp. vignae,豇豆,cowpea,危害,Damage
1706,豇豆锈病,Uromyces vignae,豇豆,cowpea,危害,Damage
1707,豇豆白粉病,Erysiphe polygoni,豇豆,cowpea,危害,Damage
1708,豇豆白绢病,Sclerotium rolfsii,豇豆,cowpea,危害,Damage
1709,豇豆基腐病,Fusarium solani,豇豆,cowpea,危害,Damage
1710,豇豆根腐病,Fusarium solani,豇豆,cowpea,危害,Damage
1711,豇豆红斑病,Cercospora canescens,豇豆,cowpea,危害,Damage
1712,豇豆根结线虫病,Meloidogyne sp.,豇豆,cowpea,危害,Damage
1713,豇豆细菌性疫病,Xanthomonas axonopodis pv. vignicola,豇豆,cowpea,危害,Damage
1714,豇豆炭疽病,Colletotrichum lindemuthianum,豇豆,cowpea,危害,Damage
1715,豇豆轮纹病,Cercospora vignicola,豇豆,cowpea,危害,Damage
1716,豇豆茎枯病,Macrophomina phaseoli,豇豆,cowpea,危害,Damage
1717,豇豆病毒病,Cowpea aphid-borne mosaic virus,豇豆,cowpea,危害,Damage
1718,毛豆锈病,Uromyces vignae,毛豆,Edamame,危害,Damage
1719,毛豆叶斑病,Mycosphaerella sojae,毛豆,Edamame,危害,Damage
1720,红缘灯蛾,Amsacta lactinea,白菜,Chinese cabbage,危害,Damage
1721,红缘灯蛾,Amsacta lactinea,萝卜,radish,危害,Damage
1722,红缘灯蛾,Amsacta lactinea,菜豆,kidney bean,危害,Damage
1723,红缘灯蛾,Amsacta lactinea,玉米,corn,危害,Damage
1724,美洲斑潜蝇,Liriomyza sativae,豇豆,cowpea,危害,Damage
1725,豆杆黑潜蝇,Melanagromyza sojae,大豆,Soybean,危害,Damage
1726,筛豆龟蝽,Megacopta cribraria,菜豆,kidney bean,危害,Damage
1727,筛豆龟蝽,Megacopta cribraria,扁豆,Lentils,危害,Damage
1728,筛豆龟蝽,Megacopta cribraria,大豆,Soybean,危害,Damage
1729,筛豆龟蝽,Megacopta cribraria,绿豆,green beans,危害,Damage
1730,点蜂缘蝽,Riptortus pedestris,大豆,Soybean,危害,Damage
1731,点蜂缘蝽,Riptortus pedestris,花生,peanut,危害,Damage
1732,点蜂缘蝽,Riptortus pedestris,芝麻,Sesame,危害,Damage
1733,点蜂缘蝽,Riptortus pedestris,蚕豆,broad bean,危害,Damage
1734,点蜂缘蝽,Riptortus pedestris,豇豆,cowpea,危害,Damage
1735,点蜂缘蝽,Riptortus pedestris,豌豆,pea,危害,Damage
1736,点蜂缘蝽,Riptortus pedestris,丝瓜,Loofah,危害,Damage
1737,点蜂缘蝽,Riptortus pedestris,白菜,Chinese cabbage,危害,Damage
1738,豆突眼长蝽,Chauliops fallax,大豆,Soybean,危害,Damage
1739,豆突眼长蝽,Chauliops fallax,绿豆,green beans,危害,Damage
1740,豆突眼长蝽,Chauliops fallax,豇豆,cowpea,危害,Damage
1741,豆突眼长蝽,Chauliops fallax,菜豆,kidney bean,危害,Damage
1742,豆突眼长蝽,Chauliops fallax,刀豆,Sword Bean,危害,Damage
1743,豆突眼长蝽,Chauliops fallax,赤豆,red bean,危害,Damage
1744,豆突眼长蝽,Chauliops fallax,山绿豆,Mung Bean,危害,Damage
1745,二斑叶螨,Tetranychus urticae,棉花,cotton,危害,Damage
1746,二斑叶螨,Tetranychus urticae,玉米,corn,危害,Damage
1747,二斑叶螨,Tetranychus urticae,小麦,wheat,危害,Damage
1748,二斑叶螨,Tetranychus urticae,大豆,Soybean,危害,Damage
1749,二斑叶螨,Tetranychus urticae,高粱,Sorghum,危害,Damage
1750,毛豆炭疽病,Colletotrichum truncatum,毛豆,Edamame,危害,Damage
1751,毛豆根腐病,Fusarium solani,毛豆,Edamame,危害,Damage
1752,毛豆荚枯病,Macrophoma mame,毛豆,Edamame,危害,Damage
1753,毛豆赤霉病,Fusarium graminearum,毛豆,Edamame,危害,Damage
1754,毛豆枯萎病,Fusarium oxysporum f. sp. glycines,毛豆,Edamame,危害,Damage
1755,毛豆细菌斑疹病,Xanthomonas campestris,毛豆,Edamame,危害,Damage
1756,毛豆立枯病,Rhizoctonia solani,毛豆,Edamame,危害,Damage
1757,毛豆轮纹病,Ascochyta glycines,毛豆,Edamame,危害,Damage
1758,毛豆白粉病,Erysiphe polygoni,毛豆,Edamame,危害,Damage
1759,毛豆灰星病,Phyllosticta sojaecola,毛豆,Edamame,危害,Damage
1760,毛豆茎枯病,Phoma glycines,毛豆,Edamame,危害,Damage
1761,毛豆菌核疫病,Sclerotinia sclerotiorum,毛豆,Edamame,危害,Damage
1762,毛豆煤斑病,Cercospora vignae,毛豆,Edamame,危害,Damage
1763,毛豆羞萎病,Septogloeum sojae,毛豆,Edamame,危害,Damage
1764,毛豆紫斑病,Cercospora kikuchii,毛豆,Edamame,危害,Damage
1765,豌豆褐斑病,Ascochyta pisi,豌豆,pea,危害,Damage
1766,豌豆褐纹病,Mycosphaerella pinodes,豌豆,pea,危害,Damage
1767,豌豆白粉病,Erysiphe pisi,豌豆,pea,危害,Damage
1768,豌豆基腐病,Rhizoctonia solani Kühn,豌豆,pea,危害,Damage
1769,西葫芦灰霉病,Botrytis cinerea,西葫芦,squash,危害,Damage
1770,西葫芦枯萎病,Fusarium oxysporum f. sp. cucurbitae,西葫芦,squash,危害,Damage
1771,西葫芦病毒病,Summer squash virus disease,西葫芦,squash,危害,Damage
1772,西葫芦日灼病,Summer squash suncald,西葫芦,squash,危害,Damage
1773,冬瓜白粉病,Erysiphe cichoracearum,冬瓜,Winter melon,危害,Damage
1774,冬瓜霜霉病,Pseudoperonospora cubensis,冬瓜,Winter melon,危害,Damage
1775,冬瓜枯萎病,Fusarium oxysporum f. sp. benincasae,冬瓜,Winter melon,危害,Damage
1776,冬瓜蔓枯病,Didymella bryoniae,冬瓜,Winter melon,危害,Damage
1777,冬瓜绵腐病,Pythium aphanidermatum,冬瓜,Winter melon,危害,Damage
1778,冬瓜细菌性角斑病,Pseudomonas syringae pv. lachrymans,冬瓜细,Winter melon,危害,Damage
1779,冬瓜细菌性角斑病,Pseudomonas syringae pv. lachrymans,冬瓜,Winter melon,危害,Damage
1780,冬瓜细菌性角斑病,Pseudomonas syringae pv. lachrymans,节瓜,Winter melon,危害,Damage
1781,冬瓜细菌性角斑病,Pseudomonas syringae pv. lachrymans,葫芦,gourd,危害,Damage
1782,冬瓜细菌性角斑病,Pseudomonas syringae pv. lachrymans,西葫芦,squash,危害,Damage
1783,冬瓜细菌性角斑病,Pseudomonas syringae pv. lachrymans,丝瓜,Loofah,危害,Damage
1784,冬瓜细菌性角斑病,Pseudomonas syringae pv. lachrymans,甜瓜,melon,危害,Damage
1785,冬瓜细菌性角斑病,Pseudomonas syringae pv. lachrymans,西瓜,watermelon,危害,Damage
1786,冬瓜细菌性角斑病,Pseudomonas syringae pv. lachrymans,笋瓜,Winter Squash,危害,Damage
1787,冬瓜软腐病,Erwinia carotovora subsp. carotovora,冬瓜软,Winter melon soft,危害,Damage
1788,冬瓜软腐病,Erwinia carotovora subsp. carotovora,冬瓜,Winter melon,危害,Damage
1789,冬瓜软腐病,Erwinia carotovora subsp. carotovora,节瓜,Winter melon,危害,Damage
1790,冬瓜软腐病,Erwinia carotovora subsp. carotovora,十字花科,Cruciferae,危害,Damage
1791,冬瓜软腐病,Erwinia carotovora subsp. carotovora,茄科蔬菜,Solanaceae vegetables,危害,Damage
1792,冬瓜软腐病,Erwinia carotovora subsp. carotovora,芹菜,celery,危害,Damage
1793,冬瓜软腐病,Erwinia carotovora subsp. carotovora,莴苣,lettuce,危害,Damage
1794,冬瓜(叶点霉)叶斑病,Phyllosticta sp.,冬瓜,Winter melon,危害,Damage
1795,冬瓜病毒病,Watermelon mosaic virus,冬瓜,Winter melon,危害,Damage
1796,冬瓜病毒病,Watermelon mosaic virus,黄瓜,cucumber,危害,Damage
1797,冬瓜绵疫病,Phytophthora capsici,冬瓜,Winter melon,危害,Damage
1798,冬瓜菌核病,Sclerotinia sclerotiorum,冬瓜,Winter melon,危害,Damage
1799,黄蓟马,Thrips flavus,蔬菜,vegetable,危害,Damage
1800,黄蓟马,Thrips flavus,大豆,Soybean,危害,Damage
1801,黄蓟马,Thrips flavus,瓜类,Melons,危害,Damage
1802,黄蓟马,Thrips flavus,茄子,eggplant,危害,Damage
1803,黄蓟马,Thrips flavus,油菜,rape,危害,Damage
1804,黄蓟马,Thrips flavus,棉花,cotton,危害,Damage
1805,黄蓟马,Thrips flavus,甘薯,sweet potato,危害,Damage
1806,黄蓟马,Thrips flavus,玉米,corn,危害,Damage
1807,黄蓟马,Thrips flavus,百合,lily,危害,Damage
1808,黄蓟马,Thrips flavus,紫云英,Astragalus,危害,Damage
1809,瓠瓜霜霉病,Pseudoperonospora cubensis,瓠瓜,Gourd,危害,Damage
1810,瓠瓜白粉病,Erysiphe cichoracearum,瓠瓜,Gourd,危害,Damage
1811,瓠瓜炭疽病,Colletotrichum orbiculare,瓠瓜,Gourd,危害,Damage
1812,瓠瓜灰霉病,Botrytis cinerea,瓠瓜,Gourd,危害,Damage
1813,瓠瓜枯萎病,Fusarium oxysporum f. sp. lagenariae,瓠瓜,Gourd,危害,Damage
1814,瓠瓜褐腐病,Choanephora cucurbitarum,瓠瓜,Gourd,危害,Damage
1815,瓠瓜细菌性角斑病,Pseudomonas syringae pv. lachrymans,葫芦,gourd,危害,Damage
1816,瓠瓜细菌性角斑病,Pseudomonas syringae pv. lachrymans,西葫芦,squash,危害,Damage
1817,瓠瓜细菌性角斑病,Pseudomonas syringae pv. lachrymans,冬瓜,Winter melon,危害,Damage
1818,瓠瓜细菌性角斑病,Pseudomonas syringae pv. lachrymans,节瓜,Winter melon,危害,Damage
1819,瓠瓜细菌性角斑病,Pseudomonas syringae pv. lachrymans,丝瓜,Loofah,危害,Damage
1820,瓠瓜细菌性角斑病,Pseudomonas syringae pv. lachrymans,甜瓜,melon,危害,Damage
1821,瓠瓜细菌性角斑病,Pseudomonas syringae pv. lachrymans,西瓜,watermelon,危害,Damage
1822,瓠瓜细菌性角斑病,Pseudomonas syringae pv. lachrymans,笋瓜,Winter Squash,危害,Damage
1823,瓠瓜煤污病,Cercospora fuligena,瓠瓜,Gourd,危害,Damage
1824,丝瓜霜霉病,Pseudoperonospora cubensis,丝瓜,Loofah,危害,Damage
1825,丝瓜白粉病,Erysiphe cichoracearum,丝瓜,Loofah,危害,Damage
1826,丝瓜白斑病,Cercospora citrullina,丝瓜,Loofah,危害,Damage
1827,丝瓜病毒病,Cucumber mosaic virus,丝瓜,Loofah,危害,Damage
1828,丝瓜褐斑病,Cercospora citrullina,丝瓜,Loofah,危害,Damage
1829,丝瓜轮纹斑病,Diplodia natalensis,柑桔,Citrus,危害,Damage
1830,丝瓜轮纹斑病,Diplodia natalensis,苹果,apple,危害,Damage
1831,丝瓜轮纹斑病,Diplodia natalensis,三叶胶,Hevea,危害,Damage
1832,丝瓜果腐病,Rhizopus stolonifer,瓜果,Fruits,危害,Damage
1833,丝瓜根结线虫病,Meloidogyne sp.,丝瓜,Loofah,危害,Damage
1834,丝瓜化瓜,Luffa cylindrica,丝瓜,Loofah,危害,Damage
1835,节瓜蓟马,Thrips palmi,节瓜,Winter melon,危害,Damage
1836,节瓜蓟马,Thrips palmi,冬瓜,Winter melon,危害,Damage
1837,节瓜蓟马,Thrips palmi,黄瓜,cucumber,危害,Damage
1838,节瓜蓟马,Thrips palmi,番茄,tomato,危害,Damage
1839,节瓜蓟马,Thrips palmi,菠菜,spinach,危害,Damage
1840,节瓜蓟马,Thrips palmi,豆类,Beans,危害,Damage
1841,南瓜疫病,Phytophthora capsici,南瓜,pumpkin,危害,Damage
1842,南瓜白粉病,Erysiphe cichoracearum,南瓜,pumpkin,危害,Damage
1843,南瓜白绢病,Sclerotium rolfsii,南瓜,pumpkin,危害,Damage
1844,南瓜病毒病,Cucumber mosaic virus,南瓜,pumpkin,危害,Damage
1845,南瓜斑点病,Septoria cucurbitacearum,南瓜,pumpkin,危害,Damage
1846,南瓜霜霉病,Pseudoperonospora cubensis,南瓜,pumpkin,危害,Damage
1847,南瓜炭疽病,Colletotrichum orbiculare,南瓜,pumpkin,危害,Damage
1848,南瓜根结线虫病,Meloidogyne sp.,南瓜,pumpkin,危害,Damage
1849,南瓜根霉果腐病,Rhizopus sp.,南瓜,pumpkin,危害,Damage
1850,南瓜褐腐病,Choanephora cucurbitarum,南瓜,pumpkin,危害,Damage
1851,南瓜银叶病,Whitefly-transmitted geminivirus,南瓜,pumpkin,危害,Damage
1852,南瓜化瓜,Pumpkin fruit drop,南瓜,pumpkin,危害,Damage
1853,飞碟瓜病毒病,UFO squash virus disease,飞碟瓜,UFO Melon,危害,Damage
1854,飞碟瓜根霉果腐病,Rhizopus sp.,飞碟瓜,UFO Melon,危害,Damage
1855,飞碟瓜褐腐病,Rhizopus nigricans,飞碟瓜,UFO Melon,危害,Damage
1856,飞碟瓜灰霉病,Botrytis cinerea,飞碟瓜,UFO Melon,危害,Damage
1857,飞碟瓜枯萎病,Fusarium oxysporum f. sp.,飞碟瓜,UFO Melon,危害,Damage
1858,飞碟瓜蔓枯病,UFO squash Fusarium wilt,飞碟瓜,UFO Melon,危害,Damage
1859,飞碟瓜脐腐病,UFO squash blossom end rot,飞碟瓜,UFO Melon,危害,Damage
1860,飞碟瓜化瓜,UFO squash fruit drop,飞碟瓜,UFO Melon,危害,Damage
1861,佛手瓜白粉病,Erysiphe cichoracearum,佛手瓜,Chayote,危害,Damage
1862,佛手瓜枯萎病,Fusarium oxysporum f. sp.,佛手瓜,Chayote,危害,Damage
1863,辣椒枯萎病,Fusarium oxysporum f. sp. capsici,辣椒,chili,危害,Damage
1864,辣椒猝倒病,Pythium aphanidermatum,辣椒,chili,危害,Damage
1865,辣椒立枯病,Rhizoctonia solani,辣椒,chili,危害,Damage
1866,辣椒根腐病,Fusarium solani,辣椒,chili,危害,Damage
1867,辣椒细菌性叶斑病,Xanthomonas campestris pv. vesicatoria,辣椒,chili,危害,Damage
1868,辣椒青枯病,Ralstonia solanacearum,辣椒,chili,危害,Damage
1869,辣椒疮痂病,Xanthomonas axonopodis pv. vesicatoria,辣椒,chili,危害,Damage
1870,辣椒病毒病,Cucumber mosaic virus,辣椒,chili,危害,Damage
1871,辣椒叶枯病,Cercospora capsici Heald,辣椒,chili,危害,Damage
1872,辣椒白斑病,Stemphylium lycopersici,辣椒,chili,危害,Damage
1873,茄无网蚜,Acyrthosiphon solani,茄科植物,Solanaceae,危害,Damage
1874,茄无网蚜,Acyrthosiphon solani,豆类,Beans,危害,Damage
1875,茄无网蚜,Acyrthosiphon solani,甜菜,beet,危害,Damage
1876,辣椒实蝇,Bactrocera latifrons,辣椒,chili,危害,Damage
1877,辣椒实蝇,Bactrocera latifrons,茄子,eggplant,危害,Damage
1878,辣椒实蝇,Bactrocera latifrons,番茄,tomato,危害,Damage
1879,辣椒实蝇,Bactrocera latifrons,黄瓜,cucumber,危害,Damage
1880,辣椒实蝇,Bactrocera latifrons,蛇瓜,Snake Gourd,危害,Damage
1881,辣椒实蝇,Bactrocera latifrons,苹果,apple,危害,Damage
1882,辣椒实蝇,Bactrocera latifrons,香蕉,banana,危害,Damage
1883,辣椒实蝇,Bactrocera latifrons,洋桃,Peach,危害,Damage
1884,辣椒实蝇,Bactrocera latifrons,咖啡,coffee,危害,Damage
1885,辣椒实蝇,Bactrocera latifrons,番石榴,Guava,危害,Damage
1886,辣椒实蝇,Bactrocera latifrons,荔枝,litchi,危害,Damage
1887,辣椒实蝇,Bactrocera latifrons,芒果,mango,危害,Damage
1888,辣椒实蝇,Myzus persicae,甜橙,Sweet Orange,危害,Damage
1889,桃蚜,Myzus persicae,油菜,rape,危害,Damage
1890,桃蚜,Myzus persicae,白菜,Chinese cabbage,危害,Damage
1891,桃蚜,Myzus persicae,十字花科植物,Cruciferous plants,危害,Damage
1892,桃蚜,Myzus persicae,马铃薯,potato,危害,Damage
1893,桃蚜,Myzus persicae,烟草,tobacco,危害,Damage
1894,桃蚜,Myzus persicae,菠菜,spinach,危害,Damage
1895,桃蚜,Myzus persicae,桃树,peach,危害,Damage
1896,桃蚜,Myzus persicae,李树,Plum Tree,危害,Damage
1897,桃蚜,Empoasca flavescens,枸杞,Wolfberry,危害,Damage
1898,小绿叶蝉,Empoasca flavescens,棉花,cotton,危害,Damage
1899,小绿叶蝉,Empoasca flavescens,菜豆,kidney bean,危害,Damage
1900,小绿叶蝉,Empoasca flavescens,十字花科蔬菜,Cruciferous vegetables,危害,Damage
1901,小绿叶蝉,Alternaria solani,甜菜,beet,危害,Damage
1902,茄子早疫病,Tetranychus cinnabarinus,茄子,eggplant,危害,Damage
1903,朱砂叶螨,Phomopsis vexans,花生,peanut,危害,Damage
1904,茄子褐纹病,Cladosporium fulvum,茄子,eggplant,危害,Damage
1905,茄子叶霉病,Botrytis cinerea,茄子,eggplant,危害,Damage
1906,茄子灰霉病,Sclerotinia sclerotiorum,茄子,eggplant,危害,Damage
1907,茄子菌核病,Eggplant sclerotinia rot,茄子,eggplant,危害,Damage
1908,茄子褐色圆星病,Phytophthora parasitica,茄子,eggplant,危害,Damage
1909,茄子绵疫病,Phytophthora capsici,茄子,eggplant,危害,Damage
1910,茄子根腐病,Verticillium dahliae,茄子,eggplant,危害,Damage
1911,茄子黄萎病,Ralstonia solanacearum,茄子,eggplant,危害,Damage
1912,茄子青枯病,Erwinia carotovora subsp. carotovora,茄子,eggplant,危害,Damage
1913,茄子软腐病,Meloidogyne sp.,茄子,eggplant,危害,Damage
1914,茄根结线虫病,Meloidogyne sp.,茄子,eggplant,危害,Damage
1915,茄根结线虫病,Meloidogyne sp.,黄瓜,cucumber,危害,Damage
1916,茄根结线虫病,Meloidogyne sp.,甜瓜,melon,危害,Damage
1917,茄根结线虫病,Meloidogyne sp.,南瓜,pumpkin,危害,Damage
1918,茄根结线虫病,Meloidogyne sp.,番茄,tomato,危害,Damage
1919,茄根结线虫病,Meloidogyne incognita,胡萝卜,carrot,危害,Damage
1920,茄子细轮纹病,Alternaria solani ,茄子,eggplant,危害,Damage
1921,茄子裂果,Eggplant fruit cracking,茄子,eggplant,危害,Damage
1922,茄子落花,Eggplant flower abscission,茄子,eggplant,危害,Damage
1923,茄子僵果,Eggplant stiff fruit,茄子,eggplant,危害,Damage
1924,茄子畸形果,Leucinodes orbonalis,茄子,eggplant,危害,Damage
1925,茄黄斑螟,Leucinodes orbonalis,茄子,eggplant,危害,Damage
1926,茄黄斑螟,Henosepilachna vigintioctopunctata,辣椒,chili,危害,Damage
1927,茄二十八星瓢虫,Henosepilachna vigintioctopunctata,茄子,eggplant,危害,Damage
1928,茄二十八星瓢虫,Henosepilachna vigintioctopunctata,番茄,tomato,危害,Damage
1929,茄二十八星瓢虫,Henosepilachna vigintioctopunctata,青椒,Green pepper,危害,Damage
1930,茄二十八星瓢虫,Henosepilachna vigintioctopunctata,马铃薯,potato,危害,Damage
1931,茄二十八星瓢虫,Henosepilachna vigintioctopunctata,葫芦科,Cucurbitaceae,危害,Damage
1932,茄二十八星瓢虫,Henosepilachna vigintioctopunctata,豆类,Beans,危害,Damage
1933,茄二十八星瓢虫,Henosepilachna vigintioctopunctata,瓜类,Melons,危害,Damage
1934,茄二十八星瓢虫,Henosepilachna vigintioctopunctata,玉米,corn,危害,Damage
1935,茄二十八星瓢虫,Henosepilachna vigintioctopunctata,白菜,Chinese cabbage,危害,Damage
1936,茄二十八星瓢虫,Henosepilachna vigintioctopunctata,黄瓜,cucumber,危害,Damage
1937,茄二十八星瓢虫,Henosepilachna vigintioctopunctata,冬瓜,Winter melon,危害,Damage
1938,茄二十八星瓢虫,Heliothis viriplaca,丝瓜,Loofah,危害,Damage
1939,苜蓿夜蛾,Heliothis viriplaca,亚麻,flax,危害,Damage
1940,苜蓿夜蛾,Heliothis viriplaca,烟草,tobacco,危害,Damage
1941,苜蓿夜蛾,Heliothis viriplaca,番茄,tomato,危害,Damage
1942,苜蓿夜蛾,Heliothis viriplaca,马铃薯,potato,危害,Damage
1943,苜蓿夜蛾,Heliothis viriplaca,豌豆,pea,危害,Damage
1944,苜蓿夜蛾,Heliothis viriplaca,大豆,Soybean,危害,Damage
1945,苜蓿夜蛾,Heliothis viriplaca,苜蓿,Alfalfa,危害,Damage
1946,苜蓿夜蛾,Heliothis viriplaca,甜菜,beet,危害,Damage
1947,苜蓿夜蛾,Heliothis viriplaca,甘薯,sweet potato,危害,Damage
1948,苜蓿夜蛾,Heliothis viriplaca,玉米,corn,危害,Damage
1949,苜蓿夜蛾,Ascotis selenaria,花生,peanut,危害,Damage
1950,大造桥虫,Ascotis selenaria,棉花,cotton,危害,Damage
1951,大造桥虫,Ascotis selenaria,豆类,Beans,危害,Damage
1952,大造桥虫,Ascotis selenaria,茄子,eggplant,危害,Damage
1953,大造桥虫,Ascotis selenaria,青椒,Green pepper,危害,Damage
1954,大造桥虫,Ascotis selenaria,白菜,Chinese cabbage,危害,Damage
1955,大造桥虫,Spilarctia imparilis,柑橘,Tangerine,危害,Damage
1956,黄领麻纹灯蛾,Spilarctia imparilis,茄子,eggplant,危害,Damage
1957,黄领麻纹灯蛾,Spilarctia imparilis,菊芋,Jerusalem artichoke,危害,Damage
1958,黄领麻纹灯蛾,Spilarctia imparilis,薄荷,Mint,危害,Damage
1959,黄领麻纹灯蛾,Mulberry tiger moth,草莓,strawberry,危害,Damage
1960,黄瓜叶斑病,Phyllosticta cucurbitacearum,黄瓜,cucumber,危害,Damage
1961,黄瓜叶斑病,Phyllosticta cucurbitacearum,西瓜,watermelon,危害,Damage
1962,黄瓜叶斑病,Phyllosticta cucurbitacearum,甜瓜,melon,危害,Damage
1963,黄瓜叶斑病,Phytophthora melonis,冬瓜,Winter melon,危害,Damage
1964,黄瓜疫病,Cladosporium cucumerinum,黄瓜,cucumber,危害,Damage
1965,黄瓜黑星病,Alternaria cucumerina,黄瓜,cucumber,危害,Damage
1966,黄瓜黑斑病,Trichothecium roseum,黄瓜,cucumber,危害,Damage
1967,黄瓜红粉病,Fusarium oxysporum f. sp. cucumerinum,黄瓜,cucumber,危害,Damage
1968,黄瓜枯萎病,Pseudomonas syringae pv. lachrymans,瓜类蔬菜,Melon vegetables,危害,Damage
1969,黄瓜细菌性角斑病,Meloidogyne sp.,黄瓜,cucumber,危害,Damage
1970,黄瓜根结线虫病,Colletotrichum orbiculare,黄瓜,cucumber,危害,Damage
1971,黄瓜炭疽病,Botrytis cinerea,黄瓜,cucumber,危害,Damage
1972,黄瓜灰霉病,Botrytis cinerea,黄瓜,cucumber,危害,Damage
1973,黄瓜病毒病,Erwinia carotovora subsp. carotovora,黄瓜,cucumber,危害,Damage
1974,黄瓜软腐病,Cladosporium cucumerinum,黄瓜,cucumber,危害,Damage
1975,西葫芦黑星病,Erysiphe cichoracearum,西葫芦,squash,危害,Damage
1976,西葫芦白粉病,Colletotrichum orbiculare,西葫芦,squash,危害,Damage
1977,西葫芦炭疽病,Colletotrichum orbiculare,西葫芦,squash,危害,Damage
1978,蕹菜细菌性叶枯病,Brachmia macroscopa,蕹菜,Water spinach,危害,Damage
1979,甘薯麦蛾,Brachmia macroscopa,蕹菜,Water spinach,危害,Damage
1980,甘薯麦蛾,Herse convolvuli,甘薯,sweet potato,危害,Damage
1981,甘薯天蛾,Herse convolvuli,甘薯,sweet potato,危害,Damage
1982,甘薯天蛾,Herse convolvuli,蕹菜,Water spinach,危害,Damage
1983,甘薯天蛾,Herse convolvuli,牵牛花,Morning Glory,危害,Damage
1984,甘薯天蛾,Herse convolvuli,月光花,Moonflower,危害,Damage
1985,甘薯天蛾,Herse convolvuli,芋艿,taro,危害,Damage
1986,甘薯天蛾,Herse convolvuli,葡萄,Grape,危害,Damage
1987,甘薯天蛾,Herse convolvuli,楸树,Catalpa,危害,Damage
1988,甘薯天蛾,Herse convolvuli,扁豆,Lentils,危害,Damage
1989,甘薯天蛾,Herse convolvuli,赤小豆,Adzuki Bean,危害,Damage
1990,甘薯肖叶甲,Colasposoma dauricum,甘薯,sweet potato,危害,Damage
1991,甘薯肖叶甲,Colasposoma dauricum,蕹菜,Water spinach,危害,Damage
1992,甘薯肖叶甲,Colasposoma dauricum,小旋花,Bindweed,危害,Damage
1993,茴香菌核病,Sclerotinia sclerotiorum,茴香,fennel,危害,Damage
1994,茴香霜霉病,Peronospora petroselini,茴香,fennel,危害,Damage
1995,茴香病毒病,Apium virus 1,茴香,fennel,危害,Damage
1996,茴香凤蝶,Papilio machaon,茴香,fennel,危害,Damage
1997,茴香凤蝶,Papilio machaon,胡萝卜,carrot,危害,Damage
1998,茴香凤蝶,Papilio machaon,芹菜,celery,危害,Damage
1999,赤条蝽,Graphosoma rubrolineata,胡萝卜,carrot,危害,Damage
2000,赤条蝽,Graphosoma rubrolineata,白菜,Chinese cabbage,危害,Damage
2001,赤条蝽,Graphosoma rubrolineata,萝卜,radish,危害,Damage
2002,赤条蝽,Graphosoma rubrolineata,茴香,fennel,危害,Damage
2003,赤条蝽,Graphosoma rubrolineata,洋葱,onion,危害,Damage
2004,茼蒿叶枯病,Septoria chrysanthemella,茼蒿,Chrysanthemum,危害,Damage
2005,茼蒿炭疽病,Colletotrichum chrysanthemi,茼蒿,Chrysanthemum,危害,Damage
2006,茼蒿霜霉病,Peronospora chrysanthemi - coronarii,茼蒿,Chrysanthemum,危害,Damage
2007,茼蒿叶斑病,Cercospora chrysanthemi,茼蒿,Chrysanthemum,危害,Damage
2008,茼蒿病毒病,Tomato spotted wilt virus,茼蒿,Chrysanthemum,危害,Damage
2009,菜粉蝶,Pieris rapae,蔬菜,vegetable,危害,Damage
2010,菜粉蝶,Pieris rapae,油菜,rape,危害,Damage
2011,菜粉蝶,Pieris rapae,甘蓝,Kale,危害,Damage
2012,菜粉蝶,Pieris rapae,花椰菜,brocoli,危害,Damage
2013,菜粉蝶,Pieris rapae,白菜,Chinese cabbage,危害,Damage
2014,菜螟,Hellula undalis,白菜,Chinese cabbage,危害,Damage
2015,菜螟,Hellula undalis,甘蓝,Kale,危害,Damage
2016,菜螟,Hellula undalis,花椰菜,brocoli,危害,Damage
2017,菜螟,Hellula undalis,萝卜,radish,危害,Damage
2018,小菜蛾,Plutella xylostella,甘蓝,Kale,危害,Damage
2019,小菜蛾,Plutella xylostella,花椰菜,brocoli,危害,Damage
2020,小菜蛾,Plutella xylostella,白菜,Chinese cabbage,危害,Damage
2021,小菜蛾,Plutella xylostella,油菜,rape,危害,Damage
2022,小菜蛾,Plutella xylostella,萝卜,radish,危害,Damage
2023,小菜蛾,Plutella xylostella,十字花科,Cruciferae,危害,Damage
2024,小菜蛾,Plutella xylostella,马铃薯,potato,危害,Damage
2025,小菜蛾,Plutella xylostella,番茄,tomato,危害,Damage
2026,香芹花叶病,Celery mosaic virus,香芹,Parsley,危害,Damage
2027,香芹软腐病,Erwinia carotovora subsp. carotovora,香芹,Parsley,危害,Damage
2028,香芹斑枯病,Septoria apiicola,香芹,Parsley,危害,Damage
2029,香芹叶斑病,Cercospora apii,香芹,Parsley,危害,Damage
2030,香芹根腐病,Fusarium solani,香芹,Parsley,危害,Damage
2031,芫荽立枯病,Rhizoctonia solani,芫荽,Coriander,危害,Damage
2032,芫荽灰霉病,Botrytis cinerea,芫荽,Coriander,危害,Damage
2033,香芹根结线虫病,Meloidogyne incognita,香芹,Parsley,危害,Damage
2034,芫荽菌核病,Sclerotinia sclerotiorum,芫荽,Coriander,危害,Damage
2035,芫荽株腐病,Fusarium oxysporum,芫荽,Coriander,危害,Damage
2036,芫荽软腐病,Erwinia carotovora subsp. carotovora,芫荽,Coriander,危害,Damage
2037,小地老虎,Agrotis ipsilon,蔬菜,vegetable,危害,Damage
2038,叶芥菜黑斑病,Alternaria brassicicola,叶芥菜,Leaf mustard,危害,Damage
2039,叶芥菜黑腐病,Xanthomonas campestris pv. campestris,叶芥菜,Leaf mustard,危害,Damage
2040,叶芥菜霜霉病,Peronospora parasitica,叶芥菜,Leaf mustard,危害,Damage
2041,番茄早疫病,Alternaria solani,番茄,tomato,危害,Damage
2042,番茄晚疫病,Phytophthora infestans,番茄,tomato,危害,Damage
2043,番茄叶霉病,Cladosporium fulvum,番茄,tomato,危害,Damage
2044,番茄灰叶斑病,Stemphylium solani,番茄,tomato,危害,Damage
2045,番茄灰斑病,Septoria lycopersici,番茄,tomato,危害,Damage
2046,番茄煤污病,Capnodium sp.,番茄,tomato,危害,Damage
2047,番茄白粉病,Erysiphe lycopersici,番茄,tomato,危害,Damage
2048,番茄斑枯病,Septoria lycopersici,番茄,tomato,危害,Damage
2049,番茄煤霉病,Cercospora lycopersici,番茄,tomato,危害,Damage
2050,番茄芝麻斑病,Corynespora cassiicola,番茄,tomato,危害,Damage
2051,番茄灰霉病,Botrytis cinerea,番茄,tomato,危害,Damage
2052,番茄白绢病,Sclerotium rolfsii,番茄,tomato,危害,Damage
2053,番茄黑斑病,Alternaria alternata,番茄,tomato,危害,Damage
2054,番茄假黑斑病,Alternaria sp.,番茄,tomato,危害,Damage
2055,番茄绵腐病,Pythium aphanidermatum,番茄,tomato,危害,Damage
2056,番茄绵疫病,Phytophthora capsici,番茄,tomato,危害,Damage
2057,番茄酸腐病,Geotrichum candidum,番茄,tomato,危害,Damage
2058,番茄红粉病,Trichothecium roseum,番茄,tomato,危害,Damage
2059,番茄立枯病,Rhizoctonia solani,番茄,tomato,危害,Damage
2060,番茄枯萎病,Fusarium oxysporum f. sp. lycopersici,番茄,tomato,危害,Damage
2061,番茄茎基腐病,Fusarium solani,番茄,tomato,危害,Damage
2062,番茄丛枝病,Phytoplasma sp.,番茄,tomato,危害,Damage
2063,番茄菌核病,Sclerotinia sclerotiorum,番茄,tomato,危害,Damage
2064,番茄黄萎病,Verticillium dahliae,番茄,tomato,危害,Damage
2065,番茄细菌性斑疹病,Xanthomonas vesicatoria,番茄,tomato,危害,Damage
2066,番茄溃疡病,Clavibacter michiganensis subsp. michiganensis,番茄,tomato,危害,Damage
2067,番茄青枯病,Ralstonia solanacearum,番茄,tomato,危害,Damage
2068,番茄疮痂病,Xanthomonas axonopodis pv. vesicatoria,番茄,tomato,危害,Damage
2069,番茄条斑病毒病,Tomato streak virus,番茄,tomato,危害,Damage
2070,番茄斑萎病毒病,Tomato spotted wilt virus,番茄,tomato,危害,Damage
2071,番茄蕨叶病毒病,Potato virus Y,番茄,tomato,危害,Damage
2072,番茄花叶病毒病,Tomato mosaic virus,番茄,tomato,危害,Damage
2073,番茄根结线虫病,Meloidogyne incognita,番茄,tomato,危害,Damage
2074,番茄果实牛眼腐病,Phytophthora capsici,番茄,tomato,危害,Damage
2075,番茄脐腐病,Tamato navel rot,番茄,tomato,危害,Damage
2076,番茄筋腐病,Tomato striped rot,番茄,tomato,危害,Damage
2077,番茄圆纹病,Phyllosticta lycopersici,番茄,tomato,危害,Damage
2078,番茄根霉果腐病,Rhizopus stolonifer,番茄,tomato,危害,Damage
2079,番茄青霉果腐病,Penicillium expansum,番茄,tomato,危害,Damage
2080,番茄裂果,Tomato fruit cracking,番茄,tomato,危害,Damage
2081,番茄顶裂果,Tomato cracking fruit apex,番茄,tomato,危害,Damage
2082,番茄空洞果,Tomato empty fruit,番茄,tomato,危害,Damage
2083,辣椒绵腐病,Pythium aphanidermatum,辣椒,chili,危害,Damage
2084,辣椒褐腐病,Phytophthora capsici,辣椒,chili,危害,Damage
2085,番茄细菌性褐斑病,Pseudomonas syringae pv. tomato,番茄,tomato,危害,Damage
2086,辣椒白星病,Cercospora capsici,辣椒,chili,危害,Damage
2087,辣椒疫病,Phytophthora capsici,辣椒,chili,危害,Damage
2088,辣椒早疫病,Alternaria solani,辣椒,chili,危害,Damage
2089,辣椒褐斑病,Cercospora capsici,辣椒,chili,危害,Damage
2090,辣椒炭疽病,Colletotrichum capsici,辣椒,chili,危害,Damage
2091,辣椒黑斑病,Alternaria alternata,辣椒,chili,危害,Damage
2092,辣椒脐腐病,Pepper blossom end rot,辣椒,chili,危害,Damage
2093,辣椒叶霉病,Fulvia fulva,辣椒,chili,危害,Damage
2094,菠菜病毒病,Spinach mosaic virus,菠菜,spinach,危害,Damage
2095,菠菜矮花叶病,Spinach dwarf mosaic virus,豆科,Leguminosae,危害,Damage
2096,菠菜矮花叶病,Spinach dwarf mosaic virus,蚕豆,broad bean,危害,Damage
2097,菠菜矮花叶病,Spinach dwarf mosaic virus,豌豆,pea,危害,Damage
2098,菠菜矮花叶病,Spinach dwarf mosaic virus,豇豆,cowpea,危害,Damage
2099,菠菜矮花叶病,Spinach dwarf mosaic virus,四季豆,French beans,危害,Damage
2100,菠菜矮花叶病,Spinach dwarf mosaic virus,藜科,Chenopodiaceae,危害,Damage
2101,菠菜矮花叶病,Spinach dwarf mosaic virus,菠菜,spinach,危害,Damage
2102,菠菜矮花叶病,Spinach dwarf mosaic virus,昆诺藜,Quinoa,危害,Damage
2103,菠菜矮花叶病,Spinach dwarf mosaic virus,苋色藜,Amaranth,危害,Damage
2104,菠菜矮花叶病,Spinach dwarf mosaic virus,甜菜,beet,危害,Damage
2105,桃蚜,Myzus persicae,蔬菜,vegetable,危害,Damage
2106,桃蚜,Myzus persicae,茄科,Solanaceae,危害,Damage
2107,桃蚜,Myzus persicae,十字花科,Cruciferae,危害,Damage
2108,桃蚜,Myzus persicae,豆科,Leguminosae,危害,Damage
2109,桃蚜,Myzus persicae,蔷薇科,Rosaceae,危害,Damage
2110,桃蚜,Myzus persicae,茄果,Solanum,危害,Damage
2111,蝼蛄,Gryllotalpa africana,蔬菜,vegetable,危害,Damage
2112,芹菜斑枯病,Septoria apiicola,芹菜,celery,危害,Damage
2113,芹菜早疫病,Alternaria solani,芹菜,celery,危害,Damage
2114,芹菜黑斑病,Alternaria brassicicola,芹菜,celery,危害,Damage
2115,芹菜立枯病,Rhizoctonia solani,芹菜,celery,危害,Damage
2116,芹菜灰霉病,Botrytis cinerea,芹菜,celery,危害,Damage
2117,芹菜菌核病,Sclerotinia sclerotiorum,芹菜,celery,危害,Damage
2118,芹菜软腐病,Erwinia carotovora subsp. carotovora,芹菜,celery,危害,Damage
2119,芹菜根结线虫病,Meloidogyne incognita,芹菜,celery,危害,Damage
2120,芹菜病毒病,Celery mosaic virus,芹菜,celery,危害,Damage
2121,芹菜叶斑病,Cercospora apii,芹菜,celery,危害,Damage
2122,胡萝卜微管蚜,Semiaphis heraclei,金银花,honeysuckle,危害,Damage
2123,胡萝卜微管蚜,Semiaphis heraclei,黄花,yellow flower,危害,Damage
2124,胡萝卜微管蚜,Semiaphis heraclei,忍冬,Honeysuckle,危害,Damage
2125,胡萝卜微管蚜,Semiaphis heraclei,金银木,Gold and silver wood,危害,Damage
2126,胡萝卜微管蚜,Semiaphis heraclei,莺树,Warbler Tree,危害,Damage
2127,胡萝卜微管蚜,Semiaphis heraclei,芹菜,celery,危害,Damage
2128,胡萝卜微管蚜,Semiaphis heraclei,茴香,fennel,危害,Damage
2129,胡萝卜微管蚜,Semiaphis heraclei,香菜,coriander,危害,Damage
2130,胡萝卜微管蚜,Semiaphis heraclei,胡萝卜,carrot,危害,Damage
2131,胡萝卜微管蚜,Semiaphis heraclei,白芷,Angelica dahurica,危害,Damage
2132,胡萝卜微管蚜,Semiaphis heraclei,当归,Angelica,危害,Damage
2133,胡萝卜微管蚜,Semiaphis heraclei,香根芹,Celeriac,危害,Damage
2134,胡萝卜微管蚜,Semiaphis heraclei,水芹,Watercress,危害,Damage
2135,赤条蝽,Graphosoma rubrolineata,芹菜,celery,危害,Damage
2136,莴笋霜霉病,Bremia lactucae,莴笋,Lettuce,危害,Damage
2137,莴笋灰霉病,Botrytis cinerea,莴笋,Lettuce,危害,Damage
2138,莴笋菌核病,Sclerotinia sclerotiorum,莴笋,Lettuce,危害,Damage
2139,莴笋叶焦病,Lettuce sclerotinia,莴笋,Lettuce,危害,Damage
2140,莴笋病毒病,Lettuce mosaic virus,莴笋,Lettuce,危害,Damage
2141,莴笋褐斑病,Cercospora longissima,莴笋,Lettuce,危害,Damage
2142,莴笋软腐病,Erwinia carotovora subsp. carotovora,莴笋,Lettuce,危害,Damage
2143,莴笋黑斑病,Alternaria alternata,莴苣,lettuce,危害,Damage
2144,莴笋锈病,Uromyces sonchi,莴苣,lettuce,危害,Damage
2145,莴笋腐败病,Fusarium oxysporum,莴笋,Lettuce,危害,Damage
2146,莴笋叶缘坏死病,Phoma exigua,莴笋,Lettuce,危害,Damage
2147,莴笋褐腐病,Rhizoctonia solani,莴笋,Lettuce,危害,Damage
2148,莴苣冬夜蛾,Cucullia fraterna,莴苣,lettuce,危害,Damage
2149,甘蓝夜蛾,Mamestra brassicae,十字花科蔬菜,Cruciferous vegetables,危害,Damage
2150,甘蓝夜蛾,Mamestra brassicae,茄果类,Solanum,危害,Damage
2151,甘蓝夜蛾,Mamestra brassicae,蔬菜,vegetable,危害,Damage
2152,甘蓝夜蛾,Mamestra brassicae,番茄,tomato,危害,Damage
2153,甘蓝夜蛾,Mamestra brassicae,马铃薯,potato,危害,Damage
2154,肾毒蛾,Cifuna locuples,莴笋,Lettuce,危害,Damage
2155,大造桥虫,Ascotis selenaria,莴笋,Lettuce,危害,Damage
2156,美洲斑潜蝇,Liriomyza sativae,莴笋,Lettuce,危害,Damage
2157,温室白粉虱,Trialeurodes vaporariorum,莴笋,Lettuce,危害,Damage
2158,灰地种蝇,Delia platura,莴笋,Lettuce,危害,Damage
2159,莴笋指管蚜,Uroleucon formosanum,莴笋,Lettuce,危害,Damage
2160,莴笋指管蚜,Uroleucon formosanum,苦菜,Bitter Herb,危害,Damage
2161,莴笋指管蚜,Uroleucon formosanum,苦荬菜,Sophora flavescens,危害,Damage
2162,蛴螬,Anomala corpulenta,荔浦芋,Lipu taro,危害,Damage
2163,灰巴蜗牛,Bradybaena ravida,莴笋,Lettuce,危害,Damage
2164,野蛞蝓,Agriolimax agrestis,莴笋,Lettuce,危害,Damage
2165,生菜霜霉病,Bremia lactucae,生菜,lettuce,危害,Damage
2166,生菜褐斑病,Cercospora lactucae - sativae,生菜,lettuce,危害,Damage
2167,生菜灰霉病,Botrytis cinerea,生菜,lettuce,危害,Damage
2168,生菜菌核病,Sclerotinia sclerotiorum,生菜,lettuce,危害,Damage
2169,生菜软腐病,Erwinia carotovora subsp. carotovora,生菜,lettuce,危害,Damage
2170,生菜病毒病,Lettuce mosaic virus,生菜,lettuce,危害,Damage
2171,生菜褐腐病,Rhizoctonia solani,生菜,lettuce,危害,Damage
2172,苋菜白锈病,Albugo bliti,苋菜,Amaranth,危害,Damage
2173,苋菜褐斑病,Cercospora amaranthi,苋菜,Amaranth,危害,Damage
2174,苋菜炭疽病,Colletotrichum gloeosporioides,苋菜,Amaranth,危害,Damage
2175,苋菜病毒病,Amaranthus leaf virus,苋菜,Amaranth,危害,Damage
2176,苋菜斑点病,Phyllosticta amaranthi,苋菜,Amaranth,危害,Damage
2177,苋菜灰霉病,Botrytis cinerea,苋菜,Amaranth,危害,Damage
2178,温室白粉虱,Trialeurodes vaporariorum,苋菜,Amaranth,危害,Damage
2179,落葵紫斑病,Cercospora basellae,落葵,Basella alba,危害,Damage
2180,落葵茎腐病,Fusarium oxysporum,落葵,Basella alba,危害,Damage
2181,落葵炭疽病,Colletotrichum gloeosporioides,落葵,Basella alba,危害,Damage
2182,落葵黑斑病,Alternaria alternata,落葵,Basella alba,危害,Damage
2183,落葵灰霉病,Botrytis cinerea,落葵,Basella alba,危害,Damage
2184,落葵苗腐病,Pythium aphanidermatum,落葵,Basella alba,危害,Damage
2185,落葵蛇眼病,Phyllosticta sp.,落葵,Basella alba,危害,Damage
2186,落葵花叶病,Basella mosaic virus,落葵,Basella alba,危害,Damage
2187,落葵根结线虫病,Meloidogyne incognita,落葵,Basella alba,危害,Damage
2188,蕹菜白锈病,Albugo ipomoeae - aquaticae,蕹菜,Water spinach,危害,Damage
2189,蕹菜褐斑病,Cercospora ipomoeae,蕹菜,Water spinach,危害,Damage
2190,蕹菜灰霉病,Botrytis cinerea,蕹菜,Water spinach,危害,Damage
2191,西葫芦细菌性叶枯病,Xanthomonas campestris pv. cucurbitae,西葫芦,squash,危害,Damage
2192,西葫芦根霉果腐病,Rhizopus stolonifer,西葫芦,squash,危害,Damage
2193,西葫芦叶枯病,Alternaria cucurbitae,西葫芦,squash,危害,Damage
2194,西葫芦叶点病,Phyllosticta cucurbitae,西葫芦,squash,危害,Damage
2195,西葫芦霜霉病,Pseudoperonospora cubensis,西葫芦,squash,危害,Damage
2196,西葫芦银叶病,Pseudoperonospora cubensis,西葫芦,squash,危害,Damage
2197,豌豆锈病,Uromyces pisi,豌豆,pea,危害,Damage
2198,豌豆灰霉病,Botrytis cinerea,豌豆,pea,危害,Damage
2199,豌豆根腐病,Fusarium solani,豌豆,pea,危害,Damage
2200,豌豆病毒病,Pea enation mosaic virus,豌豆,pea,危害,Damage
2201,豌豆黑斑病,Alternaria alternata,豌豆,pea,危害,Damage
2202,豌豆芽枯病,（可能是多种病原菌引起）,豌豆,pea,危害,Damage
2203,葡萄轮斑病,Alternaria alternata,葡萄,Grape,危害,Damage
2204,葡萄轮纹病,Botryosphaeria dothidea,葡萄,Grape,危害,Damage
2205,葡萄蔓割病,Gibberella baccata,葡萄,Grape,危害,Damage
2206,葡萄叶斑病,Cercospora viticola,葡萄,Grape,危害,Damage
2207,葡萄小褐斑病,Cercospora roesleri,葡萄,Grape,危害,Damage
2208,角斑古毒蛾,Orgyia gonostigma,果,fruit,危害,Damage
2209,角斑古毒蛾,Orgyia gonostigma,杏,apricot,危害,Damage
2210,橘灰象甲,Sympiezomias citri,柑橘,Tangerine,危害,Damage
2211,橘灰象甲,Sympiezomias citri,龙眼,Longan,危害,Damage
2212,橘灰象甲,Sympiezomias citri,荔枝,litchi,危害,Damage
2213,橘灰象甲,Sympiezomias citri,茉莉,Jasmine,危害,Damage
2214,橘灰象甲,Sympiezomias citri,野芝麻,Wild sesame,危害,Damage
2215,黑额光叶甲,Smaragdina nigrifrons,玉米,corn,危害,Damage
2216,黑额光叶甲,Smaragdina nigrifrons,算盘子,Abacus,危害,Damage
2217,黑额光叶甲,Smaragdina nigrifrons,白茅属,Imperata,危害,Damage
2218,黑额光叶甲,Smaragdina nigrifrons,蒿属,Artemisia,危害,Damage
2219,茶翅蝽,Halyomorpha halys,梨,pear,危害,Damage
2220,茶翅蝽,Halyomorpha halys,李,plum,危害,Damage
2221,茶翅蝽,Halyomorpha halys,楂,Chinese quince,危害,Damage
2222,栗疫病,Cryphonectria parasitica,板栗,Chestnut,危害,Damage
2223,荔枝拟木蠹蛾,Arbela dea,翅目,Pteridae,危害,Damage
2224,荔枝拟木蠹蛾,Arbela dea,木蠹,Wood beetle,危害,Damage
2225,龙眼根腐病,Fusarium solani,龙眼,Longan,危害,Damage
2226,龙眼根腐病,Fusarium solani,荔枝,litchi,危害,Damage
2227,龙眼根腐病,Fusarium solani,枇杷,Loquat,危害,Damage
2228,八点灰灯蛾,Creatonotos transiens,白菜,Chinese cabbage,危害,Damage
2229,八点灰灯蛾,Creatonotos transiens,油菜,rape,危害,Damage
2230,八点灰灯蛾,Creatonotos transiens,菜心,Choy Sum,危害,Damage
2231,八点灰灯蛾,Creatonotos transiens,甘蓝,Kale,危害,Damage
2232,八点灰灯蛾,Creatonotos transiens,十字花科,Cruciferae,危害,Damage
2233,八点灰灯蛾,Creatonotos transiens,蔬菜,vegetable,危害,Damage
2234,八点灰灯蛾,Creatonotos transiens,玉米,corn,危害,Damage
2235,八点灰灯蛾,Creatonotos transiens,大豆,Soybean,危害,Damage
2236,八点灰灯蛾,Creatonotos transiens,柑橘,Tangerine,危害,Damage
2237,银纹夜蛾,Argyrogramma agnata,十字花科蔬菜,Cruciferous vegetables,危害,Damage
2238,大菜粉蝶,Pieris brassicae,白菜油菜,Cabbage rape,危害,Damage
2239,大菜粉蝶,Pieris brassicae,甘蓝,Kale,危害,Damage
2240,大菜粉蝶,Pieris brassicae,花椰菜,brocoli,危害,Damage
2241,大菜粉蝶,Pieris brassicae,十字花科蔬菜,Cruciferous vegetables,危害,Damage
2242,菜叶蜂,Athalia rosae,白菜,Chinese cabbage,危害,Damage
2243,菜叶蜂,Athalia rosae,芫菁,Melaleuca,危害,Damage
2244,菜叶蜂,Athalia rosae,油菜,rape,危害,Damage
2245,菜叶蜂,Athalia rosae,甘蓝,Kale,危害,Damage
2246,菜叶蜂,Athalia rosae,萝卜,radish,危害,Damage
2247,菜叶蜂,Athalia rosae,芥菜,mustard,危害,Damage
2248,菜叶蜂,Athalia rosae,十字花科,Cruciferae,危害,Damage
2249,短额负蝗,Atractomorpha sinensis,白菜,Chinese cabbage,危害,Damage
2250,短额负蝗,Atractomorpha sinensis,甘蓝,Kale,危害,Damage
2251,短额负蝗,Atractomorpha sinensis,萝卜,radish,危害,Damage
2252,短额负蝗,Atractomorpha sinensis,豆类,Beans,危害,Damage
2253,短额负蝗,Atractomorpha sinensis,茄子,eggplant,危害,Damage
2254,短额负蝗,Atractomorpha sinensis,马铃薯,potato,危害,Damage
2255,短额负蝗,Atractomorpha sinensis,农作物,crop,危害,Damage
2256,菜潜蝇,Liriomyza brassicae,菜心,Choy Sum,危害,Damage
2257,菜潜蝇,Liriomyza brassicae,小白菜,Chinese Cabbage,危害,Damage
2258,菜潜蝇,Liriomyza brassicae,芥兰,Kale,危害,Damage
2259,菜潜蝇,Liriomyza brassicae,芥菜,mustard,危害,Damage
2260,菜潜蝇,Liriomyza brassicae,椰菜,Cabbage,危害,Damage
2261,菜潜蝇,Liriomyza brassicae,十字花科蔬菜,Cruciferous vegetables,危害,Damage
2262,菜潜蝇,Liriomyza brassicae,豌豆,pea,危害,Damage
2263,菜潜蝇,Liriomyza brassicae,番茄,tomato,危害,Damage
2264,黄曲条跳甲,Phyllotreta striolata,十字花科,Cruciferae,危害,Damage
2265,黄曲条跳甲,Phyllotreta striolata,豆类蔬菜,Legumes and vegetables,危害,Damage
2266,黄狭条跳甲,Phyllotreta vittula,十字花科蔬菜,Cruciferous vegetables,危害,Damage
2267,黄宽条跳甲,Phyllotreta humilis,白菜,Chinese cabbage,危害,Damage
2268,黄宽条跳甲,Phyllotreta humilis,油菜,rape,危害,Damage
2269,黄宽条跳甲,Phyllotreta humilis,大麦,barley,危害,Damage
2270,黄宽条跳甲,Phyllotreta humilis,大麻,marijuana,危害,Damage
2271,黄宽条跳甲,Phyllotreta humilis,甜菜,beet,危害,Damage
2272,油菜蚤跳甲,Psylliodes punctifrons,十字花科,Cruciferae,危害,Damage
2273,小猿叶甲,Phaedon brassicae,白菜,Chinese cabbage,危害,Damage
2274,小猿叶甲,Phaedon brassicae,萝卜,radish,危害,Damage
2275,小猿叶甲,Phaedon brassicae,芥菜,mustard,危害,Damage
2276,小猿叶甲,Phaedon brassicae,花椰菜,brocoli,危害,Damage
2277,小猿叶甲,Phaedon brassicae,莴苣,lettuce,危害,Damage
2278,小猿叶甲,Phaedon brassicae,胡萝卜,carrot,危害,Damage
2279,小猿叶甲,Phaedon brassicae,洋葱,onion,危害,Damage
2280,大猿叶甲,Colaphellus bowringi,十字花科蔬菜,Cruciferous vegetables,危害,Damage
2281,大猿叶甲,Colaphellus bowringi,白菜,Chinese cabbage,危害,Damage
2282,大猿叶甲,Colaphellus bowringi,油菜,rape,危害,Damage
2283,菜蝽,Eurydema dominulus,白菜,Chinese cabbage,危害,Damage
2284,菜蝽,Eurydema dominulus,甘蓝,Kale,危害,Damage
2285,菜蝽,Eurydema dominulus,花椰菜,brocoli,危害,Damage
2286,菜蝽,Eurydema dominulus,萝卜,radish,危害,Damage
2287,菜蝽,Eurydema dominulus,油菜,rape,危害,Damage
2288,菜蝽,Eurydema dominulus,芥菜,mustard,危害,Damage
2289,菜蝽,Eurydema dominulus,十字花科,Cruciferae,危害,Damage
2290,横纹菜蝽,Plautia crossota,白菜,Chinese cabbage,危害,Damage
2291,横纹菜蝽,Plautia crossota,十字花科蔬菜,Cruciferous vegetables,危害,Damage
2292,甘蓝黄叶病,Fusarium oxysporum,甘蓝,Kale,危害,Damage
2293,甜菜根结线虫病,Meloidogyne sp.,甜菜,beet,危害,Damage
2294,甜菜白带野螟,Hymenia recurvalis,苋菜,Amaranth,危害,Damage
2295,甜菜白带野螟,Hymenia recurvalis,黄瓜,cucumber,危害,Damage
2296,甜菜白带野螟,Hymenia recurvalis,玉米,corn,危害,Damage
2297,甜菜白带野螟,Hymenia recurvalis,甘薯,sweet potato,危害,Damage
2298,甜菜白带野螟,Hymenia recurvalis,甘蔗,sugar cane,危害,Damage
2299,甜菜白带野螟,Hymenia recurvalis,甜菜,beet,危害,Damage
2300,甜菜白带野螟,Hymenia recurvalis,大豆,Soybean,危害,Damage
2301,甜菜白带野螟,Hymenia recurvalis,向日葵,sunflower,危害,Damage
2302,甜菜象甲,Bothynoderes punctiventris,甜菜,beet,危害,Damage
2303,甜菜象甲,Bothynoderes punctiventris,大豆,Soybean,危害,Damage
2304,甜菜象甲,Bothynoderes punctiventris,亚麻,flax,危害,Damage
2305,甜菜象甲,Bothynoderes punctiventris,大麻,marijuana,危害,Damage
2306,甜菜象甲,Bothynoderes punctiventris,苜蓿,Alfalfa,危害,Damage
2307,甜菜象甲,Bothynoderes punctiventris,菠菜,spinach,危害,Damage
2308,甜菜象甲,Bothynoderes punctiventris,白菜,Chinese cabbage,危害,Damage
2309,甜菜象甲,Bothynoderes punctiventris,甘蓝,Kale,危害,Damage
2310,甜菜象甲,Bothynoderes punctiventris,瓜类,Melons,危害,Damage
2311,甜菜跳甲,Chaetocnema discreta,甜菜,beet,危害,Damage
2312,甜菜跳甲,Chaetocnema discreta,芥麦,Mustard,危害,Damage
2313,甜菜跳甲,Chaetocnema discreta,大黄,rhubarb,危害,Damage
2314,甜菜跳甲,Chaetocnema discreta,酸模,Sorrel,危害,Damage
2315,甜菜大龟甲,Cassida nebulosa,甜菜,beet,危害,Damage
2316,甜菜潜叶蝇,Pegomya hyoscyami,甜菜,beet,危害,Damage
2317,甜菜潜叶蝇,Pegomya hyoscyami,菠菜,spinach,危害,Damage
2318,甜菜白带野螟,Hymenia recurvalis,棠鸡,Tangji,危害,Damage
2319,甜菜白带野螟,Hymenia recurvalis,花,flower,危害,Damage
2320,甜菜白带野螟,Hymenia recurvalis,鹃天,Cuckoo day,危害,Damage
2321,甜菜白带野螟,Hymenia recurvalis,葵红,Sunflower,危害,Damage
2322,黄草地螟,Loxostege verticalis,甜菜,beet,危害,Damage
2323,黄草地螟,Loxostege verticalis,大豆,Soybean,危害,Damage
2324,黄草地螟,Loxostege verticalis,苜蓿,Alfalfa,危害,Damage
2325,黄草地螟,Loxostege verticalis,小蓟,Thistle,危害,Damage
2326,黄草地螟,Loxostege verticalis,紫苜蓿,Purple Alfalfa,危害,Damage
2327,茶芽枯病,Phyllosticta gemmiphliae,茶树,tea tree,危害,Damage
2328,茶圆赤星病,Elsinoë leucospila,茶树,tea tree,危害,Damage
2329,茶煤病,Neocapnodium theae Hara,茶树,tea tree,危害,Damage
2330,茶轮斑病,Pestalotiopsis theae,茶树,tea tree,危害,Damage
2331,茶炭疽病,Colletotrichum theae - sinensis,茶树,tea tree,危害,Damage
2332,茶根癌病,Agrobacterium tumefaciens,茶树,tea tree,危害,Damage
2333,茶根癌病,Agrobacterium tumefaciens,苹果,apple,危害,Damage
2334,茶根癌病,Agrobacterium tumefaciens,葡萄,Grape,危害,Damage
2335,茶根癌病,Agrobacterium tumefaciens,柑橘,Tangerine,危害,Damage
2336,茶尺蠖,Ectropis obliqua,油茶,Camellia oleifera,危害,Damage
2337,茶尺蠖,Ectropis obliqua,大豆,Soybean,危害,Damage
2338,茶尺蠖,Ectropis obliqua,豇豆,cowpea,危害,Damage
2339,茶尺蠖,Ectropis obliqua,芝麻,Sesame,危害,Damage
2340,茶尺蠖,Ectropis obliqua,向日葵,sunflower,危害,Damage
2341,茶尺蠖,Ectropis obliqua,绣球花,Hydrangea,危害,Damage
2342,茶尺蠖,Ectropis obliqua,山茶,Camellia,危害,Damage
2343,茶尺蠖,Ectropis obliqua,忍冬,Honeysuckle,危害,Damage
2344,茶尺蠖,Ectropis obliqua,山核桃,Pecan,危害,Damage
2345,茶尺蠖,Ectropis obliqua,杨栌,Cotinus poplar,危害,Damage
2346,茶尺蠖,Ectropis obliqua,钓樟,Cinnamomum camphora,危害,Damage
2347,茶尺蠖,Ectropis obliqua,石榴,Pomegranate,危害,Damage
2348,茶尺蠖,Ectropis obliqua,辣蓼,Polygonum hydropiper,危害,Damage
2349,茶毛虫,Euproctis pseudoconspersa,油茶,Camellia oleifera,危害,Damage
2350,茶毛虫,Euproctis pseudoconspersa,油桐,Tung oil tree,危害,Damage
2351,茶毛虫,Euproctis pseudoconspersa,乌桕,Sapium sebiferum,危害,Damage
2352,茶毛虫,Euproctis pseudoconspersa,柑橘,Tangerine,危害,Damage
2353,茶毛虫,Euproctis pseudoconspersa,樱桃,cherry,危害,Damage
2354,茶毛虫,Euproctis pseudoconspersa,枇杷,Loquat,危害,Damage
2355,茶毛虫,Euproctis pseudoconspersa,玉米,corn,危害,Damage
2356,茶长卷叶蛾,Homona magnanima,茶树,tea tree,危害,Damage
2357,茶长卷叶蛾,Homona magnanima,乌桕,Sapium sebiferum,危害,Damage
2358,茶长卷叶蛾,Homona magnanima,苹果,apple,危害,Damage
2359,茶小卷叶蛾,Adoxophyes orana,茶树,tea tree,危害,Damage
2360,茶小卷叶蛾,Adoxophyes orana,山茶,Camellia,危害,Damage
2361,茶蓑蛾,Clania minuscula,莲藕,Lotus root,危害,Damage
2362,茶褐蓑蛾,Mahasena colona,油茶,Camellia oleifera,危害,Damage
2363,茶褐蓑蛾,Mahasena colona,樟树,Camphor tree,危害,Damage
2364,茶褐蓑蛾,Mahasena colona,扁柏,Chamaecyparis obtusifolia,危害,Damage
2365,茶褐蓑蛾,Mahasena colona,刺槐,locust,危害,Damage
2366,大蓑蛾,Clania variegata,苹果,apple,危害,Damage
2367,大蓑蛾,Clania variegata,葡萄,Grape,危害,Damage
2368,大蓑蛾,Clania variegata,板栗,Chestnut,危害,Damage
2369,大蓑蛾,Clania variegata,核桃,Walnut,危害,Damage
2370,大蓑蛾,Clania variegata,枇杷,Loquat,危害,Damage
2371,大蓑蛾,Clania variegata,柑橘,Tangerine,危害,Damage
2372,大蓑蛾,Clania variegata,龙眼,Longan,危害,Damage
2373,大蓑蛾,Clania variegata,泡桐,Paulownia,危害,Damage
2374,大蓑蛾,Clania variegata,梧桐,Sycamore,危害,Damage
2375,大蓑蛾,Clania variegata,刺槐,locust,危害,Damage
2376,大蓑蛾,Clania variegata,白杨,poplar,危害,Damage
2377,大蓑蛾,Clania variegata,桂花,Osmanthus fragrans,危害,Damage
2378,茶小蓑蛾,Acanthopsyche sp.,茶树,tea tree,危害,Damage
2379,茶小蓑蛾,Acanthopsyche sp.,害山,Harm Mountain,危害,Damage
2380,褐刺蛾,Setora postornata,柑橘,Tangerine,危害,Damage
2381,褐刺蛾,Setora postornata,枫杨,Maple Poplar,危害,Damage
2382,褐刺蛾,Setora postornata,乌桕,Sapium sebiferum,危害,Damage
2383,丽绿刺蛾,Parasa lepida,油茶,Camellia oleifera,危害,Damage
2384,丽绿刺蛾,Parasa lepida,苹果,apple,危害,Damage
2385,丽绿刺蛾,Parasa lepida,芒果,mango,危害,Damage
2386,丽绿刺蛾,Parasa lepida,核桃,Walnut,危害,Damage
2387,丽绿刺蛾,Parasa lepida,咖啡,coffee,危害,Damage
2388,丽绿刺蛾,Parasa lepida,石榴,Pomegranate,危害,Damage
2389,丽绿刺蛾,Parasa lepida,木棉,Kapok,危害,Damage
2390,奕刺蛾,Phlossa conjuncta,油茶,Camellia oleifera,危害,Damage
2391,奕刺蛾,Phlossa conjuncta,柑橘,Tangerine,危害,Damage
2392,奕刺蛾,Phlossa conjuncta,咖啡,coffee,危害,Damage
2393,茶黑毒蛾,Dasychira baibarana,油茶,Camellia oleifera,危害,Damage
2394,台湾黄毒蛾,Porthesia taiwana,玉米,corn,危害,Damage
2395,台湾黄毒蛾,Porthesia taiwana,番茄,tomato,危害,Damage
2396,台湾黄毒蛾,Porthesia taiwana,番石榴,Guava,危害,Damage
2397,茶斑蛾,Eterusia aedea,油茶,Camellia oleifera,危害,Damage
2398,茶斑蛾,Eterusia aedea,山茶,Camellia,危害,Damage
2399,茶斑蛾,Eterusia aedea,重阳木,Chinese fern,危害,Damage
2400,茶斑蛾,Eterusia aedea,青红榆,Green elm,危害,Damage
2401,云尺蠖,Buzura thibetaria,茶树,tea tree,危害,Damage
2402,云尺蠖,Buzura thibetaria,油茶,Camellia oleifera,危害,Damage
2403,云尺蠖,Buzura thibetaria,油桐,Tung oil tree,危害,Damage
2404,云尺蠖,Buzura thibetaria,刺槐,locust,危害,Damage
2405,云尺蠖,Buzura thibetaria,杨梅,Bayberry,危害,Damage
2406,云尺蠖,Buzura thibetaria,大豆,Soybean,危害,Damage
2407,云尺蠖,Buzura thibetaria,玉米,corn,危害,Damage
2408,茶白毒蛾,Arctornis alba,茶树,tea tree,危害,Damage
2409,茶白毒蛾,Arctornis alba,油茶,Camellia oleifera,危害,Damage
2410,茶白毒蛾,Arctornis alba,柞树,Oak,危害,Damage
2411,茶蚕,Andraca bipunctata,油茶,Camellia oleifera,危害,Damage
2412,茶蚕,Andraca bipunctata,厚皮香,Thick leather,危害,Damage
2413,假眼小绿叶蝉,Empoasca vitis,茶树,tea tree,危害,Damage
2414,假眼小绿叶蝉,Empoasca vitis,花生,peanut,危害,Damage
2415,假眼小绿叶蝉,Empoasca vitis,大豆,Soybean,危害,Damage
2416,假眼小绿叶蝉,Empoasca vitis,十字花科,Cruciferae,危害,Damage
2417,假眼小绿叶蝉,Empoasca vitis,蔬菜,vegetable,危害,Damage
2418,假眼小绿叶蝉,Empoasca vitis,果树,Fruit trees,危害,Damage
2419,假眼小绿叶蝉,Empoasca vitis,药用植物,Medicinal plants,危害,Damage
2420,棉叶蝉,Amrasca biguttula,棉花,cotton,危害,Damage
2421,棉叶蝉,Amrasca biguttula,茄子,eggplant,危害,Damage
2422,棉叶蝉,Amrasca biguttula,番茄,tomato,危害,Damage
2423,棉叶蝉,Amrasca biguttula,马铃薯,potato,危害,Damage
2424,棉叶蝉,Amrasca biguttula,豆类,Beans,危害,Damage
2425,棉叶蝉,Amrasca biguttula,烟草,tobacco,危害,Damage
2426,棉叶蝉,Amrasca biguttula,葡萄,Grape,危害,Damage
2427,棉叶蝉,Amrasca biguttula,柑橘,Tangerine,危害,Damage
2428,棉叶蝉,Amrasca biguttula,杂草,Weeds,危害,Damage
2429,碧蛾蜡蝉,Geisha distinctissima,油茶,Camellia oleifera,危害,Damage
2430,碧蛾蜡蝉,Geisha distinctissima,乌桕,Sapium sebiferum,危害,Damage
2431,碧蛾蜡蝉,Geisha distinctissima,柑橘,Tangerine,危害,Damage
2432,碧蛾蜡蝉,Geisha distinctissima,龙眼,Longan,危害,Damage
2433,碧蛾蜡蝉,Geisha distinctissima,板栗,Chestnut,危害,Damage
2434,八点广翅蜡蝉,Ricania speculum,油茶,Camellia oleifera,危害,Damage
2435,八点广翅蜡蝉,Ricania speculum,黄麻,jute,危害,Damage
2436,八点广翅蜡蝉,Ricania speculum,大豆,Soybean,危害,Damage
2437,八点广翅蜡蝉,Ricania speculum,咖啡,coffee,危害,Damage
2438,八点广翅蜡蝉,Ricania speculum,可可,cocoa,危害,Damage
2439,八点广翅蜡蝉,Ricania speculum,洋槐,locust,危害,Damage
2440,茶网蝽,Stephanitis chinensis,茶树,tea tree,危害,Damage
2441,茶网蝽,Stephanitis chinensis,油茶,Camellia oleifera,危害,Damage
2442,绿盲蝽,Apolygus lucorum,茶,Tea,危害,Damage
2443,绿盲蝽,Apolygus lucorum,蓿,Fat,危害,Damage
2444,绿盲蝽,Apolygus lucorum,类,kind,危害,Damage
2445,绿盲蝽,Apolygus lucorum,菜胡,Rapeseed,危害,Damage
2446,绿盲蝽,Apolygus lucorum,卜马,Buma,危害,Damage
2447,绿盲蝽,Apolygus lucorum,薯,Yam,危害,Damage
2448,绿盲蝽,Apolygus lucorum,桃,Peach,危害,Damage
2449,绿盲蝽,Apolygus lucorum,榴,pomegranate,危害,Damage
2450,绿盲蝽,Apolygus lucorum,萄,Grape,危害,Damage
2451,茶角盲蝽,Helopeltis theivora,可可,cocoa,危害,Damage
2452,茶角盲蝽,Helopeltis theivora,芒果,mango,危害,Damage
2453,茶角盲蝽,Helopeltis theivora,番石榴,Guava,危害,Damage
2454,油茶宽盾蝽,Poecilocoris latus,油茶,Camellia oleifera,危害,Damage
2455,茶二叉蚜,Toxoptera aurantii,柑橘,Tangerine,危害,Damage
2456,茶二叉蚜,Toxoptera aurantii,咖啡,coffee,危害,Damage
2457,茶二叉蚜,Toxoptera aurantii,可可,cocoa,危害,Damage
2458,桔黄粉虱,Dialeurodes citri,茶树,tea tree,危害,Damage
2459,桔黄粉虱,Dialeurodes citri,柑桔,Citrus,危害,Damage
2460,桔黄粉虱,Dialeurodes citri,通草,Tongcao,危害,Damage
2461,桔黄粉虱,Dialeurodes citri,常春藤,ivy,危害,Damage
2462,黑刺粉虱,Aleurocanthus spiniferus,橘,Orange,危害,Damage
2463,椰圆蚧,Aspidiotus destructor,山茶,Camellia,危害,Damage
2464,椰圆蚧,Aspidiotus destructor,椰子,coconut,危害,Damage
2465,椰圆蚧,Aspidiotus destructor,柑桔,Citrus,危害,Damage
2466,椰圆蚧,Aspidiotus destructor,香蕉,banana,危害,Damage
2467,椰圆蚧,Aspidiotus destructor,芒果,mango,危害,Damage
2468,椰圆蚧,Aspidiotus destructor,荔枝,litchi,危害,Damage
2469,椰圆蚧,Aspidiotus destructor,木瓜,pawpaw,危害,Damage
2470,椰圆蚧,Aspidiotus destructor,葡萄,Grape,危害,Damage
2471,茶梨蚧,Pinnaspis theae,茶树,tea tree,危害,Damage
2472,茶梨蚧,Pinnaspis theae,桑枝,Mulberry Branch,危害,Damage
2473,茶梨蚧,Pinnaspis theae,柑橘,Tangerine,危害,Damage
2474,茶牡蛎蚧,Lepidosaphes tubulorum,油茶,Camellia oleifera,危害,Damage
2475,茶牡蛎蚧,Lepidosaphes tubulorum,乌柏,Umber,危害,Damage
2476,蛇眼蚧,Pseudaonidia duplex,茶树,tea tree,危害,Damage
2477,蛇眼蚧,Pseudaonidia duplex,油茶,Camellia oleifera,危害,Damage
2478,蛇眼蚧,Pseudaonidia duplex,樟树,Camphor tree,危害,Damage
2479,蛇眼蚧,Pseudaonidia duplex,柑橘,Tangerine,危害,Damage
2480,蛇眼蚧,Pseudaonidia duplex,苹果,apple,危害,Damage
2481,蛇眼蚧,Pseudaonidia duplex,杨梅,Bayberry,危害,Damage
2482,青蛾蜡蝉,Salurnis marginella,油茶,Camellia oleifera,危害,Damage
2483,青蛾蜡蝉,Salurnis marginella,柑橘,Tangerine,危害,Damage
2484,青蛾蜡蝉,Salurnis marginella,葡萄,Grape,危害,Damage
2485,茶枝镰蛾,Casmara patrona,油茶,Camellia oleifera,危害,Damage
2486,茶枝镰蛾,Casmara patrona,山茶,Camellia,危害,Damage
2487,茶材小蠹,Xyleborus fornicatus,蓖麻,Castor,危害,Damage
2488,茶材小蠹,Xyleborus fornicatus,荔枝,litchi,危害,Damage
2489,茶材小蠹,Xyleborus fornicatus,洋槐,locust,危害,Damage
2490,茶材小蠹,Xyleborus fornicatus,可可,cocoa,危害,Damage
2491,茶材小蠹,Xyleborus fornicatus,铁刀木,Ironwood,危害,Damage
2492,茶材小蠹,Xyleborus fornicatus,茶树,tea tree,危害,Damage
2493,茶天牛,Aeolesthes induta,茶树,tea tree,危害,Damage
2494,茶天牛,Aeolesthes induta,油茶,Camellia oleifera,危害,Damage
2495,茶天牛,Aeolesthes induta,橡树,oak,危害,Damage
2496,茶红颈天牛,Aromia bungii,油茶,Camellia oleifera,危害,Damage
2497,绿鳞象甲,Hypomeces squamosus,油茶,Camellia oleifera,危害,Damage
2498,绿鳞象甲,Hypomeces squamosus,柑橘,Tangerine,危害,Damage
2499,绿鳞象甲,Hypomeces squamosus,棉花,cotton,危害,Damage
2500,绿鳞象甲,Hypomeces squamosus,甘蔗,sugar cane,危害,Damage
2501,绿鳞象甲,Hypomeces squamosus,桑树,mulberry,危害,Damage
2502,绿鳞象甲,Hypomeces squamosus,大豆,Soybean,危害,Damage
2503,绿鳞象甲,Hypomeces squamosus,花生,peanut,危害,Damage
2504,绿鳞象甲,Hypomeces squamosus,玉米,corn,危害,Damage
2505,茶丽纹象甲,Myllocerinus aurolineatus,油茶,Camellia oleifera,危害,Damage
2506,茶丽纹象甲,Myllocerinus aurolineatus,苎麻,Ramie,危害,Damage
2507,茶丽纹象甲,Myllocerinus aurolineatus,柑橘,Tangerine,危害,Damage
2508,茶丽纹象甲,Myllocerinus aurolineatus,苹果,apple,危害,Damage
2509,茶丽纹象甲,Myllocerinus aurolineatus,刺槐,locust,危害,Damage
2510,大灰象甲,Sympiezomias velatus,棉花,cotton,危害,Damage
2511,大灰象甲,Sympiezomias velatus,烟草,tobacco,危害,Damage
2512,大灰象甲,Sympiezomias velatus,玉米,corn,危害,Damage
2513,大灰象甲,Sympiezomias velatus,花生,peanut,危害,Damage
2514,大灰象甲,Sympiezomias velatus,马铃薯,potato,危害,Damage
2515,大灰象甲,Sympiezomias velatus,辣椒,chili,危害,Damage
2516,大灰象甲,Sympiezomias velatus,甜菜,beet,危害,Damage
2517,大灰象甲,Sympiezomias velatus,瓜类,Melons,危害,Damage
2518,大灰象甲,Sympiezomias velatus,豆类,Beans,危害,Damage
2519,大灰象甲,Sympiezomias velatus,麻类,Hemp,危害,Damage
2520,大灰象甲,Sympiezomias velatus,紫穗槐,Amorpha fruticosa,危害,Damage
2521,大灰象甲,Sympiezomias velatus,洋槐,locust,危害,Damage
2522,大灰象甲,Sympiezomias velatus,加拿大杨,Canadian Poplar,危害,Damage
2523,茶橙瘿螨,Acaphylla theavagrans,茶树,tea tree,危害,Damage
2524,茶橙瘿螨,Acaphylla theavagrans,油茶,Camellia oleifera,危害,Damage
2525,茶橙瘿螨,Acaphylla theavagrans,檀树,Sandalwood,危害,Damage
2526,茶橙瘿螨,Acaphylla theavagrans,漆树,Rhus,危害,Damage
2527,茶橙瘿螨,Acaphylla theavagrans,春蓼,Spring Polygonum,危害,Damage
2528,茶橙瘿螨,Acaphylla theavagrans,苦荬菜,Sophora flavescens,危害,Damage
2529,茶橙瘿螨,Acaphylla theavagrans,星宿菜,Star vegetable,危害,Damage
2530,茶叶瘿螨,Calacarus carinatus,茶树,tea tree,危害,Damage
2531,茶叶瘿螨,Calacarus carinatus,山茶,Camellia,危害,Damage
2532,侧多食附线螨,Polyphagotarsonemus latus,柑橘,Tangerine,危害,Damage
2533,侧多食附线螨,Polyphagotarsonemus latus,咖啡,coffee,危害,Damage
2534,侧多食附线螨,Polyphagotarsonemus latus,葡萄,Grape,危害,Damage
2535,茶红螨,Tetranychus urticae,山茶,Camellia,危害,Damage
2536,茶红螨,Tetranychus urticae,咖啡,coffee,危害,Damage
2537,茶红螨,Tetranychus urticae,棉花,cotton,危害,Damage
2538,茶红螨,Tetranychus urticae,柑橘,Tangerine,危害,Damage
2539,茶红螨,Tetranychus urticae,合欢,Albizzia,危害,Damage
2540,茶红螨,Tetranychus urticae,毛栗,Hairy chestnut,危害,Damage
2541,茶红螨,Tetranychus urticae,橡胶,rubber,危害,Damage
2542,神泽氏叶螨,Tetranychus kanzawai,茶树,tea tree,危害,Damage
2543,神泽氏叶螨,Tetranychus kanzawai,桑树,mulberry,危害,Damage
2544,神泽氏叶螨,Tetranychus kanzawai,棉花,cotton,危害,Damage
2545,茶短须螨,Brevipalpus obovatus,山楂,hawthorn,危害,Damage
2546,茶短须螨,Brevipalpus obovatus,沙梨,Pear,危害,Damage
2547,茶短须螨,Brevipalpus obovatus,檀树,Sandalwood,危害,Damage
2548,茶短须螨,Brevipalpus obovatus,杜鹃,Azalea,危害,Damage
2549,茶棍蓟马,Dendrothrips minowai,山茶,Camellia,危害,Damage
2550,咖啡小爪螨,Oligonychus coffeae,山茶,Camellia,危害,Damage
2551,咖啡小爪螨,Oligonychus coffeae,咖啡,coffee,危害,Damage
2552,咖啡小爪螨,Oligonychus coffeae,棉花,cotton,危害,Damage
2553,咖啡小爪螨,Oligonychus coffeae,柑桔,Citrus,危害,Damage
2554,咖啡小爪螨,Oligonychus coffeae,合欢,Albizzia,危害,Damage
2555,咖啡小爪螨,Oligonychus coffeae,毛栗,Hairy chestnut,危害,Damage
2556,咖啡小爪螨,Oligonychus coffeae,橡胶,rubber,危害,Damage
2557,烟草炭疽病,Colletotrichum tabacum,烟草,tobacco,危害,Damage
2558,烟草炭疽病,Colletotrichum tabacum,茄子,eggplant,危害,Damage
2559,烟草炭疽病,Colletotrichum tabacum,番茄,tomato,危害,Damage
2560,烟草炭疽病,Colletotrichum tabacum,辣椒,chili,危害,Damage
2561,烟草炭疽病,Colletotrichum tabacum,黄瓜,cucumber,危害,Damage
2562,烟草炭疽病,Colletotrichum tabacum,南瓜,pumpkin,危害,Damage
2563,烟草炭疽病,Colletotrichum tabacum,龙葵,Solanum nigrum,危害,Damage
2564,烟草炭疽病,Colletotrichum tabacum,红三叶草,Red Clover,危害,Damage
2565,烟草猝倒病,Pythium aphanidermatum,烟草,tobacco,危害,Damage
2566,烟草猝倒病,Pythium aphanidermatum,玉米,corn,危害,Damage
2567,烟草猝倒病,Pythium aphanidermatum,甘蔗,sugar cane,危害,Damage
2568,烟草猝倒病,Pythium aphanidermatum,水稻,Rice,危害,Damage
2569,烟草猝倒病,Pythium aphanidermatum,大豆,Soybean,危害,Damage
2570,烟草猝倒病,Pythium aphanidermatum,亚麻,flax,危害,Damage
2571,烟草猝倒病,Pythium aphanidermatum,甜菜,beet,危害,Damage
2572,烟草猝倒病,Pythium aphanidermatum,马铃薯,potato,危害,Damage
2573,烟草猝倒病,Pythium aphanidermatum,甘蓝,Kale,危害,Damage
2574,烟草猝倒病,Pythium aphanidermatum,花椰莱,Cauliflower,危害,Damage
2575,烟草猝倒病,Pythium aphanidermatum,芹菜,celery,危害,Damage
2576,烟草猝倒病,Pythium aphanidermatum,黄瓜,cucumber,危害,Damage
2577,烟草猝倒病,Pythium aphanidermatum,茄子,eggplant,危害,Damage
2578,烟草猝倒病,Pythium aphanidermatum,南瓜,pumpkin,危害,Damage
2579,烟草猝倒病,Pythium aphanidermatum,萝卜,radish,危害,Damage
2580,烟草猝倒病,Pythium aphanidermatum,葛昔,Ge Xi,危害,Damage
2581,烟草猝倒病,Pythium aphanidermatum,番茄,tomato,危害,Damage
2582,烟草猝倒病,Pythium aphanidermatum,芥菜,mustard,危害,Damage
2583,烟草猝倒病,Pythium aphanidermatum,莽菜,Rhizoma Cibotii,危害,Damage
2584,烟草猝倒病,Pythium aphanidermatum,松树,pine,危害,Damage
2585,烟草赤星病,Alternaria alternata,烟草,tobacco,危害,Damage
2586,烟草赤星病,Alternaria alternata,番茄,tomato,危害,Damage
2587,烟草赤星病,Alternaria alternata,曼陀罗,Mandala,危害,Damage
2588,烟草白粉病,Erysiphe cichoracearum,烟草,tobacco,危害,Damage
2589,烟草白粉病,Erysiphe cichoracearum,芝麻,Sesame,危害,Damage
2590,烟草白粉病,Erysiphe cichoracearum,马铃薯,potato,危害,Damage
2591,烟草白粉病,Erysiphe cichoracearum,葫芦科,Cucurbitaceae,危害,Damage
2592,烟草白粉病,Erysiphe cichoracearum,菊科,Asteraceae,危害,Damage
2593,烟草根黑腐病,Thielaviopsis basicola,茄科,Solanaceae,危害,Damage
2594,烟草根黑腐病,Thielaviopsis basicola,豆科,Leguminosae,危害,Damage
2595,烟草根黑腐病,Thielaviopsis basicola,葫芦科,Cucurbitaceae,危害,Damage
2596,烟草破烂叶斑病,Alternaria alternata,烟草,tobacco,危害,Damage
2597,烟草破烂叶斑病,Alternaria alternata,棉花,cotton,危害,Damage
2598,烟草白绢病,Sclerotium rolfsii,烟草,tobacco,危害,Damage
2599,烟草白绢病,Sclerotium rolfsii,番茄,tomato,危害,Damage
2600,烟草白绢病,Sclerotium rolfsii,茄子,eggplant,危害,Damage
2601,烟草白绢病,Sclerotium rolfsii,马铃薯,potato,危害,Damage
2602,烟草白绢病,Sclerotium rolfsii,棉花,cotton,危害,Damage
2603,烟草白绢病,Sclerotium rolfsii,黄麻,jute,危害,Damage
2604,烟草白绢病,Sclerotium rolfsii,芝麻,Sesame,危害,Damage
2605,烟草白绢病,Sclerotium rolfsii,西瓜,watermelon,危害,Damage
2606,烟草白绢病,Sclerotium rolfsii,大豆,Soybean,危害,Damage
2607,烟草菌核病,Sclerotinia sclerotiorum,十字花科,Cruciferae,危害,Damage
2608,烟草菌核病,Sclerotinia sclerotiorum,菊科,Asteraceae,危害,Damage
2609,烟草菌核病,Sclerotinia sclerotiorum,豆科,Leguminosae,危害,Damage
2610,烟草菌核病,Sclerotinia sclerotiorum,茄科,Solanaceae,危害,Damage
2611,烟草菌核病,Sclerotinia sclerotiorum,伞形花科,Umbelliferae,危害,Damage
2612,烟草菌核病,Sclerotinia sclerotiorum,锦葵科,Malvaceae,危害,Damage
2613,烟草菌核病,Sclerotinia sclerotiorum,油菜,rape,危害,Damage
2614,烟草菌核病,Sclerotinia sclerotiorum,向日葵,sunflower,危害,Damage
2615,烟草菌核病,Sclerotinia sclerotiorum,大豆,Soybean,危害,Damage
2616,烟草菌核病,Sclerotinia sclerotiorum,莴苣,lettuce,危害,Damage
2617,烟草菌核病,Sclerotinia sclerotiorum,甘蓝,Kale,危害,Damage
2618,烟草菌核病,Sclerotinia sclerotiorum,大白菜,Chinese Cabbage,危害,Damage
2619,烟草菌核病,Botrytis cinerea,菜豆,kidney bean,危害,Damage
2620,烟草灰霉病,Botrytis cinerea,烟草,tobacco,危害,Damage
2621,烟草灰霉病,Botrytis cinerea,瓜类,Melons,危害,Damage
2622,烟草灰霉病,Botrytis cinerea,茄果类,Solanum,危害,Damage
2623,烟草灰霉病,Botrytis cinerea,豆类,Beans,危害,Damage
2624,烟草灰霉病,Peronospora tabacina,向日葵,sunflower,危害,Damage
2625,烟草霜霉病,Ralstonia solanacearum,烟草,tobacco,危害,Damage
2626,烟草青枯病,Ralstonia solanacearum,茄科,Solanaceae,危害,Damage
2627,烟草青枯病,Ralstonia solanacearum,豆科,Leguminosae,危害,Damage
2628,烟草青枯病,Ralstonia solanacearum,寥科,Polypodiaceae,危害,Damage
2629,烟草青枯病,Ralstonia solanacearum,紫草科,Boraginaceae,危害,Damage
2630,烟草青枯病,Ralstonia solanacearum,凤仙花科,Impatiens,危害,Damage
2631,烟草青枯病,Ralstonia solanacearum,烟草,tobacco,危害,Damage
2632,烟草青枯病,Ralstonia solanacearum,番茄,tomato,危害,Damage
2633,烟草青枯病,Ralstonia solanacearum,花生,peanut,危害,Damage
2634,烟草青枯病,Pseudomonas syringae pv. tabaci,马铃薯,potato,危害,Damage
2635,烟草野火病,Pseudomonas syringae pv. tabaci,烟草,tobacco,危害,Damage
2636,烟草野火病,Pseudomonas syringae pv. tabaci,大豆,Soybean,危害,Damage
2637,烟草野火病,Pseudomonas syringae pv. tabaci,莱豆,Beans,危害,Damage
2638,烟草野火病,Pseudomonas syringae pv. tabaci,豇豆,cowpea,危害,Damage
2639,烟草野火病,Pseudomonas syringae pv. tabaci,马铃薯,potato,危害,Damage
2640,烟草野火病,Pseudomonas syringae pv. tabaci,番茄,tomato,危害,Damage
2641,烟草野火病,Pseudomonas syringae pv. tabaci,茄子,eggplant,危害,Damage
2642,烟草野火病,Pseudomonas syringae pv. tabaci,胡椒,black pepper,危害,Damage
2643,烟草野火病,Pseudomonas syringae pv. tabaci,辣椒,chili,危害,Damage
2644,烟草野火病,Pseudomonas syringae pv. tabaci,黄瓜,cucumber,危害,Damage
2645,烟草野火病,Pseudomonas syringae pv. tabaci,白菜,Chinese cabbage,危害,Damage
2646,烟草野火病,Pseudomonas syringae pv. tabaci,曼陀罗,Mandala,危害,Damage
2647,烟草空胫病,Pseudomonas syringae pv. tabaci,烟草,tobacco,危害,Damage
2648,烟草空胫病,Pseudomonas syringae pv. tabaci,甘蓝,Kale,危害,Damage
2649,烟草空胫病,Pseudomonas syringae pv. tabaci,胡萝卜,carrot,危害,Damage
2650,烟草空胫病,Pseudomonas syringae pv. tabaci,芹菜,celery,危害,Damage
2651,烟草空胫病,Pseudomonas syringae pv. tabaci,黄瓜,cucumber,危害,Damage
2652,烟草空胫病,Pseudomonas syringae pv. tabaci,萝卜,radish,危害,Damage
2653,烟草空胫病,Pseudomonas syringae pv. tabaci,马铃薯,potato,危害,Damage
2654,烟草马铃薯Y病毒病,Potato virus Y,烟草,tobacco,危害,Damage
2655,烟草马铃薯Y病毒病,Potato virus Y,茄科,Solanaceae,危害,Damage
2656,烟草环斑病毒病,Tobacco ringspot virus,烟草,tobacco,危害,Damage
2657,烟草环斑病毒病,Tobacco ringspot virus,大豆,Soybean,危害,Damage
2658,烟草环斑病毒病,Tobacco ringspot virus,葫芦科,Cucurbitaceae,危害,Damage
2659,烟草环斑病毒病,Tobacco ringspot virus,菊科,Asteraceae,危害,Damage
2660,烟草普通花叶病毒病,Tobacco mosaic virus,烟草,tobacco,危害,Damage
2661,烟草普通花叶病毒病,Tobacco mosaic virus,茄科,Solanaceae,危害,Damage
2662,烟草普通花叶病毒病,Tobacco mosaic virus,葫芦科,Cucurbitaceae,危害,Damage
2663,烟草普通花叶病毒病,Tobacco mosaic virus,十字花科,Cruciferae,危害,Damage
2664,烟草普通花叶病毒病,Tobacco mosaic virus,菊科,Asteraceae,危害,Damage
2665,烟草黄瓜花叶病毒病,Cucumber mosaic virus,烟草,tobacco,危害,Damage
2666,烟草黄瓜花叶病毒病,Cucumber mosaic virus,黄瓜,cucumber,危害,Damage
2667,烟草黄瓜花叶病毒病,Cucumber mosaic virus,番茄,tomato,危害,Damage
2668,烟草黄瓜花叶病毒病,Cucumber mosaic virus,辣椒,chili,危害,Damage
2669,烟草黄瓜花叶病毒病,Cucumber mosaic virus,甜瓜,melon,危害,Damage
2670,烟草黄瓜花叶病毒病,Cucumber mosaic virus,南瓜,pumpkin,危害,Damage
2671,烟草黄瓜花叶病毒病,Cucumber mosaic virus,菠菜,spinach,危害,Damage
2672,烟草黄瓜花叶病毒病,Cucumber mosaic virus,萝卜,radish,危害,Damage
2673,烟草黄瓜花叶病毒病,Cucumber mosaic virus,白菜,Chinese cabbage,危害,Damage
2674,烟草黄瓜花叶病毒病,Cucumber mosaic virus,油菜,rape,危害,Damage
2675,烟草黄瓜花叶病毒病,Cucumber mosaic virus,莽菜,Rhizoma Cibotii,危害,Damage
2676,烟草黄瓜花叶病毒病,Cucumber mosaic virus,香蕉,banana,危害,Damage
2677,烟草黄瓜花叶病毒病,Cucumber mosaic virus,玉米,corn,危害,Damage
2678,烟草马铃薯X病毒病,Potato virus X,茄科,Solanaceae,危害,Damage
2679,烟草马铃薯X病毒病,Potato virus X,苋科,Amaranthaceae,危害,Damage
2680,烟草马铃薯X病毒病,Potato virus X,黎科,Li Ke,危害,Damage
2681,烟草坏死病毒病,Tobacco necrosis virus,烟草,tobacco,危害,Damage
2682,烟草坏死病毒病,Tobacco necrosis virus,黄瓜,cucumber,危害,Damage
2683,烟草曲叶病毒病,Tobacco leaf curl virus,烟草,tobacco,危害,Damage
2684,烟草曲叶病毒病,Tobacco leaf curl virus,番茄,tomato,危害,Damage
2685,烟草曲叶病毒病,Tobacco leaf curl virus,辣椒,chili,危害,Damage
2686,烟草曲叶病毒病,Tobacco leaf curl virus,蔓陀罗,Datura,危害,Damage
2687,烟草曲叶病毒病,Tobacco leaf curl virus,番木瓜,papaya,危害,Damage
2688,烟草曲叶病毒病,Tobacco leaf curl virus,忍冬,Honeysuckle,危害,Damage
2689,烟草曲叶病毒病,Tobacco leaf curl virus,胜红蓟,Thistle,危害,Damage
2690,烟草立枯病,Rhizoctonia solani,烟草,tobacco,危害,Damage
2691,烟草立枯病,Rhizoctonia solani,油菜,rape,危害,Damage
2692,烟草立枯病,Rhizoctonia solani,白菜,Chinese cabbage,危害,Damage
2693,烟草立枯病,Rhizoctonia solani,马铃薯,potato,危害,Damage
2694,烟草立枯病,Rhizoctonia solani,棉花,cotton,危害,Damage
2695,烟草立枯病,Rhizoctonia solani,红麻,Kenaf,危害,Damage
2696,烟草立枯病,Rhizoctonia solani,黄麻,jute,危害,Damage
2697,烟草立枯病,Rhizoctonia solani,甜菜,beet,危害,Damage
2698,烟草立枯病,Rhizoctonia solani,大豆,Soybean,危害,Damage
2699,烟草立枯病,Rhizoctonia solani,花生,peanut,危害,Damage
2700,烟草立枯病,Rhizoctonia solani,茄子,eggplant,危害,Damage
2701,烟草黑胫病,Phytophthora nicotianae,烟草,tobacco,危害,Damage
2702,烟草黑胫病,Phytophthora nicotianae,蓖麻,Castor,危害,Damage
2703,烟草黑胫病,Phytophthora nicotianae,番茄,tomato,危害,Damage
2704,烟草黑胫病,Phytophthora nicotianae,茄子,eggplant,危害,Damage
2705,烟草黑胫病,Phytophthora nicotianae,马铃薯,potato,危害,Damage
2706,烟草黑胫病,Phytophthora nicotianae,辣椒,chili,危害,Damage
2707,烟草黑胫病,Phytophthora nicotianae,蚕豆,broad bean,危害,Damage
2708,烟草番茄斑萎病毒病,Tomato spotted wilt virus,烟草,tobacco,危害,Damage
2709,烟草番茄斑萎病毒病,Tomato spotted wilt virus,番茄,tomato,危害,Damage
2710,烟草丛枝病,Phytoplasma sp.,烟草,tobacco,危害,Damage
2711,烟草胞囊线虫病,Globodera tabacum,烟草,tobacco,危害,Damage
2712,烟草胞囊线虫病,Globodera tabacum,马铃薯,potato,危害,Damage
2713,烟草胞囊线虫病,Globodera tabacum,茄子,eggplant,危害,Damage
2714,烟粉虱,Bemisia tabaci,番茄,tomato,危害,Damage
2715,斑须蝽,Dolycoris baccarum,泡桐,Paulownia,危害,Damage
2716,烟实夜蛾,Helicoverpa assulta,烟草,tobacco,危害,Damage
2717,烟实夜蛾,Helicoverpa assulta,辣椒,chili,危害,Damage
2718,烟实夜蛾,Helicoverpa assulta,番茄,tomato,危害,Damage
2719,烟实夜蛾,Helicoverpa assulta,南瓜,pumpkin,危害,Damage
2720,烟实夜蛾,Helicoverpa assulta,茄科,Solanaceae,危害,Damage
2721,烟实夜蛾,Helicoverpa assulta,葫芦科,Cucurbitaceae,危害,Damage
2722,烟实夜蛾,Helicoverpa assulta,棉花,cotton,危害,Damage
2723,烟实夜蛾,Helicoverpa assulta,玉米,corn,危害,Damage
2724,烟实夜蛾,Helicoverpa assulta,高粱,Sorghum,危害,Damage
2725,烟实夜蛾,Helicoverpa assulta,大豆,Soybean,危害,Damage
2726,烟实夜蛾,Helicoverpa assulta,豌豆,pea,危害,Damage
2727,烟实夜蛾,Helicoverpa assulta,扁豆,Lentils,危害,Damage
2728,烟草潜叶蛾,Phthorimaea operculella,马铃薯,potato,危害,Damage
2729,烟草潜叶蛾,Phthorimaea operculella,烟草,tobacco,危害,Damage
2730,烟草潜叶蛾,Phthorimaea operculella,番茄,tomato,危害,Damage
2731,烟草潜叶蛾,Phthorimaea operculella,茄子,eggplant,危害,Damage
2732,烟草潜叶蛾,Phthorimaea operculella,曼陀罗,Mandala,危害,Damage
2733,烟草潜叶蛾,Phthorimaea operculella,枸杞,Wolfberry,危害,Damage
2734,烟草潜叶蛾,Phthorimaea operculella,龙葵,Solanum nigrum,危害,Damage
2735,烟草潜叶蛾,Phthorimaea operculella,酸浆,Physalis,危害,Damage
2736,烟草潜叶蛾,Phthorimaea operculella,颠茄,Belladonna,危害,Damage
2737,烟草潜叶蛾,Phthorimaea operculella,茛菪,Hyoscyam,危害,Damage
2738,烟草蛀茎蛾,Sesamia inferens,烟草,tobacco,危害,Damage
2739,棉铃虫,Helicoverpa armigera,烟草,tobacco,危害,Damage
2740,棉铃虫,Helicoverpa armigera,大豆,Soybean,危害,Damage
2741,棉铃虫,Helicoverpa armigera,花生,peanut,危害,Damage
2742,棉铃虫,Helicoverpa armigera,棉花,cotton,危害,Damage
2743,棉铃虫,Helicoverpa armigera,水稻,Rice,危害,Damage
2744,棉铃虫,Helicoverpa armigera,小麦,wheat,危害,Damage
2745,斜纹夜蛾,Spodoptera litura,烟草,tobacco,危害,Damage
2746,银纹夜蛾,Argyrogramma agnata,烟草,tobacco,危害,Damage
2747,银纹夜蛾,Argyrogramma agnata,油菜,rape,危害,Damage
2748,甜菜夜蛾,Spodoptera exigua,烟草,tobacco,危害,Damage
2749,甜菜夜蛾,Spodoptera exigua,谷类,cereal,危害,Damage
2750,甜菜夜蛾,Spodoptera exigua,豆类,Beans,危害,Damage
2751,甜菜夜蛾,Spodoptera exigua,芝麻,Sesame,危害,Damage
2752,甜菜夜蛾,Spodoptera exigua,花生,peanut,危害,Damage
2753,甜菜夜蛾,Spodoptera exigua,玉米,corn,危害,Damage
2754,甜菜夜蛾,Spodoptera exigua,高粱,Sorghum,危害,Damage
2755,甜菜夜蛾,Spodoptera exigua,棉花,cotton,危害,Damage
2756,甜菜夜蛾,Spodoptera exigua,甜菜,beet,危害,Damage
2757,甜菜夜蛾,Spodoptera exigua,茶树,tea tree,危害,Damage
2758,甜菜夜蛾,Spodoptera exigua,牧草,grass,危害,Damage
2759,甜菜夜蛾,Spodoptera exigua,苜蓿,Alfalfa,危害,Damage
2760,红棕灰夜蛾,Polia illoba,烟草,tobacco,危害,Damage
2761,棉小造桥虫,Anomis flava,烟草,tobacco,危害,Damage
2762,棉小造桥虫,Anomis flava,棉花,cotton,危害,Damage
2763,棉小造桥虫,Anomis flava,黄麻,jute,危害,Damage
2764,棉小造桥虫,Anomis flava,苘麻,Ramie,危害,Damage
2765,棉小造桥虫,Anomis flava,红麻,Kenaf,危害,Damage
2766,大造桥虫,Ascotis selenaria,烟草,tobacco,危害,Damage
2767,草地螟,Loxostege sticticalis,麻,numb,危害,Damage
2768,草地螟,Loxostege sticticalis,萝卜,radish,危害,Damage
2769,草地螟,Loxostege sticticalis,葱,onion,危害,Damage
2770,棉褐带卷蛾,Adoxophyes orana,烟草,tobacco,危害,Damage
2771,棉褐带卷蛾,Adoxophyes orana,棉花,cotton,危害,Damage
2772,棉褐带卷蛾,Adoxophyes orana,豆类,Beans,危害,Damage
2773,棉褐带卷蛾,Adoxophyes orana,花生,peanut,危害,Damage
2774,棉褐带卷蛾,Adoxophyes orana,芝麻,Sesame,危害,Damage
2775,棉褐带卷蛾,Adoxophyes orana,向日葵,sunflower,危害,Damage
2776,棉褐带卷蛾,Adoxophyes orana,小麦,wheat,危害,Damage
2777,棉褐带卷蛾,Adoxophyes orana,甜瓜,melon,危害,Damage
2778,棉褐带卷蛾,Adoxophyes orana,草莓,strawberry,危害,Damage
2779,棉褐带卷蛾,Adoxophyes orana,黑莓,blackberries,危害,Damage
2780,棉褐带卷蛾,Adoxophyes orana,苜蓿,Alfalfa,危害,Damage
2781,棉褐带卷蛾,Adoxophyes orana,悬钩子,Rubus,危害,Damage
2782,人纹污灯蛾,Spilarctia subcarnea,茶树,tea tree,危害,Damage
2783,人纹污灯蛾,Spilarctia subcarnea,烟草,tobacco,危害,Damage
2784,人纹污灯蛾,Spilarctia subcarnea,桑树,mulberry,危害,Damage
2785,人纹污灯蛾,Spilarctia subcarnea,豆类,Beans,危害,Damage
2786,人纹污灯蛾,Spilarctia subcarnea,十字花科,Cruciferae,危害,Damage
2787,人纹污灯蛾,Spilarctia subcarnea,蔬菜,vegetable,危害,Damage
2788,人纹污灯蛾,Spilarctia subcarnea,瓜类,Melons,危害,Damage
2789,人纹污灯蛾,Spilarctia subcarnea,马铃薯,potato,危害,Damage
2790,人纹污灯蛾,Spilarctia subcarnea,木槿,Hibiscus,危害,Damage
2791,人纹污灯蛾,Spilarctia subcarnea,黑荆,Blackthorn,危害,Damage
2792,旋花天蛾,Herse convolvuli,烟草,tobacco,危害,Damage
2793,旋花天蛾,Herse convolvuli,甘薯,sweet potato,危害,Damage
2794,旋花天蛾,Herse convolvuli,蕹菜,Water spinach,危害,Damage
2795,旋花天蛾,Herse convolvuli,牵牛花,Morning Glory,危害,Damage
2796,旋花天蛾,Herse convolvuli,月光花,Moonflower,危害,Damage
2797,旋花天蛾,Herse convolvuli,芋艿,taro,危害,Damage
2798,旋花天蛾,Herse convolvuli,葡萄,Grape,危害,Damage
2799,旋花天蛾,Herse convolvuli,楸树,Catalpa,危害,Damage
2800,旋花天蛾,Herse convolvuli,扁豆,Lentils,危害,Damage
2801,旋花天蛾,Herse convolvuli,赤小豆,Adzuki Bean,危害,Damage
2802,芝麻天蛾,Acherontia styx,烟草,tobacco,危害,Damage
2803,芝麻天蛾,Acherontia styx,芝麻,Sesame,危害,Damage
2804,芝麻天蛾,Acherontia styx,马铃薯,potato,危害,Damage
2805,芝麻天蛾,Acherontia styx,茄子,eggplant,危害,Damage
2806,芝麻天蛾,Acherontia styx,马鞭草科,Verbenaceae,危害,Damage
2807,芝麻天蛾,Acherontia styx,豆科,Leguminosae,危害,Damage
2808,茄二十八星瓢虫,Henosepilachna vigintioctopunctata,烟草,tobacco,危害,Damage
2809,烟青虫,Helicoverpa assulta,棉花,cotton,危害,Damage
2810,烟青虫,Helicoverpa assulta,辣椒,chili,危害,Damage
2811,烟青虫,Helicoverpa assulta,曼陀罗,Mandala,危害,Damage
2812,烟青虫,Helicoverpa assulta,大豆,Soybean,危害,Damage
2813,烟田大灰象,Sympiezomias velatus,烟草,tobacco,危害,Damage
2814,烟田大灰象,Sympiezomias velatus,棉花,cotton,危害,Damage
2815,烟田大灰象,Sympiezomias velatus,玉米,corn,危害,Damage
2816,烟田大灰象,Sympiezomias velatus,花生,peanut,危害,Damage
2817,烟田大灰象,Sympiezomias velatus,马铃薯,potato,危害,Damage
2818,烟田大灰象,Sympiezomias velatus,辣椒,chili,危害,Damage
2819,烟田大灰象,Sympiezomias velatus,甜菜,beet,危害,Damage
2820,烟田大灰象,Sympiezomias velatus,瓜类,Melons,危害,Damage
2821,烟田大灰象,Sympiezomias velatus,豆类,Beans,危害,Damage
2822,烟田大灰象,Sympiezomias velatus,麻类,Hemp,危害,Damage
2823,烟田大灰象,Sympiezomias velatus,紫穗槐,Amorpha fruticosa,危害,Damage
2824,烟田大灰象,Sympiezomias velatus,洋槐,locust,危害,Damage
2825,烟田大灰象,Sympiezomias velatus,加拿大杨,Canadian Poplar,危害,Damage
2826,棉蝗,Chondracris rosea,豆科,Leguminosae,危害,Damage
2827,棉蝗,Chondracris rosea,禾本科,Poaceae,危害,Damage
2828,棉蝗,Chondracris rosea,旋花科,Convolvulaceae,危害,Damage
2829,黑绒金龟,Maladera orientalis,烟草,tobacco,危害,Damage
2830,黑绒金龟,Maladera orientalis,苎麻,Ramie,危害,Damage
2831,红缘灯蛾,Amsacta lactinea,烟草,tobacco,危害,Damage
2832,红缘灯蛾,Amsacta lactinea,谷子,Millet,危害,Damage
2833,红缘灯蛾,Amsacta lactinea,高粱,Sorghum,危害,Damage
2834,红缘灯蛾,Amsacta lactinea,马铃薯,potato,危害,Damage
2835,红缘灯蛾,Amsacta lactinea,甘薯,sweet potato,危害,Damage
2836,红缘灯蛾,Amsacta lactinea,棉花,cotton,危害,Damage
2837,红缘灯蛾,Amsacta lactinea,大豆,Soybean,危害,Damage
2838,中华稻蝗,Oxya chinensis,水稻,Rice,危害,Damage
2839,中华稻蝗,Oxya chinensis,玉米,corn,危害,Damage
2840,中华稻蝗,Oxya chinensis,高梁,Sorghum,危害,Damage
2841,中华稻蝗,Oxya chinensis,棉花,cotton,危害,Damage
2842,中华稻蝗,Oxya chinensis,豆类,Beans,危害,Damage
2843,中华稻蝗,Oxya chinensis,芦苇,reed,危害,Damage
2844,花生紫纹羽病,Helicobasidium purpureum,花生,peanut,危害,Damage
2845,花生紫纹羽病,Helicobasidium purpureum,大豆,Soybean,危害,Damage
2846,花生紫纹羽病,Helicobasidium purpureum,芝麻,Sesame,危害,Damage
2847,花生紫纹羽病,Helicobasidium purpureum,豇豆,cowpea,危害,Damage
2848,花生紫纹羽病,Helicobasidium purpureum,甘薯,sweet potato,危害,Damage
2849,花生紫纹羽病,Helicobasidium purpureum,棉花,cotton,危害,Damage
2850,花生紫纹羽病,Helicobasidium purpureum,苹果,apple,危害,Damage
2851,花生紫纹羽病,Helicobasidium purpureum,樱桃,cherry,危害,Damage
2852,花生蚜,Aphis craccivora,蚕豆,broad bean,危害,Damage
2853,花生蚜,Aphis craccivora,豌豆,pea,危害,Damage
2854,花生蚜,Aphis craccivora,绿豆,green beans,危害,Damage
2855,花生蚜,Aphis craccivora,苜蓿,Alfalfa,危害,Damage
2856,花生蚜,Aphis craccivora,甘草,Licorice,危害,Damage
2857,花生蚜,Aphis craccivora,苕子,Potato,危害,Damage
2858,花生蚜,Aphis craccivora,槐树,Sophora japonica,危害,Damage
2859,稀点雪灯蛾,Spilosoma urticae,蔬菜,vegetable,危害,Damage
2860,稀点雪灯蛾,Spilosoma urticae,酸模,Sorrel,危害,Damage
2861,花生蚀叶野螟,Lamprosema diemenalis,花生,peanut,危害,Damage
2862,花生蚀叶野螟,Lamprosema diemenalis,大豆,Soybean,危害,Damage
2863,花生蚀叶野螟,Lamprosema diemenalis,豇豆,cowpea,危害,Damage
2864,花生蚀叶野螟,Lamprosema diemenalis,菜豆,kidney bean,危害,Damage
2865,花生蚀叶野螟,Lamprosema diemenalis,烟草,tobacco,危害,Damage
2866,双斑萤叶甲,Monolepta hieroglyphica,甘蔗,sugar cane,危害,Damage
2867,双斑萤叶甲,Monolepta hieroglyphica,芝麻,Sesame,危害,Damage
2868,双斑萤叶甲,Monolepta hieroglyphica,蓖麻,Castor,危害,Damage
2869,双斑萤叶甲,Monolepta hieroglyphica,向日葵,sunflower,危害,Damage
2870,双斑萤叶甲,Monolepta hieroglyphica,麻类,Hemp,危害,Damage
2871,双斑萤叶甲,Monolepta hieroglyphica,甘薯,sweet potato,危害,Damage
2872,双斑萤叶甲,Monolepta hieroglyphica,茼蒿,Chrysanthemum,危害,Damage
2873,双斑萤叶甲,Monolepta hieroglyphica,苹果,apple,危害,Damage
2874,双斑萤叶甲,Monolepta hieroglyphica,苍耳,Xanthium,危害,Damage
2875,双斑萤叶甲,Monolepta hieroglyphica,红蓼,Polygonum erythrorhizon,危害,Damage
2876,双斑萤叶甲,Monolepta hieroglyphica,薄荷,Mint,危害,Damage
2877,双斑萤叶甲,Monolepta hieroglyphica,灰菜,Gray vegetable,危害,Damage
2878,双斑萤叶甲,Monolepta hieroglyphica,小蓟,Thistle,危害,Damage
2879,双斑萤叶甲,Monolepta hieroglyphica,马齿苋,purslane,危害,Damage
2880,双斑萤叶甲,Monolepta hieroglyphica,苋菜,Amaranth,危害,Damage
2881,双斑萤叶甲,Monolepta hieroglyphica,马塘草,Crataegus,危害,Damage
2882,双斑萤叶甲,Monolepta hieroglyphica,狗尾草,Setaria,危害,Damage
2883,短额负蝗,Atractomorpha sinensis,大豆,Soybean,危害,Damage
2884,短额负蝗,Atractomorpha sinensis,花生,peanut,危害,Damage
2885,短额负蝗,Atractomorpha sinensis,芝麻,Sesame,危害,Damage
2886,短额负蝗,Atractomorpha sinensis,水稻,Rice,危害,Damage
2887,短额负蝗,Atractomorpha sinensis,麦类,Wheat,危害,Damage
2888,短额负蝗,Atractomorpha sinensis,烟草,tobacco,危害,Damage
2889,短额负蝗,Atractomorpha sinensis,蔬菜,vegetable,危害,Damage
2890,油葫芦,Teleogryllus emma,花生,peanut,危害,Damage
2891,油葫芦,Teleogryllus emma,大豆,Soybean,危害,Damage
2892,油葫芦,Teleogryllus emma,芝麻,Sesame,危害,Damage
2893,油菜菌核病,Sclerotinia sclerotiorum,油菜,rape,危害,Damage
2894,油菜白锈病,Albugo candida,油菜,rape,危害,Damage
2895,油菜细菌性黑斑病,Pseudomonas syringae pv. maculicola,油菜,rape,危害,Damage
2896,油菜细菌性黑斑病,Pseudomonas syringae pv. maculicola,芥菜,mustard,危害,Damage
2897,油菜细菌性黑斑病,Pseudomonas syringae pv. maculicola,甘蓝,Kale,危害,Damage
2898,油菜细菌性黑斑病,Pseudomonas syringae pv. maculicola,萝卜,radish,危害,Damage
2899,油菜细菌性黑斑病,Pseudomonas syringae pv. maculicola,花椰菜,brocoli,危害,Damage
2900,油菜病毒病,Turnip mosaic virus,油菜,rape,危害,Damage
2901,油菜萎缩不实病,oilseed rape boron deficiency,油菜,rape,危害,Damage
2902,油菜蚤跳甲,Psylliodes punctifrons,油菜,rape,危害,Damage
2903,东方菜粉蝶,Pieris canidia,油菜,rape,危害,Damage
2904,东方菜粉蝶,Pieris canidia,甘蓝,Kale,危害,Damage
2905,东方菜粉蝶,Pieris canidia,花椰菜,brocoli,危害,Damage
2906,东方菜粉蝶,Pieris canidia,芥蓝,Kale,危害,Damage
2907,东方菜粉蝶,Pieris canidia,菜心,Choy Sum,危害,Damage
2908,东方菜粉蝶,Pieris canidia,白菜,Chinese cabbage,危害,Damage
2909,东方菜粉蝶,Pieris canidia,萝卜,radish,危害,Damage
2910,云斑粉蝶,Pontia daplidice,油菜,rape,危害,Damage
2911,云斑粉蝶,Pontia daplidice,甘蓝,Kale,危害,Damage
2912,云斑粉蝶,Pontia daplidice,花椰菜,brocoli,危害,Damage
2913,云斑粉蝶,Pontia daplidice,白菜,Chinese cabbage,危害,Damage
2914,云斑粉蝶,Pontia daplidice,蔬菜,vegetable,危害,Damage
2915,大菜粉蝶,Pieris brassicae,油菜,rape,危害,Damage
2916,大菜粉蝶,Pieris brassicae,白菜,Chinese cabbage,危害,Damage
2917,黑纹粉蝶,Pieris melete,油菜,rape,危害,Damage
2918,黑纹粉蝶,Pieris melete,白菜,Chinese cabbage,危害,Damage
2919,黑纹粉蝶,Pieris melete,甘蓝,Kale,危害,Damage
2920,黑纹粉蝶,Pieris melete,黄芽白,Yellow Bud White,危害,Damage
2921,黑纹粉蝶,Pieris melete,芥菜,mustard,危害,Damage
2922,黑纹粉蝶,Pieris melete,萝卜,radish,危害,Damage
2923,甘蓝夜蛾,Mamestra brassicae,油菜,rape,危害,Damage
2924,甘蓝夜蛾,Mamestra brassicae,茄果,Solanum,危害,Damage
2925,横纹菜蝽,Plautia crossota,油菜,rape,危害,Damage
2926,萝卜地种蝇,Delia floralis,油菜,rape,危害,Damage
2927,萝卜地种蝇,Delia floralis,白菜,Chinese cabbage,危害,Damage
2928,萝卜地种蝇,Delia floralis,萝卜,radish,危害,Damage
2929,黑缝油菜叶甲,Entomoscelis suturalis,油菜,rape,危害,Damage
2930,黑缝油菜叶甲,Entomoscelis suturalis,芥菜,mustard,危害,Damage
2931,黑缝油菜叶甲,Entomoscelis suturalis,青菜,Green vegetables,危害,Damage
2932,黑缝油菜叶甲,Entomoscelis suturalis,甘蓝,Kale,危害,Damage
2933,黑缝油菜叶甲,Entomoscelis suturalis,萝卜,radish,危害,Damage
2934,甘蓝蚜,Brevicoryne brassicae,油菜,rape,危害,Damage
2935,甘蓝蚜,Brevicoryne brassicae,白菜,Chinese cabbage,危害,Damage
2936,芝麻枯萎病,Fusarium oxysporum f. sp. sesami,芝麻,Sesame,危害,Damage
2937,芝麻轮纹病,Ascochyta sesamicola P.K. Chi,芝麻,Sesame,危害,Damage
2938,芝麻荚野螟,Antigastra catalaunalis,芝麻,Sesame,危害,Damage
2939,三点盲蝽,Adelphocoris fasciaticollis,芝麻,Sesame,危害,Damage
2940,三点盲蝽,Adelphocoris fasciaticollis,大豆,Soybean,危害,Damage
2941,三点盲蝽,Adelphocoris fasciaticollis,玉米,corn,危害,Damage
2942,三点盲蝽,Adelphocoris fasciaticollis,高粱,Sorghum,危害,Damage
2943,三点盲蝽,Adelphocoris fasciaticollis,小麦,wheat,危害,Damage
2944,三点盲蝽,Adelphocoris fasciaticollis,苜蓿,Alfalfa,危害,Damage
2945,三点盲蝽,Adelphocoris fasciaticollis,马铃薯,potato,危害,Damage
2946,三点盲蝽,Adelphocoris fasciaticollis,番茄,tomato,危害,Damage
2947,向日葵锈病,Puccinia helianthi,向日葵,sunflower,危害,Damage
2948,蓖麻疫病,Phytophthora parasitica,蓖麻,Castor,危害,Damage
2949,蓖麻四星尺蛾,Ophthalmitis albosignaria,苹果,apple,危害,Damage
2950,蓖麻四星尺蛾,Ophthalmitis albosignaria,柑桔,Citrus,危害,Damage
2951,蓖麻四星尺蛾,Ophthalmitis albosignaria,海棠,Begonia,危害,Damage
2952,蓖麻四星尺蛾,Ophthalmitis albosignaria,鼠李,buckthorn,危害,Damage
2953,甘蔗赤腐病,Colletotrichum falcatum,甘蔗,sugar cane,危害,Damage
2954,甘蔗凤梨病,Ceratocystis paradoxa,甘蔗,sugar cane,危害,Damage
2955,甘蔗凤梨病,Ceratocystis paradoxa,菠萝,Pineapple,危害,Damage
2956,甘蔗凤梨病,Ceratocystis paradoxa,香蕉,banana,危害,Damage
2957,甘蔗凤梨病,Ceratocystis paradoxa,木瓜,pawpaw,危害,Damage
2958,甘蔗凤梨病,Ceratocystis paradoxa,可可,cocoa,危害,Damage
2959,甘蔗凤梨病,Ceratocystis paradoxa,油棕,Oil Palm,危害,Damage
2960,甘蔗凤梨病,Ceratocystis paradoxa,椰子,coconut,危害,Damage
2961,甘蔗黄斑病,Passalora koepkei,甘蔗,sugar cane,危害,Damage
2962,甘蔗轮斑病,Passalora koepkei,甘蔗,sugar cane,危害,Damage
2963,甘蔗霜霉病,Peronosclerospora sacchari,甘蔗,sugar cane,危害,Damage
2964,甘蔗褐条病,Bipolaris stenospita(Drechs) Shoemaker,甘蔗,sugar cane,危害,Damage
2965,甘蔗叶萎病,Leptosphaeria taiwanensis,甘蔗,sugar cane,危害,Damage
2966,粟灰螟,Chilo infuscatellus,玉米,corn,危害,Damage
2967,粟灰螟,Chilo infuscatellus,高粱,Sorghum,危害,Damage
2968,粟灰螟,Chilo infuscatellus,甘蔗,sugar cane,危害,Damage
2969,粟灰螟,Chilo infuscatellus,狗尾草,Setaria,危害,Damage
2970,甘蔗蓟马,Fulmekiola serrata,甘蔗,sugar cane,危害,Damage
2971,甘蔗蓟马,Fulmekiola serrata,墨兰,Black orchid,危害,Damage
2972,高粱蚜,Melanaphis sacchari,高粱,Sorghum,危害,Damage
2973,高粱蚜,Melanaphis sacchari,甘蔗,sugar cane,危害,Damage
2974,甘蔗长蝽,Cavelerius saccharivorus,甘蔗,sugar cane,危害,Damage
2975,甘蔗长蝽,Cavelerius saccharivorus,芦苇,reed,危害,Damage
2976,甘蔗扁角飞虱,Perkinsiella saccharicida,甘蔗,sugar cane,危害,Damage
2977,甘蔗扁角飞虱,Perkinsiella saccharicida,玉米,corn,危害,Damage
2978,突背蔗龟,Alissonotum impressicolle,甘蔗,sugar cane,危害,Damage
2979,突背蔗龟,Alissonotum impressicolle,玉米,corn,危害,Damage
2980,突背蔗龟,Alissonotum impressicolle,高粱,Sorghum,危害,Damage
2981,突背蔗龟,Alissonotum impressicolle,旱稻,upland rice,危害,Damage
2982,黑翅土白蚁,Odontotermes formosanus,甘蔗,sugar cane,危害,Damage
2983,黑翅土白蚁,Odontotermes formosanus,花生,peanut,危害,Damage
2984,黑翅土白蚁,Odontotermes formosanus,芋头,Taro,危害,Damage
2985,黑翅土白蚁,Odontotermes formosanus,果树,Fruit trees,危害,Damage
2986,黑翅土白蚁,Odontotermes formosanus,橡胶树,Rubber Tree,危害,Damage
2987,黑翅土白蚁,Odontotermes formosanus,桉树,eucalyptus,危害,Damage
2988,甘蔗二点螟,Chilo infuscatellus,玉米,corn,危害,Damage
2989,甘蔗二点螟,Chilo infuscatellus,高粱,Sorghum,危害,Damage
2990,甘蔗二点螟,Chilo infuscatellus,狗尾草,Setaria,危害,Damage
2991,大螟,Sesamia inferens,水稻,Rice,危害,Damage
2992,大螟,Sesamia inferens,麦类,Wheat,危害,Damage
2993,大螟,Sesamia inferens,高粱,Sorghum,危害,Damage
2994,大螟,Sesamia inferens,玉米,corn,危害,Damage
2995,大螟,Sesamia inferens,甘蔗,sugar cane,危害,Damage
2996,大螟,Sesamia inferens,谷子,Millet,危害,Damage
2997,大螟,Sesamia inferens,茭白,Wild Rice,危害,Damage
2998,大螟,Sesamia inferens,蚕豆,broad bean,危害,Damage
2999,大螟,Sesamia inferens,油菜,rape,危害,Damage
3000,大螟,Sesamia inferens,向日葵,sunflower,危害,Damage
3001,大螟,Sesamia inferens,李氏禾,Lee Thi Ho,危害,Damage
3002,食根缘齿天牛,Dorysthenes granulosus,椰,Coconut,危害,Damage
3003,食根缘齿天牛,Dorysthenes granulosus,柑,Mandarin orange,危害,Damage
3004,食根缘齿天牛,Dorysthenes granulosus,厚皮,Thick skin,危害,Damage
3005,甘蔗绵蚜,Ceratovacuna lanigera,甘蔗,sugar cane,危害,Damage
3006,甘蔗绵蚜,Ceratovacuna lanigera,茭白,Wild Rice,危害,Damage
3007,甘蔗绵蚜,Ceratovacuna lanigera,柑桔,Citrus,危害,Damage
3008,甘蔗绵蚜,Ceratovacuna lanigera,芦苇,reed,危害,Damage
3009,甘蔗绵蚜,Ceratovacuna lanigera,大芒谷草,Miscanthus serratus,危害,Damage
3010,甘蔗红粉蚧,Saccharicoccus sacchari,甘蔗,sugar cane,危害,Damage
3011,甘蔗红粉蚧,Saccharicoccus sacchari,芒草,Miscanthus,危害,Damage
3012,甘蔗灰粉蚧,Dysmicoccus boninsis,甘蔗,sugar cane,危害,Damage
3013,甘蔗灰粉蚧,Dysmicoccus boninsis,芒草,Miscanthus,危害,Damage
3014,棉花红(黄)叶枯病,（可能是多种病原菌引起）,棉花,cotton,危害,Damage
3015,棉红铃虫,Pectinophora gossypiella,棉花,cotton,危害,Damage
3016,棉红铃虫,Pectinophora gossypiella,锦葵,Mallow,危害,Damage
3017,棉红铃虫,Pectinophora gossypiella,洋麻,Kenaf,危害,Damage
3018,棉红铃虫,Pectinophora gossypiella,黄麻,jute,危害,Damage
3019,棉红铃虫,Pectinophora gossypiella,亚麻,flax,危害,Damage
3020,棉红铃虫,Pectinophora gossypiella,蜀葵,Hollyhock,危害,Damage
3021,棉红铃虫,Pectinophora gossypiella,洋绿豆,Mung Bean,危害,Damage
3022,棉双斜卷蛾,Clepsis strigana,棉花,cotton,危害,Damage
3023,棉双斜卷蛾,Clepsis strigana,大豆,Soybean,危害,Damage
3024,棉双斜卷蛾,Clepsis strigana,苜蓿,Alfalfa,危害,Damage
3025,棉双斜卷蛾,Clepsis strigana,洋麻,Kenaf,危害,Damage
3026,棉双斜卷蛾,Clepsis strigana,大麻,marijuana,危害,Damage
3027,棉双斜卷蛾,Clepsis strigana,草莓,strawberry,危害,Damage
3028,棉双斜卷蛾,Clepsis strigana,韭花,Chives,危害,Damage
3029,赤须盲蝽,Trigonotylus ruficornis,小麦,wheat,危害,Damage
3030,赤须盲蝽,Trigonotylus ruficornis,玉米,corn,危害,Damage
3031,赤须盲蝽,Trigonotylus ruficornis,谷子,Millet,危害,Damage
3032,赤须盲蝽,Trigonotylus ruficornis,棉花,cotton,危害,Damage
3033,赤须盲蝽,Trigonotylus ruficornis,甜菜,beet,危害,Damage
3034,赤须盲蝽,Trigonotylus ruficornis,为害,Harm,危害,Damage
3035,赤须盲蝽,Trigonotylus ruficornis,麦,wheat,危害,Damage
3036,棉大卷叶螟,Sylepta derogata,棉花,cotton,危害,Damage
3037,棉大卷叶螟,Sylepta derogata,苘麻,Ramie,危害,Damage
3038,棉大卷叶螟,Sylepta derogata,蜀葵,Hollyhock,危害,Damage
3039,棉大卷叶螟,Sylepta derogata,木槿,Hibiscus,危害,Damage
3040,棉大卷叶螟,Sylepta derogata,苋菜,Amaranth,危害,Damage
3041,棉大卷叶螟,Sylepta derogata,黄蜀葵,Hibiscus tiliaceus,危害,Damage
3042,棉大卷叶螟,Sylepta derogata,秋葵,Okra,危害,Damage
3043,棉大卷叶螟,Sylepta derogata,锦葵,Mallow,危害,Damage
3044,棉大卷叶螟,Sylepta derogata,冬葵,Mallow,危害,Damage
3045,棉大卷叶螟,Sylepta derogata,木棉,Kapok,危害,Damage
3046,棉大卷叶螟,Sylepta derogata,木芙蓉,Hibiscus,危害,Damage
3047,棉大卷叶螟,Sylepta derogata,扶桑,Hibiscus,危害,Damage
3048,棉大卷叶螟,Sylepta derogata,栀子花,Gardenia,危害,Damage
3049,棉大卷叶螟,Sylepta derogata,女贞,Ligustrum lucidum,危害,Damage
3050,棉大卷叶螟,Sylepta derogata,海棠,Begonia,危害,Damage
3051,棉大卷叶螟,Sylepta derogata,泡桐,Paulownia,危害,Damage
3052,棉大卷叶螟,Sylepta derogata,紫椴,Tilia,危害,Damage
3053,棉大卷叶螟,Sylepta derogata,二球悬铃木,Platanus bispinus,危害,Damage
3054,棉大卷叶螟,Sylepta derogata,梧桐,Sycamore,危害,Damage
3055,焦条丽夜蛾,Xanthodes graellsi,棉花,cotton,危害,Damage
3056,焦条丽夜蛾,Xanthodes graellsi,锦葵,Mallow,危害,Damage
3057,焦条丽夜蛾,Xanthodes graellsi,花葵,Sunflower,危害,Damage
3058,焦条丽夜蛾,Xanthodes graellsi,苘麻,Ramie,危害,Damage
3059,焦条丽夜蛾,Xanthodes graellsi,向日葵,sunflower,危害,Damage
3060,焦条丽夜蛾,Xanthodes graellsi,芙蓉,Hibiscus,危害,Damage
3061,粉纹夜蛾,Trichoplusia ni,棉花,cotton,危害,Damage
3062,粉纹夜蛾,Trichoplusia ni,白菜,Chinese cabbage,危害,Damage
3063,粉纹夜蛾,Trichoplusia ni,芥蓝,Kale,危害,Damage
3064,粉纹夜蛾,Trichoplusia ni,青花菜,Broccoli,危害,Damage
3065,粉纹夜蛾,Trichoplusia ni,甘蓝,Kale,危害,Damage
3066,粉纹夜蛾,Trichoplusia ni,十字花科,Cruciferae,危害,Damage
3067,粉纹夜蛾,Trichoplusia ni,蔬菜,vegetable,危害,Damage
3068,粉纹夜蛾,Trichoplusia ni,莴苣,lettuce,危害,Damage
3069,粉纹夜蛾,Trichoplusia ni,甜菜,beet,危害,Damage
3070,粉纹夜蛾,Trichoplusia ni,豌豆,pea,危害,Damage
3071,粉纹夜蛾,Trichoplusia ni,芹菜,celery,危害,Damage
3072,粉纹夜蛾,Trichoplusia ni,香菜,coriander,危害,Damage
3073,粉纹夜蛾,Trichoplusia ni,番茄,tomato,危害,Damage
3074,粉纹夜蛾,Trichoplusia ni,马铃薯,potato,危害,Damage
3075,粉纹夜蛾,Trichoplusia ni,香石竹,Carnation,危害,Damage
3076,鼎点金刚钻,Earias cupreoviridis,棉花,cotton,危害,Damage
3077,鼎点金刚钻,Earias cupreoviridis,苘麻,Ramie,危害,Damage
3078,鼎点金刚钻,Earias cupreoviridis,红麻,Kenaf,危害,Damage
3079,鼎点金刚钻,Earias cupreoviridis,冬寒菜,Winter Vegetables,危害,Damage
3080,鼎点金刚钻,Earias cupreoviridis,向日葵,sunflower,危害,Damage
3081,鼎点金刚钻,Earias cupreoviridis,木槿,Hibiscus,危害,Damage
3082,鼎点金刚钻,Earias cupreoviridis,蜀葵,Hollyhock,危害,Damage
3083,鼎点金刚钻,Earias cupreoviridis,锦葵,Mallow,危害,Damage
3084,鼎点金刚钻,Earias cupreoviridis,黄秋葵,Okra,危害,Damage
3085,鼎点金刚钻,Earias cupreoviridis,菊花,chrysanthemum,危害,Damage
3086,鼎点金刚钻,Earias cupreoviridis,大红朱槿,Red Hibiscus,危害,Damage
3087,鼎点金刚钻,Earias cupreoviridis,木芙蓉,Hibiscus,危害,Damage
3088,鼎点金刚钻,Earias cupreoviridis,大花秋葵,Okra,危害,Damage
3089,翠纹金刚钻,Earias fabia,棉花,cotton,危害,Damage
3090,棉茎木蠹蛾,Zeuzera coffeae,棉花,cotton,危害,Damage
3091,棉茎木蠹蛾,Zeuzera coffeae,黄麻,jute,危害,Damage
3092,棉茎木蠹蛾,Zeuzera coffeae,蓖麻,Castor,危害,Damage
3093,棉茎木蠹蛾,Zeuzera coffeae,咖啡,coffee,危害,Damage
3094,棉茎木蠹蛾,Zeuzera coffeae,荔枝,litchi,危害,Damage
3095,棉茎木蠹蛾,Zeuzera coffeae,龙眼,Longan,危害,Damage
3096,棉茎木蠹蛾,Zeuzera coffeae,柑橘,Tangerine,危害,Damage
3097,棉茎木蠹蛾,Zeuzera coffeae,枇杷,Loquat,危害,Damage
3098,棉茎木蠹蛾,Zeuzera coffeae,葡萄,Grape,危害,Damage
3099,大青叶蝉,Cicadella viridis,大豆,Soybean,危害,Damage
3100,大青叶蝉,Cicadella viridis,花生,peanut,危害,Damage
3101,大青叶蝉,Cicadella viridis,水稻,Rice,危害,Damage
3102,大青叶蝉,Cicadella viridis,玉米,corn,危害,Damage
3103,大青叶蝉,Cicadella viridis,高粱,Sorghum,危害,Damage
3104,棉盲蝽,Lygus lucorum,桑树,mulberry,危害,Damage
3105,棉盲蝽,Lygus lucorum,茶树,tea tree,危害,Damage
3106,棉盲蝽,Lygus lucorum,棉花,cotton,危害,Damage
3107,棉盲蝽,Lygus lucorum,豆类,Beans,危害,Damage
3108,棉盲蝽,Lygus lucorum,麻类,Hemp,危害,Damage
3109,棉盲蝽,Lygus lucorum,苹果,apple,危害,Damage
3110,棉盲蝽,Lygus lucorum,棉桑,Cotton Mulberry,危害,Damage
3111,棉盲蝽,Lygus lucorum,桑麻,Mulberry and Hemp,危害,Damage
3112,棉红蝽,Dysdercus cingulatus,棉花,cotton,危害,Damage
3113,棉蚜,Aphis gossypii,棉花,cotton,危害,Damage
3114,棉蚜,Aphis gossypii,茄子,eggplant,危害,Damage
3115,棉蚜,Aphis gossypii,辣椒,chili,危害,Damage
3116,棉蚜,Aphis gossypii,瓜类,Melons,危害,Damage
3117,棉蚜,Aphis gossypii,花椒,Sichuan peppercorn,危害,Damage
3118,棉长管蚜,Acyrthosiphon gossypii,棉花,cotton,危害,Damage
3119,棉长管蚜,Acyrthosiphon gossypii,骆驼刺,Camel thorn,危害,Damage
3120,棉长管蚜,Acyrthosiphon gossypii,豆子,beans,危害,Damage
3121,棉根蚜,Smynthurodes betae,棉花,cotton,危害,Damage
3122,棉根蚜,Smynthurodes betae,菜豆,kidney bean,危害,Damage
3123,棉根蚜,Smynthurodes betae,甜菜,beet,危害,Damage
3124,棉根蚜,Smynthurodes betae,烟草,tobacco,危害,Damage
3125,棉根蚜,Smynthurodes betae,甘蓝,Kale,危害,Damage
3126,棉根蚜,Smynthurodes betae,蚕豆,broad bean,危害,Damage
3127,棉根蚜,Smynthurodes betae,马铃薯,potato,危害,Damage
3128,棉根蚜,Smynthurodes betae,番茄,tomato,危害,Damage
3129,棉根蚜,Smynthurodes betae,小麦,wheat,危害,Damage
3130,棉根蚜,Smynthurodes betae,黍类,Millet,危害,Damage
3131,花蓟马,Frankliniella intonsa,棉花,cotton,危害,Damage
3132,花蓟马,Frankliniella intonsa,水稻,Rice,危害,Damage
3133,花蓟马,Frankliniella intonsa,小麦,wheat,危害,Damage
3134,花蓟马,Frankliniella intonsa,十字花科蔬菜类,Cruciferous vegetables,危害,Damage
3135,棉尖象,Phytoscaphus gossypii,玉米,corn,危害,Damage
3136,棉尖象,Phytoscaphus gossypii,大豆,Soybean,危害,Damage
3137,棉尖象,Phytoscaphus gossypii,大麻,marijuana,危害,Damage
3138,棉尖象,Phytoscaphus gossypii,刺槐,locust,危害,Damage
3139,星白灯蛾,Spilosoma menthastri,玉米,corn,危害,Damage
3140,星白灯蛾,Spilosoma menthastri,棉花,cotton,危害,Damage
3141,星白灯蛾,Spilosoma menthastri,花生,peanut,危害,Damage
3142,星白灯蛾,Spilosoma menthastri,小麦,wheat,危害,Damage
3143,星白灯蛾,Spilosoma menthastri,谷子,Millet,危害,Damage
3144,星白灯蛾,Spilosoma menthastri,大豆,Soybean,危害,Damage
3145,星白灯蛾,Spilosoma menthastri,甘薯,sweet potato,危害,Damage
3146,星白灯蛾,Spilosoma menthastri,番茄,tomato,危害,Damage
3147,星白灯蛾,Spilosoma menthastri,茄子,eggplant,危害,Damage
3148,星白灯蛾,Spilosoma menthastri,辣椒,chili,危害,Damage
3149,星白灯蛾,Spilosoma menthastri,瓜类,Melons,危害,Damage
3150,星白灯蛾,Spilosoma menthastri,薄荷,Mint,危害,Damage
3151,棉四点叶甲,Nodonota punctiventris,豆,bean,危害,Damage
3152,苜蓿盲蝽,Adelphocoris lineolatus,玉米,corn,危害,Damage
3153,苜蓿盲蝽,Adelphocoris lineolatus,马铃薯,potato,危害,Damage
3154,苜蓿盲蝽,Adelphocoris lineolatus,豌豆,pea,危害,Damage
3155,苜蓿盲蝽,Adelphocoris lineolatus,菜豆,kidney bean,危害,Damage
3156,苜蓿盲蝽,Adelphocoris lineolatus,南瓜,pumpkin,危害,Damage
3157,苜蓿盲蝽,Adelphocoris lineolatus,大麻,marijuana,危害,Damage
3158,苜蓿盲蝽,Adelphocoris lineolatus,苜蓿,Alfalfa,危害,Damage
3159,牧草盲蝽,Lygus pratensis,牧草,grass,危害,Damage
3160,牧草盲蝽,Lygus pratensis,豆类,Beans,危害,Damage
3161,牧草盲蝽,Lygus pratensis,蔬菜,vegetable,危害,Damage
3162,牧草盲蝽,Lygus pratensis,果树,Fruit trees,危害,Damage
3163,牧草盲蝽,Lygus pratensis,树木,Trees,危害,Damage
3164,牧草盲蝽,Lygus pratensis,杂草,Weeds,危害,Damage
3165,中黑盲蝽,Adelphocoris suturalis,牧草,grass,危害,Damage
3166,中黑盲蝽,Adelphocoris suturalis,豆类,Beans,危害,Damage
3167,中黑盲蝽,Adelphocoris suturalis,蔬菜,vegetable,危害,Damage
3168,中黑盲蝽,Adelphocoris suturalis,果树,Fruit trees,危害,Damage
3169,中黑盲蝽,Adelphocoris suturalis,树木,Trees,危害,Damage
3170,中黑盲蝽,Adelphocoris suturalis,杂草,Weeds,危害,Damage
3171,稻绿蝽,Nezara viridula,小麦,wheat,危害,Damage
3172,稻绿蝽,Nezara viridula,油菜,rape,危害,Damage
3173,稻绿蝽,Nezara viridula,高粱,Sorghum,危害,Damage
3174,稻绿蝽,Nezara viridula,玉米,corn,危害,Damage
3175,稻绿蝽,Nezara viridula,芝麻,Sesame,危害,Damage
3176,稻绿蝽,Nezara viridula,马铃薯,potato,危害,Damage
3177,稻绿蝽,Nezara viridula,豆类,Beans,危害,Damage
3178,稻绿蝽,Nezara viridula,棉花,cotton,危害,Damage
3179,稻绿蝽,Nezara viridula,柑橘,Tangerine,危害,Damage
3180,截形叶螨,Tetranychus truncatus,甘薯,sweet potato,危害,Damage
3181,截形叶螨,Tetranychus truncatus,木薯,Cassava,危害,Damage
3182,截形叶螨,Tetranychus truncatus,豆类,Beans,危害,Damage
3183,截形叶螨,Tetranychus truncatus,瓜类,Melons,危害,Damage
3184,薄球蜗牛,Trichia hispida,棉花,cotton,危害,Damage
3185,薄球蜗牛,Trichia hispida,小麦,wheat,危害,Damage
3186,薄球蜗牛,Trichia hispida,大麦,barley,危害,Damage
3187,薄球蜗牛,Trichia hispida,豆类,Beans,危害,Damage
3188,薄球蜗牛,Trichia hispida,茄科蔬菜,Solanaceae vegetables,危害,Damage
3189,油葫芦,Teleogryllus emma,谷子,Millet,危害,Damage
3190,油葫芦,Teleogryllus emma,玉米,corn,危害,Damage
3191,油葫芦,Teleogryllus emma,荞麦,Buckwheat,危害,Damage
3192,油葫芦,Teleogryllus emma,甘薯,sweet potato,危害,Damage
3193,油葫芦,Teleogryllus emma,豆类,Beans,危害,Damage
3194,油葫芦,Teleogryllus emma,萝卜,radish,危害,Damage
3195,油葫芦,Teleogryllus emma,瓜类,Melons,危害,Damage
3196,油葫芦,Teleogryllus emma,胡萝卜,carrot,危害,Damage
3197,油葫芦,Teleogryllus emma,菠菜,spinach,危害,Damage
3198,亚麻炭疽病,Colletotrichum lini,亚麻,flax,危害,Damage
3199,亚麻胡麻锈病,Melampsora lini,亚麻,flax,危害,Damage
3200,红麻炭疽病,Colletotrichum hibisci,红麻,Kenaf,危害,Damage
3201,黄麻根腐病,Fusarium solani,花生,peanut,危害,Damage
3202,黄麻根腐病,Fusarium solani,苜蓿,Alfalfa,危害,Damage
3203,黄麻桥夜蛾,Anomis subulifera,黄麻,jute,危害,Damage
3204,大麻跳甲,Psylliodes attenuata,白萝卜,White radish,危害,Damage
3205,苎麻青枯病,Ralstonia solanacearum,苎麻,Ramie,危害,Damage
3206,苎麻天牛,Paraglenea fortunei,苎麻,Ramie,危害,Damage
3207,苎麻天牛,Paraglenea fortunei,桑树,mulberry,危害,Damage
3208,苎麻天牛,Paraglenea fortunei,木槿,Hibiscus,危害,Damage
3209,大豆枯萎病,Fusarium oxysporum,大豆,Soybean,危害,Damage
3210,大豆紫斑病,Cercospora kikuchii,大豆,Soybean,危害,Damage
3211,大豆轮纹病,Ascochyta glycines,大豆,Soybean,危害,Damage
3212,大豆荚枯病,Macrophomina phaseolina,大豆,Soybean,危害,Damage
3213,大豆赤霉病,Fusarium graminearum,大豆,Soybean,危害,Damage
3214,大豆白粉病,Erysiphe polygoni,大豆,Soybean,危害,Damage
3215,大豆根腐病,Phytophthora sojae,大豆,Soybean,危害,Damage
3216,大豆黑斑病,Alternaria brassicicola,大豆,Soybean,危害,Damage
3217,大豆灰星病,Phyllosticta sojaecola,大豆,Soybean,危害,Damage
3218,大豆菌核疫病,Sclerotinia sclerotiorum,大豆,Soybean,危害,Damage
3219,大豆煤斑病,Cercospora sojina,大豆,Soybean,危害,Damage
3220,豆卷叶螟,Lamprosema indicata,大豆,Soybean,危害,Damage
3221,豆卷叶螟,Lamprosema indicata,绿豆,green beans,危害,Damage
3222,豆卷叶野螟,Sylepta ruralis,大豆,Soybean,危害,Damage
3223,豆卷叶野螟,Sylepta ruralis,绿豆,green beans,危害,Damage
3224,豆卷叶野螟,Sylepta ruralis,菜豆,kidney bean,危害,Damage
3225,豆卷叶野螟,Sylepta ruralis,荨麻,nettle,危害,Damage
3226,豆荚野螟,Etiella zinckenella,大豆,Soybean,危害,Damage
3227,豆荚野螟,Etiella zinckenella,豇豆,cowpea,危害,Damage
3228,豆荚野螟,Etiella zinckenella,绿豆,green beans,危害,Damage
3229,豆荚野螟,Etiella zinckenella,扁豆,Lentils,危害,Damage
3230,豆荚野螟,Etiella zinckenella,刺槐,locust,危害,Damage
3231,豆天蛾,Clanis bilineata,大豆,Soybean,危害,Damage
3232,豆天蛾,Clanis bilineata,洋槐,locust,危害,Damage
3233,豆天蛾,Clanis bilineata,刺槐,locust,危害,Damage
3234,豆天蛾,Clanis bilineata,葛藤,Kudzu,危害,Damage
3235,豆天蛾,Clanis bilineata,忍冬,Honeysuckle,危害,Damage
3236,豆天蛾,Clanis bilineata,女贞,Ligustrum lucidum,危害,Damage
3237,豆天蛾,Clanis bilineata,泡桐,Paulownia,危害,Damage
3238,豆天蛾,Clanis bilineata,藤萝,Wisteria,危害,Damage
3239,豆灰蝶,Plebejus argus,大豆,Soybean,危害,Damage
3240,豆灰蝶,Plebejus argus,豌豆,pea,危害,Damage
3241,豆灰蝶,Plebejus argus,绿豆,green beans,危害,Damage
3242,豆灰蝶,Plebejus argus,豇豆,cowpea,危害,Damage
3243,豆灰蝶,Plebejus argus,扁豆,Lentils,危害,Damage
3244,豆灰蝶,Plebejus argus,沙打旺,Astragalus,危害,Damage
3245,豆灰蝶,Plebejus argus,苜蓿,Alfalfa,危害,Damage
3246,豆灰蝶,Plebejus argus,紫云英,Astragalus,危害,Damage
3247,豆灰蝶,Plebejus argus,黄芪,Astragalus,危害,Damage
3248,豆灰蝶,Plebejus argus,牛蒡,Burdock,危害,Damage
3249,豆灰蝶,Plebejus argus,大蓟,Thistle,危害,Damage
3250,豆灰蝶,Plebejus argus,小蓟,Thistle,危害,Damage
3251,豆灰蝶,Plebejus argus,艾属,Artemisia,危害,Damage
3252,豆灰蝶,Plebejus argus,鼠曲草,Artemisia serrata,危害,Damage
3253,大豆蚜,Aphis glycines,大豆,Soybean,危害,Damage
3254,条蜂缘蝽,Riptortus linearis,芝麻,Sesame,危害,Damage
3255,条蜂缘蝽,Riptortus linearis,花生,peanut,危害,Damage
3256,红背安缘蝽,Anoplocnemis phasiana,大豆,Soybean,危害,Damage
3257,红背安缘蝽,Anoplocnemis phasiana,豇豆,cowpea,危害,Damage
3258,红背安缘蝽,Anoplocnemis phasiana,菜豆,kidney bean,危害,Damage
3259,红背安缘蝽,Anoplocnemis phasiana,绿豆,green beans,危害,Damage
3260,红背安缘蝽,Anoplocnemis phasiana,四季豆,French beans,危害,Damage
3261,红背安缘蝽,Anoplocnemis phasiana,瓜类,Melons,危害,Damage
3262,红背安缘蝽,Anoplocnemis phasiana,花生,peanut,危害,Damage
3263,红背安缘蝽,Anoplocnemis phasiana,紫穗槐,Amorpha fruticosa,危害,Damage
3264,红背安缘蝽,Anoplocnemis phasiana,黑荆树,Black Wattle,危害,Damage
3265,豆秆黑潜蝇,Melanagromyza sojae,赤豆,red bean,危害,Damage
3266,豆秆黑潜蝇,Melanagromyza sojae,绿豆,green beans,危害,Damage
3267,豆秆黑潜蝇,Melanagromyza sojae,四季豆,French beans,危害,Damage
3268,豆秆黑潜蝇,Melanagromyza sojae,豇豆,cowpea,危害,Damage
3269,豆根蛇潜蝇,Ophiomyia shibatsuji,大豆,Soybean,危害,Damage
3270,豆根蛇潜蝇,Ophiomyia shibatsuji,野生大豆,Wild soybean,危害,Damage
3271,豆芫菁,Epicauta gorhami,大豆,Soybean,危害,Damage
3272,豆芫菁,Epicauta gorhami,花生,peanut,危害,Damage
3273,豆芫菁,Epicauta gorhami,马铃薯,potato,危害,Damage
3274,豆芫菁,Epicauta gorhami,甜菜,beet,危害,Damage
3275,二条叶甲,Paraluperodes suturalis,大豆,Soybean,危害,Damage
3276,二条叶甲,Paraluperodes suturalis,高粱,Sorghum,危害,Damage
3277,二条叶甲,Paraluperodes suturalis,甜菜,beet,危害,Damage
3278,豆叶东潜蝇,Japanagromyza tristella,大豆,Soybean,危害,Damage
3279,豆叶东潜蝇,Japanagromyza tristella,豆科蔬菜,Leguminosae vegetables,危害,Damage
3280,斑背安缘蝽,Anoplocnemis binotata,大豆,Soybean,危害,Damage
3281,斑背安缘蝽,Anoplocnemis binotata,紫穗槐,Amorpha fruticosa,危害,Damage
3282,豆叶螨,Tetranychus urticae,律草,Lawngrass,危害,Damage
3283,豆叶螨,Tetranychus urticae,益母草,Motherwort,危害,Damage
3284,粟负泥甲,Oulema tristis,大麦,barley,危害,Damage
3285,粟负泥甲,Oulema tristis,小麦,wheat,危害,Damage
3286,粟负泥甲,Oulema tristis,玉米,corn,危害,Damage
3287,玉米异跗萤叶甲,Apophylia flavovirens,玉米,corn,危害,Damage
3288,玉米异跗萤叶甲,Apophylia flavovirens,谷子,Millet,危害,Damage
3289,玉米异跗萤叶甲,Apophylia flavovirens,薄荷,Mint,危害,Damage
3290,玉米异跗萤叶甲,Apophylia flavovirens,紫苏,Perilla,危害,Damage
3291,柳蓝叶甲,Plagiodera versicolora,玉米,corn,危害,Damage
3292,柳蓝叶甲,Plagiodera versicolora,大豆,Soybean,危害,Damage
3293,柳蓝叶甲,Plagiodera versicolora,棉花,cotton,危害,Damage
3294,柳蓝叶甲,Plagiodera versicolora,柳树,willow,危害,Damage
3295,玉米铁甲,Dactylispa setifera,玉米,corn,危害,Damage
3296,玉米铁甲,Dactylispa setifera,甘蔗,sugar cane,危害,Damage
3297,玉米铁甲,Dactylispa setifera,高粱,Sorghum,危害,Damage
3298,玉米铁甲,Dactylispa setifera,谷子),Millet),危害,Damage
3299,玉米铁甲,Dactylispa setifera,小麦,wheat,危害,Damage
3300,玉米铁甲,Dactylispa setifera,水稻,Rice,危害,Damage
3301,玉米蚜,Rhopalosiphum maidis,玉米,corn,危害,Damage
3302,玉米蚜,Rhopalosiphum maidis,高粱,Sorghum,危害,Damage
3303,玉米蚜,Rhopalosiphum maidis,小麦,wheat,危害,Damage
3304,玉米蚜,Rhopalosiphum maidis,大麦,barley,危害,Damage
3305,玉米蚜,Rhopalosiphum maidis,水稻,Rice,危害,Damage
3306,玉米蚜,Rhopalosiphum maidis,马唐,Crataegus,危害,Damage
3307,玉米蚜,Rhopalosiphum maidis,狗尾草,Setaria,危害,Damage
3308,玉米蚜,Rhopalosiphum maidis,牛筋草,Goosegrass,危害,Damage
3309,玉米蚜,Rhopalosiphum maidis,稗草,Barnyard grass,危害,Damage
3310,玉米蚜,Rhopalosiphum maidis,雀稗,Paspalum,危害,Damage
3311,黍蚜,Myzus persicae,榆叶梅,Prunus armeniaca,危害,Damage
3312,黍蚜,Myzus persicae,稠李,Prunus aviculare,危害,Damage
3313,黍蚜,Myzus persicae,玉米,corn,危害,Damage
3314,黍蚜,Myzus persicae,高粱,Sorghum,危害,Damage
3315,黍蚜,Myzus persicae,麦类,Wheat,危害,Damage
3316,黍蚜,Myzus persicae,水稻,Rice,危害,Damage
3317,黍蚜,Myzus persicae,狗牙根,Bermuda grass,危害,Damage
3318,玉米黄呆蓟马,Anaphothrips obscurus,玉米,corn,危害,Damage
3319,玉米黄呆蓟马,Anaphothrips obscurus,麦类,Wheat,危害,Damage
3320,玉米黄呆蓟马,Anaphothrips obscurus,谷子,Millet,危害,Damage
3321,玉米黄呆蓟马,Anaphothrips obscurus,高粱,Sorghum,危害,Damage
3322,玉米黄呆蓟马,Anaphothrips obscurus,水稻,Rice,危害,Damage
3323,禾蓟马,Frankliniella tenuicornis,水稻,Rice,危害,Damage
3324,禾蓟马,Frankliniella tenuicornis,玉米,corn,危害,Damage
3325,禾蓟马,Frankliniella tenuicornis,麦类,Wheat,危害,Damage
3326,禾蓟马,Frankliniella tenuicornis,高粱,Sorghum,危害,Damage
3327,禾蓟马,Frankliniella tenuicornis,糜子,Millet,危害,Damage
3328,禾蓟马,Frankliniella tenuicornis,空心菜,Water spinach,危害,Damage
3329,禾蓟马,Frankliniella tenuicornis,茄子,eggplant,危害,Damage
3330,禾蓟马,Frankliniella tenuicornis,茄瓜,Eggplant,危害,Damage
3331,禾蓟马,Frankliniella tenuicornis,是水,It's water,危害,Damage
3332,粟缘蝽,Liorhyssus hyalinus,高粱,Sorghum,危害,Damage
3333,粟缘蝽,Liorhyssus hyalinus,玉米,corn,危害,Damage
3334,粟缘蝽,Liorhyssus hyalinus,水稻,Rice,危害,Damage
3335,粟缘蝽,Liorhyssus hyalinus,烟草,tobacco,危害,Damage
3336,粟缘蝽,Liorhyssus hyalinus,大麻,marijuana,危害,Damage
3337,高粱大斑病,Setosphaeria turcica,高粱,Sorghum,危害,Damage
3338,高粱豹纹病,Gloeocercospora sorghi,高粱,Sorghum,危害,Damage
3339,高粱炭疽病,Colletotrichum sublineolum,高粱,Sorghum,危害,Damage
3340,高粱丝黑穗病,Sphacelotheca reiliana,高粱,Sorghum,危害,Damage
3341,高粱散黑穗病,Sphacelotheca cruenta,高粱,Sorghum,危害,Damage
3342,高粱黑束病,Exserohilum turcicum,高粱,Sorghum,危害,Damage
3343,高粱黑束病,Exserohilum turcicum,玉米,corn,危害,Damage
3344,高粱黑束病,Exserohilum turcicum,大豆,Soybean,危害,Damage
3345,高粱黑束病,Exserohilum turcicum,小麦,wheat,危害,Damage
3346,高粱黑束病,Exserohilum turcicum,燕麦,oat,危害,Damage
3347,高粱黑束病,Exserohilum turcicum,棉花,cotton,危害,Damage
3348,条螟,Chilo sacchariphagus,高粱,Sorghum,危害,Damage
3349,条螟,Chilo sacchariphagus,甘蔗,sugar cane,危害,Damage
3350,粟穗螟,Mampava bipunctella,高粱,Sorghum,危害,Damage
3351,粟穗螟,Mampava bipunctella,玉米,corn,危害,Damage
3352,桃蛀野螟,Conogethes punctiferalis,苹果,apple,危害,Damage
3353,桃蛀野螟,Conogethes punctiferalis,无花果,Fig,危害,Damage
3354,桃蛀野螟,Conogethes punctiferalis,樱桃,cherry,危害,Damage
3355,桃蛀野螟,Conogethes punctiferalis,葡萄,Grape,危害,Damage
3356,桃蛀野螟,Conogethes punctiferalis,石榴,Pomegranate,危害,Damage
3357,桃蛀野螟,Conogethes punctiferalis,核桃,Walnut,危害,Damage
3358,桃蛀野螟,Conogethes punctiferalis,板栗,Chestnut,危害,Damage
3359,桃蛀野螟,Conogethes punctiferalis,柑橘,Tangerine,危害,Damage
3360,桃蛀野螟,Conogethes punctiferalis,荔枝,litchi,危害,Damage
3361,桃蛀野螟,Conogethes punctiferalis,龙眼,Longan,危害,Damage
3362,桃蛀野螟,Conogethes punctiferalis,枇杷,Loquat,危害,Damage
3363,桃蛀野螟,Conogethes punctiferalis,芒果,mango,危害,Damage
3364,桃蛀野螟,Conogethes punctiferalis,菠萝,Pineapple,危害,Damage
3365,桃蛀野螟,Conogethes punctiferalis,臭椿,Ailanthus altissima,危害,Damage
3366,桃蛀野螟,Conogethes punctiferalis,蓖麻,Castor,危害,Damage
3367,桃蛀野螟,Conogethes punctiferalis,向日葵,sunflower,危害,Damage
3368,桃蛀野螟,Conogethes punctiferalis,棉花,cotton,危害,Damage
3369,桃蛀野螟,Conogethes punctiferalis,高粱,Sorghum,危害,Damage
3370,桃蛀野螟,Conogethes punctiferalis,玉米,corn,危害,Damage
3371,桃蛀野螟,Conogethes punctiferalis,大豆,Soybean,危害,Damage
3372,亚洲玉米螟,Ostrinia furnacalis,番茄,tomato,危害,Damage
3373,高粱舟蛾,Dinara combusta,高粱,Sorghum,危害,Damage
3374,高粱舟蛾,Dinara combusta,玉米,corn,危害,Damage
3375,高粱舟蛾,Dinara combusta,甘蔗,sugar cane,危害,Damage
3376,粟凹胫跳甲,Chaetocnema ingenua,糜子,Millet,危害,Damage
3377,粟凹胫跳甲,Chaetocnema ingenua,小麦,wheat,危害,Damage
3378,粟凹胫跳甲,Chaetocnema ingenua,高粱,Sorghum,危害,Damage
3379,粟凹胫跳甲,Chaetocnema ingenua,水稻,Rice,危害,Damage
3380,粟负泥甲,Oulema tristis,粟,millet,危害,Damage
3381,粟负泥甲,Oulema tristis,麦,wheat,危害,Damage
3382,粟负泥甲,Oulema tristis,稻,rice,危害,Damage
3383,高粱芒蝇,Atherigona soccata,高粱,Sorghum,危害,Damage
3384,高粱芒蝇,Atherigona soccata,马唐,Crataegus,危害,Damage
3385,高粱芒蝇,Atherigona soccata,拟高粱,Sorghum bicolor,危害,Damage
3386,高粱根蚜,Tetraneura ulmi,榆树,elm,危害,Damage
3387,高粱根蚜,Tetraneura ulmi,高粱,Sorghum,危害,Damage
3388,高粱根蚜,Tetraneura ulmi,玉米,corn,危害,Damage
3389,高粱根蚜,Tetraneura ulmi,甘蔗,sugar cane,危害,Damage
3390,高粱根蚜,Tetraneura ulmi,麦类,Wheat,危害,Damage
3391,高粱根蚜,Tetraneura ulmi,谷子,Millet,危害,Damage
3392,高粱根蚜,Tetraneura ulmi,糜子,Millet,危害,Damage
3393,高粱长蝽象,Blissus leucopterus,高粱,Sorghum,危害,Damage
3394,高粱长蝽象,Blissus leucopterus,小麦,wheat,危害,Damage
3395,高粱长蝽象,Blissus leucopterus,水稻,Rice,危害,Damage
3396,高粱长蝽象,Blissus leucopterus,芦苇,reed,危害,Damage
3397,条沙叶蝉,Psammotettix striatus,小麦,wheat,危害,Damage
3398,条沙叶蝉,Psammotettix striatus,大麦,barley,危害,Damage
3399,条沙叶蝉,Psammotettix striatus,黑麦,rye,危害,Damage
3400,条沙叶蝉,Psammotettix striatus,青稞,Highland Barley,危害,Damage
3401,条沙叶蝉,Psammotettix striatus,燕麦,oat,危害,Damage
3402,条沙叶蝉,Psammotettix striatus,莜麦,Oats,危害,Damage
3403,条沙叶蝉,Psammotettix striatus,糜子,Millet,危害,Damage
3404,条沙叶蝉,Psammotettix striatus,谷子,Millet,危害,Damage
3405,条沙叶蝉,Psammotettix striatus,高粱,Sorghum,危害,Damage
3406,条沙叶蝉,Psammotettix striatus,玉米,corn,危害,Damage
3407,条沙叶蝉,Psammotettix striatus,水稻,Rice,危害,Damage
3408,谷类大蚊,Tipula paludosa,玉米,corn,危害,Damage
3409,谷类大蚊,Tipula paludosa,高粱,Sorghum,危害,Damage
3410,谷类大蚊,Tipula paludosa,小麦,wheat,危害,Damage
3411,谷类大蚊,Tipula paludosa,花生,peanut,危害,Damage
3412,谷类大蚊,Tipula paludosa,蔬菜,vegetable,危害,Damage
3413,东亚飞蝗,Locusta migratoria manilensis,麦类,Wheat,危害,Damage
3414,东亚飞蝗,Locusta migratoria manilensis,高粱,Sorghum,危害,Damage
3415,东亚飞蝗,Locusta migratoria manilensis,玉米,corn,危害,Damage
3416,东亚飞蝗,Locusta migratoria manilensis,大豆,Soybean,危害,Damage
3417,粟黑鞘病,（可能是多种病原菌引起）,小麦,wheat,危害,Damage
3418,粟黑鞘病,（可能是多种病原菌引起）,大麦,barley,危害,Damage
3419,粟黑鞘病,（可能是多种病原菌引起）,黑麦,rye,危害,Damage
3420,粟粒黑穗病,Ustilago tritici,狗尾草,Setaria,危害,Damage
3421,粟假黑斑病,（可能是多种病原菌引起）,谷子,Millet,危害,Damage
3422,粟条点病,（可能是多种病原菌引起）,谷子,Millet,危害,Damage
3423,甘薯茎螟,Omphisa anastomosalis,甘薯,sweet potato,危害,Damage
3424,甘薯黑斑病,Ceratocystis fimbriata,甘薯,sweet potato,危害,Damage
3425,甘薯软腐病,Rhizopus stolonifer,甘薯,sweet potato,危害,Damage
3426,甘薯根腐病,Fusarium solani,甘薯,sweet potato,危害,Damage
3427,甘薯蚁象甲,Cylas formicarius,甘薯,sweet potato,危害,Damage
3428,甘薯蚁象甲,Cylas formicarius,砂藤,Sand rattan,危害,Damage
3429,甘薯蚁象甲,Cylas formicarius,登瓜薯,Dengguashu,危害,Damage
3430,甘薯蚁象甲,Cylas formicarius,蕹菜,Water spinach,危害,Damage
3431,甘薯蚁象甲,Cylas formicarius,月光花,Moonflower,危害,Damage
3432,甘薯蚁象甲,Cylas formicarius,牵牛花,Morning Glory,危害,Damage
3433,甘薯蚁象甲,Cylas formicarius,小旋花,Bindweed,危害,Damage
3434,甘薯蚁象甲,Cylas formicarius,三裂叶藤,Trilobate,危害,Damage
3435,甘薯蜡龟甲,Laccoptera quadrimaculata,甘薯,sweet potato,危害,Damage
3436,笨蝗,Haplotropis brunneriana,毛条,Wool Top,危害,Damage
3437,笨蝗,Haplotropis brunneriana,杂草,Weeds,危害,Damage
3438,笨蝗,Haplotropis brunneriana,麦类,Wheat,危害,Damage
3439,笨蝗,Haplotropis brunneriana,谷子,Millet,危害,Damage
3440,笨蝗,Haplotropis brunneriana,玉米,corn,危害,Damage
3441,笨蝗,Haplotropis brunneriana,高粱,Sorghum,危害,Damage
3442,笨蝗,Haplotropis brunneriana,甘薯,sweet potato,危害,Damage
3443,笨蝗,Haplotropis brunneriana,马铃薯,potato,危害,Damage
3444,笨蝗,Haplotropis brunneriana,芋头,Taro,危害,Damage
3445,甘薯绮夜蛾,Emmelia trabealis,甘薯,sweet potato,危害,Damage
3446,甘薯绮夜蛾,Emmelia trabealis,田旋花,Field bindweed,危害,Damage
3447,甘薯绮夜蛾,Emmelia trabealis,花生,peanut,危害,Damage
3448,甘薯绮夜蛾,Emmelia trabealis,大豆,Soybean,危害,Damage
3449,马铃薯早疫病,Alternaria solani,马铃薯,potato,危害,Damage
3450,马铃薯晚疫病,Phytophthora infestans,马铃薯,potato,危害,Damage
3451,马铃薯干腐病,Fusarium sulphureum,马铃薯,potato,危害,Damage
3452,马铃薯白绢病,Sclerotium rolfsii,马铃薯,potato,危害,Damage
3453,马铃薯黑胫病,Erwinia carotovora subsp. atroseptica,茄科,Solanaceae,危害,Damage
3454,马铃薯黑胫病,Erwinia carotovora subsp. atroseptica,葫芦科,Cucurbitaceae,危害,Damage
3455,马铃薯黑胫病,Erwinia carotovora subsp. atroseptica,豆科,Leguminosae,危害,Damage
3456,马铃薯黑胫病,Erwinia carotovora subsp. atroseptica,藜科,Chenopodiaceae,危害,Damage
3457,马铃薯青枯病,Ralstonia solanacearum,马铃薯,potato,危害,Damage
3458,马铃薯粉痂病,Spongospora subterranea,马铃薯,potato,危害,Damage
3459,马铃薯茎基腐病,Fusarium avenaceum,马铃薯,potato,危害,Damage
3460,马铃薯小叶病,（可能是多种病原菌引起）,马铃薯,potato,危害,Damage
3461,马铃薯根腐线虫病,（可能是多种线虫，假设为 Meloidogyne incognita）,马铃薯,potato,危害,Damage
3462,马铃薯二十八星瓢虫,Henosepilachna vigintioctomaculata,马铃薯,potato,危害,Damage
3463,马铃薯二十八星瓢虫,Henosepilachna vigintioctomaculata,茄子,eggplant,危害,Damage
3464,马铃薯二十八星瓢虫,Henosepilachna vigintioctomaculata,青椒,Green pepper,危害,Damage
3465,马铃薯二十八星瓢虫,Henosepilachna vigintioctomaculata,豆类,Beans,危害,Damage
3466,马铃薯二十八星瓢虫,Henosepilachna vigintioctomaculata,瓜类,Melons,危害,Damage
3467,马铃薯二十八星瓢虫,Henosepilachna vigintioctomaculata,玉米,corn,危害,Damage
3468,马铃薯二十八星瓢虫,Henosepilachna vigintioctomaculata,白菜,Chinese cabbage,危害,Damage
3469,棉花枯萎病,Fusarium oxysporum f. sp. vasinfectum,棉花,cotton,危害,Damage
3470,棉花疫病,Phytophthora boehmeriae,棉花,cotton,危害,Damage
3471,棉花角斑病,Xanthomonas citri pv. malvacearum,棉花,cotton,危害,Damage
3472,小麦管蓟马,Haplothrips tritici,小麦,wheat,危害,Damage
3473,小麦管蓟马,Haplothrips tritici,大麦,barley,危害,Damage
3474,小麦管蓟马,Haplothrips tritici,黑麦,rye,危害,Damage
3475,小麦管蓟马,Haplothrips tritici,燕麦,oat,危害,Damage
3476,小麦管蓟马,Haplothrips tritici,向日葵,sunflower,危害,Damage
3477,小麦管蓟马,Haplothrips tritici,蒲公英,Dandelion,危害,Damage
3478,小麦管蓟马,Haplothrips tritici,狗尾草,Setaria,危害,Damage
3479,西北麦蝽,Aelia sibirica,麦类,Wheat,危害,Damage
3480,西北麦蝽,Aelia sibirica,水稻,Rice,危害,Damage
3481,麦根蝽,Stibaropus formosanus,小麦,wheat,危害,Damage
3482,麦根蝽,Stibaropus formosanus,玉米,corn,危害,Damage
3483,麦根蝽,Stibaropus formosanus,谷子,Millet,危害,Damage
3484,麦根蝽,Stibaropus formosanus,高粱,Sorghum,危害,Damage
3485,麦圆蜘蛛,Penthaleus major,小麦,wheat,危害,Damage
3486,麦圆蜘蛛,Penthaleus major,大麦,barley,危害,Damage
3487,麦圆蜘蛛,Penthaleus major,豌豆,pea,危害,Damage
3488,麦圆蜘蛛,Penthaleus major,蚕豆,broad bean,危害,Damage
3489,麦圆蜘蛛,Penthaleus major,油菜,rape,危害,Damage
3490,麦圆蜘蛛,Penthaleus major,紫云英,Astragalus,危害,Damage
3491,麦长腿蜘蛛,Petrobia latens,小麦,wheat,危害,Damage
3492,麦长腿蜘蛛,Petrobia latens,大麦,barley,危害,Damage
3493,麦长腿蜘蛛,Petrobia latens,棉花,cotton,危害,Damage
3494,麦长腿蜘蛛,Petrobia latens,大豆,Soybean,危害,Damage
3495,黏虫,Mythimna separata,禾本,Gramineae,危害,Damage
3496,黏虫,Mythimna separata,麦类,Wheat,危害,Damage
3497,黏虫,Mythimna separata,水稻,Rice,危害,Damage
3498,黏虫,Mythimna separata,甘蔗,sugar cane,危害,Damage
3499,黏虫,Mythimna separata,玉米,corn,危害,Damage
3500,黏虫,Mythimna separata,高粱,Sorghum,危害,Damage
3501,黏虫,Mythimna separata,芦苇,reed,危害,Damage
3502,黏虫,Mythimna separata,谷莠子,Barnacles,危害,Damage
3503,黏虫,Mythimna separata,稗草,Barnyard grass,危害,Damage
3504,黏虫,Mythimna separata,碱草,Alkali grass,危害,Damage
3505,黏虫,Mythimna separata,茅草,Thatch,危害,Damage
3506,黏虫,Mythimna separata,豆类,Beans,危害,Damage
3507,黏虫,Mythimna separata,白菜,Chinese cabbage,危害,Damage
3508,黏虫,Mythimna separata,甜菜,beet,危害,Damage
3509,黏虫,Mythimna separata,青麻,Hemp,危害,Damage
3510,黏虫,Mythimna separata,棉花,cotton,危害,Damage
3511,秀夜蛾,Amphipoea fucosa,小麦,wheat,危害,Damage
3512,秀夜蛾,Amphipoea fucosa,大麦,barley,危害,Damage
3513,秀夜蛾,Amphipoea fucosa,玉米,corn,危害,Damage
3514,麦穗夜蛾,Parastichtis basilinea,草马,Grass Horse,危害,Damage
3515,小麦吸浆虫,Sitodiplosis mosellana,大麦,barley,危害,Damage
3516,小麦吸浆虫,Sitodiplosis mosellana,青稞,Highland Barley,危害,Damage
3517,小麦吸浆虫,Sitodiplosis mosellana,燕麦,oat,危害,Damage
3518,小麦吸浆虫,Sitodiplosis mosellana,黑麦,rye,危害,Damage
3519,小麦吸浆虫,Sitodiplosis mosellana,雀麦,Brome,危害,Damage
3520,麦秆蝇,Meromyza saltatrix,小麦,wheat,危害,Damage
3521,麦秆蝇,Meromyza saltatrix,大麦,barley,危害,Damage
3522,麦秆蝇,Meromyza saltatrix,青稞,Highland Barley,危害,Damage
3523,麦秆蝇,Meromyza saltatrix,燕麦,oat,危害,Damage
3524,麦秆蝇,Meromyza saltatrix,碱草,Alkali grass,危害,Damage
3525,麦秆蝇,Meromyza saltatrix,白茅草,Imperata,危害,Damage
3526,黑麦秆蝇,Oscinella frit,小麦,wheat,危害,Damage
3527,黑麦秆蝇,Oscinella frit,大麦,barley,危害,Damage
3528,黑麦秆蝇,Oscinella frit,黑麦,rye,危害,Damage
3529,黑麦秆蝇,Oscinella frit,燕麦,oat,危害,Damage
3530,黑麦秆蝇,Oscinella frit,玉米,corn,危害,Damage
3531,麦黑斑潜叶蝇,Agromyza nigripes,小麦,wheat,危害,Damage
3532,麦黑斑潜叶蝇,Agromyza nigripes,燕麦,oat,危害,Damage
3533,麦黑斑潜叶蝇,Agromyza nigripes,大麦,barley,危害,Damage
3534,麦茎谷蛾,Ochsenheimeria taurella,小麦,wheat,危害,Damage
3535,麦茎谷蛾,Ochsenheimeria taurella,大麦,barley,危害,Damage
3536,麦叶蜂,Dolerus tritici,小麦,wheat,危害,Damage
3537,麦叶蜂,Dolerus tritici,大麦,barley,危害,Damage
3538,麦叶蜂,Dolerus tritici,禾本,Gramineae,危害,Damage
3539,绿翅脊萤叶甲,Galeruca daurica,麦类,Wheat,危害,Damage
3540,大麦坚黑穗病,Ustilago hordei,大麦,barley,危害,Damage
3541,麦二叉蚜,Schizaphis graminum,小麦,wheat,危害,Damage
3542,麦二叉蚜,Schizaphis graminum,大麦,barley,危害,Damage
3543,麦二叉蚜,Schizaphis graminum,燕麦,oat,危害,Damage
3544,麦二叉蚜,Schizaphis graminum,高粱,Sorghum,危害,Damage
3545,麦二叉蚜,Schizaphis graminum,水稻,Rice,危害,Damage
3546,麦二叉蚜,Schizaphis graminum,狗尾草,Setaria,危害,Damage
3547,麦二叉蚜,Schizaphis graminum,莎草,Sedge,危害,Damage
3548,麦双尾蚜,Diuraphis noxia,小麦,wheat,危害,Damage
3549,麦双尾蚜,Diuraphis noxia,大麦,barley,危害,Damage
3550,麦双尾蚜,Diuraphis noxia,黑麦,rye,危害,Damage
3551,麦双尾蚜,Diuraphis noxia,燕麦,oat,危害,Damage
3552,麦双尾蚜,Diuraphis noxia,乌麦,Umai,危害,Damage
3553,麦双尾蚜,Diuraphis noxia,雀麦,Brome,危害,Damage
3554,麦双尾蚜,Diuraphis noxia,水稻,Rice,危害,Damage
3555,黍蚜,Myzus persicae,榆叶,Elm leaves,危害,Damage
3556,黍蚜,Myzus persicae,稠,thick,危害,Damage
3557,麦茎蜂,Cephus pygmaeus,小麦,wheat,危害,Damage
3558,麦茎蜂,Cephus pygmaeus,大麦,barley,危害,Damage
3559,十四点负泥虫,Crioceris quatuordecimpunctata,小麦,wheat,危害,Damage
3560,十四点负泥虫,Crioceris quatuordecimpunctata,石刁柏,Asparagus cochinchinensis,危害,Damage
3561,十四点负泥虫,Crioceris quatuordecimpunctata,文竹,asparagus,危害,Damage
3562,玉米小斑病,Bipolaris maydis,玉米,corn,危害,Damage
3563,玉米弯孢霉叶斑病,Curvularia lunata,玉米,corn,危害,Damage
3564,玉米锈病,Puccinia sorghi,玉米,corn,危害,Damage
3565,玉米褐斑病,Exserohilum turcicum,玉米,corn,危害,Damage
3566,玉米轮纹斑病,Gloeocercospora sorghi,玉米,corn,危害,Damage
3567,玉米干腐病,Diplodia maydis,玉米,corn,危害,Damage
3568,绿盲蝽,Apolygus lucorum,桑树,mulberry,危害,Damage
3569,绿盲蝽,Apolygus lucorum,茶树,tea tree,危害,Damage
3570,绿盲蝽,Apolygus lucorum,棉花,cotton,危害,Damage
3571,绿盲蝽,Apolygus lucorum,豆类,Beans,危害,Damage
3572,绿盲蝽,Apolygus lucorum,麻类,Hemp,危害,Damage
3573,绿盲蝽,Apolygus lucorum,棉桑,Cotton Mulberry,危害,Damage
3574,绿盲蝽,Apolygus lucorum,桑麻,Mulberry and Hemp,危害,Damage
3575,黄麻立枯病,Rhizoctonia solani,黄麻,jute,危害,Damage
3576,黄麻枯腐病,Macrophomina phaseolina,黄麻,jute,危害,Damage
3577,古毒蛾,Orgyia antiqua,落叶松,Larch,危害,Damage
3578,古毒蛾,Orgyia antiqua,云杉,Spruce,危害,Damage
3579,银锭夜蛾,Macdunnoughia crassisigna,大豆,Soybean,危害,Damage
3580,银锭夜蛾,Macdunnoughia crassisigna,胡萝卜,carrot,危害,Damage
3581,银锭夜蛾,Macdunnoughia crassisigna,牛蒡,Burdock,危害,Damage
3582,银锭夜蛾,Macdunnoughia crassisigna,菊花,chrysanthemum,危害,Damage
3583,向日葵根茎腐病,Rhizoctonia solani Kuhn,向日葵,sunflower,危害,Damage
3584,向日葵根茎腐病,Rhizoctonia solani Kuhn,芝麻,Sesame,危害,Damage
3585,向日葵根茎腐病,Rhizoctonia solani Kuhn,大豆,Soybean,危害,Damage
3586,向日葵根茎腐病,Rhizoctonia solani Kuhn,花生,peanut,危害,Damage
3587,向日葵根茎腐病,Rhizoctonia solani Kuhn,菜豆,kidney bean,危害,Damage
3588,向日葵根茎腐病,Rhizoctonia solani Kuhn,更豆,More Beans,危害,Damage
3589,向日葵根茎腐病,Rhizoctonia solani Kuhn,烟草,tobacco,危害,Damage
3590,向日葵根茎腐病,Rhizoctonia solani Kuhn,甘薯,sweet potato,危害,Damage
3591,蛞蝓,Agriolimax agrestis,蘑菇,mushroom,危害,Damage
3592,蛞蝓,Agriolimax agrestis,平菇,Oyster Mushroom,危害,Damage
3593,蛞蝓,Agriolimax agrestis,香菇,mushroom,危害,Damage
3594,蛞蝓,Agriolimax agrestis,草菇,straw mushroom,危害,Damage
3595,蛞蝓,Agriolimax agrestis,木耳,fungus,危害,Damage
3596,蛞蝓,Agriolimax agrestis,银耳,Tremella,危害,Damage
3597,魔芋软腐病,Erwinia carotovora subsp. carotovora,十字花科,Cruciferae,危害,Damage
3598,魔芋软腐病,Erwinia carotovora subsp. carotovora,蔬菜,vegetable,危害,Damage
3599,魔芋软腐病,Erwinia carotovora subsp. carotovora,茄科,Solanaceae,危害,Damage
3600,魔芋软腐病,Erwinia carotovora subsp. carotovora,百合科,Liliaceae,危害,Damage
3601,魔芋软腐病,Erwinia carotovora subsp. carotovora,伞形花科,Umbelliferae,危害,Damage
3602,魔芋软腐病,Erwinia carotovora subsp. carotovora,菊科蔬菜,Asteraceae vegetables,危害,Damage
3603,姜枯萎病,Fusarium oxysporum f. sp. zingiberi,生姜,Ginger,危害,Damage
3604,蛴螬,Holotrichia oblita,为害,Harm,危害,Damage
3605,蛴螬,Holotrichia oblita,生,born,危害,Damage
3606,蛴螬,Holotrichia oblita,花生,peanut,危害,Damage
3607,蛴螬,Holotrichia oblita,大豆,Soybean,危害,Damage
3608,蛴螬,Holotrichia oblita,玉米,corn,危害,Damage
3609,蛴螬,Holotrichia oblita,高粱,Sorghum,危害,Damage
3610,蛴螬,Holotrichia oblita,小麦,wheat,危害,Damage
3611,蛴螬,Holotrichia oblita,草莓,strawberry,危害,Damage
3612,蛴螬,Holotrichia oblita,蔬菜,vegetable,危害,Damage
3613,蛴螬,Holotrichia oblita,果树,Fruit trees,危害,Damage
3614,葱软腐病,Erwinia carotovora subsp. carotovora,洋葱,onion,危害,Damage
3615,葱斑潜蝇,Liriomyza chinensis,百合,lily,危害,Damage
3616,葱斑潜蝇,Liriomyza chinensis,葱属,Allium,危害,Damage
3617,葱斑潜蝇,Liriomyza chinensis,韭菜,Chinese chives,危害,Damage
3618,葱斑潜蝇,Liriomyza chinensis,大蒜,garlic,危害,Damage
3619,葱斑潜蝇,Liriomyza chinensis,洋葱,onion,危害,Damage
3620,葱斑潜蝇,Liriomyza chinensis,大葱,Green onion,危害,Damage
3621,葱黄寡毛跳甲,Luperomorpha suturalis,大葱,Green onion,危害,Damage
3622,葱黄寡毛跳甲,Luperorpha suturalis,洋葱,onion,危害,Damage
3623,葱黄寡毛跳甲,Luperorpha suturalis,韭菜,Chinese chives,危害,Damage
3624,葱黄寡毛跳甲,Luperorpha suturalis,大蒜,garlic,危害,Damage
3625,韭菜迟眼蕈蚊,Bradysia odoriphaga,大蒜,garlic,危害,Damage
3626,韭菜迟眼蕈蚊,Bradysia odoriphaga,洋葱,onion,危害,Damage
3627,韭菜迟眼蕈蚊,Bradysia odoriphaga,瓜类,Melons,危害,Damage
3628,韭菜迟眼蕈蚊,Bradysia odoriphaga,莴苣,lettuce,危害,Damage
3629,韭菜迟眼蕈蚊,Bradysia odoriphaga,百合科,Liliaceae,危害,Damage
3630,韭菜迟眼蕈蚊,Bradysia odoriphaga,菊科,Asteraceae,危害,Damage
3631,韭菜迟眼蕈蚊,Bradysia odoriphaga,藜科,Chenopodiaceae,危害,Damage
3632,韭菜迟眼蕈蚊,Bradysia odoriphaga,十字花科,Cruciferae,危害,Damage
3633,韭菜迟眼蕈蚊,Bradysia odoriphaga,葫芦科,Cucurbitaceae,危害,Damage
3634,韭菜迟眼蕈蚊,Bradysia odoriphaga,伞形科,Apiaceae,危害,Damage
3635,大白菜霜霉病,Peronospora parasitica,大白菜,Chinese Cabbage,危害,Damage
3636,大白菜白斑病,Cercosporella albo - maculans,白菜,Chinese cabbage,危害,Damage
3637,大白菜炭疽病,Colletotrichum higginsianum,大白菜,Chinese Cabbage,危害,Damage
3638,大白菜褐腐病,Rhizoctonia solani,大白菜,Chinese Cabbage,危害,Damage
3639,大白菜黑斑病,Alternaria brassicae,大白菜,Chinese Cabbage,危害,Damage
3640,青花菜黑胫病,Leptosphaeria maculans,青花菜,Broccoli,危害,Damage
3641,青花菜黑斑病,Alternaria brassicicola,青花菜,Broccoli,危害,Damage
3642,青花菜霜霉病,Peronospora parasitica,青花菜,Broccoli,危害,Damage
3643,青花菜软腐病,Erwinia carotovora subsp. carotovora,青花菜,Broccoli,危害,Damage
3644,玉米矮花叶病,Maize dwarf mosaic virus,玉米,corn,危害,Damage
3645,玉米赤霉病,Fusarium graminearum,玉米,corn,危害,Damage
3646,白脉粘虫,Leucania venalba,水稻,Rice,危害,Damage
3647,白脉粘虫,Leucania venalba,甘蔗,sugar cane,危害,Damage
3648,白脉粘虫,Leucania venalba,麦类,Wheat,危害,Damage
3649,白脉粘虫,Leucania venalba,玉米,corn,危害,Damage
3650,白脉粘虫,Leucania venalba,高粱,Sorghum,危害,Damage
3651,水稻东格鲁病毒病,Rice tungro virus,水稻,Rice,危害,Damage
3652,水稻东格鲁病毒病,Rice tungro virus,小麦,wheat,危害,Damage
3653,水稻东格鲁病毒病,Rice tungro virus,高粱,Sorghum,危害,Damage
3654,稻螟蛉,Naranga aenescens,水稻,Rice,危害,Damage
3655,稻螟蛉,Naranga aenescens,高粱,Sorghum,危害,Damage
3656,稻螟蛉,Naranga aenescens,玉米,corn,危害,Damage
3657,稻螟蛉,Naranga aenescens,甘蔗,sugar cane,危害,Damage
3658,稻螟蛉,Naranga aenescens,茭白,Wild Rice,危害,Damage
3659,稻螟蛉,Naranga aenescens,稗草,Barnyard grass,危害,Damage
3660,稻螟蛉,Naranga aenescens,看麦娘,See the wheatgrass,危害,Damage
3661,稻瘿蚊,Orseolia oryzae,水稻,Rice,危害,Damage
3662,稻粒黑粉病,Tilletia horrida,水稻,Rice,危害,Damage
3663,水稻一柱香病,Ephelis oryzae,水稻,Rice,危害,Damage
3664,水稻橙叶病,Rice orange leaf phytoplasma,水稻,Rice,危害,Damage
3665,水稻茎线虫病,Ditylenchus angustus,水稻,Rice,危害,Damage
3666,台湾稻螟,Chilo auricilius,水稻,Rice,危害,Damage
3667,台湾稻螟,Chilo auricilius,甘蔗,sugar cane,危害,Damage
3668,台湾稻螟,Chilo auricilius,高粱,Sorghum,危害,Damage
3669,台湾稻螟,Chilo auricilius,玉米,corn,危害,Damage
3670,褐边螟,Catagela adjurella,水稻,Rice,危害,Damage
3671,褐边螟,Catagela adjurella,鸭舌草,Duckweed,危害,Damage
3672,褐边螟,Catagela adjurella,荆三棱,Tripterygium wilfordii,危害,Damage
3673,水稻黑条矮缩病,Rice black - streaked dwarf virus,水稻,Rice,危害,Damage
3674,水稻黑条矮缩病,Rice black - streaked dwarf virus,玉米,corn,危害,Damage
3675,水稻黑条矮缩病,Rice black - streaked dwarf virus,大麦,barley,危害,Damage
3676,水稻黑条矮缩病,Rice black - streaked dwarf virus,小麦,wheat,危害,Damage
3677,水稻黑条矮缩病,Rice black - streaked dwarf virus,高粱,Sorghum,危害,Damage
3678,水稻黑条矮缩病,Rice black - streaked dwarf virus,稗子,Tares,危害,Damage
3679,水稻黑条矮缩病,Rice black - streaked dwarf virus,旱燕禾,Marigold,危害,Damage
3680,水稻黑条矮缩病,Rice black - streaked dwarf virus,看麦娘,See the wheatgrass,危害,Damage
3681,水稻黑条矮缩病,Rice black - streaked dwarf virus,野燕麦,Wild Oats,危害,Damage
3682,水稻黑条矮缩病,Rice black - streaked dwarf virus,狗尾草,Setaria,危害,Damage
3683,水稻黑条矮缩病,Rice black - streaked dwarf virus,马唐,Crataegus,危害,Damage
3684,水稻干尖线虫病,Aphelenchoides besseyi,水稻,Rice,危害,Damage
3685,水稻干尖线虫病,Aphelenchoides besseyi,谷子,Millet,危害,Damage
3686,水稻干尖线虫病,Aphelenchoides besseyi,草莓,strawberry,危害,Damage
3687,水稻干尖线虫病,Aphelenchoides besseyi,狗尾草,Setaria,危害,Damage
3688,水稻干尖线虫病,Aphelenchoides besseyi,风车草,Windmill grass,危害,Damage
3689,三化螟,Scirpophaga incertulas,水稻,Rice,危害,Damage
3690,稻纵卷叶螟,Cnaphalocrocis medinalis,麦类,Wheat,危害,Damage
3691,稻纵卷叶螟,Cnaphalocrocis medinalis,甘庶,Sugarcane,危害,Damage
3692,稻纵卷叶螟,Cnaphalocrocis medinalis,稗草,Barnyard grass,危害,Damage
3693,稻纵卷叶螟,Cnaphalocrocis medinalis,马唐,Crataegus,危害,Damage
3694,稻纵卷叶螟,Cnaphalocrocis medinalis,游草,Tour grass,危害,Damage
3695,显纹稻纵卷叶螟,Susumia exigua,水稻,Rice,危害,Damage
3696,稻眼蝶,Mycalesis gotama,茭白,Wild Rice,危害,Damage
3697,稻眼蝶,Mycalesis gotama,甘蔗,sugar cane,危害,Damage
3698,稻眼蝶,Mycalesis gotama,竹子,bamboo,危害,Damage
3699,稻褐眼蝶,Melanitis leda,甘蔗,sugar cane,危害,Damage
3700,稻切叶野螟,Herpetogramma licarsisalis,水稻,Rice,危害,Damage
3701,稻切叶野螟,Herpetogramma licarsisalis,甘蔗,sugar cane,危害,Damage
3702,稻切叶野螟,Herpetogramma licarsisalis,楠竹,Bamboo,危害,Damage
3703,稻金翅夜蛾,Plusia festucae,水稻,Rice,危害,Damage
3704,稻金翅夜蛾,Plusia festucae,小麦,wheat,危害,Damage
3705,稻金翅夜蛾,Plusia festucae,稗草,Barnyard grass,危害,Damage
3706,稻金翅夜蛾,Plusia festucae,看麦娘,See the wheatgrass,危害,Damage
3707,稻金翅夜蛾,Plusia festucae,三棱草,Tripterygium wilfordii,危害,Damage
3708,直纹稻弄蝶,Parnara guttata,水稻,Rice,危害,Damage
3709,直纹稻弄蝶,Parnara guttata,玉米,corn,危害,Damage
3710,直纹稻弄蝶,Parnara guttata,高粱,Sorghum,危害,Damage
3711,直纹稻弄蝶,Parnara guttata,茭白,Wild Rice,危害,Damage
3712,直纹稻弄蝶,Parnara guttata,大麦,barley,危害,Damage
3713,直纹稻弄蝶,Parnara guttata,小麦,wheat,危害,Damage
3714,直纹稻弄蝶,Parnara guttata,李氏禾,Lee Thi Ho,危害,Damage
3715,直纹稻弄蝶,Parnara guttata,稗草,Barnyard grass,危害,Damage
3716,稻秆潜蝇,Chlorops oryzae,水稻,Rice,危害,Damage
3717,稻秆潜蝇,Chlorops oryzae,小麦,wheat,危害,Damage
3718,稻秆潜蝇,Chlorops oryzae,大麦,barley,危害,Damage
3719,稻秆潜蝇,Chlorops oryzae,麦娘,Alopecuroides,危害,Damage
3720,稻秆潜蝇,Chlorops oryzae,游草,Tour grass,危害,Damage
3721,稻秆潜蝇,Chlorops oryzae,稗草,Barnyard grass,危害,Damage
3722,稻秆潜蝇,Chlorops oryzae,棒头草,Coleus chinensis,危害,Damage
3723,稻潜叶蝇,Hydrellia griseola,水稻,Rice,危害,Damage
3724,稻黑蝽,Scotinophara lurida,水稻,Rice,危害,Damage
3725,稻黑蝽,Scotinophara lurida,小麦,wheat,危害,Damage
3726,稻黑蝽,Scotinophara lurida,玉米,corn,危害,Damage
3727,稻黑蝽,Scotinophara lurida,甘蔗,sugar cane,危害,Damage
3728,稻黑蝽,Scotinophara lurida,豆类,Beans,危害,Damage
3729,稻黑蝽,Scotinophara lurida,谷子,Millet,危害,Damage
3730,稻黑蝽,Scotinophara lurida,茭白,Wild Rice,危害,Damage
3731,稻黑蝽,Scotinophara lurida,茅草,Thatch,危害,Damage
3732,稻黑蝽,Scotinophara lurida,稗草,Barnyard grass,危害,Damage
3733,稻黑蝽,Scotinophara lurida,马唐,Crataegus,危害,Damage
3734,大稻缘蝽,Leptocorisa acuta,水稻,Rice,危害,Damage
3735,大稻缘蝽,Leptocorisa acuta,玉米,corn,危害,Damage
3736,大稻缘蝽,Leptocorisa acuta,豆类,Beans,危害,Damage
3737,大稻缘蝽,Leptocorisa acuta,小麦,wheat,危害,Damage
3738,大稻缘蝽,Leptocorisa acuta,甘蔗,sugar cane,危害,Damage
3739,灰飞虱,Laodelphax striatellus,早熟禾,Poa annua,危害,Damage
3740,灰飞虱,Laodelphax striatellus,千金子,Leptochloa chinensis,危害,Damage
3741,灰飞虱,Laodelphax striatellus,看麦娘,See the wheatgrass,危害,Damage
3742,电光叶蝉,Recilia dorsalis,水稻,Rice,危害,Damage
3743,电光叶蝉,Recilia dorsalis,玉米,corn,危害,Damage
3744,电光叶蝉,Recilia dorsalis,高粱,Sorghum,危害,Damage
3745,电光叶蝉,Recilia dorsalis,甘蔗,sugar cane,危害,Damage
3746,电光叶蝉,Recilia dorsalis,小麦,wheat,危害,Damage
3747,电光叶蝉,Recilia dorsalis,大麦,barley,危害,Damage
3748,白翅叶蝉,Erythroneura subrufa,水稻,Rice,危害,Damage
3749,白翅叶蝉,Erythroneura subrufa,大麦,barley,危害,Damage
3750,白翅叶蝉,Erythroneura subrufa,小麦,wheat,危害,Damage
3751,白翅叶蝉,Erythroneura subrufa,甘蔗,sugar cane,危害,Damage
3752,白翅叶蝉,Erythroneura subrufa,玉米,corn,危害,Damage
3753,白翅叶蝉,Erythroneura subrufa,茭白,Wild Rice,危害,Damage
3754,稻赤斑沫蝉,Callitettix versicolor,水稻,Rice,危害,Damage
3755,稻赤斑沫蝉,Callitettix versicolor,玉米,corn,危害,Damage
3756,稻赤斑沫蝉,Callitettix versicolor,高粱,Sorghum,危害,Damage
3757,稻赤斑沫蝉,Callitettix versicolor,甘蔗,sugar cane,危害,Damage
3758,稻赤斑沫蝉,Callitettix versicolor,黄豆,soy,危害,Damage
3759,稻赤斑沫蝉,Callitettix versicolor,禾木,Gramineae,危害,Damage
3760,稻赤斑沫蝉,Callitettix versicolor,杂草,Weeds,危害,Damage
3761,稻蓟马,Stenchaetothrips biformis,水稻,Rice,危害,Damage
3762,稻蓟马,Stenchaetothrips biformis,大麦,barley,危害,Damage
3763,稻蓟马,Stenchaetothrips biformis,小麦,wheat,危害,Damage
3764,稻蓟马,Stenchaetothrips biformis,玉米,corn,危害,Damage
3765,稻蓟马,Stenchaetothrips biformis,甘蔗,sugar cane,危害,Damage
3766,稻蓟马,Stenchaetothrips biformis,看麦娘,See the wheatgrass,危害,Damage
3767,稻蓟马,Stenchaetothrips biformis,游草,Tour grass,危害,Damage
3768,稻蓟马,Stenchaetothrips biformis,双穗雀稗,Paspalum distichum,危害,Damage
3769,稻管蓟马,Haplothrips aculeatus,禾谷类,Cereals,危害,Damage
3770,稻筒水螟,Parapoynx fluctuosalis,水稻,Rice,危害,Damage
3771,稻筒水螟,Chlorops oryzae,睡莲,Water Lily,危害,Damage
3772,长翅稻蝗,Oxya velox,水稻,Rice,危害,Damage
3773,长翅稻蝗,Oxya velox,玉米,corn,危害,Damage
3774,长翅稻蝗,Oxya velox,甘蔗,sugar cane,危害,Damage
3775,长翅稻蝗,Oxya velox,小米,Millet,危害,Damage
3776,水稻负泥虫,Oulema oryzae,水稻,Rice,危害,Damage
3777,水稻负泥虫,Oulema oryzae,游草,Tour grass,危害,Damage
3778,水稻负泥虫,Oulema oryzae,茭白,Wild Rice,危害,Damage
3779,水稻负泥虫,Oulema oryzae,芦苇,reed,危害,Damage
3780,水稻负泥虫,Oulema oryzae,马唐,Crataegus,危害,Damage
3781,水稻负泥虫,Oulema oryzae,双穗雀稗,Paspalum distichum,危害,Damage
3782,水稻负泥虫,Oulema oryzae,甜茅,Glycyrrhiza uralensis,危害,Damage
3783,稻铁甲虫,Dicladispa armigera,水稻,Rice,危害,Damage
3784,稻铁甲虫,Dicladispa armigera,麦类,Wheat,危害,Damage
3785,稻铁甲虫,Dicladispa armigera,甘蔗,sugar cane,危害,Damage
3786,稻铁甲虫,Dicladispa armigera,茭白,Wild Rice,危害,Damage
3787,稻铁甲虫,Dicladispa armigera,芦草,Reed,危害,Damage
3788,稻水象甲,Lissorhoptrus oryzophilus,水稻,Rice,危害,Damage
3789,稻水象甲,Lissorhoptrus oryzophilus,茭白,Wild Rice,危害,Damage
3790,稻水象甲,Lissorhoptrus oryzophilus,玉米,corn,危害,Damage
3791,稻水象甲,Lissorhoptrus oryzophilus,甘蔗,sugar cane,危害,Damage
3792,稻水象甲,Lissorhoptrus oryzophilus,小麦,wheat,危害,Damage
3793,稻水象甲,Lissorhoptrus oryzophilus,大麦,barley,危害,Damage
3794,稻水象甲,Lissorhoptrus oryzophilus,牧草,grass,危害,Damage
3795,稻水象甲,Lissorhoptrus oryzophilus,禾本,Gramineae,危害,Damage
3796,稻象甲,Echinocnemus squameus,水稻,Rice,危害,Damage
3797,稻象甲,Echinocnemus squameus,棉花,cotton,危害,Damage
3798,稻象甲,Echinocnemus squameus,瓜类,Melons,危害,Damage
3799,稻象甲,Echinocnemus squameus,甘薯,sweet potato,危害,Damage
3800,稻象甲,Echinocnemus squameus,番茄,tomato,危害,Damage
3801,稻象甲,Echinocnemus squameus,麦类,Wheat,危害,Damage
3802,稻象甲,Echinocnemus squameus,玉米,corn,危害,Damage
3803,福寿螺,Pomacea canaliculata,水稻,Rice,危害,Damage
3804,福寿螺,Pomacea canaliculata,茭白,Wild Rice,危害,Damage
3805,福寿螺,Pomacea canaliculata,菱角,water chestnut,危害,Damage
3806,福寿螺,Pomacea canaliculata,甘薯,sweet potato,危害,Damage
3807,福寿螺,Pomacea canaliculata,空心菜,Water spinach,危害,Damage
3808,福寿螺,Pomacea canaliculata,芡实,Gorgon Fruit,危害,Damage
3809,稻水螟,Nymphula vittalis,水稻,Rice,危害,Damage
3810,稻水螟,Nymphula vittalis,看麦娘,See the wheatgrass,危害,Damage
3811,稻水螟,Nymphula vittalis,眼子菜,Potamogeton,危害,Damage
3812,长腿水叶甲,Donacia provosti,稻根,Rice roots,危害,Damage
3813,长腿水叶甲,Donacia provosti,英白,English White,危害,Damage
3814,长腿水叶甲,Donacia provosti,矮慈姑,Sagittaria dwarfi,危害,Damage
3815,长腿水叶甲,Donacia provosti,莲藕,Lotus root,危害,Damage
3816,长腿水叶甲,Donacia provosti,眼子菜,Potamogeton,危害,Damage
3817,长腿水叶甲,Donacia provosti,鸭舌草,Duckweed,危害,Damage
3818,菲岛毛眼水蝇,Hydrellia philippina,水稻,Rice,危害,Damage
3819,菲岛毛眼水蝇,Hydrellia philippina,茭白,Wild Rice,危害,Damage
3820,菲岛毛眼水蝇,Hydrellia philippina,野英,Nohide,危害,Damage
3821,菲岛毛眼水蝇,Hydrellia philippina,李氏禾,Lee Thi Ho,危害,Damage
3822,大绿蝽,Rhynchocoris humeralis,柑橘类,Citrus,危害,Damage
3823,大绿蝽,Rhynchocoris humeralis,苹果,apple,危害,Damage
3824,大绿蝽,Rhynchocoris humeralis,沙果,Crab apple,危害,Damage
3825,大绿蝽,Rhynchocoris humeralis,水稻,Rice,危害,Damage
3826,大绿蝽,Rhynchocoris humeralis,高粱,Sorghum,危害,Damage
3827,大绿蝽,Rhynchocoris humeralis,玉米,corn,危害,Damage
3828,大绿蝽,Rhynchocoris humeralis,甘蔗,sugar cane,危害,Damage
3829,二星蝽,Eysarcoris guttiger,麦类,Wheat,危害,Damage
3830,二星蝽,Eysarcoris guttiger,水稻,Rice,危害,Damage
3831,二星蝽,Eysarcoris guttiger,棉花,cotton,危害,Damage
3832,二星蝽,Eysarcoris guttiger,大豆,Soybean,危害,Damage
3833,二星蝽,Eysarcoris guttiger,胡麻,flax,危害,Damage
3834,二星蝽,Eysarcoris guttiger,高粱,Sorghum,危害,Damage
3835,二星蝽,Eysarcoris guttiger,玉米,corn,危害,Damage
3836,二星蝽,Eysarcoris guttiger,甘薯,sweet potato,危害,Damage
3837,二星蝽,Eysarcoris guttiger,茄子,eggplant,危害,Damage
3838,二星蝽,Eysarcoris guttiger,无花果,Fig,危害,Damage
3839,长肩棘缘蝽,Cletus trigonus,玉米,corn,危害,Damage
3840,长肩棘缘蝽,Cletus trigonus,水稻,Rice,危害,Damage
3841,小麦全蚀病,Gaeumannomyces graminis,小麦,wheat,危害,Damage
3842,小麦炭疽病,Colletotrichum graminicola,大麦,barley,危害,Damage
3843,小麦炭疽病,Colletotrichum graminicola,燕麦,oat,危害,Damage
3844,小麦炭疽病,Colletotrichum graminicola,黑麦,rye,危害,Damage
3845,小麦炭疽病,Colletotrichum graminicola,玉米,corn,危害,Damage
3846,小麦炭疽病,Colletotrichum graminicola,高粱,Sorghum,危害,Damage
3847,小麦秆锈病,Puccinia graminis f. sp. tritici,小麦,wheat,危害,Damage
3848,小麦秆锈病,Puccinia graminis f. sp. tritici,大麦,barley,危害,Damage
3849,小麦雪霉叶枯病,Gerlachia nivalis,小麦,wheat,危害,Damage
3850,小麦雪霉叶枯病,Gerlachia nivalis,大麦,barley,危害,Damage
3851,小麦雪霉叶枯病,Gerlachia nivalis,黑麦,rye,危害,Damage
3852,小麦雪霉叶枯病,Gerlachia nivalis,燕麦,oat,危害,Damage
3853,小麦白秆病,Selenophoma tritici,黑麦,rye,危害,Damage
3854,小麦蠕孢叶斑根腐病,Bipolaris sorokiniana,小麦,wheat,危害,Damage
3855,小麦蠕孢叶斑根腐病,Bipolaris sorokiniana,大麦,barley,危害,Damage
3856,小麦蠕孢叶斑根腐病,Bipolaris sorokiniana,燕麦,oat,危害,Damage
3857,小麦蠕孢叶斑根腐病,Bipolaris sorokiniana,黑麦,rye,危害,Damage
3858,小麦蠕孢叶斑根腐病,Bipolaris sorokiniana,冰草,Ice grass,危害,Damage
3859,小麦蠕孢叶斑根腐病,Bipolaris sorokiniana,高粱,Sorghum,危害,Damage
3860,小麦蠕孢叶斑根腐病,Bipolaris sorokiniana,狗尾草,Setaria,危害,Damage
3861,小麦蠕孢叶斑根腐病,Bipolaris sorokiniana,看麦娘,See the wheatgrass,危害,Damage
3862,小麦腥黑穗病,Tilletia caries,小麦,wheat,危害,Damage
3863,小麦麦角病,Claviceps purpurea,黑麦,rye,危害,Damage
3864,小麦禾谷胞囊线虫病,Heterodera avenae,禾本,Gramineae,危害,Damage
3865,小麦禾谷胞囊线虫病,Heterodera avenae,小麦,wheat,危害,Damage
3866,小麦禾谷胞囊线虫病,Heterodera avenae,大麦,barley,危害,Damage
3867,小麦禾谷胞囊线虫病,Heterodera avenae,燕麦,oat,危害,Damage
3868,小麦禾谷胞囊线虫病,Heterodera avenae,黑麦,rye,危害,Damage
3869,小麦禾谷胞囊线虫病,Heterodera avenae,杂草,Weeds,危害,Damage
3870,大麦麦角病,Claviceps purpurea,大麦,barley,危害,Damage
